modelName,chipPath,trueLabel,predLabel,confidence,prob_crazing,prob_inclusion,prob_patches,prob_pitted_surface,prob_rolled-in_scale,prob_scratches
resnet18,/Users/admin/surface-defect-train/results/chips/validation/crazing/crazing_241_bb00.png,crazing,crazing,0.9985692501068115,0.9985692501068115,0.0005014881608076394,0.0004324503825046122,0.00024149238015525043,0.0002270587137900293,2.8232954718987457e-05
resnet18,/Users/admin/surface-defect-train/results/chips/validation/crazing/crazing_241_bb01.png,crazing,crazing,0.9994064569473267,0.9994064569473267,0.0001761769672157243,0.00035610521445050836,4.915018143947236e-05,8.733932190807536e-06,3.4599893297126982e-06
resnet18,/Users/admin/surface-defect-train/results/chips/validation/crazing/crazing_241_bb02.png,crazing,crazing,0.9824656248092651,0.9824656248092651,0.0025923096109181643,0.003677288768813014,0.010895363055169582,0.0002905951114371419,7.879244367359206e-05
resnet18,/Users/admin/surface-defect-train/results/chips/validation/crazing/crazing_242_bb00.png,crazing,crazing,0.9953373670578003,0.9953373670578003,0.001149398973211646,0.0003257729986216873,0.0013733258238062263,0.0015649149427190423,0.0002491300692781806
resnet18,/Users/admin/surface-defect-train/results/chips/validation/crazing/crazing_242_bb01.png,crazing,crazing,0.9987404942512512,0.9987404942512512,0.0003743002307601273,0.0007273186929523945,0.00013167715223971754,1.8368200471741147e-05,7.871683010307606e-06
resnet18,/Users/admin/surface-defect-train/results/chips/validation/crazing/crazing_242_bb02.png,crazing,crazing,0.997923731803894,0.997923731803894,0.0006426789332181215,0.0003413190133869648,0.0005276967422105372,0.00045127084013074636,0.00011330614506732672
resnet18,/Users/admin/surface-defect-train/results/chips/validation/crazing/crazing_243_bb00.png,crazing,crazing,0.9986574649810791,0.9986574649810791,0.0005354530876502395,0.0005421438836492598,0.00014493081835098565,0.00010121015657205135,1.8779326637741178e-05
resnet18,/Users/admin/surface-defect-train/results/chips/validation/crazing/crazing_243_bb01.png,crazing,crazing,0.9992361068725586,0.9992361068725586,0.00034679617965593934,8.894850907381624e-05,0.00020595903333742172,0.00010355647827964276,1.864517071226146e-05
resnet18,/Users/admin/surface-defect-train/results/chips/validation/crazing/crazing_243_bb02.png,crazing,crazing,0.9978177547454834,0.9978177547454834,0.0005838139331899583,0.00021238536282908171,0.00046580159687437117,0.0008696176228113472,5.059163595433347e-05
resnet18,/Users/admin/surface-defect-train/results/chips/validation/crazing/crazing_243_bb03.png,crazing,crazing,0.9957128763198853,0.9957128763198853,0.0017644912004470825,0.0009832469513639808,0.0007035525050014257,0.0003682119713630527,0.00046765265869908035
resnet18,/Users/admin/surface-defect-train/results/chips/validation/crazing/crazing_244_bb00.png,crazing,crazing,0.9976118803024292,0.9976118803024292,0.0005913022323511541,0.00016250293992925435,0.0011428893776610494,0.00042501144343987107,6.648113776464015e-05
resnet18,/Users/admin/surface-defect-train/results/chips/validation/crazing/crazing_244_bb01.png,crazing,crazing,0.9995443224906921,0.9995443224906921,0.0002930604387074709,3.422133522690274e-05,8.023923874134198e-05,1.878412331279833e-05,2.9321292458917014e-05
resnet18,/Users/admin/surface-defect-train/results/chips/validation/crazing/crazing_244_bb02.png,crazing,crazing,0.9959443211555481,0.9959443211555481,0.0007579935481771827,8.389419235754758e-05,0.0016749229980632663,0.0014077718369662762,0.00013108280836604536
resnet18,/Users/admin/surface-defect-train/results/chips/validation/crazing/crazing_245_bb00.png,crazing,crazing,0.9998494386672974,0.9998494386672974,4.4762105972040445e-05,8.459915989078581e-05,1.2478316421038471e-05,8.166227416950278e-06,4.267565714144439e-07
resnet18,/Users/admin/surface-defect-train/results/chips/validation/crazing/crazing_245_bb01.png,crazing,crazing,0.9984415173530579,0.9984415173530579,0.0005701382760889828,0.0004477751790545881,0.0004068707930855453,4.5153399696573615e-05,8.859504305291921e-05
resnet18,/Users/admin/surface-defect-train/results/chips/validation/crazing/crazing_246_bb00.png,crazing,crazing,0.9974326491355896,0.9974326491355896,0.0010486457031220198,0.00013663664867635816,0.0007285707979463041,0.00047210551565513015,0.00018134660786017776
resnet18,/Users/admin/surface-defect-train/results/chips/validation/crazing/crazing_246_bb01.png,crazing,crazing,0.9988119602203369,0.9988119602203369,0.0005473449709825218,0.0005328358383849263,6.555230356752872e-05,2.3265420168172568e-05,1.9095974494121037e-05
resnet18,/Users/admin/surface-defect-train/results/chips/validation/crazing/crazing_246_bb02.png,crazing,crazing,0.9923093318939209,0.9923093318939209,0.0020911083556711674,0.0004993416368961334,0.0024362315889447927,0.0018949140794575214,0.0007690766360610723
resnet18,/Users/admin/surface-defect-train/results/chips/validation/crazing/crazing_246_bb03.png,crazing,crazing,0.9942065477371216,0.9942065477371216,0.00045024591963738203,2.7201616831007414e-05,0.00441837077960372,0.0006917442660778761,0.00020580936688929796
resnet18,/Users/admin/surface-defect-train/results/chips/validation/crazing/crazing_247_bb00.png,crazing,crazing,0.9991564750671387,0.9991564750671387,0.0003576083399821073,9.272041643271223e-05,0.0001849837863119319,0.00019189959857612848,1.6440837498521432e-05
resnet18,/Users/admin/surface-defect-train/results/chips/validation/crazing/crazing_247_bb01.png,crazing,crazing,0.9964130520820618,0.9964130520820618,0.0008022572146728635,0.00201819627545774,0.0005656105349771678,0.00017939231474883854,2.1502055460587144e-05
resnet18,/Users/admin/surface-defect-train/results/chips/validation/crazing/crazing_247_bb02.png,crazing,crazing,0.9968716502189636,0.9968716502189636,0.0007765046902932227,0.0002615134872030467,0.001160442945547402,0.0008717293967492878,5.8023582823807374e-05
resnet18,/Users/admin/surface-defect-train/results/chips/validation/crazing/crazing_248_bb00.png,crazing,crazing,0.9996378421783447,0.9996378421783447,0.00017011287854984403,3.3219392207683995e-05,0.00012380520638544112,2.578451130830217e-05,9.276292075810488e-06
resnet18,/Users/admin/surface-defect-train/results/chips/validation/crazing/crazing_248_bb01.png,crazing,crazing,0.9989022016525269,0.9989022016525269,0.0004830082762055099,0.0003592454013414681,7.815643039066344e-05,0.00015486842312384397,2.2427326257457025e-05
resnet18,/Users/admin/surface-defect-train/results/chips/validation/crazing/crazing_248_bb02.png,crazing,crazing,0.9992914199829102,0.9992914199829102,0.0003885098558384925,0.00010088390990858898,0.00011733346036635339,6.678162753814831e-05,3.4942269849125296e-05
resnet18,/Users/admin/surface-defect-train/results/chips/validation/crazing/crazing_249_bb00.png,crazing,crazing,0.9952492713928223,0.9952492713928223,0.0018785055726766586,0.002378421602770686,0.00020177652186248451,7.79503388912417e-05,0.00021408895554486662
resnet18,/Users/admin/surface-defect-train/results/chips/validation/crazing/crazing_249_bb01.png,crazing,crazing,0.9997032284736633,0.9997032284736633,0.00011015302879968658,7.610586180817336e-05,3.481659587123431e-05,7.416159496642649e-05,1.4757347344129812e-06
resnet18,/Users/admin/surface-defect-train/results/chips/validation/crazing/crazing_249_bb02.png,crazing,crazing,0.9986386895179749,0.9986386895179749,0.0004062365333084017,0.0005269511602818966,0.000407974497647956,8.891258403309621e-06,1.1216709935979452e-05
resnet18,/Users/admin/surface-defect-train/results/chips/validation/crazing/crazing_250_bb00.png,crazing,crazing,0.9946227073669434,0.9946227073669434,0.0019290680065751076,0.0008502348209731281,0.0007871271809563041,0.0009981218026950955,0.0008127203909680247
resnet18,/Users/admin/surface-defect-train/results/chips/validation/crazing/crazing_250_bb01.png,crazing,crazing,0.9995579123497009,0.9995579123497009,0.0001894757297122851,0.0001718106504995376,4.161566903349012e-05,3.4360065910732374e-05,4.83881012769416e-06
resnet18,/Users/admin/surface-defect-train/results/chips/validation/crazing/crazing_250_bb02.png,crazing,crazing,0.9976529479026794,0.9976529479026794,0.0009089682134799659,0.0008066601003520191,0.0005840743542648852,1.9972550944657996e-05,2.7399581085774116e-05
resnet18,/Users/admin/surface-defect-train/results/chips/validation/crazing/crazing_251_bb00.png,crazing,crazing,0.9977996945381165,0.9977996945381165,0.00043706048745661974,0.0004451276909094304,0.001171759213320911,0.00012813269859179854,1.820932448026724e-05
resnet18,/Users/admin/surface-defect-train/results/chips/validation/crazing/crazing_251_bb01.png,crazing,crazing,0.999723494052887,0.999723494052887,2.917017809522804e-05,0.00024704818497411907,6.863345447527536e-08,7.588529626900709e-08,8.21723205035596e-08
resnet18,/Users/admin/surface-defect-train/results/chips/validation/crazing/crazing_251_bb02.png,crazing,crazing,0.9968155026435852,0.9968155026435852,0.00033134306431747973,0.0019839531742036343,0.00011891197937075049,0.0007472498109564185,3.0271523883129703e-06
resnet18,/Users/admin/surface-defect-train/results/chips/validation/crazing/crazing_252_bb00.png,crazing,crazing,0.9968814849853516,0.9968814849853516,0.000630697701126337,0.002302084118127823,9.483386384090409e-05,7.488316623494029e-05,1.6039290130720474e-05
resnet18,/Users/admin/surface-defect-train/results/chips/validation/crazing/crazing_252_bb01.png,crazing,crazing,0.9989157915115356,0.9989157915115356,0.0005298733594827354,0.0002695434377528727,0.00022971609723754227,2.1012745492043905e-05,3.4034856071230024e-05
resnet18,/Users/admin/surface-defect-train/results/chips/validation/crazing/crazing_252_bb02.png,crazing,crazing,0.9995042085647583,0.9995042085647583,0.00015776649524923414,0.00021591410040855408,9.386312012793496e-05,2.4042561562964693e-05,4.209694907331141e-06
resnet18,/Users/admin/surface-defect-train/results/chips/validation/crazing/crazing_253_bb00.png,crazing,crazing,0.9993583559989929,0.9993583559989929,4.4412616261979565e-05,0.0005941640119999647,9.828395377553534e-07,1.7439557495890767e-06,2.983027229674917e-07
resnet18,/Users/admin/surface-defect-train/results/chips/validation/crazing/crazing_253_bb01.png,crazing,crazing,0.9984517097473145,0.9984517097473145,0.0001397452870151028,0.0007046318496577442,0.00011524397268658504,0.0005851737223565578,3.574716401999467e-06
resnet18,/Users/admin/surface-defect-train/results/chips/validation/crazing/crazing_253_bb02.png,crazing,crazing,0.9981424808502197,0.9981424808502197,8.078648534137756e-05,0.0017428467981517315,2.7104520086140838e-06,3.078101872233674e-05,3.363605287631799e-07
resnet18,/Users/admin/surface-defect-train/results/chips/validation/crazing/crazing_254_bb00.png,crazing,crazing,0.9962692260742188,0.9962692260742188,0.001312725362367928,0.0007081287330947816,0.0011382173979654908,0.000491532904561609,8.021081885090098e-05
resnet18,/Users/admin/surface-defect-train/results/chips/validation/crazing/crazing_255_bb00.png,crazing,crazing,0.9983736276626587,0.9983736276626587,0.0005307128303684294,8.242432522820309e-05,0.0007577236392535269,0.00017968291649594903,7.571822061436251e-05
resnet18,/Users/admin/surface-defect-train/results/chips/validation/crazing/crazing_255_bb01.png,crazing,crazing,0.9989731311798096,0.9989731311798096,0.0005750414566136897,0.00020072670304216444,0.00018795125652104616,1.985705239349045e-05,4.31659645983018e-05
resnet18,/Users/admin/surface-defect-train/results/chips/validation/crazing/crazing_255_bb02.png,crazing,crazing,0.9988425970077515,0.9988425970077515,0.0004245977324899286,0.0005311193526722491,0.00014665535127278417,2.926752858911641e-05,2.5692379495012574e-05
resnet18,/Users/admin/surface-defect-train/results/chips/validation/crazing/crazing_256_bb00.png,crazing,crazing,0.9980650544166565,0.9980650544166565,0.0009912874083966017,0.00013853641576133668,0.0003380656708031893,0.00021453030058182776,0.00025253029889427125
resnet18,/Users/admin/surface-defect-train/results/chips/validation/crazing/crazing_256_bb01.png,crazing,crazing,0.9967772364616394,0.9967772364616394,0.0009765292052179575,0.0005013411282561719,0.0013330810470506549,0.00026672749663703144,0.0001450502750230953
resnet18,/Users/admin/surface-defect-train/results/chips/validation/crazing/crazing_256_bb02.png,crazing,crazing,0.9987420439720154,0.9987420439720154,0.0002990281209349632,0.00010496883624000475,0.0007500997744500637,6.223256059456617e-05,4.1537583456374705e-05
resnet18,/Users/admin/surface-defect-train/results/chips/validation/crazing/crazing_257_bb00.png,crazing,crazing,0.995934247970581,0.995934247970581,0.000581646163482219,0.0007383610354736447,0.0025432046968489885,0.00014754143194295466,5.4901818657526746e-05
resnet18,/Users/admin/surface-defect-train/results/chips/validation/crazing/crazing_257_bb01.png,crazing,crazing,0.7348396182060242,0.7348396182060242,0.044106293469667435,0.00581726897507906,0.005962814204394817,0.031130462884902954,0.17814356088638306
resnet18,/Users/admin/surface-defect-train/results/chips/validation/crazing/crazing_257_bb02.png,crazing,crazing,0.9944907426834106,0.9944907426834106,0.0017224225448444486,0.00019475174485705793,0.001384795643389225,0.0006641769432462752,0.0015430974308401346
resnet18,/Users/admin/surface-defect-train/results/chips/validation/crazing/crazing_258_bb00.png,crazing,crazing,0.998488187789917,0.998488187789917,0.0003303050762042403,0.0002410445740679279,0.0008217598078772426,6.08069785812404e-05,5.784683526144363e-05
resnet18,/Users/admin/surface-defect-train/results/chips/validation/crazing/crazing_258_bb01.png,crazing,crazing,0.9997856020927429,0.9997856020927429,0.0001096783162211068,4.984415500075556e-05,3.202272637281567e-05,2.0737295926664956e-05,2.09995846489619e-06
resnet18,/Users/admin/surface-defect-train/results/chips/validation/crazing/crazing_259_bb00.png,crazing,crazing,0.9985287189483643,0.9985287189483643,0.0003159264160785824,0.0003400560817681253,0.0007260433048941195,3.106826261500828e-05,5.818791760248132e-05
resnet18,/Users/admin/surface-defect-train/results/chips/validation/crazing/crazing_259_bb01.png,crazing,crazing,0.9972585439682007,0.9972585439682007,0.000629777554422617,0.00021263791131787002,0.0017444782424718142,7.50765684642829e-05,7.941455987747759e-05
resnet18,/Users/admin/surface-defect-train/results/chips/validation/crazing/crazing_259_bb02.png,crazing,crazing,0.9980199337005615,0.9980199337005615,0.00033764526597224176,0.0013345687184482813,0.00023361886269412935,6.172910798341036e-05,1.2542104741442017e-05
resnet18,/Users/admin/surface-defect-train/results/chips/validation/crazing/crazing_260_bb00.png,crazing,crazing,0.9989014863967896,0.9989014863967896,0.00023256050189957023,0.00022483535576611757,0.0003989140677731484,0.00022814178373664618,1.4070782526687253e-05
resnet18,/Users/admin/surface-defect-train/results/chips/validation/crazing/crazing_260_bb01.png,crazing,crazing,0.9983823299407959,0.9983823299407959,0.0004385857901070267,0.0002461785334162414,0.000863811990711838,3.669730358524248e-05,3.2537940569454804e-05
resnet18,/Users/admin/surface-defect-train/results/chips/validation/crazing/crazing_261_bb00.png,crazing,crazing,0.9994420409202576,0.9994420409202576,0.00023958703968673944,0.00012563336349558085,0.00016478718316648155,1.1009815352736041e-05,1.708340823824983e-05
resnet18,/Users/admin/surface-defect-train/results/chips/validation/crazing/crazing_261_bb01.png,crazing,crazing,0.998427152633667,0.998427152633667,0.00024972783285193145,0.0009793044300749898,9.787049930309877e-05,0.00023958765086717904,6.31415969110094e-06
resnet18,/Users/admin/surface-defect-train/results/chips/validation/crazing/crazing_261_bb02.png,crazing,crazing,0.9985713958740234,0.9985713958740234,0.0006094041164033115,0.00016492210852447897,0.00030243294895626605,0.0002846176503226161,6.72197129460983e-05
resnet18,/Users/admin/surface-defect-train/results/chips/validation/crazing/crazing_262_bb00.png,crazing,crazing,0.9997139573097229,0.9997139573097229,0.00015300342056434602,7.546020788140595e-05,3.9134502003435045e-05,1.2650380085688084e-05,5.83510382057284e-06
resnet18,/Users/admin/surface-defect-train/results/chips/validation/crazing/crazing_262_bb01.png,crazing,crazing,0.9977444410324097,0.9977444410324097,0.0006720495875924826,0.0006723059923388064,0.0005413618055172265,0.00034968083491548896,2.024042623816058e-05
resnet18,/Users/admin/surface-defect-train/results/chips/validation/crazing/crazing_262_bb02.png,crazing,crazing,0.9996302127838135,0.9996302127838135,0.00011261094914516434,9.583627252141014e-05,3.598620241973549e-05,0.00012284127296879888,2.455987896610168e-06
resnet18,/Users/admin/surface-defect-train/results/chips/validation/crazing/crazing_263_bb00.png,crazing,crazing,0.9996258020401001,0.9996258020401001,0.00018926610937342048,1.7185648175654933e-05,0.00012552711996249855,3.098610250162892e-05,1.1189273209311068e-05
resnet18,/Users/admin/surface-defect-train/results/chips/validation/crazing/crazing_263_bb01.png,crazing,crazing,0.9985456466674805,0.9985456466674805,0.000350336980773136,9.631193825043738e-05,0.0005443799891509116,0.0004192290944047272,4.417672971612774e-05
resnet18,/Users/admin/surface-defect-train/results/chips/validation/crazing/crazing_264_bb00.png,crazing,crazing,0.9987736344337463,0.9987736344337463,0.00040112031274475157,0.00010102490341523662,0.0005271745030768216,0.0001662040886003524,3.093445411650464e-05
resnet18,/Users/admin/surface-defect-train/results/chips/validation/crazing/crazing_264_bb01.png,crazing,crazing,0.9986044764518738,0.9986044764518738,0.0004006822709925473,2.7839039830723777e-05,0.0005083618452772498,5.944871008978225e-05,0.00039919765549711883
resnet18,/Users/admin/surface-defect-train/results/chips/validation/crazing/crazing_265_bb00.png,crazing,crazing,0.9971492886543274,0.9971492886543274,0.0006880670553073287,0.00010679317347239703,0.001087931334041059,0.0008549767080694437,0.00011294095747871324
resnet18,/Users/admin/surface-defect-train/results/chips/validation/crazing/crazing_265_bb01.png,crazing,crazing,0.9995403289794922,0.9995403289794922,0.00015156259178183973,3.7927195080555975e-05,0.00019167274876963347,7.288806955330074e-05,5.635616616928019e-06
resnet18,/Users/admin/surface-defect-train/results/chips/validation/crazing/crazing_266_bb00.png,crazing,crazing,0.9979584217071533,0.9979584217071533,0.0005836033960804343,5.403750037658028e-05,0.0009832545183598995,0.00016137880447786301,0.00025932854623533785
resnet18,/Users/admin/surface-defect-train/results/chips/validation/crazing/crazing_266_bb01.png,crazing,crazing,0.9908413887023926,0.9908413887023926,0.0011047226144000888,0.0028816077392548323,0.004835477564483881,0.00028336080140434206,5.3473293519346043e-05
resnet18,/Users/admin/surface-defect-train/results/chips/validation/crazing/crazing_267_bb00.png,crazing,crazing,0.9983571171760559,0.9983571171760559,0.000502483919262886,6.277246575336903e-05,0.0004941815859638155,0.0005179899744689465,6.554369610967115e-05
resnet18,/Users/admin/surface-defect-train/results/chips/validation/crazing/crazing_267_bb01.png,crazing,crazing,0.9992839694023132,0.9992839694023132,0.0003895849222317338,0.00011102333519374952,7.104415271896869e-05,0.00012237820192240179,2.2107933546067216e-05
resnet18,/Users/admin/surface-defect-train/results/chips/validation/crazing/crazing_267_bb02.png,crazing,crazing,0.9994909763336182,0.9994909763336182,9.41235339269042e-05,0.0003714232298079878,1.105866704165237e-05,3.177728649461642e-05,6.731678467986058e-07
resnet18,/Users/admin/surface-defect-train/results/chips/validation/crazing/crazing_268_bb00.png,crazing,crazing,0.9940541386604309,0.9940541386604309,0.0005642061587423086,0.00020857150957453996,0.004890363197773695,0.0002231633843621239,5.966921162325889e-05
resnet18,/Users/admin/surface-defect-train/results/chips/validation/crazing/crazing_268_bb01.png,crazing,crazing,0.9879447221755981,0.9879447221755981,0.0016339540015906096,0.0035125429276376963,0.006737447809427977,0.0001420775952283293,2.9243663448141888e-05
resnet18,/Users/admin/surface-defect-train/results/chips/validation/crazing/crazing_268_bb02.png,crazing,crazing,0.9990193843841553,0.9990193843841553,0.0004624844586942345,0.0001610082108527422,0.00022312349756248295,9.707569552119821e-05,3.6917881516274065e-05
resnet18,/Users/admin/surface-defect-train/results/chips/validation/crazing/crazing_269_bb00.png,crazing,crazing,0.9995402097702026,0.9995402097702026,0.00011300961341476068,0.00022445556533057243,5.840087396791205e-05,6.196314643602818e-05,1.967410526049207e-06
resnet18,/Users/admin/surface-defect-train/results/chips/validation/crazing/crazing_269_bb01.png,crazing,crazing,0.9985852241516113,0.9985852241516113,0.0006945506320334971,0.00036829960299655795,0.00020624948956537992,0.0001119002336054109,3.375089727342129e-05
resnet18,/Users/admin/surface-defect-train/results/chips/validation/crazing/crazing_269_bb02.png,crazing,crazing,0.9989521503448486,0.9989521503448486,0.0003060538729187101,0.0003730037424247712,9.131152182817459e-05,0.00027089903596788645,6.619285613851389e-06
resnet18,/Users/admin/surface-defect-train/results/chips/validation/crazing/crazing_270_bb00.png,crazing,crazing,0.9963601231575012,0.9963601231575012,0.0014676247956231236,0.0016238450771197677,0.00047989777522161603,1.8773416741169058e-05,4.965685002389364e-05
resnet18,/Users/admin/surface-defect-train/results/chips/validation/crazing/crazing_270_bb01.png,crazing,crazing,0.9987282156944275,0.9987282156944275,0.00027806550497189164,3.54108378814999e-05,0.0008604973554611206,5.5094496929086745e-05,4.278297274140641e-05
resnet18,/Users/admin/surface-defect-train/results/chips/validation/crazing/crazing_270_bb02.png,crazing,crazing,0.9994788765907288,0.9994788765907288,0.0002471896295901388,0.00019059321493841708,4.709322820417583e-05,3.0165485441102646e-05,6.035669230186613e-06
resnet18,/Users/admin/surface-defect-train/results/chips/validation/crazing/crazing_271_bb00.png,crazing,crazing,0.9972735047340393,0.9972735047340393,0.0007063352968543768,0.0001065826290869154,0.001475874101743102,0.0002445426071062684,0.00019309876370243728
resnet18,/Users/admin/surface-defect-train/results/chips/validation/crazing/crazing_271_bb01.png,crazing,crazing,0.9995249509811401,0.9995249509811401,0.00012393840006552637,0.00031522929202765226,6.925444267835701e-06,2.7927540941163898e-05,1.000112206384074e-06
resnet18,/Users/admin/surface-defect-train/results/chips/validation/crazing/crazing_271_bb02.png,crazing,crazing,0.997554361820221,0.997554361820221,0.0006913749384693801,5.976413012831472e-05,0.001150568132288754,0.00036724036908708513,0.00017664128972683102
resnet18,/Users/admin/surface-defect-train/results/chips/validation/crazing/crazing_271_bb03.png,crazing,crazing,0.9928910732269287,0.9928910732269287,0.0018364894203841686,0.0009992960840463638,0.0037847463972866535,0.0003842005680780858,0.00010420254693599418
resnet18,/Users/admin/surface-defect-train/results/chips/validation/crazing/crazing_272_bb00.png,crazing,crazing,0.999133288860321,0.999133288860321,0.00037031355896033347,0.0001872735156212002,0.00026961034745909274,1.5093921319930814e-05,2.4462731744279154e-05
resnet18,/Users/admin/surface-defect-train/results/chips/validation/crazing/crazing_272_bb01.png,crazing,crazing,0.9992972612380981,0.9992972612380981,0.0004201152187306434,0.00017612261581234634,5.5728214647388086e-05,1.744142900861334e-05,3.339064642204903e-05
resnet18,/Users/admin/surface-defect-train/results/chips/validation/crazing/crazing_272_bb02.png,crazing,crazing,0.9792177677154541,0.9792177677154541,0.00091873126802966,0.0004972934257239103,0.01833556778728962,0.0008549518533982337,0.00017568288603797555
resnet18,/Users/admin/surface-defect-train/results/chips/validation/crazing/crazing_273_bb00.png,crazing,crazing,0.9738392233848572,0.9738392233848572,0.0006573583814315498,0.00026358378818258643,0.024304496124386787,0.0008202080498449504,0.00011519758845679462
resnet18,/Users/admin/surface-defect-train/results/chips/validation/crazing/crazing_273_bb01.png,crazing,crazing,0.9929723739624023,0.9929723739624023,0.0023465186823159456,0.0009126441436819732,0.000790813472121954,0.00022770541545469314,0.002749902894720435
resnet18,/Users/admin/surface-defect-train/results/chips/validation/crazing/crazing_273_bb02.png,crazing,crazing,0.9982509016990662,0.9982509016990662,0.0003787670284509659,0.00016837124712765217,0.0008362708613276482,0.00031152364681474864,5.405895717558451e-05
resnet18,/Users/admin/surface-defect-train/results/chips/validation/crazing/crazing_274_bb00.png,crazing,crazing,0.9972171783447266,0.9972171783447266,0.000729766848962754,0.0016601585084572434,0.0003386958851478994,3.570291301002726e-05,1.8550625100033358e-05
resnet18,/Users/admin/surface-defect-train/results/chips/validation/crazing/crazing_274_bb01.png,crazing,crazing,0.9988656044006348,0.9988656044006348,0.00046765123261138797,5.160765067557804e-05,0.000432467320933938,0.00012300089292693883,5.9712823713198304e-05
resnet18,/Users/admin/surface-defect-train/results/chips/validation/crazing/crazing_274_bb02.png,crazing,crazing,0.9964374303817749,0.9964374303817749,0.0012831344502046704,0.0007698839763179421,0.000936494383495301,0.0003898693830706179,0.00018330084276385605
resnet18,/Users/admin/surface-defect-train/results/chips/validation/crazing/crazing_274_bb03.png,crazing,crazing,0.8675641417503357,0.8675641417503357,0.006781427655369043,0.11314522475004196,0.00031106852111406624,0.012044303119182587,0.00015385253936983645
resnet18,/Users/admin/surface-defect-train/results/chips/validation/crazing/crazing_275_bb00.png,crazing,crazing,0.9985365867614746,0.9985365867614746,0.00023400141799356788,0.0011853872565552592,2.4585064238635823e-05,1.4925238247087691e-05,4.613536930264672e-06
resnet18,/Users/admin/surface-defect-train/results/chips/validation/crazing/crazing_275_bb01.png,crazing,crazing,0.9966813921928406,0.9966813921928406,0.001224652398377657,0.0006357713136821985,0.0008034408674575388,0.0004046711837872863,0.00025004433700814843
resnet18,/Users/admin/surface-defect-train/results/chips/validation/crazing/crazing_275_bb02.png,crazing,crazing,0.9994706511497498,0.9994706511497498,0.00013792482786811888,1.3651510926138144e-05,0.00033889373298734426,2.120590943377465e-05,1.7608286725590006e-05
resnet18,/Users/admin/surface-defect-train/results/chips/validation/crazing/crazing_276_bb00.png,crazing,crazing,0.9981847405433655,0.9981847405433655,0.0007218565442599356,0.00039003585698083043,0.000388720742193982,0.0002531470381654799,6.147789827082306e-05
resnet18,/Users/admin/surface-defect-train/results/chips/validation/crazing/crazing_276_bb01.png,crazing,crazing,0.9991897940635681,0.9991897940635681,0.0002645538479555398,0.0004559342924039811,2.7973717806162313e-05,5.6722106819506735e-05,5.056318968854612e-06
resnet18,/Users/admin/surface-defect-train/results/chips/validation/crazing/crazing_277_bb00.png,crazing,crazing,0.9959633350372314,0.9959633350372314,0.0014468533918261528,0.000692022847943008,0.0015824594302102923,0.00024097130517475307,7.42619376978837e-05
resnet18,/Users/admin/surface-defect-train/results/chips/validation/crazing/crazing_277_bb01.png,crazing,crazing,0.9990472197532654,0.9990472197532654,0.00038104812847450376,0.00020151957869529724,0.0001416960294591263,0.0002162940363632515,1.2291273378650658e-05
resnet18,/Users/admin/surface-defect-train/results/chips/validation/crazing/crazing_278_bb00.png,crazing,crazing,0.9956307411193848,0.9956307411193848,0.0014495489886030555,0.001454921206459403,0.0002408313303021714,0.0011120873969048262,0.00011191208614036441
resnet18,/Users/admin/surface-defect-train/results/chips/validation/crazing/crazing_278_bb01.png,crazing,crazing,0.9936448335647583,0.9936448335647583,0.0004900784697383642,0.00013916775060351938,0.005331236869096756,0.0003160242922604084,7.867936801631004e-05
resnet18,/Users/admin/surface-defect-train/results/chips/validation/crazing/crazing_278_bb02.png,crazing,crazing,0.9978485107421875,0.9978485107421875,0.0008773398585617542,0.0001000271295197308,0.0007288588676601648,0.00015547712973784655,0.00028974685119464993
resnet18,/Users/admin/surface-defect-train/results/chips/validation/crazing/crazing_278_bb03.png,crazing,crazing,0.9846166372299194,0.9846166372299194,0.005086014047265053,0.001928529585711658,0.0013334553223103285,0.004623522982001305,0.0024118495639413595
resnet18,/Users/admin/surface-defect-train/results/chips/validation/crazing/crazing_279_bb00.png,crazing,crazing,0.9976270794868469,0.9976270794868469,0.0003103403723798692,0.00017810084682423621,0.0018109952798113227,5.204025001148693e-05,2.140793003491126e-05
resnet18,/Users/admin/surface-defect-train/results/chips/validation/crazing/crazing_279_bb01.png,crazing,crazing,0.9992959499359131,0.9992959499359131,0.0003720723034348339,9.950563980964944e-05,0.00017668124928604811,3.862119774566963e-05,1.716258702799678e-05
resnet18,/Users/admin/surface-defect-train/results/chips/validation/crazing/crazing_280_bb00.png,crazing,crazing,0.9998362064361572,0.9998362064361572,5.0619048124644905e-05,0.00010114444012288004,8.336280188814271e-06,2.776035444185254e-06,9.070013220480178e-07
resnet18,/Users/admin/surface-defect-train/results/chips/validation/crazing/crazing_281_bb00.png,crazing,crazing,0.9985170960426331,0.9985170960426331,0.0004299370921216905,7.439791806973517e-05,0.0006379326223395765,0.0002683810889720917,7.22144395695068e-05
resnet18,/Users/admin/surface-defect-train/results/chips/validation/crazing/crazing_281_bb01.png,crazing,crazing,0.9992559552192688,0.9992559552192688,0.00035487039713189006,7.540427759522572e-05,0.00020139681873843074,7.942631054902449e-05,3.292802648502402e-05
resnet18,/Users/admin/surface-defect-train/results/chips/validation/crazing/crazing_282_bb00.png,crazing,crazing,0.9970689415931702,0.9970689415931702,0.0005669809179380536,0.00015707981947343796,0.0006665982655249536,0.00143927161116153,0.00010104829561896622
resnet18,/Users/admin/surface-defect-train/results/chips/validation/crazing/crazing_282_bb01.png,crazing,crazing,0.9984789490699768,0.9984789490699768,0.0005815750337205827,0.0003584348887670785,0.0001735139958327636,0.00038937191129662097,1.8238428310723975e-05
resnet18,/Users/admin/surface-defect-train/results/chips/validation/crazing/crazing_283_bb00.png,crazing,crazing,0.9997746348381042,0.9997746348381042,9.008072083815932e-05,0.00012087112554581836,9.451661753701046e-06,3.6010026178701082e-06,1.4345986301123048e-06
resnet18,/Users/admin/surface-defect-train/results/chips/validation/crazing/crazing_283_bb01.png,crazing,crazing,0.993196964263916,0.993196964263916,8.49094576551579e-05,0.006700269877910614,4.126709882257273e-06,1.3101642252877355e-05,5.518449484043231e-07
resnet18,/Users/admin/surface-defect-train/results/chips/validation/crazing/crazing_283_bb02.png,crazing,crazing,0.9997816681861877,0.9997816681861877,0.00012845336459577084,6.663494423264638e-05,4.830749276152346e-06,1.6755384422140196e-05,1.6340491129085422e-06
resnet18,/Users/admin/surface-defect-train/results/chips/validation/crazing/crazing_283_bb03.png,crazing,crazing,0.9992710947990417,0.9992710947990417,0.00018850123160518706,0.0005186315975151956,5.7046286201511975e-06,1.3172393664717674e-05,2.78857851299108e-06
resnet18,/Users/admin/surface-defect-train/results/chips/validation/crazing/crazing_284_bb00.png,crazing,crazing,0.9650484323501587,0.9650484323501587,0.0004257249820511788,3.7920541217317805e-05,0.03107268363237381,0.003300976473838091,0.00011431621533120051
resnet18,/Users/admin/surface-defect-train/results/chips/validation/crazing/crazing_284_bb01.png,crazing,crazing,0.9994105100631714,0.9994105100631714,0.00013902792125009,0.00025417027063667774,0.00016989409050438553,2.135437898687087e-05,5.154377504368313e-06
resnet18,/Users/admin/surface-defect-train/results/chips/validation/crazing/crazing_285_bb00.png,crazing,crazing,0.9985332489013672,0.9985332489013672,0.00038700096774846315,0.0005911838379688561,0.00038393744034692645,7.334940164582804e-05,3.138588726869784e-05
resnet18,/Users/admin/surface-defect-train/results/chips/validation/crazing/crazing_285_bb01.png,crazing,crazing,0.9992850422859192,0.9992850422859192,0.00029052727040834725,0.000307772948872298,7.117233326425776e-05,4.157186413067393e-05,3.946583547076443e-06
resnet18,/Users/admin/surface-defect-train/results/chips/validation/crazing/crazing_285_bb02.png,crazing,crazing,0.9970715045928955,0.9970715045928955,0.0009018947603181005,0.0012632926227524877,0.0006927304202690721,3.208415728295222e-05,3.8507088902406394e-05
resnet18,/Users/admin/surface-defect-train/results/chips/validation/crazing/crazing_286_bb00.png,crazing,crazing,0.931344211101532,0.931344211101532,0.008635280653834343,0.00039932745858095586,0.013031978160142899,0.001666956814005971,0.04492229223251343
resnet18,/Users/admin/surface-defect-train/results/chips/validation/crazing/crazing_286_bb01.png,crazing,crazing,0.9692676067352295,0.9692676067352295,0.003415440209209919,6.997055606916547e-05,0.006036190316081047,0.00033288990380242467,0.02087780088186264
resnet18,/Users/admin/surface-defect-train/results/chips/validation/crazing/crazing_286_bb02.png,crazing,crazing,0.9982104301452637,0.9982104301452637,0.0005356143810786307,0.000510075013153255,0.0005774548626504838,0.00013383670011535287,3.2641637517372146e-05
resnet18,/Users/admin/surface-defect-train/results/chips/validation/crazing/crazing_287_bb00.png,crazing,crazing,0.9967119693756104,0.9967119693756104,0.0002955732343252748,0.002658713376149535,9.031046647578478e-05,0.0002335916506126523,9.904140824801289e-06
resnet18,/Users/admin/surface-defect-train/results/chips/validation/crazing/crazing_287_bb01.png,crazing,crazing,0.9997648596763611,0.9997648596763611,6.17528785369359e-05,2.110695822921116e-05,0.00014382737572304904,3.585717877285788e-06,4.951406026520999e-06
resnet18,/Users/admin/surface-defect-train/results/chips/validation/crazing/crazing_288_bb00.png,crazing,crazing,0.9986265897750854,0.9986265897750854,0.00028779415879398584,0.00014563808508682996,0.0007683258154429495,0.00015449750935658813,1.7235024643014185e-05
resnet18,/Users/admin/surface-defect-train/results/chips/validation/crazing/crazing_288_bb01.png,crazing,crazing,0.9951033592224121,0.9951033592224121,0.001306935795582831,0.0005991593934595585,0.0024308795109391212,0.000324151071254164,0.00023548647004645318
resnet18,/Users/admin/surface-defect-train/results/chips/validation/crazing/crazing_289_bb00.png,crazing,crazing,0.991479754447937,0.991479754447937,0.0009526886860840023,0.0005227120709605515,0.006364567205309868,0.0004411775735206902,0.00023900506494101137
resnet18,/Users/admin/surface-defect-train/results/chips/validation/crazing/crazing_290_bb00.png,crazing,crazing,0.9982307553291321,0.9982307553291321,0.000761279952712357,0.000324110354995355,0.0005572038935497403,5.43923451914452e-05,7.224972068797797e-05
resnet18,/Users/admin/surface-defect-train/results/chips/validation/crazing/crazing_290_bb01.png,crazing,crazing,0.9993601441383362,0.9993601441383362,0.0003925478085875511,0.00011105806333944201,8.751449058763683e-05,2.8078857212676667e-05,2.069962829409633e-05
resnet18,/Users/admin/surface-defect-train/results/chips/validation/crazing/crazing_290_bb02.png,crazing,crazing,0.5983937382698059,0.5983937382698059,0.015785133466124535,0.3343077301979065,0.027809355407953262,0.02337920293211937,0.0003248819848522544
resnet18,/Users/admin/surface-defect-train/results/chips/validation/crazing/crazing_291_bb00.png,crazing,crazing,0.9990777969360352,0.9990777969360352,0.0005902133416384459,8.636729035060853e-05,0.00013351782399695367,2.8695474611595273e-05,8.345226524397731e-05
resnet18,/Users/admin/surface-defect-train/results/chips/validation/crazing/crazing_291_bb01.png,crazing,crazing,0.9966065883636475,0.9966065883636475,0.0008973830845206976,0.0002401444799033925,0.0017524374416097999,0.00023217407579068094,0.0002713292487896979
resnet18,/Users/admin/surface-defect-train/results/chips/validation/crazing/crazing_291_bb02.png,crazing,crazing,0.9986648559570312,0.9986648559570312,0.00043790877680294216,0.00018009718041867018,0.0006581803318113089,2.7240699637332e-05,3.1656203645979986e-05
resnet18,/Users/admin/surface-defect-train/results/chips/validation/crazing/crazing_292_bb00.png,crazing,crazing,0.9993114471435547,0.9993114471435547,0.000419371179305017,0.00018876032845582813,3.791826020460576e-05,1.8623384676175192e-05,2.382237471465487e-05
resnet18,/Users/admin/surface-defect-train/results/chips/validation/crazing/crazing_292_bb01.png,crazing,crazing,0.9991627931594849,0.9991627931594849,0.00040924083441495895,7.101407391019166e-05,0.00025321365683339536,6.580248009413481e-05,3.799811747740023e-05
resnet18,/Users/admin/surface-defect-train/results/chips/validation/crazing/crazing_292_bb02.png,crazing,crazing,0.9942852854728699,0.9942852854728699,0.001109421718865633,0.0006534115527756512,0.002475583227351308,0.0013236961094662547,0.00015255574544426054
resnet18,/Users/admin/surface-defect-train/results/chips/validation/crazing/crazing_293_bb00.png,crazing,crazing,0.9996888637542725,0.9996888637542725,0.00010773829853860661,0.0001807397638913244,1.3875034710508771e-05,5.915527708566515e-06,2.825278897944372e-06
resnet18,/Users/admin/surface-defect-train/results/chips/validation/crazing/crazing_293_bb01.png,crazing,crazing,0.9998781681060791,0.9998781681060791,6.55577823636122e-05,4.72623469249811e-05,6.5626563809928484e-06,7.995438977559388e-07,1.5825173704797635e-06
resnet18,/Users/admin/surface-defect-train/results/chips/validation/crazing/crazing_293_bb02.png,crazing,crazing,0.9994083642959595,0.9994083642959595,0.00028455888968892395,0.00022264188737608492,4.215640728943981e-05,2.1445785023388453e-05,2.0779725673492067e-05
resnet18,/Users/admin/surface-defect-train/results/chips/validation/crazing/crazing_294_bb00.png,crazing,crazing,0.9988855719566345,0.9988855719566345,0.0002849299053195864,0.0003461794403847307,0.00043373307562433183,4.423368227435276e-05,5.49835658603115e-06
resnet18,/Users/admin/surface-defect-train/results/chips/validation/crazing/crazing_294_bb01.png,crazing,crazing,0.9985054731369019,0.9985054731369019,2.714657603064552e-05,0.0014665178023278713,3.3400411325601453e-07,5.551416393245745e-07,6.855113809933755e-08
resnet18,/Users/admin/surface-defect-train/results/chips/validation/crazing/crazing_295_bb00.png,crazing,crazing,0.999731719493866,0.999731719493866,0.00012008203339064494,0.00011490511678857729,2.4984376068459824e-05,5.183446319279028e-06,3.24877942148305e-06
resnet18,/Users/admin/surface-defect-train/results/chips/validation/crazing/crazing_295_bb01.png,crazing,crazing,0.9994679093360901,0.9994679093360901,0.0002823790127877146,4.0596416511107236e-05,0.00016079546185210347,2.0346864403109066e-05,2.7954323741141707e-05
resnet18,/Users/admin/surface-defect-train/results/chips/validation/crazing/crazing_296_bb00.png,crazing,crazing,0.993817150592804,0.993817150592804,0.0010250904597342014,0.0021631924901157618,0.0022664268035441637,0.0006042911554686725,0.00012374614016152918
resnet18,/Users/admin/surface-defect-train/results/chips/validation/crazing/crazing_296_bb01.png,crazing,crazing,0.9973365664482117,0.9973365664482117,0.001135573722422123,0.0007479742052964866,0.00012416836398188025,0.0005412771133705974,0.00011436547356424853
resnet18,/Users/admin/surface-defect-train/results/chips/validation/crazing/crazing_297_bb00.png,crazing,crazing,0.9944500923156738,0.9944500923156738,0.0009734831401146948,0.0002117725380230695,0.0010034460574388504,0.0032662360463291407,9.500054875388741e-05
resnet18,/Users/admin/surface-defect-train/results/chips/validation/crazing/crazing_297_bb01.png,crazing,crazing,0.9961040019989014,0.9961040019989014,0.001052012201398611,0.0006890255608595908,0.00022689808974973857,0.0018579568713903427,6.997666059760377e-05
resnet18,/Users/admin/surface-defect-train/results/chips/validation/crazing/crazing_297_bb02.png,crazing,crazing,0.9900528788566589,0.9900528788566589,0.0011844589607790112,0.00011700579489115626,0.007200568914413452,0.0005745940143242478,0.0008705559303052723
resnet18,/Users/admin/surface-defect-train/results/chips/validation/crazing/crazing_298_bb00.png,crazing,crazing,0.9990643858909607,0.9990643858909607,0.00037162192165851593,5.6200904509751126e-05,0.00035150902112945914,9.971349209081382e-05,5.6616205256432295e-05
resnet18,/Users/admin/surface-defect-train/results/chips/validation/crazing/crazing_298_bb01.png,crazing,crazing,0.9993597865104675,0.9993597865104675,0.00032893699244596064,6.0339349147398025e-05,0.00017340540944132954,4.68682665086817e-05,3.073916013818234e-05
resnet18,/Users/admin/surface-defect-train/results/chips/validation/crazing/crazing_299_bb00.png,crazing,crazing,0.9902488589286804,0.9902488589286804,0.003254479030147195,0.0002966783940792084,0.0024049393832683563,0.0011192448437213898,0.0026759281754493713
resnet18,/Users/admin/surface-defect-train/results/chips/validation/crazing/crazing_299_bb01.png,crazing,crazing,0.9987230896949768,0.9987230896949768,0.0005734716542065144,9.586433588992804e-05,0.0004040319472551346,0.00012535815767478198,7.82117567723617e-05
resnet18,/Users/admin/surface-defect-train/results/chips/validation/crazing/crazing_299_bb02.png,crazing,crazing,0.9926183819770813,0.9926183819770813,0.0006110590184107423,0.006662341766059399,5.6593074987176806e-05,4.005831215181388e-05,1.1531579730217345e-05
resnet18,/Users/admin/surface-defect-train/results/chips/validation/crazing/crazing_299_bb03.png,crazing,crazing,0.9970076680183411,0.9970076680183411,0.0011274332646280527,0.0003487198846414685,0.0007580422679893672,0.00034018210135400295,0.0004180348478257656
resnet18,/Users/admin/surface-defect-train/results/chips/validation/crazing/crazing_300_bb00.png,crazing,crazing,0.9962226152420044,0.9962226152420044,0.0006546918884851038,5.095670712762512e-05,0.002444834914058447,0.0003679234941955656,0.00025902321795001626
resnet18,/Users/admin/surface-defect-train/results/chips/validation/crazing/crazing_300_bb01.png,crazing,crazing,0.9759771823883057,0.9759771823883057,0.004328163806349039,0.0017004671972244978,0.003022892866283655,0.013980133458971977,0.0009911400265991688
resnet18,/Users/admin/surface-defect-train/results/chips/validation/crazing/crazing_300_bb02.png,crazing,crazing,0.9940127730369568,0.9940127730369568,0.000418284471379593,0.0002629959781188518,0.0048589021898806095,0.0004050969728268683,4.1947052523028105e-05
resnet18,/Users/admin/surface-defect-train/results/chips/validation/inclusion/inclusion_241_bb00.png,inclusion,inclusion,0.9991587400436401,1.8141482760469785e-09,0.9991587400436401,0.00020469033916015178,0.000542599125765264,1.9599035283590638e-07,9.386531019117683e-05
resnet18,/Users/admin/surface-defect-train/results/chips/validation/inclusion/inclusion_241_bb01.png,inclusion,inclusion,0.999640941619873,1.705765251269753e-10,0.999640941619873,0.0001698953565210104,0.00013681163545697927,1.4613314114342302e-08,5.23100643476937e-05
resnet18,/Users/admin/surface-defect-train/results/chips/validation/inclusion/inclusion_242_bb00.png,inclusion,inclusion,0.9977467656135559,3.552672378503985e-09,0.9977467656135559,0.001015559071674943,0.0011634366819635034,1.0425073782016625e-07,7.410340185742825e-05
resnet18,/Users/admin/surface-defect-train/results/chips/validation/inclusion/inclusion_242_bb01.png,inclusion,inclusion,0.9994016885757446,1.0894551927265184e-09,0.9994016885757446,0.00021508430654648691,0.0001150055177276954,8.502725989956161e-08,0.0002681946789380163
resnet18,/Users/admin/surface-defect-train/results/chips/validation/inclusion/inclusion_243_bb00.png,inclusion,inclusion,0.9990733861923218,9.187471894378518e-10,0.9990733861923218,0.00016639704699628055,0.0005324420635588467,4.553853472089031e-08,0.00022760465799365193
resnet18,/Users/admin/surface-defect-train/results/chips/validation/inclusion/inclusion_243_bb01.png,inclusion,inclusion,0.9997146725654602,2.2226619156295868e-10,0.9997146725654602,0.00019179763330612332,3.762343112612143e-05,2.7948093617169434e-08,5.5774198699509725e-05
resnet18,/Users/admin/surface-defect-train/results/chips/validation/inclusion/inclusion_243_bb02.png,inclusion,inclusion,0.9119019508361816,8.126564239319123e-07,0.9119019508361816,0.0012477689888328314,0.08558844029903412,3.378419205546379e-05,0.0012271881569176912
resnet18,/Users/admin/surface-defect-train/results/chips/validation/inclusion/inclusion_244_bb00.png,inclusion,inclusion,0.9994339346885681,6.668564589418224e-10,0.9994339346885681,0.00037479985621757805,6.109609239501879e-05,5.431695271340686e-08,0.00013008425594307482
resnet18,/Users/admin/surface-defect-train/results/chips/validation/inclusion/inclusion_244_bb01.png,inclusion,inclusion,0.9965605139732361,3.021259331603687e-08,0.9965605139732361,0.0012091599637642503,0.0021498575806617737,4.772863121615956e-06,7.55884320824407e-05
resnet18,/Users/admin/surface-defect-train/results/chips/validation/inclusion/inclusion_244_bb02.png,inclusion,inclusion,0.9998569488525391,1.5377114026549066e-09,0.9998569488525391,4.0125942177837715e-05,8.170148794306442e-05,4.52969788966584e-06,1.6704057998140343e-05
resnet18,/Users/admin/surface-defect-train/results/chips/validation/inclusion/inclusion_245_bb00.png,inclusion,inclusion,0.9996862411499023,4.9408539481987646e-09,0.9996862411499023,0.00012557145964819938,0.00016666497685946524,1.3392270375334192e-05,8.157562660926487e-06
resnet18,/Users/admin/surface-defect-train/results/chips/validation/inclusion/inclusion_246_bb00.png,inclusion,inclusion,0.9998385906219482,7.896039377897068e-11,0.9998385906219482,3.66116437362507e-05,9.141408372670412e-05,2.5282007598548262e-08,3.340143302921206e-05
resnet18,/Users/admin/surface-defect-train/results/chips/validation/inclusion/inclusion_246_bb01.png,inclusion,inclusion,0.9989243149757385,4.7508228462334046e-09,0.9989243149757385,0.0001660263806115836,0.0008094910881482065,1.1022076478184317e-06,9.900159056996927e-05
resnet18,/Users/admin/surface-defect-train/results/chips/validation/inclusion/inclusion_247_bb00.png,inclusion,inclusion,0.9987123012542725,4.3531080962111446e-09,0.9987123012542725,0.00021319843654055148,0.0010419596219435334,4.0713557609706186e-06,2.8417944122338668e-05
resnet18,/Users/admin/surface-defect-train/results/chips/validation/inclusion/inclusion_248_bb00.png,inclusion,inclusion,0.998433530330658,1.952228378954146e-09,0.998433530330658,0.00024336238857358694,0.0010193096240982413,6.58797603136918e-08,0.00030378816882148385
resnet18,/Users/admin/surface-defect-train/results/chips/validation/inclusion/inclusion_248_bb01.png,inclusion,inclusion,0.9982967972755432,5.077991804824933e-09,0.9982967972755432,0.0010232393397018313,0.0006308496813289821,6.360839392982598e-07,4.83802032249514e-05
resnet18,/Users/admin/surface-defect-train/results/chips/validation/inclusion/inclusion_249_bb00.png,inclusion,inclusion,0.9995859265327454,4.931892116921688e-10,0.9995859265327454,0.00010330495570087805,0.0002820936497300863,1.1172650005164542e-07,2.865746500901878e-05
resnet18,/Users/admin/surface-defect-train/results/chips/validation/inclusion/inclusion_249_bb01.png,inclusion,inclusion,0.9992683529853821,1.534872784425545e-09,0.9992683529853821,6.527562800329179e-05,0.000530464225448668,7.217481083898747e-07,0.00013514800230041146
resnet18,/Users/admin/surface-defect-train/results/chips/validation/inclusion/inclusion_250_bb00.png,inclusion,inclusion,0.9980029463768005,4.562449085199205e-09,0.9980029463768005,0.0002788013662211597,0.001693504280410707,1.6190596170417848e-06,2.3104001229512505e-05
resnet18,/Users/admin/surface-defect-train/results/chips/validation/inclusion/inclusion_251_bb00.png,inclusion,inclusion,0.9994574189186096,2.0119453325584402e-10,0.9994574189186096,9.186488023260608e-05,0.000342684390489012,1.0702913222360166e-08,0.00010807256330735981
resnet18,/Users/admin/surface-defect-train/results/chips/validation/inclusion/inclusion_252_bb00.png,inclusion,inclusion,0.9999198913574219,1.9664634504090728e-12,0.9999198913574219,1.284828726966225e-06,9.910351764119696e-06,4.590311686314408e-09,6.888306234031916e-05
resnet18,/Users/admin/surface-defect-train/results/chips/validation/inclusion/inclusion_252_bb01.png,inclusion,inclusion,0.9996160268783569,5.781084703830597e-13,0.9996160268783569,1.3376562435496453e-07,3.7652719129255274e-06,1.9200292467047575e-09,0.0003800681733991951
resnet18,/Users/admin/surface-defect-train/results/chips/validation/inclusion/inclusion_253_bb00.png,inclusion,inclusion,0.999972939491272,1.175254771973444e-12,0.999972939491272,1.4383933830686146e-06,7.4360477810841985e-06,3.4731657549968986e-09,1.82228977791965e-05
resnet18,/Users/admin/surface-defect-train/results/chips/validation/inclusion/inclusion_254_bb00.png,inclusion,inclusion,0.9994864463806152,2.427694434370409e-10,0.9994864463806152,0.00013348636275622994,0.0003682872629724443,1.822751585223159e-07,1.1604603969317395e-05
resnet18,/Users/admin/surface-defect-train/results/chips/validation/inclusion/inclusion_254_bb01.png,inclusion,inclusion,0.9990981817245483,3.4384237679319085e-09,0.9990981817245483,0.000586662907153368,0.0002767504774965346,1.0566071750872652e-06,3.7243029510136694e-05
resnet18,/Users/admin/surface-defect-train/results/chips/validation/inclusion/inclusion_255_bb00.png,inclusion,inclusion,0.9991247057914734,1.6608744379809082e-09,0.9991247057914734,0.0002021627442445606,0.000664143415633589,1.1769487855417538e-06,7.841720616852399e-06
resnet18,/Users/admin/surface-defect-train/results/chips/validation/inclusion/inclusion_255_bb01.png,inclusion,inclusion,0.9998815059661865,1.2026768470008165e-10,0.9998815059661865,6.27195622655563e-05,4.881084169028327e-05,1.1532366528399507e-07,6.775747351639438e-06
resnet18,/Users/admin/surface-defect-train/results/chips/validation/inclusion/inclusion_256_bb00.png,inclusion,inclusion,0.999521017074585,8.028002151938551e-10,0.999521017074585,3.3755502954591066e-05,0.00043766084127128124,1.5266462014551507e-06,6.117922112025553e-06
resnet18,/Users/admin/surface-defect-train/results/chips/validation/inclusion/inclusion_256_bb01.png,inclusion,inclusion,0.9998996257781982,3.7595801472001256e-11,0.9998996257781982,5.0245416787220165e-05,4.422077108756639e-05,3.54120075485298e-08,5.845395207870752e-06
resnet18,/Users/admin/surface-defect-train/results/chips/validation/inclusion/inclusion_257_bb00.png,inclusion,inclusion,0.9991304278373718,1.7225653126118345e-09,0.9991304278373718,3.2060732337413356e-05,0.000802885799203068,1.691949478299648e-06,3.2937641663011163e-05
resnet18,/Users/admin/surface-defect-train/results/chips/validation/inclusion/inclusion_257_bb01.png,inclusion,inclusion,0.9998869895935059,1.816418682132337e-10,0.9998869895935059,2.7509873689268716e-05,7.446199015248567e-05,2.2847521563562623e-07,1.0700730854296125e-05
resnet18,/Users/admin/surface-defect-train/results/chips/validation/inclusion/inclusion_258_bb00.png,inclusion,inclusion,0.9999878406524658,8.98679047844908e-12,0.9999878406524658,5.773529210273409e-06,3.6641222322941758e-06,1.32339266656345e-07,2.5326521608803887e-06
resnet18,/Users/admin/surface-defect-train/results/chips/validation/inclusion/inclusion_258_bb01.png,inclusion,inclusion,0.9999804496765137,2.1590952983818745e-11,0.9999804496765137,1.356517805106705e-05,3.791439894484938e-06,1.342359041700547e-07,2.054630158454529e-06
resnet18,/Users/admin/surface-defect-train/results/chips/validation/inclusion/inclusion_259_bb00.png,inclusion,inclusion,0.9995214939117432,6.771614935452419e-10,0.9995214939117432,0.000264360656728968,0.00021022107102908194,1.3881069662602386e-06,2.6504196739551844e-06
resnet18,/Users/admin/surface-defect-train/results/chips/validation/inclusion/inclusion_260_bb00.png,inclusion,inclusion,0.9998725652694702,7.718482103458157e-11,0.9998725652694702,9.92539480648702e-06,0.000114725626190193,4.583201302921225e-07,2.2988876935414737e-06
resnet18,/Users/admin/surface-defect-train/results/chips/validation/inclusion/inclusion_260_bb01.png,inclusion,inclusion,0.999991774559021,9.967033275104509e-12,0.999991774559021,1.047324758474133e-06,3.744524292415008e-06,3.4126500736419985e-07,3.1051101814227877e-06
resnet18,/Users/admin/surface-defect-train/results/chips/validation/inclusion/inclusion_261_bb00.png,inclusion,inclusion,0.9998304843902588,4.2194059357569813e-10,0.9998304843902588,1.3916269381297752e-05,0.00014809533604420722,5.747511750087142e-06,1.656522840676189e-06
resnet18,/Users/admin/surface-defect-train/results/chips/validation/inclusion/inclusion_261_bb01.png,inclusion,inclusion,0.9999898672103882,8.768723594454464e-12,0.9999898672103882,6.361979671964946e-07,2.5333938538096845e-06,2.576804263298982e-07,6.763994861103129e-06
resnet18,/Users/admin/surface-defect-train/results/chips/validation/inclusion/inclusion_262_bb00.png,inclusion,inclusion,0.999860405921936,6.460925128237704e-10,0.999860405921936,1.5276053090929054e-05,0.0001144474299508147,9.008608685689978e-06,8.329872684953443e-07
resnet18,/Users/admin/surface-defect-train/results/chips/validation/inclusion/inclusion_262_bb01.png,inclusion,inclusion,0.9899311065673828,2.7783110922996457e-08,0.9899311065673828,0.009851167909801006,0.00019537704065442085,1.7109767213696614e-05,5.167823474039324e-06
resnet18,/Users/admin/surface-defect-train/results/chips/validation/inclusion/inclusion_262_bb02.png,inclusion,inclusion,0.9999635219573975,8.400298512345472e-11,0.9999635219573975,2.9278278816491365e-05,4.151236225879984e-06,4.804942363989539e-07,2.4849846340657678e-06
resnet18,/Users/admin/surface-defect-train/results/chips/validation/inclusion/inclusion_263_bb00.png,inclusion,inclusion,0.999992847442627,1.1900327728450733e-12,0.999992847442627,8.034162988224125e-07,1.184175403068366e-06,2.1186002285844552e-08,5.082431925984565e-06
resnet18,/Users/admin/surface-defect-train/results/chips/validation/inclusion/inclusion_263_bb01.png,inclusion,inclusion,0.9998323917388916,6.904067317847762e-10,0.9998323917388916,6.633783777942881e-05,8.219331357395276e-05,3.5435959944152273e-07,1.8555778297013603e-05
resnet18,/Users/admin/surface-defect-train/results/chips/validation/inclusion/inclusion_264_bb00.png,inclusion,inclusion,0.999119222164154,2.8592608281030607e-09,0.999119222164154,0.0007206246955320239,0.0001526278501842171,3.519613528624177e-06,4.01292163587641e-06
resnet18,/Users/admin/surface-defect-train/results/chips/validation/inclusion/inclusion_264_bb01.png,inclusion,inclusion,0.982067346572876,1.3019310962647523e-08,0.982067346572876,0.017822720110416412,0.00010500162898097187,1.5642928019587998e-06,3.3667492971289903e-06
resnet18,/Users/admin/surface-defect-train/results/chips/validation/inclusion/inclusion_264_bb02.png,inclusion,inclusion,0.9999054670333862,2.3076162508628428e-11,0.9999054670333862,8.630153024569154e-05,7.316715709748678e-06,2.908969065629208e-07,7.069081675581401e-07
resnet18,/Users/admin/surface-defect-train/results/chips/validation/inclusion/inclusion_264_bb03.png,inclusion,inclusion,0.9996449947357178,1.130134208437994e-09,0.9996449947357178,0.0003059951704926789,4.11105684179347e-05,4.408144036460726e-07,7.47114199839416e-06
resnet18,/Users/admin/surface-defect-train/results/chips/validation/inclusion/inclusion_265_bb00.png,inclusion,inclusion,0.9999959468841553,3.6658550544091395e-13,0.9999959468841553,1.9565286493161693e-06,5.602619239652995e-07,9.967109804165375e-09,1.516971906312392e-06
resnet18,/Users/admin/surface-defect-train/results/chips/validation/inclusion/inclusion_265_bb01.png,inclusion,inclusion,0.999639630317688,5.72337677251511e-10,0.999639630317688,0.00025808115606196225,9.485152259003371e-05,3.926496958683856e-07,7.081941021169769e-06
resnet18,/Users/admin/surface-defect-train/results/chips/validation/inclusion/inclusion_265_bb02.png,inclusion,inclusion,0.8696014881134033,6.468093260991736e-07,0.8696014881134033,0.0018168846145272255,0.12847654521465302,1.9893217540811747e-05,8.447867730865255e-05
resnet18,/Users/admin/surface-defect-train/results/chips/validation/inclusion/inclusion_265_bb03.png,inclusion,inclusion,0.9982166886329651,2.619437111661682e-08,0.9982166886329651,0.0006295241182669997,0.0007321424782276154,2.823567911036662e-06,0.00041880272328853607
resnet18,/Users/admin/surface-defect-train/results/chips/validation/inclusion/inclusion_266_bb00.png,inclusion,inclusion,0.9999923706054688,1.0620360927499073e-12,0.9999923706054688,7.302475296455668e-06,2.898291882047488e-07,2.4251159302934866e-08,1.652458649914479e-07
resnet18,/Users/admin/surface-defect-train/results/chips/validation/inclusion/inclusion_266_bb01.png,inclusion,inclusion,0.9999904632568359,3.6164866674265328e-12,0.9999904632568359,5.551346930587897e-06,3.67907296094927e-06,1.8193522066667356e-07,1.3179715097066946e-07
resnet18,/Users/admin/surface-defect-train/results/chips/validation/inclusion/inclusion_266_bb02.png,inclusion,inclusion,0.9998763799667358,2.7840089608655028e-11,0.9998763799667358,0.00011379679199308157,9.09824393602321e-06,8.337249113310463e-08,7.395194074888423e-07
resnet18,/Users/admin/surface-defect-train/results/chips/validation/inclusion/inclusion_267_bb00.png,inclusion,inclusion,0.9999791383743286,1.0704358406610215e-11,0.9999791383743286,2.367479737586109e-06,3.475001449260162e-06,1.2946595973062358e-07,1.4959436157369055e-05
resnet18,/Users/admin/surface-defect-train/results/chips/validation/inclusion/inclusion_267_bb01.png,inclusion,inclusion,0.9999971389770508,1.1603041661159552e-12,0.9999971389770508,1.2699059652732103e-06,1.356639359073597e-06,1.4539432413585018e-07,6.067686797450733e-08
resnet18,/Users/admin/surface-defect-train/results/chips/validation/inclusion/inclusion_267_bb02.png,inclusion,inclusion,0.9999849796295166,9.026483553664644e-12,0.9999849796295166,4.4437265387387015e-06,5.405644969869172e-06,1.0296325569925102e-07,5.097493612993276e-06
resnet18,/Users/admin/surface-defect-train/results/chips/validation/inclusion/inclusion_268_bb00.png,inclusion,inclusion,0.9997333884239197,2.1391192983610807e-10,0.9997333884239197,3.887228376697749e-05,0.00022314077068585902,2.9339284424168e-07,4.253591669112211e-06
resnet18,/Users/admin/surface-defect-train/results/chips/validation/inclusion/inclusion_269_bb00.png,inclusion,inclusion,0.9985471367835999,1.7525803031048781e-09,0.9985471367835999,3.148018731735647e-05,0.0011522701242938638,2.2389161813407554e-07,0.00026892052846960723
resnet18,/Users/admin/surface-defect-train/results/chips/validation/inclusion/inclusion_269_bb01.png,inclusion,inclusion,0.9967153072357178,1.8614022323504287e-08,0.9967153072357178,0.00019818531291093677,0.002038990380242467,6.840660944362753e-07,0.0010468033142387867
resnet18,/Users/admin/surface-defect-train/results/chips/validation/inclusion/inclusion_269_bb02.png,inclusion,pitted_surface,0.7911252379417419,9.434933190277661e-07,0.20831459760665894,0.0003898881550412625,0.7911252379417419,4.16949160353397e-06,0.00016520716599188745
resnet18,/Users/admin/surface-defect-train/results/chips/validation/inclusion/inclusion_270_bb00.png,inclusion,inclusion,0.9999948740005493,1.1108416703847768e-12,0.9999948740005493,1.0101316547661554e-06,3.94988046537037e-06,7.560693404684571e-08,6.066410662697308e-08
resnet18,/Users/admin/surface-defect-train/results/chips/validation/inclusion/inclusion_271_bb00.png,inclusion,inclusion,0.9949230551719666,1.49850887254388e-09,0.9949230551719666,1.4276404726842884e-05,0.005016293376684189,4.759209559779265e-07,4.597251245286316e-05
resnet18,/Users/admin/surface-defect-train/results/chips/validation/inclusion/inclusion_271_bb01.png,inclusion,inclusion,0.9992726445198059,2.8327826195884143e-10,0.9992726445198059,6.7800606302625965e-06,0.00026541456463746727,5.486477760996422e-08,0.0004551210149656981
resnet18,/Users/admin/surface-defect-train/results/chips/validation/inclusion/inclusion_271_bb02.png,inclusion,inclusion,0.9921782612800598,5.729182461777782e-08,0.9921782612800598,7.261782593559474e-05,0.0060205888003110886,1.0512482049307437e-06,0.0017274182755500078
resnet18,/Users/admin/surface-defect-train/results/chips/validation/inclusion/inclusion_272_bb00.png,inclusion,inclusion,0.9999969005584717,7.223424332639117e-13,0.9999969005584717,1.7026261502905982e-06,7.259003496074001e-07,1.0632942348820507e-07,6.271148436098883e-07
resnet18,/Users/admin/surface-defect-train/results/chips/validation/inclusion/inclusion_272_bb01.png,inclusion,inclusion,0.9999980926513672,2.9751231317952376e-13,0.9999980926513672,5.764397883467609e-07,8.380049507650256e-07,1.0598791178040301e-08,5.090363401905051e-07
resnet18,/Users/admin/surface-defect-train/results/chips/validation/inclusion/inclusion_272_bb02.png,inclusion,inclusion,0.9999979734420776,3.5292604884558376e-13,0.9999979734420776,4.2094552554772235e-07,5.803012754768133e-07,2.4543339804949937e-08,8.980479151432519e-07
resnet18,/Users/admin/surface-defect-train/results/chips/validation/inclusion/inclusion_273_bb00.png,inclusion,inclusion,0.9999803304672241,1.806324729548836e-12,0.9999803304672241,1.4409832147066481e-05,4.79268237540964e-06,2.329746706664082e-08,4.6309421009027574e-07
resnet18,/Users/admin/surface-defect-train/results/chips/validation/inclusion/inclusion_273_bb01.png,inclusion,inclusion,0.9999644756317139,4.7277733811190714e-11,0.9999644756317139,1.9663031707750633e-05,1.3950066204415634e-05,4.465843517209578e-07,1.4841181155134109e-06
resnet18,/Users/admin/surface-defect-train/results/chips/validation/inclusion/inclusion_274_bb00.png,inclusion,inclusion,0.9939127564430237,4.5238376600309493e-08,0.9939127564430237,0.0006205793470144272,0.005079198628664017,2.463042164890794e-06,0.0003849244967568666
resnet18,/Users/admin/surface-defect-train/results/chips/validation/inclusion/inclusion_274_bb01.png,inclusion,inclusion,0.9800665378570557,7.958431691434953e-10,0.9800665378570557,1.8717804550760775e-06,0.019847804680466652,3.2373017688769323e-07,8.340807835338637e-05
resnet18,/Users/admin/surface-defect-train/results/chips/validation/inclusion/inclusion_274_bb02.png,inclusion,inclusion,0.9974416494369507,3.166382001040802e-08,0.9974416494369507,0.0013572353636845946,0.000984707148745656,3.918762104149209e-06,0.0002123407321050763
resnet18,/Users/admin/surface-defect-train/results/chips/validation/inclusion/inclusion_274_bb03.png,inclusion,inclusion,0.9969362020492554,3.1475543948999984e-08,0.9969362020492554,0.00024219251645263284,0.0014715365832671523,6.092015496506065e-07,0.0013494939776137471
resnet18,/Users/admin/surface-defect-train/results/chips/validation/inclusion/inclusion_275_bb00.png,inclusion,inclusion,0.9995230436325073,3.5402634157577495e-09,0.9995230436325073,0.0002462617412675172,0.00018940118025057018,1.1059595408369205e-06,4.019345578853972e-05
resnet18,/Users/admin/surface-defect-train/results/chips/validation/inclusion/inclusion_275_bb01.png,inclusion,inclusion,0.9974746108055115,5.76772229976541e-09,0.9974746108055115,0.002227203920483589,0.0002915830409619957,3.3434621400374454e-06,3.1595336622558534e-06
resnet18,/Users/admin/surface-defect-train/results/chips/validation/inclusion/inclusion_275_bb02.png,inclusion,inclusion,0.999269425868988,2.5088908728321258e-09,0.999269425868988,0.00015296527999453247,0.0004938632482662797,5.275354055811476e-07,8.318513573613018e-05
resnet18,/Users/admin/surface-defect-train/results/chips/validation/inclusion/inclusion_275_bb03.png,inclusion,inclusion,0.9995684027671814,1.2727683351698715e-09,0.9995684027671814,5.7210632803617045e-05,0.0003620586940087378,1.1095573881902965e-06,1.1297287528577726e-05
resnet18,/Users/admin/surface-defect-train/results/chips/validation/inclusion/inclusion_275_bb04.png,inclusion,inclusion,0.9979074001312256,6.276100084079417e-09,0.9979074001312256,0.0019107258412986994,0.00015307178546208888,1.5471788401555386e-06,2.726306047406979e-05
resnet18,/Users/admin/surface-defect-train/results/chips/validation/inclusion/inclusion_275_bb05.png,inclusion,inclusion,0.9995279312133789,3.263648240547923e-10,0.9995279312133789,0.00042188679799437523,4.6074863348621875e-05,3.3579081559764745e-07,3.704096570800175e-06
resnet18,/Users/admin/surface-defect-train/results/chips/validation/inclusion/inclusion_276_bb00.png,inclusion,inclusion,0.9991672039031982,4.776258055727567e-09,0.9991672039031982,0.000803230854216963,2.199392292823177e-05,3.5894231587008107e-06,3.927065790776396e-06
resnet18,/Users/admin/surface-defect-train/results/chips/validation/inclusion/inclusion_276_bb01.png,inclusion,inclusion,0.9999939203262329,2.4626845701591904e-12,0.9999939203262329,3.5997047689306783e-06,2.0939103251294e-06,4.0358901998160945e-08,2.707237456434086e-07
resnet18,/Users/admin/surface-defect-train/results/chips/validation/inclusion/inclusion_277_bb00.png,inclusion,inclusion,0.9999895095825195,4.483812626743244e-12,0.9999895095825195,4.95688027513097e-06,5.255503765511094e-06,1.5906293526768422e-07,1.7003132768422802e-07
resnet18,/Users/admin/surface-defect-train/results/chips/validation/inclusion/inclusion_278_bb00.png,inclusion,inclusion,0.9997987151145935,3.1714403325722174e-10,0.9997987151145935,3.9991733501665294e-05,8.404683467233554e-05,2.485161303411587e-07,7.698477566009387e-05
resnet18,/Users/admin/surface-defect-train/results/chips/validation/inclusion/inclusion_278_bb01.png,inclusion,inclusion,0.9999972581863403,2.904617193467962e-13,0.9999972581863403,2.5676146719888493e-07,1.3759012063019327e-06,1.1941194699716107e-08,1.1037113836209755e-06
resnet18,/Users/admin/surface-defect-train/results/chips/validation/inclusion/inclusion_278_bb02.png,inclusion,inclusion,0.999593198299408,1.926279802333397e-09,0.999593198299408,8.91217787284404e-05,0.00024335314810741693,3.6779456991098414e-07,7.404226926155388e-05
resnet18,/Users/admin/surface-defect-train/results/chips/validation/inclusion/inclusion_279_bb00.png,inclusion,inclusion,0.9999809265136719,2.5184250518339724e-11,0.9999809265136719,1.3636238691105973e-05,2.700210870898445e-06,1.4625906885612494e-07,2.5481203920207918e-06
resnet18,/Users/admin/surface-defect-train/results/chips/validation/inclusion/inclusion_279_bb01.png,inclusion,inclusion,0.9999639987945557,1.0205063183388319e-10,0.9999639987945557,7.600967819598736e-06,2.258086169604212e-05,5.409827736002626e-06,4.693337984917889e-07
resnet18,/Users/admin/surface-defect-train/results/chips/validation/inclusion/inclusion_280_bb00.png,inclusion,inclusion,0.9935652613639832,1.1261231058767862e-08,0.9935652613639832,0.00016004614008124918,0.006220507901161909,4.734294270747341e-05,6.851481430203421e-06
resnet18,/Users/admin/surface-defect-train/results/chips/validation/inclusion/inclusion_280_bb01.png,inclusion,inclusion,0.9999575614929199,3.7225219434722234e-11,0.9999575614929199,3.574722359189764e-05,5.8693235587270465e-06,3.013182094946387e-07,5.825084485877596e-07
resnet18,/Users/admin/surface-defect-train/results/chips/validation/inclusion/inclusion_281_bb00.png,inclusion,inclusion,0.9999624490737915,2.4461486655691367e-11,0.9999624490737915,2.78558782156324e-05,6.492105057986919e-06,1.0849959863890035e-07,3.0650803637399804e-06
resnet18,/Users/admin/surface-defect-train/results/chips/validation/inclusion/inclusion_281_bb01.png,inclusion,inclusion,0.9998260140419006,8.233708159721687e-10,0.9998260140419006,6.634399323957041e-05,0.00010226687300018966,1.7517910464448505e-06,3.6738786093337694e-06
resnet18,/Users/admin/surface-defect-train/results/chips/validation/inclusion/inclusion_282_bb00.png,inclusion,inclusion,0.9999842643737793,2.191904123483024e-11,0.9999842643737793,6.795444733143086e-06,6.078027581679635e-06,2.163278395528323e-06,6.753988373020547e-07
resnet18,/Users/admin/surface-defect-train/results/chips/validation/inclusion/inclusion_282_bb01.png,inclusion,inclusion,0.9999887943267822,5.360084771866003e-12,0.9999887943267822,7.091106454026885e-06,3.427367573749507e-06,2.1769483282696456e-07,4.873425041296287e-07
resnet18,/Users/admin/surface-defect-train/results/chips/validation/inclusion/inclusion_283_bb00.png,inclusion,inclusion,0.9987673759460449,1.3179577429411893e-08,0.9987673759460449,0.001121404697187245,2.6101180992554873e-05,7.627900777151808e-05,8.936645826906897e-06
resnet18,/Users/admin/surface-defect-train/results/chips/validation/inclusion/inclusion_284_bb00.png,inclusion,inclusion,0.9998352527618408,3.482568955437415e-10,0.9998352527618408,9.830470662564039e-05,1.6018826499930583e-05,1.5723359183539287e-06,4.887766044703312e-05
resnet18,/Users/admin/surface-defect-train/results/chips/validation/inclusion/inclusion_284_bb01.png,inclusion,inclusion,0.9883121848106384,1.4027020256435208e-07,0.9883121848106384,0.010361878201365471,0.0009994705906137824,4.86109956909786e-06,0.0003215270990040153
resnet18,/Users/admin/surface-defect-train/results/chips/validation/inclusion/inclusion_284_bb02.png,inclusion,inclusion,0.9874690771102905,7.318600410144427e-07,0.9874690771102905,0.008307278156280518,0.003977216314524412,0.00018903714953921735,5.6657572713447735e-05
resnet18,/Users/admin/surface-defect-train/results/chips/validation/inclusion/inclusion_285_bb00.png,inclusion,inclusion,0.9999406337738037,3.351435101661693e-11,0.9999406337738037,1.2199090633657761e-05,4.480167990550399e-05,8.169530474333442e-07,1.5050418369355612e-06
resnet18,/Users/admin/surface-defect-train/results/chips/validation/inclusion/inclusion_286_bb00.png,inclusion,inclusion,0.999916672706604,1.272167371446642e-10,0.999916672706604,2.4385233700741082e-05,4.966126653016545e-05,2.8361041586322244e-06,6.380504146363819e-06
resnet18,/Users/admin/surface-defect-train/results/chips/validation/inclusion/inclusion_286_bb01.png,inclusion,inclusion,0.9999845027923584,2.275062516848836e-12,0.9999845027923584,5.854399205418304e-06,9.229783245245926e-06,7.644106858606392e-08,4.120822723052697e-07
resnet18,/Users/admin/surface-defect-train/results/chips/validation/inclusion/inclusion_287_bb00.png,inclusion,inclusion,0.9943920969963074,4.153332255896203e-08,0.9943920969963074,0.005099080968648195,0.00033237438765354455,5.080943083157763e-06,0.0001713369128992781
resnet18,/Users/admin/surface-defect-train/results/chips/validation/inclusion/inclusion_287_bb01.png,inclusion,inclusion,0.999826967716217,2.3952709260477434e-10,0.999826967716217,2.7412399504100904e-05,6.994436262175441e-05,1.6766134081080963e-07,7.554448529845104e-05
resnet18,/Users/admin/surface-defect-train/results/chips/validation/inclusion/inclusion_287_bb02.png,inclusion,inclusion,0.9999538660049438,4.2526605067289003e-13,0.9999538660049438,1.9101747739114217e-07,2.727231048993417e-06,5.216246101724664e-09,4.320051448303275e-05
resnet18,/Users/admin/surface-defect-train/results/chips/validation/inclusion/inclusion_287_bb03.png,inclusion,inclusion,0.9999973773956299,3.3896035934663504e-13,0.9999973773956299,1.8029490433946194e-07,1.0739070148702012e-06,8.704480691790195e-09,1.2848669257436995e-06
resnet18,/Users/admin/surface-defect-train/results/chips/validation/inclusion/inclusion_287_bb04.png,inclusion,inclusion,0.9996225833892822,5.025443602924007e-11,0.9996225833892822,0.0003359486872795969,3.7370980862760916e-05,2.986376657077017e-08,4.011862074548844e-06
resnet18,/Users/admin/surface-defect-train/results/chips/validation/inclusion/inclusion_287_bb05.png,inclusion,inclusion,0.9986979961395264,9.507155479537843e-11,0.9986979961395264,0.0012833047658205032,2.8411998300725827e-06,2.9940924406446356e-08,1.5827909010113217e-05
resnet18,/Users/admin/surface-defect-train/results/chips/validation/inclusion/inclusion_287_bb06.png,inclusion,inclusion,0.9927116632461548,6.891147652510199e-09,0.9927116632461548,0.006679652724415064,0.0005802666419185698,2.7254525321041e-06,2.5852899852907285e-05
resnet18,/Users/admin/surface-defect-train/results/chips/validation/inclusion/inclusion_287_bb07.png,inclusion,inclusion,0.9998072981834412,7.50519202341593e-10,0.9998072981834412,2.8371692678774707e-05,0.00011320324119878933,3.0297863418127235e-07,5.082286588731222e-05
resnet18,/Users/admin/surface-defect-train/results/chips/validation/inclusion/inclusion_288_bb00.png,inclusion,inclusion,0.9997656941413879,6.585545442305829e-10,0.9997656941413879,0.00012729548325296491,0.00010482880315976217,3.4422410521983693e-07,1.824508899517241e-06
resnet18,/Users/admin/surface-defect-train/results/chips/validation/inclusion/inclusion_288_bb01.png,inclusion,inclusion,0.9858202934265137,5.66104780830301e-08,0.9858202934265137,0.011964860372245312,0.0020591795910149813,4.413763690536143e-06,0.00015119188174139708
resnet18,/Users/admin/surface-defect-train/results/chips/validation/inclusion/inclusion_289_bb00.png,inclusion,inclusion,0.9999736547470093,1.6183253738824566e-12,0.9999736547470093,2.3786338715581223e-05,1.966807758435607e-06,1.719944187072997e-08,6.029976589161379e-07
resnet18,/Users/admin/surface-defect-train/results/chips/validation/inclusion/inclusion_289_bb01.png,inclusion,inclusion,0.9999622106552124,9.906280656890587e-12,0.9999622106552124,3.0809769668849185e-05,4.914734745398164e-06,1.631376278510288e-08,2.0498996491369326e-06
resnet18,/Users/admin/surface-defect-train/results/chips/validation/inclusion/inclusion_289_bb02.png,inclusion,inclusion,0.9987205266952515,2.642258634111272e-10,0.9987205266952515,0.0012679614592343569,6.708944965794217e-06,1.1686822887213566e-07,4.707614152721362e-06
resnet18,/Users/admin/surface-defect-train/results/chips/validation/inclusion/inclusion_289_bb03.png,inclusion,inclusion,0.9999845027923584,1.887136497416564e-12,0.9999845027923584,1.3755065083387308e-05,5.505999638444337e-07,1.6714928108285676e-08,1.1069842003053054e-06
resnet18,/Users/admin/surface-defect-train/results/chips/validation/inclusion/inclusion_290_bb00.png,inclusion,inclusion,0.9970748424530029,4.5528944503381297e-10,0.9970748424530029,0.0028703296557068825,5.2505482017295435e-05,1.4111557220530813e-06,8.097729846667789e-07
resnet18,/Users/admin/surface-defect-train/results/chips/validation/inclusion/inclusion_291_bb00.png,inclusion,inclusion,0.9999535083770752,3.8043579397850635e-10,0.9999535083770752,1.5513369362452067e-05,1.978238287847489e-05,5.425678864412475e-06,5.687191332981456e-06
resnet18,/Users/admin/surface-defect-train/results/chips/validation/inclusion/inclusion_291_bb01.png,inclusion,inclusion,0.996843695640564,7.119238532027339e-10,0.996843695640564,0.0030646217055618763,8.807169797364622e-05,4.5185257135926804e-07,3.2589157399343094e-06
resnet18,/Users/admin/surface-defect-train/results/chips/validation/inclusion/inclusion_291_bb02.png,inclusion,inclusion,0.9960998296737671,2.4911029683494235e-08,0.9960998296737671,0.0028223120607435703,0.001047000871039927,1.0735902833403088e-05,2.0032704924233258e-05
resnet18,/Users/admin/surface-defect-train/results/chips/validation/inclusion/inclusion_291_bb03.png,inclusion,inclusion,0.9999932050704956,3.789203326109991e-12,0.9999932050704956,2.0303937162680086e-06,1.5867664160396089e-06,2.205346660844043e-08,3.2278110211336752e-06
resnet18,/Users/admin/surface-defect-train/results/chips/validation/inclusion/inclusion_292_bb00.png,inclusion,inclusion,0.9714049100875854,4.993396487407153e-07,0.9714049100875854,0.02756796032190323,0.0006187369581311941,0.00030212124693207443,0.00010570234007900581
resnet18,/Users/admin/surface-defect-train/results/chips/validation/inclusion/inclusion_292_bb01.png,inclusion,inclusion,0.9999195337295532,1.884652711670043e-10,0.9999195337295532,3.045885023311712e-05,4.2084753658855334e-05,6.706092790409457e-06,1.1438347655712278e-06
resnet18,/Users/admin/surface-defect-train/results/chips/validation/inclusion/inclusion_292_bb02.png,inclusion,inclusion,0.9991016387939453,9.457442828875173e-09,0.9991016387939453,0.0005017980001866817,0.0003748407179955393,1.7348209439660423e-05,4.3684467527782544e-06
resnet18,/Users/admin/surface-defect-train/results/chips/validation/inclusion/inclusion_292_bb03.png,inclusion,inclusion,0.9997066855430603,4.5254419656082234e-10,0.9997066855430603,0.00027265885728411376,1.2581540431710891e-05,1.8380036408416345e-06,6.247344572329894e-06
resnet18,/Users/admin/surface-defect-train/results/chips/validation/inclusion/inclusion_292_bb04.png,inclusion,inclusion,0.9991951584815979,5.996650953576932e-10,0.9991951584815979,0.0006944482447579503,0.00010341920278733596,2.806505335684051e-06,4.1744488044059835e-06
resnet18,/Users/admin/surface-defect-train/results/chips/validation/inclusion/inclusion_292_bb05.png,inclusion,inclusion,0.9936932325363159,1.4177528484538016e-08,0.9936932325363159,0.005180095322430134,0.0011134010273963213,4.668807832786115e-06,8.62279466673499e-06
resnet18,/Users/admin/surface-defect-train/results/chips/validation/inclusion/inclusion_292_bb06.png,inclusion,inclusion,0.9993304014205933,1.2084586664684593e-08,0.9993304014205933,0.00044800288742408156,0.0001482578954892233,1.2741460523102432e-05,6.049325384083204e-05
resnet18,/Users/admin/surface-defect-train/results/chips/validation/inclusion/inclusion_293_bb00.png,inclusion,inclusion,0.9985930323600769,2.4939763587639163e-09,0.9985930323600769,0.001370104611851275,3.108158489339985e-05,3.359103629918536e-06,2.3613702069269493e-06
resnet18,/Users/admin/surface-defect-train/results/chips/validation/inclusion/inclusion_293_bb01.png,inclusion,inclusion,0.9998989105224609,2.1549942386123178e-11,0.9998989105224609,0.0001004040168481879,5.700474048353499e-07,8.184259314703013e-08,5.4536389626491655e-08
resnet18,/Users/admin/surface-defect-train/results/chips/validation/inclusion/inclusion_293_bb02.png,inclusion,inclusion,0.9999905824661255,6.882654602496929e-12,0.9999905824661255,1.222620426233334e-06,6.062087777536362e-06,8.210778190687051e-08,1.9799472283921205e-06
resnet18,/Users/admin/surface-defect-train/results/chips/validation/inclusion/inclusion_294_bb00.png,inclusion,inclusion,0.9999730587005615,1.0257488435028161e-11,0.9999730587005615,8.471687579003628e-06,1.6655807485221885e-05,7.972771953745905e-08,1.6840614307511714e-06
resnet18,/Users/admin/surface-defect-train/results/chips/validation/inclusion/inclusion_294_bb01.png,inclusion,inclusion,0.9999899864196777,9.079204402184793e-13,0.9999899864196777,9.40400695981225e-06,3.6226973065822676e-07,1.538034055670323e-08,2.4088106442832213e-07
resnet18,/Users/admin/surface-defect-train/results/chips/validation/inclusion/inclusion_295_bb00.png,inclusion,inclusion,0.9978400468826294,5.1317585736399e-09,0.9978400468826294,4.1238068661186844e-05,0.0021048199851065874,8.000915840966627e-06,5.775052159151528e-06
resnet18,/Users/admin/surface-defect-train/results/chips/validation/inclusion/inclusion_295_bb01.png,inclusion,inclusion,0.9999949932098389,4.092205632515167e-13,0.9999949932098389,2.8448512239265256e-06,1.1142108178319177e-06,5.562741822728867e-09,1.046209035848733e-06
resnet18,/Users/admin/surface-defect-train/results/chips/validation/inclusion/inclusion_296_bb00.png,inclusion,pitted_surface,0.9766835570335388,4.852986457137831e-09,0.023306138813495636,5.9008370953961276e-06,0.9766835570335388,9.858509741889065e-08,4.315407750254963e-06
resnet18,/Users/admin/surface-defect-train/results/chips/validation/inclusion/inclusion_296_bb01.png,inclusion,inclusion,0.9597007632255554,1.894067480634476e-07,0.9597007632255554,0.03772861510515213,0.0021171150729060173,2.4454914182570064e-06,0.0004508911806624383
resnet18,/Users/admin/surface-defect-train/results/chips/validation/inclusion/inclusion_297_bb00.png,inclusion,inclusion,0.8262839913368225,1.1412710591685027e-05,0.8262839913368225,0.05601705610752106,0.11612424999475479,4.084566535311751e-05,0.0015223980881273746
resnet18,/Users/admin/surface-defect-train/results/chips/validation/inclusion/inclusion_298_bb00.png,inclusion,inclusion,0.9989570379257202,6.4784423485508835e-12,0.9989570379257202,0.0010425136424601078,3.6049564755558094e-07,5.330513808132764e-09,1.4090996103277575e-07
resnet18,/Users/admin/surface-defect-train/results/chips/validation/inclusion/inclusion_298_bb01.png,inclusion,inclusion,0.9997770190238953,1.1380276720984739e-09,0.9997770190238953,0.00016305220196954906,3.56310119968839e-05,1.0324283721274696e-06,2.3261443857336417e-05
resnet18,/Users/admin/surface-defect-train/results/chips/validation/inclusion/inclusion_298_bb02.png,inclusion,inclusion,0.993148148059845,3.728072073272415e-09,0.993148148059845,0.006628069560974836,0.00021960130834486336,2.3059274099068716e-06,1.8519214108891902e-06
resnet18,/Users/admin/surface-defect-train/results/chips/validation/inclusion/inclusion_298_bb03.png,inclusion,inclusion,0.687586784362793,1.3910045559839546e-08,0.687586784362793,0.311801552772522,0.0006047789356671274,4.731628450826975e-06,2.229338633696898e-06
resnet18,/Users/admin/surface-defect-train/results/chips/validation/inclusion/inclusion_298_bb04.png,inclusion,inclusion,0.9838199615478516,3.1637823472152604e-09,0.9838199615478516,0.0161576047539711,2.0058185327798128e-05,1.1326407047818066e-06,1.1873370340254041e-06
resnet18,/Users/admin/surface-defect-train/results/chips/validation/inclusion/inclusion_299_bb00.png,inclusion,inclusion,0.9989590644836426,1.0470086603264761e-10,0.9989590644836426,0.0010087753180414438,3.005191138072405e-05,1.0685628240025835e-06,1.0617668522172607e-06
resnet18,/Users/admin/surface-defect-train/results/chips/validation/inclusion/inclusion_299_bb01.png,inclusion,inclusion,0.9846299290657043,2.578919477969066e-08,0.9846299290657043,0.015207011252641678,0.00014292285777628422,1.6178926671273075e-05,3.874974026985001e-06
resnet18,/Users/admin/surface-defect-train/results/chips/validation/inclusion/inclusion_300_bb00.png,inclusion,inclusion,0.9999587535858154,2.682799078376763e-12,0.9999587535858154,4.030323543702252e-05,7.531681376349297e-07,5.343673592506093e-08,1.4773870304907177e-07
resnet18,/Users/admin/surface-defect-train/results/chips/validation/inclusion/inclusion_300_bb01.png,inclusion,inclusion,0.9996944665908813,2.3100540924581026e-10,0.9996944665908813,0.00024730031145736575,5.682218761648983e-05,2.891016492867493e-07,1.081485038412211e-06
resnet18,/Users/admin/surface-defect-train/results/chips/validation/inclusion/inclusion_300_bb02.png,inclusion,inclusion,0.9726395010948181,1.3489651173870243e-08,0.9726395010948181,0.02615976892411709,0.0011933695059269667,1.6317453628289513e-06,5.836086529598106e-06
resnet18,/Users/admin/surface-defect-train/results/chips/validation/inclusion/patches_245_bb06.png,inclusion,inclusion,0.9999984502792358,2.1004762328340892e-13,0.9999984502792358,1.608080992809846e-06,3.8030876226002874e-09,2.4483921834406175e-12,2.7414668313241464e-09
resnet18,/Users/admin/surface-defect-train/results/chips/validation/inclusion/patches_249_bb02.png,inclusion,inclusion,0.9999102354049683,3.752484781238685e-11,0.9999102354049683,3.839195051114075e-05,5.124008748680353e-05,1.2062625204256605e-11,1.4875651288548397e-07
resnet18,/Users/admin/surface-defect-train/results/chips/validation/inclusion/patches_259_bb03.png,inclusion,inclusion,0.9997524619102478,7.304751470371684e-09,0.9997524619102478,0.00024181425396818668,1.3757532997260569e-06,1.2825423389983825e-08,4.325882400735281e-06
resnet18,/Users/admin/surface-defect-train/results/chips/validation/inclusion/patches_259_bb04.png,inclusion,inclusion,0.9998100399971008,2.805997878496669e-09,0.9998100399971008,0.0001881162606878206,9.125571978074731e-07,3.6458555285889815e-08,8.623125040685409e-07
resnet18,/Users/admin/surface-defect-train/results/chips/validation/inclusion/patches_260_bb01.png,inclusion,crazing,0.5611757040023804,0.5611757040023804,0.13596875965595245,0.28971415758132935,0.006317433435469866,0.005665758159011602,0.0011581426952034235
resnet18,/Users/admin/surface-defect-train/results/chips/validation/inclusion/patches_265_bb03.png,inclusion,inclusion,0.9999889135360718,1.3592283765531676e-12,0.9999889135360718,1.1042207006539684e-05,1.1479675876557849e-08,1.2820022821102839e-11,1.8359134656975584e-08
resnet18,/Users/admin/surface-defect-train/results/chips/validation/inclusion/patches_274_bb01.png,inclusion,inclusion,0.999796450138092,4.4865694492912667e-10,0.999796450138092,0.00020119256805628538,1.559407223794551e-06,3.5710758794493813e-09,8.651987286611984e-07
resnet18,/Users/admin/surface-defect-train/results/chips/validation/inclusion/pitted_surface_279_bb01.png,inclusion,patches,0.7539902925491333,7.024372905561904e-08,0.24543537199497223,0.7539902925491333,0.0005432251491583884,1.6297663023578934e-05,1.4774841474718414e-05
resnet18,/Users/admin/surface-defect-train/results/chips/validation/inclusion/pitted_surface_281_bb01.png,inclusion,inclusion,0.9932070374488831,8.780012272779913e-09,0.9932070374488831,0.00018872036889661103,0.006464431528002024,8.948342156145372e-07,0.00013883381325285882
resnet18,/Users/admin/surface-defect-train/results/chips/validation/inclusion/scratches_242_bb02.png,inclusion,patches,0.8381267786026001,2.4030026679611183e-07,0.1613488346338272,0.8381267786026001,0.0005114051746204495,3.721241682796972e-06,8.93585729500046e-06
resnet18,/Users/admin/surface-defect-train/results/chips/validation/inclusion/scratches_244_bb03.png,inclusion,inclusion,0.9985020160675049,6.795411344739932e-09,0.9985020160675049,0.0014733228599652648,3.162920620525256e-06,2.22066574906421e-07,2.122305340890307e-05
resnet18,/Users/admin/surface-defect-train/results/chips/validation/inclusion/scratches_290_bb02.png,inclusion,inclusion,0.9373064637184143,4.012186764157377e-06,0.9373064637184143,0.005388321820646524,0.0004742770397569984,0.056564994156360626,0.00026189867639914155
resnet18,/Users/admin/surface-defect-train/results/chips/validation/patches/patches_241_bb00.png,patches,patches,1.0,2.066731659942922e-13,2.4089688577255686e-10,1.0,1.1226900520355798e-09,1.774091706874259e-10,5.597847286078518e-14
resnet18,/Users/admin/surface-defect-train/results/chips/validation/patches/patches_242_bb00.png,patches,patches,1.0,4.734619293844666e-11,2.6483828463597092e-08,1.0,2.2258062060132033e-08,3.1822022350525e-08,3.683184660041583e-11
resnet18,/Users/admin/surface-defect-train/results/chips/validation/patches/patches_242_bb01.png,patches,patches,0.9999997615814209,5.0712927190943446e-08,4.571135292508188e-08,0.9999997615814209,8.71467236152057e-08,3.925306657492911e-08,1.0387719573401455e-09
resnet18,/Users/admin/surface-defect-train/results/chips/validation/patches/patches_242_bb02.png,patches,patches,0.9999998807907104,3.3899809626092292e-09,3.5256967123586946e-08,0.9999998807907104,4.552038035399164e-08,2.9477352114781752e-08,9.111345011802996e-11
resnet18,/Users/admin/surface-defect-train/results/chips/validation/patches/patches_243_bb00.png,patches,patches,0.9999998807907104,8.577911818352657e-12,5.023264648684744e-08,0.9999998807907104,2.6932767127618717e-08,1.9263137751579507e-09,1.8630195997015875e-10
resnet18,/Users/admin/surface-defect-train/results/chips/validation/patches/patches_243_bb01.png,patches,patches,0.9999985694885254,6.503806844193605e-07,3.697807073876902e-07,0.9999985694885254,3.968193595937919e-07,4.1549618856606685e-08,5.72512970364869e-09
resnet18,/Users/admin/surface-defect-train/results/chips/validation/patches/patches_243_bb02.png,patches,patches,1.0,1.6026674432012555e-09,3.586049457382501e-09,1.0,2.5733323028021005e-08,2.3350497091456646e-09,3.244248966693952e-11
resnet18,/Users/admin/surface-defect-train/results/chips/validation/patches/patches_243_bb03.png,patches,patches,1.0,3.7369238259366e-10,1.2249623537741172e-10,1.0,1.1576655190026486e-09,1.588983522538001e-08,4.703491502527912e-12
resnet18,/Users/admin/surface-defect-train/results/chips/validation/patches/patches_243_bb04.png,patches,patches,0.9999995231628418,3.109217050489832e-10,1.7251642248083954e-07,0.9999995231628418,5.809829772829289e-08,2.40014742303174e-07,1.8047299210621759e-09
resnet18,/Users/admin/surface-defect-train/results/chips/validation/patches/patches_244_bb00.png,patches,patches,0.9999994039535522,6.225667537052004e-09,3.5676720244737226e-07,0.9999994039535522,2.330701107666755e-07,1.8814243496478866e-09,5.201389319253735e-10
resnet18,/Users/admin/surface-defect-train/results/chips/validation/patches/patches_244_bb01.png,patches,patches,0.9999986886978149,1.3009755548409885e-06,1.2323062570374077e-08,0.9999986886978149,2.4875745907593227e-09,1.0596568067455792e-09,1.563332970022646e-11
resnet18,/Users/admin/surface-defect-train/results/chips/validation/patches/patches_245_bb00.png,patches,patches,1.0,5.230204832597229e-13,4.566750533285813e-09,1.0,4.915742035649373e-09,1.6951806625087329e-09,1.0544373534038254e-11
resnet18,/Users/admin/surface-defect-train/results/chips/validation/patches/patches_245_bb01.png,patches,patches,0.9998013377189636,2.4724368330453217e-08,6.0958056565141305e-05,0.9998013377189636,0.0001358082372462377,1.2737864096834528e-07,1.7580222220203723e-06
resnet18,/Users/admin/surface-defect-train/results/chips/validation/patches/patches_245_bb02.png,patches,patches,1.0,1.2028010532016964e-10,1.1334437832744015e-09,1.0,7.822977821092536e-09,3.763462874672996e-09,2.122304589013968e-11
resnet18,/Users/admin/surface-defect-train/results/chips/validation/patches/patches_245_bb03.png,patches,patches,0.9999567270278931,3.929878585040569e-05,8.710861720828689e-07,0.9999567270278931,1.4338654636958381e-06,1.6935166513576405e-06,3.1221238927514605e-09
resnet18,/Users/admin/surface-defect-train/results/chips/validation/patches/patches_245_bb04.png,patches,patches,1.0,4.273286238754004e-11,6.358844006904008e-10,1.0,5.596452190559376e-09,1.1767599117362693e-09,9.344255404164503e-12
resnet18,/Users/admin/surface-defect-train/results/chips/validation/patches/patches_245_bb05.png,patches,patches,0.995549201965332,0.0027096280828118324,0.0002843530382961035,0.995549201965332,0.00010344848124077544,0.0013385104248300195,1.4918980014044791e-05
resnet18,/Users/admin/surface-defect-train/results/chips/validation/patches/patches_246_bb00.png,patches,patches,1.0,4.885666871068395e-11,1.6970982952280167e-10,1.0,7.697650850069238e-10,6.251011930302752e-10,3.1929814695019765e-12
resnet18,/Users/admin/surface-defect-train/results/chips/validation/patches/patches_246_bb01.png,patches,patches,1.0,3.74961624249881e-11,5.285492488127375e-09,1.0,4.863849767389183e-09,8.666087403241818e-09,1.531104409924211e-11
resnet18,/Users/admin/surface-defect-train/results/chips/validation/patches/patches_246_bb02.png,patches,patches,0.9999984502792358,1.1799883736784977e-08,3.889090649522586e-08,0.9999984502792358,7.247854227898642e-08,1.3778934544461663e-06,9.870249062515768e-10
resnet18,/Users/admin/surface-defect-train/results/chips/validation/patches/patches_246_bb03.png,patches,patches,0.9999997615814209,4.968774280911248e-09,3.588110075725126e-08,0.9999997615814209,1.5705585099112795e-07,2.716875791008988e-08,4.226427541276223e-10
resnet18,/Users/admin/surface-defect-train/results/chips/validation/patches/patches_246_bb04.png,patches,patches,0.9999988079071045,8.268637543551449e-07,1.0217568302550717e-07,0.9999988079071045,1.1336554450736003e-07,9.076121898488054e-08,1.0996648924788133e-08
resnet18,/Users/admin/surface-defect-train/results/chips/validation/patches/patches_247_bb00.png,patches,patches,0.9999998807907104,9.209519952202427e-11,3.395727476984689e-09,0.9999998807907104,2.864463866103506e-08,9.053083971366505e-08,5.413860765940415e-12
resnet18,/Users/admin/surface-defect-train/results/chips/validation/patches/patches_247_bb01.png,patches,patches,0.9999998807907104,3.0357005798009595e-09,2.539367294218664e-08,0.9999998807907104,7.142944724591871e-08,5.039386863359141e-08,2.945072657967174e-11
resnet18,/Users/admin/surface-defect-train/results/chips/validation/patches/patches_248_bb00.png,patches,patches,0.9999995231628418,9.688595412060685e-12,1.7556626374926054e-08,0.9999995231628418,4.019792925191723e-07,7.685704850324271e-10,8.865511103017809e-11
resnet18,/Users/admin/surface-defect-train/results/chips/validation/patches/patches_248_bb01.png,patches,patches,1.0,2.53077753198383e-10,5.463183239129421e-09,1.0,5.2294904406835485e-08,4.7516522272417205e-08,9.81755128581785e-12
resnet18,/Users/admin/surface-defect-train/results/chips/validation/patches/patches_248_bb02.png,patches,patches,0.9988282322883606,0.00052871328080073,0.00038697023410350084,0.9988282322883606,4.3397358240326867e-05,7.698387344134971e-05,0.00013569639122579247
resnet18,/Users/admin/surface-defect-train/results/chips/validation/patches/patches_248_bb03.png,patches,patches,1.0,2.3877442245634484e-09,2.9048470295833795e-09,1.0,1.5539431075239918e-08,1.428556384297508e-08,1.0014933327084918e-10
resnet18,/Users/admin/surface-defect-train/results/chips/validation/patches/patches_248_bb04.png,patches,patches,0.9999957084655762,5.3199212146637365e-08,1.1842454341604025e-06,0.9999957084655762,3.2505471381227835e-07,2.7199164378544083e-06,2.3019063988272137e-08
resnet18,/Users/admin/surface-defect-train/results/chips/validation/patches/patches_249_bb00.png,patches,patches,0.9999996423721313,1.0628453672723026e-10,5.090936738838536e-08,0.9999996423721313,2.951026942810131e-07,1.2074955257901365e-08,5.183076884351934e-11
resnet18,/Users/admin/surface-defect-train/results/chips/validation/patches/patches_249_bb01.png,patches,patches,0.9999988079071045,4.622163540801694e-09,2.247298125368502e-09,0.9999988079071045,1.1410696387770258e-08,1.1366211083441158e-06,5.631196550726081e-11
resnet18,/Users/admin/surface-defect-train/results/chips/validation/patches/patches_250_bb00.png,patches,patches,0.9999996423721313,2.6986173295995286e-09,5.1634390985100254e-08,0.9999996423721313,5.383391155078243e-08,2.2779859421007131e-07,3.3511041164224764e-10
resnet18,/Users/admin/surface-defect-train/results/chips/validation/patches/patches_250_bb01.png,patches,patches,1.0,1.83850501489502e-09,7.566614002030292e-09,1.0,3.439987139586265e-08,2.8000361140811947e-08,9.833767133926585e-11
resnet18,/Users/admin/surface-defect-train/results/chips/validation/patches/patches_250_bb02.png,patches,patches,0.9999996423721313,6.459656143320558e-10,8.687040065069596e-08,0.9999996423721313,1.663388360384488e-07,8.825844588500331e-08,8.349170799171191e-10
resnet18,/Users/admin/surface-defect-train/results/chips/validation/patches/patches_250_bb03.png,patches,patches,0.9999606609344482,9.330087635817108e-08,1.0560549981164513e-06,0.9999606609344482,1.0397393168659619e-07,3.799351543420926e-05,1.1659072596259534e-09
resnet18,/Users/admin/surface-defect-train/results/chips/validation/patches/patches_251_bb00.png,patches,patches,0.9999998807907104,4.919014973125968e-09,8.00701194236808e-09,0.9999998807907104,1.4998693842471766e-08,1.3436455503779143e-07,1.1725426185549281e-10
resnet18,/Users/admin/surface-defect-train/results/chips/validation/patches/patches_252_bb00.png,patches,patches,1.0,1.1549852046988107e-10,5.085585841335671e-10,1.0,1.1039422709302471e-09,8.894097902611975e-09,2.9209284296838334e-11
resnet18,/Users/admin/surface-defect-train/results/chips/validation/patches/patches_252_bb01.png,patches,patches,0.9999996423721313,1.8280300650985737e-07,4.491338856382754e-08,0.9999996423721313,2.9295630810111106e-08,3.66524872674745e-08,5.860039120619831e-10
resnet18,/Users/admin/surface-defect-train/results/chips/validation/patches/patches_252_bb02.png,patches,patches,0.9999977350234985,3.037247964243761e-08,2.747779426215402e-08,0.9999977350234985,2.949157362763799e-08,2.19956586988701e-06,2.752713057496692e-10
resnet18,/Users/admin/surface-defect-train/results/chips/validation/patches/patches_253_bb00.png,patches,patches,0.9999299049377441,5.891596447327174e-05,3.4554129797470523e-06,0.9999299049377441,7.941683293211099e-07,6.898844276292948e-06,2.2517006925681926e-08
resnet18,/Users/admin/surface-defect-train/results/chips/validation/patches/patches_253_bb01.png,patches,patches,0.9924955368041992,0.0011558558326214552,0.0017514610663056374,0.9924955368041992,0.004570016171783209,1.3168109944672324e-05,1.3883740393794142e-05
resnet18,/Users/admin/surface-defect-train/results/chips/validation/patches/patches_253_bb02.png,patches,patches,0.9999979734420776,9.33436581362912e-07,1.7516070727197075e-07,0.9999979734420776,2.3907588797555945e-07,7.219934445856779e-07,1.7183979794666016e-09
resnet18,/Users/admin/surface-defect-train/results/chips/validation/patches/patches_254_bb00.png,patches,patches,1.0,2.430151080368148e-10,5.901686778164716e-11,1.0,9.35720945172136e-11,8.824731168033395e-09,8.077737833006929e-14
resnet18,/Users/admin/surface-defect-train/results/chips/validation/patches/patches_254_bb01.png,patches,patches,1.0,2.3310345320659565e-10,2.7169217986511285e-09,1.0,4.1849030907314955e-09,1.4737321585300833e-08,5.198474289924704e-11
resnet18,/Users/admin/surface-defect-train/results/chips/validation/patches/patches_255_bb00.png,patches,patches,0.9999958276748657,4.055803856317652e-06,9.978540660426916e-09,0.9999958276748657,1.0738520295205944e-08,1.61999594183726e-07,1.6566614399748936e-11
resnet18,/Users/admin/surface-defect-train/results/chips/validation/patches/patches_255_bb01.png,patches,patches,1.0,3.110935771141743e-12,1.3569446954964093e-10,1.0,8.545391061431928e-10,7.359429510245263e-09,6.919351376588612e-12
resnet18,/Users/admin/surface-defect-train/results/chips/validation/patches/patches_255_bb02.png,patches,patches,0.9990037083625793,2.1507215933525003e-05,0.0003883616591338068,0.9990037083625793,0.0005770070711150765,5.734778824262321e-06,3.6351104881759966e-06
resnet18,/Users/admin/surface-defect-train/results/chips/validation/patches/patches_256_bb00.png,patches,patches,0.9999970197677612,4.706167899826141e-09,3.8439944205492793e-07,0.9999970197677612,2.5940394152712543e-06,5.533430158521924e-09,2.7527751189637684e-09
resnet18,/Users/admin/surface-defect-train/results/chips/validation/patches/patches_256_bb01.png,patches,patches,1.0,1.1900703755785003e-09,4.001488917992901e-09,1.0,5.95585847307234e-09,3.452941710335722e-09,5.526616664308648e-11
resnet18,/Users/admin/surface-defect-train/results/chips/validation/patches/patches_257_bb00.png,patches,patches,1.0,1.0360608204695865e-10,4.104679707239711e-09,1.0,2.8350042313718404e-08,1.260730275731703e-08,8.748868990382519e-11
resnet18,/Users/admin/surface-defect-train/results/chips/validation/patches/patches_257_bb01.png,patches,patches,0.9999997615814209,5.089740184871516e-09,2.5715163332051816e-08,0.9999997615814209,9.501530939814984e-08,7.356961617688285e-08,2.330563964036969e-09
resnet18,/Users/admin/surface-defect-train/results/chips/validation/patches/patches_257_bb02.png,patches,patches,0.9999996423721313,1.319986009384877e-09,4.347974424945278e-09,0.9999996423721313,5.1315871552048975e-09,3.003951860591769e-07,1.0017375123849703e-10
resnet18,/Users/admin/surface-defect-train/results/chips/validation/patches/patches_257_bb03.png,patches,patches,0.9995063543319702,0.0003506190259940922,2.7905774913961068e-05,0.9995063543319702,3.919761184079107e-06,0.00011099679977633059,1.9433142028901784e-07
resnet18,/Users/admin/surface-defect-train/results/chips/validation/patches/patches_258_bb00.png,patches,patches,0.9999998807907104,9.346497797935172e-09,3.179016871968088e-08,0.9999998807907104,7.73251418451082e-09,7.826233883179157e-08,2.1386571680270805e-10
resnet18,/Users/admin/surface-defect-train/results/chips/validation/patches/patches_258_bb01.png,patches,patches,0.9999973773956299,1.1637533603447991e-08,3.4279267424608406e-08,0.9999973773956299,2.4646718443932514e-08,2.502475126675563e-06,8.289678388173627e-10
resnet18,/Users/admin/surface-defect-train/results/chips/validation/patches/patches_258_bb02.png,patches,patches,0.9999603033065796,1.3906175809097476e-05,9.247091838915367e-06,0.9999603033065796,1.180402068712283e-05,4.463242476049345e-06,2.7570803240450914e-07
resnet18,/Users/admin/surface-defect-train/results/chips/validation/patches/patches_259_bb00.png,patches,patches,1.0,3.8871439704199484e-13,4.4118122349834366e-11,1.0,3.1936484012895505e-10,1.5805394493195735e-10,1.6094379518341584e-12
resnet18,/Users/admin/surface-defect-train/results/chips/validation/patches/patches_259_bb01.png,patches,patches,0.9999969005584717,1.2759925061001098e-10,1.9418268948356854e-06,0.9999969005584717,2.0441869708065497e-07,8.161338200807222e-07,6.409974417920239e-08
resnet18,/Users/admin/surface-defect-train/results/chips/validation/patches/patches_259_bb02.png,patches,patches,0.9999912977218628,9.492126764598652e-07,3.956192358600674e-06,0.9999912977218628,3.306774033262627e-06,4.6553293486795155e-07,3.1100370279091294e-08
resnet18,/Users/admin/surface-defect-train/results/chips/validation/patches/patches_260_bb00.png,patches,patches,0.9999972581863403,1.3917069736635312e-06,9.51786375935626e-07,0.9999972581863403,3.98639883769647e-07,2.726883607806485e-08,9.303781078884299e-10
resnet18,/Users/admin/surface-defect-train/results/chips/validation/patches/patches_261_bb00.png,patches,patches,0.9985221028327942,3.9216287404997274e-05,0.0012026000767946243,0.9985221028327942,0.0002341518411412835,1.765584585200486e-07,1.7660755702308961e-06
resnet18,/Users/admin/surface-defect-train/results/chips/validation/patches/patches_261_bb01.png,patches,patches,0.9999961853027344,3.667750206659548e-06,7.59842180286796e-08,0.9999961853027344,2.3334569831945373e-08,1.8866046502807876e-08,2.0221577190504547e-10
resnet18,/Users/admin/surface-defect-train/results/chips/validation/patches/patches_261_bb02.png,patches,patches,0.9999029636383057,2.3029324438539334e-05,5.274895011098124e-05,0.9999029636383057,2.0007501007057726e-05,4.833411253457598e-07,7.623861506544927e-07
resnet18,/Users/admin/surface-defect-train/results/chips/validation/patches/patches_261_bb03.png,patches,patches,0.999881386756897,2.166799049518886e-06,2.1754570411758323e-07,0.999881386756897,6.165702188809519e-07,0.00011554057709872723,8.275231166976482e-09
resnet18,/Users/admin/surface-defect-train/results/chips/validation/patches/patches_262_bb00.png,patches,patches,1.0,1.112172021144886e-09,7.91944620992524e-10,1.0,7.354219455635302e-10,5.566208383100957e-09,2.1928951710048494e-12
resnet18,/Users/admin/surface-defect-train/results/chips/validation/patches/patches_262_bb01.png,patches,patches,0.9999992847442627,1.869535566356717e-07,1.6426672289071576e-07,0.9999992847442627,2.878399243400054e-07,4.107200979319714e-08,1.7144911046429456e-09
resnet18,/Users/admin/surface-defect-train/results/chips/validation/patches/patches_262_bb02.png,patches,patches,0.9999409914016724,1.522596812719712e-05,6.600531605727156e-07,0.9999409914016724,8.697941211721627e-07,4.2191830289084464e-05,9.161492897646895e-09
resnet18,/Users/admin/surface-defect-train/results/chips/validation/patches/patches_263_bb00.png,patches,patches,0.9999998807907104,2.998253023633879e-08,2.4125528241825123e-08,0.9999998807907104,8.83200446111232e-09,8.827529285326818e-08,1.2306576591125662e-10
resnet18,/Users/admin/surface-defect-train/results/chips/validation/patches/patches_263_bb01.png,patches,patches,0.9999996423721313,1.0439867992317886e-07,5.633712873986951e-08,0.9999996423721313,2.4215049521103538e-08,8.237331172722406e-08,1.503738134012167e-09
resnet18,/Users/admin/surface-defect-train/results/chips/validation/patches/patches_264_bb00.png,patches,patches,0.9998819828033447,5.6662615861569066e-06,0.0001052777370205149,0.9998819828033447,6.712393314955989e-06,1.408167946692629e-07,1.498243733522031e-07
resnet18,/Users/admin/surface-defect-train/results/chips/validation/patches/patches_264_bb01.png,patches,patches,0.9999693632125854,2.9112950869603083e-05,1.0493617992324289e-06,0.9999693632125854,3.2033256047725445e-07,7.815359737151084e-08,5.710446782103418e-09
resnet18,/Users/admin/surface-defect-train/results/chips/validation/patches/patches_265_bb00.png,patches,patches,1.0,1.3203797864097533e-12,1.2367618040798334e-10,1.0,2.537875021246805e-09,9.559657510038733e-10,1.5431680456048924e-12
resnet18,/Users/admin/surface-defect-train/results/chips/validation/patches/patches_265_bb01.png,patches,patches,0.9999990463256836,8.942402018874418e-08,5.2697293995152e-07,0.9999990463256836,4.615814930275519e-08,2.183584797421645e-07,6.472108404764754e-10
resnet18,/Users/admin/surface-defect-train/results/chips/validation/patches/patches_265_bb02.png,patches,patches,0.9999994039535522,2.6952731158047527e-09,1.5016292209679705e-08,0.9999994039535522,8.553516295251029e-08,5.117930754749977e-07,5.463218766266209e-10
resnet18,/Users/admin/surface-defect-train/results/chips/validation/patches/patches_266_bb00.png,patches,patches,0.9999996423721313,3.4659060066388747e-09,7.522521272562699e-09,0.9999996423721313,4.7792800828005966e-09,3.931321259642573e-07,2.715292990451701e-10
resnet18,/Users/admin/surface-defect-train/results/chips/validation/patches/patches_266_bb01.png,patches,patches,0.9995453953742981,1.01626039850089e-06,0.0002934360527433455,0.9995453953742981,0.00015876525139901787,5.536879257306282e-07,8.639205475446943e-07
resnet18,/Users/admin/surface-defect-train/results/chips/validation/patches/patches_266_bb02.png,patches,patches,0.9990333318710327,0.0009562621125951409,5.889005933568114e-06,0.9990333318710327,1.7520724213682115e-06,2.650899659784045e-06,4.428730804306724e-08
resnet18,/Users/admin/surface-defect-train/results/chips/validation/patches/patches_267_bb00.png,patches,patches,0.9999995231628418,1.8534873288955644e-11,1.44795020418087e-08,0.9999995231628418,4.66066047977165e-08,3.019041230345465e-07,1.3075565630238373e-10
resnet18,/Users/admin/surface-defect-train/results/chips/validation/patches/patches_267_bb01.png,patches,patches,1.0,1.8897043489469328e-13,4.820377874636961e-09,1.0,2.6908637096312304e-08,5.410504488878587e-09,6.122177851480837e-12
resnet18,/Users/admin/surface-defect-train/results/chips/validation/patches/patches_267_bb02.png,patches,patches,0.9999508857727051,3.313378692837432e-05,1.1044074199162424e-05,0.9999508857727051,1.478546096222999e-06,3.5068496799794957e-06,2.3124039572053334e-08
resnet18,/Users/admin/surface-defect-train/results/chips/validation/patches/patches_267_bb03.png,patches,patches,0.9999366998672485,1.3876825732950238e-06,5.4354099120246246e-05,0.9999366998672485,7.297160664165858e-06,2.0217937901634286e-07,1.2303306107241951e-07
resnet18,/Users/admin/surface-defect-train/results/chips/validation/patches/patches_268_bb00.png,patches,patches,0.9999958276748657,7.514224659166402e-11,2.5905824259098154e-06,0.9999958276748657,1.6072136759248679e-06,1.357173218252683e-08,1.8607464180586675e-10
resnet18,/Users/admin/surface-defect-train/results/chips/validation/patches/patches_268_bb01.png,patches,patches,1.0,1.1407195327217678e-10,2.6642394956866156e-09,1.0,3.580235485856065e-08,3.3815541478077193e-09,1.1098695747169263e-11
resnet18,/Users/admin/surface-defect-train/results/chips/validation/patches/patches_268_bb02.png,patches,patches,0.9999996423721313,5.1520473220989516e-08,4.7436817141033316e-08,0.9999996423721313,9.255404620489571e-08,2.142669472959824e-07,2.34217562011807e-10
resnet18,/Users/admin/surface-defect-train/results/chips/validation/patches/patches_269_bb00.png,patches,patches,0.9999998807907104,9.313890769746536e-10,3.468248133131624e-09,0.9999998807907104,2.933761678036717e-09,9.695569502810031e-08,3.8334561219821595e-12
resnet18,/Users/admin/surface-defect-train/results/chips/validation/patches/patches_269_bb01.png,patches,patches,0.9999998807907104,4.3884846867570104e-09,6.75528477600551e-09,0.9999998807907104,8.159688924536113e-09,1.0730195043606727e-07,1.5059585523058416e-11
resnet18,/Users/admin/surface-defect-train/results/chips/validation/patches/patches_269_bb02.png,patches,patches,0.9999845027923584,5.06190463056555e-06,6.886927621962968e-06,0.9999845027923584,3.0930234515835764e-06,3.57485248514422e-07,1.6108083400467876e-07
resnet18,/Users/admin/surface-defect-train/results/chips/validation/patches/patches_270_bb00.png,patches,patches,1.0,7.391329437606356e-14,6.933084106819365e-10,1.0,4.087998828339323e-09,3.2814348460696863e-10,1.1635936897173849e-13
resnet18,/Users/admin/surface-defect-train/results/chips/validation/patches/patches_270_bb01.png,patches,patches,0.9999995231628418,1.6431406235639656e-09,7.006669022757706e-08,0.9999995231628418,3.642645367563091e-07,3.821567950978988e-09,4.453628854594882e-10
resnet18,/Users/admin/surface-defect-train/results/chips/validation/patches/patches_271_bb00.png,patches,patches,1.0,9.528668826197517e-11,1.1956178269656448e-08,1.0,9.444180548712211e-09,4.003550380105025e-09,4.227047184501842e-11
resnet18,/Users/admin/surface-defect-train/results/chips/validation/patches/patches_271_bb01.png,patches,patches,1.0,9.119400790069676e-10,1.1034543945243058e-08,1.0,1.5098782668587774e-08,3.829999783988569e-08,3.302393358772804e-10
resnet18,/Users/admin/surface-defect-train/results/chips/validation/patches/patches_272_bb00.png,patches,patches,1.0,2.1155806273487343e-10,1.2266206939059998e-09,1.0,1.2893056622331756e-09,4.5960522498944556e-08,2.4169975916532582e-12
resnet18,/Users/admin/surface-defect-train/results/chips/validation/patches/patches_273_bb00.png,patches,patches,1.0,7.77812483068437e-15,6.370218241791292e-10,1.0,1.6007214442836926e-09,9.244632143134979e-11,3.583416929072575e-13
resnet18,/Users/admin/surface-defect-train/results/chips/validation/patches/patches_273_bb01.png,patches,patches,1.0,2.123287656807804e-12,3.0473365497662996e-10,1.0,5.162236860201119e-09,1.2625657186404737e-09,4.4648707474281846e-12
resnet18,/Users/admin/surface-defect-train/results/chips/validation/patches/patches_273_bb02.png,patches,patches,0.9999997615814209,1.757583234507365e-08,6.826461884656965e-08,0.9999997615814209,2.0313976278885093e-07,6.459944135173146e-09,2.0433418845833273e-10
resnet18,/Users/admin/surface-defect-train/results/chips/validation/patches/patches_274_bb00.png,patches,patches,0.9999998807907104,7.077952002276788e-09,4.213714888123832e-08,0.9999998807907104,1.3630996420488373e-07,1.1611239747466584e-09,9.147424484545752e-11
resnet18,/Users/admin/surface-defect-train/results/chips/validation/patches/patches_275_bb00.png,patches,patches,0.9998475313186646,5.20657304150518e-05,9.476481500314549e-05,0.9998475313186646,5.3765652410220355e-06,6.286195031179886e-08,1.6608228747827525e-07
resnet18,/Users/admin/surface-defect-train/results/chips/validation/patches/patches_275_bb01.png,patches,patches,0.9999978542327881,2.6161788468925806e-07,1.1217282462894218e-06,0.9999978542327881,7.082610409270274e-07,6.20834796905001e-08,2.9581925797828035e-09
resnet18,/Users/admin/surface-defect-train/results/chips/validation/patches/patches_276_bb00.png,patches,patches,1.0,2.439379536041397e-13,2.7856361661804385e-09,1.0,3.77064779399916e-09,8.499810855155943e-10,1.2597445872911117e-12
resnet18,/Users/admin/surface-defect-train/results/chips/validation/patches/patches_276_bb01.png,patches,patches,1.0,4.407644225729729e-13,5.330661606572917e-11,1.0,6.793515749947687e-10,2.307991688391131e-12,6.897509906983457e-14
resnet18,/Users/admin/surface-defect-train/results/chips/validation/patches/patches_276_bb02.png,patches,patches,0.9999996423721313,7.546271940661597e-10,6.822256892746736e-08,0.9999996423721313,2.3793354841927794e-07,1.2302783680695484e-08,3.2651652492887706e-09
resnet18,/Users/admin/surface-defect-train/results/chips/validation/patches/patches_276_bb03.png,patches,patches,0.9999982118606567,1.3868326043109391e-08,2.625141917178553e-07,0.9999982118606567,4.603666354796587e-07,1.0009063089455594e-06,4.1106500425769354e-09
resnet18,/Users/admin/surface-defect-train/results/chips/validation/patches/patches_277_bb00.png,patches,patches,1.0,7.963672776778452e-11,5.8785607492950476e-09,1.0,1.16251852588789e-08,5.173871286956455e-08,3.36974857739758e-11
resnet18,/Users/admin/surface-defect-train/results/chips/validation/patches/patches_277_bb01.png,patches,patches,0.9999996423721313,3.914637147772737e-08,7.583675021294312e-09,0.9999996423721313,1.111720493440771e-08,2.9858583161512797e-07,3.917267552000503e-11
resnet18,/Users/admin/surface-defect-train/results/chips/validation/patches/patches_277_bb02.png,patches,patches,0.9999970197677612,5.047202478181134e-08,1.7471842284066952e-07,0.9999970197677612,1.6176805672785122e-07,2.5441208890697453e-06,1.880200217740935e-09
resnet18,/Users/admin/surface-defect-train/results/chips/validation/patches/patches_277_bb03.png,patches,patches,0.9999538660049438,6.205340952192273e-08,1.3654997928824741e-05,0.9999538660049438,2.1118821678101085e-05,1.1107641512353439e-05,1.7850742040081968e-07
resnet18,/Users/admin/surface-defect-train/results/chips/validation/patches/patches_278_bb00.png,patches,patches,0.9999325275421143,5.204285480431281e-05,1.3762472008238547e-05,0.9999325275421143,1.510639208390785e-06,6.423354648177337e-08,8.053649480643799e-08
resnet18,/Users/admin/surface-defect-train/results/chips/validation/patches/patches_278_bb01.png,patches,patches,0.9999388456344604,1.7604259483050555e-05,3.705483686644584e-05,0.9999388456344604,6.380834292940563e-06,2.7939114133346266e-08,1.1197056437595165e-07
resnet18,/Users/admin/surface-defect-train/results/chips/validation/patches/patches_279_bb00.png,patches,patches,0.9999995231628418,4.154801729328028e-07,3.305886764337629e-08,0.9999995231628418,1.811396899142892e-08,3.799866732379087e-08,2.596550474631698e-10
resnet18,/Users/admin/surface-defect-train/results/chips/validation/patches/patches_279_bb01.png,patches,patches,0.9999997615814209,3.7565630606195555e-09,4.552098076260336e-08,0.9999997615814209,6.759579918025338e-08,1.6847127426444786e-07,8.44202763250479e-11
resnet18,/Users/admin/surface-defect-train/results/chips/validation/patches/patches_279_bb02.png,patches,patches,0.9999988079071045,8.045017807489785e-08,9.470835493630148e-08,0.9999988079071045,3.7918945849924057e-07,6.222820729817613e-07,6.185912893030832e-10
resnet18,/Users/admin/surface-defect-train/results/chips/validation/patches/patches_280_bb00.png,patches,patches,0.9999984502792358,4.0174813875637483e-07,8.12389885140874e-07,0.9999984502792358,2.925384592344926e-07,1.7257868023534684e-08,4.573307066380039e-09
resnet18,/Users/admin/surface-defect-train/results/chips/validation/patches/patches_280_bb01.png,patches,patches,0.9999995231628418,4.010864884662624e-08,4.222144056598154e-08,0.9999995231628418,1.8239411758713686e-07,1.5383869822471752e-07,5.42646649837053e-10
resnet18,/Users/admin/surface-defect-train/results/chips/validation/patches/patches_281_bb00.png,patches,patches,0.9999980926513672,2.7021991755304953e-08,6.607610316677892e-07,0.9999980926513672,1.1024606010323623e-06,1.1913547126596313e-07,1.0117392257313895e-08
resnet18,/Users/admin/surface-defect-train/results/chips/validation/patches/patches_281_bb01.png,patches,patches,0.9999996423721313,1.8757823738724255e-08,1.232625379543606e-07,0.9999996423721313,1.1727721727083917e-07,4.7108439815701786e-08,1.0368715885888946e-09
resnet18,/Users/admin/surface-defect-train/results/chips/validation/patches/patches_281_bb02.png,patches,patches,0.9999991655349731,7.264612245094781e-10,8.402632756254746e-11,0.9999991655349731,7.803578339071748e-10,8.924133680920932e-07,4.623583959272037e-13
resnet18,/Users/admin/surface-defect-train/results/chips/validation/patches/patches_282_bb00.png,patches,patches,1.0,1.923546608453841e-12,3.724762442924856e-10,1.0,4.8295900612060905e-09,4.253116525632095e-09,8.541923678800911e-13
resnet18,/Users/admin/surface-defect-train/results/chips/validation/patches/patches_282_bb01.png,patches,patches,0.9999992847442627,8.379663540836191e-08,2.107263981088181e-07,0.9999992847442627,3.315574303996982e-07,1.3435555779039987e-08,2.917803776369965e-10
resnet18,/Users/admin/surface-defect-train/results/chips/validation/patches/patches_282_bb02.png,patches,patches,0.9998385906219482,0.00015345492283813655,1.674623490544036e-06,0.9998385906219482,1.13031478576886e-06,5.058700025983853e-06,1.0792370552792363e-08
resnet18,/Users/admin/surface-defect-train/results/chips/validation/patches/patches_283_bb00.png,patches,patches,0.9997078776359558,1.0311237019777764e-05,0.0002276972954859957,0.9997078776359558,5.3060117352288216e-05,7.383797395732472e-08,9.951143056241563e-07
resnet18,/Users/admin/surface-defect-train/results/chips/validation/patches/patches_283_bb01.png,patches,patches,0.9933566451072693,0.00015216678730212152,0.005009109620004892,0.9933566451072693,0.0014594157692044973,1.964738885362749e-06,2.060294536931906e-05
resnet18,/Users/admin/surface-defect-train/results/chips/validation/patches/patches_283_bb02.png,patches,patches,0.9992185831069946,8.103165782813448e-06,0.0006008160416968167,0.9992185831069946,0.00017056174692697823,1.1618865158879998e-07,1.7973688954953104e-06
resnet18,/Users/admin/surface-defect-train/results/chips/validation/patches/patches_283_bb03.png,patches,patches,0.9997121691703796,1.3677606148121413e-05,7.823844498489052e-05,0.9997121691703796,0.00018821537378244102,5.8745863498188555e-06,1.769357822922757e-06
resnet18,/Users/admin/surface-defect-train/results/chips/validation/patches/patches_284_bb00.png,patches,patches,0.9999998807907104,7.688405467831672e-10,1.640492897081458e-08,0.9999998807907104,2.7587818252072793e-08,8.650171423596476e-08,1.4171538942342465e-10
resnet18,/Users/admin/surface-defect-train/results/chips/validation/patches/patches_284_bb01.png,patches,patches,0.9999998807907104,6.5785661362838255e-09,1.6521614298881104e-08,0.9999998807907104,1.7073366720410377e-08,8.897137604435557e-08,1.7515408567980728e-10
resnet18,/Users/admin/surface-defect-train/results/chips/validation/patches/patches_285_bb00.png,patches,patches,0.999996542930603,3.319676977753261e-08,1.334290686827444e-06,0.999996542930603,2.0843065158260288e-06,1.5055825031140557e-08,2.2808951172237357e-08
resnet18,/Users/admin/surface-defect-train/results/chips/validation/patches/patches_285_bb01.png,patches,patches,0.9999990463256836,2.0312848292292074e-08,5.289481919135142e-07,0.9999990463256836,2.8727245648951794e-07,6.55530385529346e-08,3.987352226175744e-09
resnet18,/Users/admin/surface-defect-train/results/chips/validation/patches/patches_285_bb02.png,patches,patches,0.9999977350234985,1.5677472902098089e-06,2.721383793868881e-07,0.9999977350234985,2.8787408723474073e-07,4.274082243682642e-08,4.394185293410402e-10
resnet18,/Users/admin/surface-defect-train/results/chips/validation/patches/patches_286_bb00.png,patches,patches,0.9999992847442627,4.054986035839647e-08,4.5573239049190306e-07,0.9999992847442627,2.2556689316388656e-07,6.971201949035333e-10,2.524171149875798e-10
resnet18,/Users/admin/surface-defect-train/results/chips/validation/patches/patches_286_bb01.png,patches,patches,0.9999997615814209,4.1553033236496617e-10,2.5035241435489297e-08,0.9999997615814209,5.527203228439248e-08,6.399511676136171e-08,2.890827854873379e-10
resnet18,/Users/admin/surface-defect-train/results/chips/validation/patches/patches_286_bb02.png,patches,patches,0.9998533725738525,1.8749278751784004e-05,6.492985266959295e-05,0.9998533725738525,6.081757601350546e-05,5.208222546571051e-07,1.5797022570041008e-06
resnet18,/Users/admin/surface-defect-train/results/chips/validation/patches/patches_286_bb03.png,patches,patches,0.9996497631072998,3.100833509961376e-07,8.874374543665908e-06,0.9996497631072998,8.702758350409567e-05,0.0002346245018998161,1.9429928215686232e-05
resnet18,/Users/admin/surface-defect-train/results/chips/validation/patches/patches_287_bb00.png,patches,patches,0.9999688863754272,1.447548356736661e-06,2.4858170945663005e-05,0.9999688863754272,4.4272806007938925e-06,2.2556153567165893e-07,1.1078618911142257e-07
resnet18,/Users/admin/surface-defect-train/results/chips/validation/patches/patches_287_bb01.png,patches,patches,0.9990629553794861,1.1849679140141234e-06,0.0005430785240605474,0.9990629553794861,0.0003679407818708569,1.4373084923136048e-05,1.0411675248178653e-05
resnet18,/Users/admin/surface-defect-train/results/chips/validation/patches/patches_288_bb00.png,patches,patches,0.9999992847442627,1.3614202032385947e-07,1.200016725988462e-07,0.9999992847442627,1.4033483353159681e-07,3.525884721966577e-07,1.4457304242654345e-09
resnet18,/Users/admin/surface-defect-train/results/chips/validation/patches/patches_288_bb01.png,patches,patches,0.9998958110809326,1.6703966139175463e-06,4.631257979781367e-05,0.9998958110809326,4.5893746573710814e-05,1.0007853234128561e-05,3.3476439398327784e-07
resnet18,/Users/admin/surface-defect-train/results/chips/validation/patches/patches_289_bb00.png,patches,patches,0.9884964227676392,3.5653534723678604e-05,0.0076753185130655766,0.9884964227676392,0.0037660999223589897,1.1338711374264676e-06,2.5387895220774226e-05
resnet18,/Users/admin/surface-defect-train/results/chips/validation/patches/patches_289_bb01.png,patches,patches,0.998691737651825,3.344154902151786e-05,0.000756244407966733,0.998691737651825,0.0005158124840818346,3.1884988516139856e-07,2.43971703639545e-06
resnet18,/Users/admin/surface-defect-train/results/chips/validation/patches/patches_289_bb02.png,patches,patches,0.9999991655349731,2.4628938888326957e-09,5.010876407141041e-07,0.9999991655349731,4.07132176860614e-08,2.54629270557416e-07,1.457869824861291e-09
resnet18,/Users/admin/surface-defect-train/results/chips/validation/patches/patches_289_bb03.png,patches,patches,0.9999054670333862,2.6389107006252743e-06,4.0062808693619445e-05,0.9999054670333862,2.6639119823812507e-05,2.4631754058646038e-05,5.173987460693752e-07
resnet18,/Users/admin/surface-defect-train/results/chips/validation/patches/patches_289_bb04.png,patches,patches,0.9999346733093262,6.463667432399234e-06,1.728136521705892e-05,0.9999346733093262,4.107928543817252e-05,2.8677470709226327e-07,1.4953022287045314e-07
resnet18,/Users/admin/surface-defect-train/results/chips/validation/patches/patches_290_bb00.png,patches,patches,0.9999998807907104,8.648314286929804e-10,5.1099565467893626e-08,0.9999998807907104,2.9108992549709e-08,4.5481476362851936e-09,7.324080231185803e-10
resnet18,/Users/admin/surface-defect-train/results/chips/validation/patches/patches_290_bb01.png,patches,patches,0.9999985694885254,3.1038860015542014e-07,2.8279458774704835e-07,0.9999985694885254,3.55413931174553e-07,5.668157427862752e-07,7.015699132750797e-09
resnet18,/Users/admin/surface-defect-train/results/chips/validation/patches/patches_290_bb02.png,patches,patches,0.9999788999557495,1.4116782040218823e-05,3.910623490810394e-06,0.9999788999557495,2.7797327675216366e-06,2.632565099247586e-07,1.827757856176504e-08
resnet18,/Users/admin/surface-defect-train/results/chips/validation/patches/patches_290_bb03.png,patches,patches,0.999987006187439,7.786327842040919e-06,3.6355008887767326e-06,0.999987006187439,1.3207092024458689e-06,2.442824040826963e-07,8.837439224862464e-08
resnet18,/Users/admin/surface-defect-train/results/chips/validation/patches/patches_290_bb04.png,patches,patches,0.9999231100082397,6.579041655641049e-05,7.149791144911433e-06,0.9999231100082397,1.9726103346329182e-06,1.9589870134950615e-06,8.486353664238777e-08
resnet18,/Users/admin/surface-defect-train/results/chips/validation/patches/patches_291_bb00.png,patches,patches,1.0,2.660841924399804e-13,1.9215069535505336e-09,1.0,1.3822980982070021e-08,7.444997396355291e-10,1.7511093269861888e-11
resnet18,/Users/admin/surface-defect-train/results/chips/validation/patches/patches_291_bb01.png,patches,patches,0.9999946355819702,2.742910343300764e-09,8.668016562296543e-07,0.9999946355819702,4.472314230952179e-06,1.2296434981351467e-08,3.9330112500124415e-09
resnet18,/Users/admin/surface-defect-train/results/chips/validation/patches/patches_291_bb02.png,patches,patches,0.9999978542327881,7.951089173729997e-07,3.2130148497344635e-07,0.9999978542327881,1.2361313395103934e-07,8.842075089887658e-07,2.2509036856632747e-09
resnet18,/Users/admin/surface-defect-train/results/chips/validation/patches/patches_291_bb03.png,patches,patches,0.9999960660934448,2.055143388801639e-09,3.9597875911567826e-07,0.9999960660934448,3.385298441571649e-06,5.8963056659422364e-08,3.5061017200632705e-08
resnet18,/Users/admin/surface-defect-train/results/chips/validation/patches/patches_292_bb00.png,patches,patches,1.0,8.53073376370396e-14,1.2109029924600723e-11,1.0,1.7099358040617574e-10,2.582527941497048e-11,3.4158179079311554e-14
resnet18,/Users/admin/surface-defect-train/results/chips/validation/patches/patches_292_bb01.png,patches,patches,0.999958872795105,1.6852069393280544e-06,1.1272431947872974e-05,0.999958872795105,2.760559982561972e-05,3.5411827070674917e-07,1.795220754274851e-07
resnet18,/Users/admin/surface-defect-train/results/chips/validation/patches/patches_292_bb02.png,patches,patches,0.9999994039535522,7.19137804860992e-11,1.0977486653018786e-07,0.9999994039535522,3.7851188494641974e-07,1.2142744765242242e-07,7.649460231906602e-11
resnet18,/Users/admin/surface-defect-train/results/chips/validation/patches/patches_292_bb03.png,patches,patches,0.9999957084655762,1.4195570940955804e-08,2.2636191943092854e-07,0.9999957084655762,5.286423174766242e-07,3.5982557164970785e-06,6.5364638146547804e-09
resnet18,/Users/admin/surface-defect-train/results/chips/validation/patches/patches_292_bb04.png,patches,patches,0.9998526573181152,4.6681316234753467e-07,2.231562029919587e-05,0.9998526573181152,0.00012439627607818693,2.7111189737638597e-08,9.654359445221417e-08
resnet18,/Users/admin/surface-defect-train/results/chips/validation/patches/patches_293_bb00.png,patches,patches,1.0,2.931892228996702e-10,2.0365353847751066e-08,1.0,3.4466662413024096e-08,2.6752246640171506e-08,3.4050723352052614e-10
resnet18,/Users/admin/surface-defect-train/results/chips/validation/patches/patches_293_bb01.png,patches,patches,1.0,6.467659741105081e-10,1.3001411058866097e-10,1.0,1.6279647629957594e-09,4.9232014021072246e-09,1.0905694750040773e-12
resnet18,/Users/admin/surface-defect-train/results/chips/validation/patches/patches_294_bb00.png,patches,patches,0.9999998807907104,3.536657910974128e-10,2.4268274501082487e-08,0.9999998807907104,1.5172159351095615e-07,9.557686864170023e-10,3.326155462168856e-10
resnet18,/Users/admin/surface-defect-train/results/chips/validation/patches/patches_294_bb01.png,patches,patches,0.9999951124191284,4.629714567272458e-06,4.265910291678665e-08,0.9999951124191284,1.583315345499159e-08,2.4496279138475074e-07,2.7006838432264146e-10
resnet18,/Users/admin/surface-defect-train/results/chips/validation/patches/patches_295_bb00.png,patches,patches,0.9999998807907104,6.791487077578706e-12,9.591293981259241e-09,0.9999998807907104,1.0909008807402643e-07,1.3816594535143167e-09,1.7636730964554204e-10
resnet18,/Users/admin/surface-defect-train/results/chips/validation/patches/patches_295_bb01.png,patches,patches,0.9848229885101318,0.013283596374094486,0.001229364424943924,0.9848229885101318,0.0004977153148502111,0.00014845415716990829,1.7806218238547444e-05
resnet18,/Users/admin/surface-defect-train/results/chips/validation/patches/patches_295_bb02.png,patches,patches,0.9999874830245972,5.5396058087353595e-06,5.730872771891882e-07,0.9999874830245972,5.106315938974149e-07,5.918181159358937e-06,1.3556070932452258e-08
resnet18,/Users/admin/surface-defect-train/results/chips/validation/patches/patches_296_bb00.png,patches,patches,1.0,4.141684911695975e-11,8.478907020936788e-10,1.0,9.560677804998363e-10,4.5032166884340086e-10,1.326008573776516e-11
resnet18,/Users/admin/surface-defect-train/results/chips/validation/patches/patches_296_bb01.png,patches,patches,0.9999953508377075,3.366185865161242e-06,4.169403382547898e-07,0.9999953508377075,5.75220724385872e-07,2.3511969970968494e-07,2.261191944796792e-08
resnet18,/Users/admin/surface-defect-train/results/chips/validation/patches/patches_296_bb02.png,patches,patches,0.9999977350234985,4.1490828550649894e-08,1.7592807921573694e-07,0.9999977350234985,1.7379151131535764e-06,3.7003866282248055e-07,1.156843953964426e-09
resnet18,/Users/admin/surface-defect-train/results/chips/validation/patches/patches_297_bb00.png,patches,patches,0.9999998807907104,2.80553941189865e-10,1.1747845363174747e-08,0.9999998807907104,1.3116654429268237e-07,3.476387622214361e-09,3.544192717086503e-11
resnet18,/Users/admin/surface-defect-train/results/chips/validation/patches/patches_297_bb01.png,patches,patches,0.9999866485595703,9.823491382121574e-06,2.193169393649441e-06,0.9999866485595703,2.599965114313818e-07,1.0300002486474114e-06,2.0224723229489427e-08
resnet18,/Users/admin/surface-defect-train/results/chips/validation/patches/patches_297_bb02.png,patches,patches,0.9911243319511414,0.005869283340871334,0.0020235951524227858,0.9911243319511414,0.0009283171966671944,2.823715294653084e-05,2.6231142328470014e-05
resnet18,/Users/admin/surface-defect-train/results/chips/validation/patches/patches_298_bb00.png,patches,patches,1.0,1.0369851644043138e-08,5.598715713261981e-09,1.0,3.0367144354670472e-09,6.0038995997047095e-09,2.6220813714727953e-11
resnet18,/Users/admin/surface-defect-train/results/chips/validation/patches/patches_298_bb01.png,patches,patches,1.0,2.882520333535865e-10,1.205996968955958e-09,1.0,1.1524990961575554e-09,1.0139351580562561e-09,2.992649530964009e-11
resnet18,/Users/admin/surface-defect-train/results/chips/validation/patches/patches_298_bb02.png,patches,patches,1.0,6.846533756599271e-11,1.3451867397762385e-09,1.0,4.694832078655509e-09,1.8359722631089426e-08,1.331912774515942e-10
resnet18,/Users/admin/surface-defect-train/results/chips/validation/patches/patches_298_bb03.png,patches,patches,0.999998927116394,2.186270506854271e-07,2.7875174168912054e-07,0.999998927116394,3.228021512313717e-07,2.9737645945715485e-07,9.160904923533053e-09
resnet18,/Users/admin/surface-defect-train/results/chips/validation/patches/patches_299_bb00.png,patches,patches,0.9999997615814209,7.922489686507106e-08,5.851870454876007e-08,0.9999997615814209,6.1136944395912e-08,1.2351432765456138e-08,3.095029232902391e-10
resnet18,/Users/admin/surface-defect-train/results/chips/validation/patches/patches_299_bb01.png,patches,patches,0.9585212469100952,0.00010666066373232752,0.017118185758590698,0.9585212469100952,0.024139123037457466,1.7261618268094026e-05,9.742230759002268e-05
resnet18,/Users/admin/surface-defect-train/results/chips/validation/patches/patches_299_bb02.png,patches,patches,0.9978715181350708,6.923598994035274e-05,0.0013110000872984529,0.9978715181350708,0.0007376858848147094,1.774365728124394e-06,8.740917110117152e-06
resnet18,/Users/admin/surface-defect-train/results/chips/validation/patches/patches_300_bb00.png,patches,patches,1.0,3.543396964733603e-10,8.764243553116557e-09,1.0,4.628379457471965e-09,1.4705753281774037e-09,3.845220808429417e-10
resnet18,/Users/admin/surface-defect-train/results/chips/validation/patches/patches_300_bb01.png,patches,patches,0.9999947547912598,4.713665930466959e-06,4.7124046886892756e-07,0.9999947547912598,6.126001039774565e-08,7.94320911268187e-08,2.5153181759662857e-09
resnet18,/Users/admin/surface-defect-train/results/chips/validation/patches/pitted_surface_245_bb02.png,patches,patches,0.8858737945556641,6.738837896591576e-07,0.07923182845115662,0.8858737945556641,0.03460302576422691,0.00025309293414466083,3.76184398191981e-05
resnet18,/Users/admin/surface-defect-train/results/chips/validation/patches/pitted_surface_247_bb01.png,patches,patches,0.9932925701141357,5.891188834539207e-07,0.0013410351239144802,0.9932925701141357,0.005354409106075764,9.372944077767897e-06,2.080941385429469e-06
resnet18,/Users/admin/surface-defect-train/results/chips/validation/patches/pitted_surface_258_bb01.png,patches,pitted_surface,0.4571239650249481,0.005269109271466732,0.026764001697301865,0.15379659831523895,0.4571239650249481,0.3563612103462219,0.000685087579768151
resnet18,/Users/admin/surface-defect-train/results/chips/validation/patches/pitted_surface_261_bb01.png,patches,patches,0.8779612183570862,1.2659246749535669e-05,0.0008171476656571031,0.8779612183570862,0.0011655541602522135,0.1200253888964653,1.801063262973912e-05
resnet18,/Users/admin/surface-defect-train/results/chips/validation/patches/pitted_surface_261_bb02.png,patches,patches,0.9984051585197449,3.680726479160512e-08,0.000962969264946878,0.9984051585197449,0.0006281569949351251,1.287914528802503e-06,2.4152543574018637e-06
resnet18,/Users/admin/surface-defect-train/results/chips/validation/patches/pitted_surface_272_bb02.png,patches,patches,0.9586054682731628,4.1103587022917054e-07,0.03897538781166077,0.9586054682731628,0.0022988105192780495,9.853649680735543e-05,2.131342625943944e-05
resnet18,/Users/admin/surface-defect-train/results/chips/validation/patches/pitted_surface_276_bb01.png,patches,patches,0.9500916600227356,6.244641554076225e-05,0.0009384398581460118,0.9500916600227356,0.0488116554915905,9.014342504087836e-05,5.719810360460542e-06
resnet18,/Users/admin/surface-defect-train/results/chips/validation/patches/pitted_surface_276_bb02.png,patches,patches,0.9824275374412537,2.85228082930189e-07,0.0012127554509788752,0.9824275374412537,0.016348490491509438,9.817432328418363e-06,1.1613784636210767e-06
resnet18,/Users/admin/surface-defect-train/results/chips/validation/patches/pitted_surface_277_bb01.png,patches,pitted_surface,0.4683701694011688,4.486582474783063e-05,0.36635372042655945,0.16464824974536896,0.4683701694011688,3.859628486679867e-05,0.0005444389535114169
resnet18,/Users/admin/surface-defect-train/results/chips/validation/patches/pitted_surface_279_bb02.png,patches,inclusion,0.943753719329834,3.4887662536675634e-07,0.943753719329834,0.054928697645664215,0.0009086460922844708,0.0003714311169460416,3.709333759616129e-05
resnet18,/Users/admin/surface-defect-train/results/chips/validation/patches/pitted_surface_291_bb01.png,patches,inclusion,0.3682239055633545,7.766755516058765e-06,0.3682239055633545,0.3493991494178772,0.2821532189846039,2.090034104185179e-05,0.00019507641263771802
resnet18,/Users/admin/surface-defect-train/results/chips/validation/patches/pitted_surface_292_bb02.png,patches,patches,0.9996194839477539,2.5137103421002394e-07,0.0002340305654797703,0.9996194839477539,0.00010528443817747757,4.013765283161774e-05,7.216685844468884e-07
resnet18,/Users/admin/surface-defect-train/results/chips/validation/patches/pitted_surface_292_bb03.png,patches,patches,0.9978535771369934,4.397689323809573e-09,5.742138091591187e-05,0.9978535771369934,0.0020880033262073994,7.098658443283057e-07,2.85879451666915e-07
resnet18,/Users/admin/surface-defect-train/results/chips/validation/patches/pitted_surface_294_bb02.png,patches,inclusion,0.5336363911628723,5.785709689121177e-09,0.5336363911628723,0.4661704897880554,0.00019209763559047133,5.232005833022413e-07,4.28934015417326e-07
resnet18,/Users/admin/surface-defect-train/results/chips/validation/patches/pitted_surface_295_bb01.png,patches,patches,0.9994418025016785,4.349475943854486e-07,0.00034548217081464827,0.9994418025016785,0.00014132424257695675,6.969852256588638e-05,1.2370751392154489e-06
resnet18,/Users/admin/surface-defect-train/results/chips/validation/patches/pitted_surface_296_bb02.png,patches,patches,0.9999128580093384,5.92332294324649e-10,4.444694241101388e-06,0.9999128580093384,8.25502211228013e-05,8.62865618955766e-08,2.4690555378015233e-08
resnet18,/Users/admin/surface-defect-train/results/chips/validation/pitted_surface/pitted_surface_241_bb00.png,pitted_surface,pitted_surface,0.9998462200164795,1.8267060397647583e-07,9.644989768275991e-05,5.692243212251924e-05,0.9998462200164795,1.2772412105732656e-07,1.3869373560737586e-07
resnet18,/Users/admin/surface-defect-train/results/chips/validation/pitted_surface/pitted_surface_242_bb00.png,pitted_surface,pitted_surface,0.9997007846832275,8.087830792646855e-06,0.00018548108346294612,9.609755943529308e-05,0.9997007846832275,8.072643140621949e-06,1.53403163949406e-06
resnet18,/Users/admin/surface-defect-train/results/chips/validation/pitted_surface/pitted_surface_242_bb01.png,pitted_surface,pitted_surface,0.9995741248130798,9.959933231584728e-05,0.00018995699065271765,0.00011300331971142441,0.9995741248130798,1.8116656065103598e-05,5.16611316925264e-06
resnet18,/Users/admin/surface-defect-train/results/chips/validation/pitted_surface/pitted_surface_243_bb00.png,pitted_surface,pitted_surface,0.9998807907104492,9.01455496205017e-05,1.7613852833164856e-05,4.273225897577504e-07,0.9998807907104492,3.417786956561031e-06,7.5318312156014144e-06
resnet18,/Users/admin/surface-defect-train/results/chips/validation/pitted_surface/pitted_surface_244_bb00.png,pitted_surface,pitted_surface,0.9999977350234985,7.50921813619243e-09,2.201215011155e-06,5.382464696168654e-09,0.9999977350234985,9.313875004579586e-09,3.050153196682004e-08
resnet18,/Users/admin/surface-defect-train/results/chips/validation/pitted_surface/pitted_surface_245_bb00.png,pitted_surface,pitted_surface,0.9999572038650513,3.0618855362263275e-06,3.696209023473784e-05,1.0753626611403888e-07,0.9999572038650513,9.451110258851259e-07,1.62680203175114e-06
resnet18,/Users/admin/surface-defect-train/results/chips/validation/pitted_surface/pitted_surface_245_bb01.png,pitted_surface,pitted_surface,0.9934223294258118,9.760889952303842e-05,0.0005117912660352886,5.049052106187446e-06,0.9934223294258118,0.005954161752015352,9.024184691952541e-06
resnet18,/Users/admin/surface-defect-train/results/chips/validation/pitted_surface/pitted_surface_246_bb00.png,pitted_surface,pitted_surface,0.9999539852142334,3.7656614040315617e-06,3.513799310894683e-05,4.306232881390315e-08,0.9999539852142334,5.069334292784333e-06,2.0738937109854305e-06
resnet18,/Users/admin/surface-defect-train/results/chips/validation/pitted_surface/pitted_surface_246_bb01.png,pitted_surface,pitted_surface,0.9990031123161316,8.198118848667946e-06,0.0009410818456672132,1.1528357390488964e-05,0.9990031123161316,2.7980335289612412e-05,8.05809031589888e-06
resnet18,/Users/admin/surface-defect-train/results/chips/validation/pitted_surface/pitted_surface_247_bb00.png,pitted_surface,pitted_surface,0.9982460737228394,8.054728937167965e-07,0.0014261197065934539,0.000321066880133003,0.9982460737228394,4.134797563892789e-06,1.7586637568456354e-06
resnet18,/Users/admin/surface-defect-train/results/chips/validation/pitted_surface/pitted_surface_248_bb00.png,pitted_surface,pitted_surface,0.9996256828308105,1.1308455214020796e-05,0.0002356930635869503,0.00011793079465860501,0.9996256828308105,6.798503818572499e-06,2.5280653517256724e-06
resnet18,/Users/admin/surface-defect-train/results/chips/validation/pitted_surface/pitted_surface_248_bb01.png,pitted_surface,pitted_surface,0.9425203204154968,0.0007912190048955381,0.012690498493611813,0.042291514575481415,0.9425203204154968,0.0015694071771577,0.00013708410551771522
resnet18,/Users/admin/surface-defect-train/results/chips/validation/pitted_surface/pitted_surface_249_bb00.png,pitted_surface,pitted_surface,0.9994157552719116,2.232883525721263e-05,0.00037944558425806463,0.00016928282275330275,0.9994157552719116,7.716505933785811e-06,5.504660293809138e-06
resnet18,/Users/admin/surface-defect-train/results/chips/validation/pitted_surface/pitted_surface_250_bb00.png,pitted_surface,pitted_surface,0.9997887015342712,6.625918467761949e-05,0.00011792921577580273,1.4592697880289052e-05,0.9997887015342712,2.4424061848549172e-06,1.007872742775362e-05
resnet18,/Users/admin/surface-defect-train/results/chips/validation/pitted_surface/pitted_surface_251_bb00.png,pitted_surface,pitted_surface,0.9999186992645264,1.2828700164391194e-05,5.934528599027544e-05,1.9490633462737605e-07,0.9999186992645264,3.743233037312166e-06,5.148679065314354e-06
resnet18,/Users/admin/surface-defect-train/results/chips/validation/pitted_surface/pitted_surface_252_bb00.png,pitted_surface,pitted_surface,0.9949466586112976,2.565326667536283e-06,0.004973710514605045,1.2276918823772576e-06,0.9949466586112976,1.646742930461187e-05,5.9415957366582006e-05
resnet18,/Users/admin/surface-defect-train/results/chips/validation/pitted_surface/pitted_surface_253_bb00.png,pitted_surface,pitted_surface,0.999491810798645,3.700153229146963e-06,0.00039704368100501597,0.00010194294736720622,0.999491810798645,3.849892436846858e-06,1.6091927363959257e-06
resnet18,/Users/admin/surface-defect-train/results/chips/validation/pitted_surface/pitted_surface_253_bb01.png,pitted_surface,pitted_surface,0.8374429941177368,0.0007123337127268314,0.019733307883143425,0.13009878993034363,0.8374429941177368,0.011854195967316628,0.00015828150208108127
resnet18,/Users/admin/surface-defect-train/results/chips/validation/pitted_surface/pitted_surface_254_bb00.png,pitted_surface,pitted_surface,0.9996089339256287,1.703791531326715e-05,0.0002237353619420901,0.00014422879030462354,0.9996089339256287,2.7437135940999724e-06,3.339234353916254e-06
resnet18,/Users/admin/surface-defect-train/results/chips/validation/pitted_surface/pitted_surface_255_bb00.png,pitted_surface,pitted_surface,0.999427855014801,0.00011367200204404071,0.0003486567875370383,7.420327165164053e-05,0.999427855014801,4.655372322304174e-06,3.098035085713491e-05
resnet18,/Users/admin/surface-defect-train/results/chips/validation/pitted_surface/pitted_surface_256_bb00.png,pitted_surface,pitted_surface,0.980914831161499,7.5066773206344806e-06,0.018248911947011948,1.8254757378599606e-05,0.980914831161499,0.0007422566413879395,6.827080505900085e-05
resnet18,/Users/admin/surface-defect-train/results/chips/validation/pitted_surface/pitted_surface_256_bb01.png,pitted_surface,pitted_surface,0.9998096823692322,6.414103700080886e-05,8.838160283630714e-05,1.2207809731989983e-06,0.9998096823692322,2.946532731584739e-05,7.07886374584632e-06
resnet18,/Users/admin/surface-defect-train/results/chips/validation/pitted_surface/pitted_surface_257_bb00.png,pitted_surface,pitted_surface,0.996482253074646,2.8684662538580596e-06,0.003442958928644657,1.1660482641673298e-06,0.996482253074646,2.0530769688775763e-05,5.0151975301560014e-05
resnet18,/Users/admin/surface-defect-train/results/chips/validation/pitted_surface/pitted_surface_258_bb00.png,pitted_surface,pitted_surface,0.999560534954071,6.650191153312335e-06,0.0003403508453629911,8.59663196024485e-05,0.999560534954071,3.1888680496194866e-06,3.3443598113080952e-06
resnet18,/Users/admin/surface-defect-train/results/chips/validation/pitted_surface/pitted_surface_259_bb00.png,pitted_surface,pitted_surface,0.9991361498832703,0.00022566568804904819,0.0004972114693373442,6.748562009306625e-05,0.9991361498832703,2.142259108950384e-05,5.208130460232496e-05
resnet18,/Users/admin/surface-defect-train/results/chips/validation/pitted_surface/pitted_surface_260_bb00.png,pitted_surface,pitted_surface,0.9996427297592163,0.00022379351139534265,9.068405779544264e-05,2.0316674635978416e-06,0.9996427297592163,1.2496420822571963e-05,2.8202455723658204e-05
resnet18,/Users/admin/surface-defect-train/results/chips/validation/pitted_surface/pitted_surface_261_bb00.png,pitted_surface,pitted_surface,0.9996086955070496,7.08574816599139e-06,0.0002850426535587758,9.19008525670506e-05,0.9996086955070496,5.101342139823828e-06,2.215071390310186e-06
resnet18,/Users/admin/surface-defect-train/results/chips/validation/pitted_surface/pitted_surface_262_bb00.png,pitted_surface,pitted_surface,0.9997759461402893,1.0728714187280275e-05,0.00017005819245241582,3.754007047973573e-05,0.9997759461402893,3.0146452445478644e-06,2.7941200642089825e-06
resnet18,/Users/admin/surface-defect-train/results/chips/validation/pitted_surface/pitted_surface_263_bb00.png,pitted_surface,pitted_surface,0.9963229894638062,8.29895434435457e-05,0.0032793402206152678,4.637283564079553e-05,0.9963229894638062,9.528690861770883e-05,0.0001731342199491337
resnet18,/Users/admin/surface-defect-train/results/chips/validation/pitted_surface/pitted_surface_264_bb00.png,pitted_surface,pitted_surface,0.9970069527626038,0.00024362446856684983,0.0020964404102414846,1.4865341654513031e-05,0.9970069527626038,0.00010527097037993371,0.0005328677361831069
resnet18,/Users/admin/surface-defect-train/results/chips/validation/pitted_surface/pitted_surface_265_bb00.png,pitted_surface,pitted_surface,0.851361095905304,5.306737875798717e-05,0.13983401656150818,1.525175048300298e-05,0.851361095905304,0.0019882656633853912,0.006748357322067022
resnet18,/Users/admin/surface-defect-train/results/chips/validation/pitted_surface/pitted_surface_266_bb00.png,pitted_surface,pitted_surface,0.9985560774803162,2.738596265317028e-07,0.001433330588042736,2.573643769210321e-06,0.9985560774803162,5.549313300434733e-06,2.1677815311704762e-06
resnet18,/Users/admin/surface-defect-train/results/chips/validation/pitted_surface/pitted_surface_266_bb01.png,pitted_surface,rolled-in_scale,0.9903890490531921,4.06651906814659e-06,0.007309060078114271,0.00105001509655267,0.0012405579909682274,0.9903890490531921,7.265460226335563e-06
resnet18,/Users/admin/surface-defect-train/results/chips/validation/pitted_surface/pitted_surface_266_bb02.png,pitted_surface,pitted_surface,0.9879580140113831,8.814237730803143e-07,0.011353928595781326,2.7020008928957395e-05,0.9879580140113831,0.0006550964317284524,5.059571776655503e-06
resnet18,/Users/admin/surface-defect-train/results/chips/validation/pitted_surface/pitted_surface_267_bb00.png,pitted_surface,pitted_surface,0.9961665272712708,6.713553830195451e-06,0.003725980641320348,6.907139777467819e-06,0.9961665272712708,5.204937042435631e-05,4.1795770812314004e-05
resnet18,/Users/admin/surface-defect-train/results/chips/validation/pitted_surface/pitted_surface_267_bb01.png,pitted_surface,pitted_surface,0.9854139089584351,7.5759176070278045e-06,0.014036704786121845,3.085594289586879e-05,0.9854139089584351,0.00047716847620904446,3.379197005415335e-05
resnet18,/Users/admin/surface-defect-train/results/chips/validation/pitted_surface/pitted_surface_268_bb00.png,pitted_surface,pitted_surface,0.9995864033699036,1.6204436178668402e-05,0.0003513279662001878,1.0045580893347505e-05,0.9995864033699036,2.795747604977805e-05,8.046111361181829e-06
resnet18,/Users/admin/surface-defect-train/results/chips/validation/pitted_surface/pitted_surface_268_bb01.png,pitted_surface,pitted_surface,0.993445634841919,2.66494280367624e-05,0.004824288189411163,0.00019314615929033607,0.993445634841919,0.0014966955641284585,1.360117948934203e-05
resnet18,/Users/admin/surface-defect-train/results/chips/validation/pitted_surface/pitted_surface_269_bb00.png,pitted_surface,pitted_surface,0.9997907280921936,6.822135037509724e-05,8.846915443427861e-05,4.309319774620235e-05,0.9997907280921936,6.3374650380865205e-06,3.1780700737726875e-06
resnet18,/Users/admin/surface-defect-train/results/chips/validation/pitted_surface/pitted_surface_269_bb01.png,pitted_surface,pitted_surface,0.9580715298652649,0.006725056562572718,0.012274120002985,0.00343933142721653,0.9580715298652649,0.01911625638604164,0.0003737001388799399
resnet18,/Users/admin/surface-defect-train/results/chips/validation/pitted_surface/pitted_surface_270_bb00.png,pitted_surface,pitted_surface,0.9996966123580933,4.1929404687834904e-05,0.00019104294187854975,5.726104063796811e-05,0.9996966123580933,7.882299541961402e-06,5.379071353672771e-06
resnet18,/Users/admin/surface-defect-train/results/chips/validation/pitted_surface/pitted_surface_271_bb00.png,pitted_surface,pitted_surface,0.9996408224105835,5.0774119699781295e-06,0.0002533964579924941,9.595169103704393e-05,0.9996408224105835,3.192836857124348e-06,1.55373038523976e-06
resnet18,/Users/admin/surface-defect-train/results/chips/validation/pitted_surface/pitted_surface_271_bb01.png,pitted_surface,pitted_surface,0.9971596002578735,0.00015846879978198558,0.0012392228236421943,0.0008377963677048683,0.9971596002578735,0.0005954365478828549,9.509941264695954e-06
resnet18,/Users/admin/surface-defect-train/results/chips/validation/pitted_surface/pitted_surface_272_bb00.png,pitted_surface,pitted_surface,0.999847412109375,6.819127156632021e-05,5.39000284334179e-05,8.11883865026175e-07,0.999847412109375,2.2756874386686832e-05,6.842281891294988e-06
resnet18,/Users/admin/surface-defect-train/results/chips/validation/pitted_surface/pitted_surface_272_bb01.png,pitted_surface,pitted_surface,0.9922918677330017,0.00019683947903104126,0.0008760481723584235,6.3599491113564e-06,0.9922918677330017,0.006611135322600603,1.774651354935486e-05
resnet18,/Users/admin/surface-defect-train/results/chips/validation/pitted_surface/pitted_surface_273_bb00.png,pitted_surface,pitted_surface,0.9888239502906799,0.0012825623853132129,0.001418190193362534,2.2401265596272424e-05,0.9888239502906799,0.007846572436392307,0.0006062996108084917
resnet18,/Users/admin/surface-defect-train/results/chips/validation/pitted_surface/pitted_surface_274_bb00.png,pitted_surface,pitted_surface,0.9985590577125549,0.0007112239254638553,0.00018474558601155877,1.5379101796497707e-06,0.9985590577125549,0.00016842145123519003,0.0003750083560589701
resnet18,/Users/admin/surface-defect-train/results/chips/validation/pitted_surface/pitted_surface_275_bb00.png,pitted_surface,pitted_surface,0.9999270439147949,4.460659965843661e-06,5.2413291996344924e-05,7.306131806217309e-07,0.9999270439147949,1.4257446309784427e-05,1.1231902590225218e-06
resnet18,/Users/admin/surface-defect-train/results/chips/validation/pitted_surface/pitted_surface_276_bb00.png,pitted_surface,pitted_surface,0.9994906187057495,4.1586122279113624e-07,0.000297275633784011,0.00021100796584505588,0.9994906187057495,1.3659726505466097e-07,4.5584388885799854e-07
resnet18,/Users/admin/surface-defect-train/results/chips/validation/pitted_surface/pitted_surface_277_bb00.png,pitted_surface,pitted_surface,0.9988521337509155,1.109605909732636e-05,0.0009611836867406964,0.00015057424025144428,0.9988521337509155,1.3560847037297208e-05,1.1353714398865122e-05
resnet18,/Users/admin/surface-defect-train/results/chips/validation/pitted_surface/pitted_surface_278_bb00.png,pitted_surface,pitted_surface,0.999371349811554,4.319900654081721e-06,0.0004896942991763353,0.00012507208157330751,0.999371349811554,7.271928552654572e-06,2.2942142550164135e-06
resnet18,/Users/admin/surface-defect-train/results/chips/validation/pitted_surface/pitted_surface_279_bb00.png,pitted_surface,pitted_surface,0.9999995231628418,3.346565212447583e-12,5.253870085653034e-07,1.163961080297149e-10,0.9999995231628418,6.096553817336314e-11,3.2597494148411954e-10
resnet18,/Users/admin/surface-defect-train/results/chips/validation/pitted_surface/pitted_surface_280_bb00.png,pitted_surface,pitted_surface,0.9999990463256836,5.027647677520453e-13,9.778675575944362e-07,5.2635912989318356e-11,0.9999990463256836,2.973442455797559e-12,4.3115017112071996e-10
resnet18,/Users/admin/surface-defect-train/results/chips/validation/pitted_surface/pitted_surface_280_bb01.png,pitted_surface,pitted_surface,0.9993822574615479,1.2259822046445379e-09,0.0006170443957671523,3.2313303677256044e-07,0.9993822574615479,5.395150104448021e-09,3.465669919933134e-07
resnet18,/Users/admin/surface-defect-train/results/chips/validation/pitted_surface/pitted_surface_280_bb02.png,pitted_surface,pitted_surface,0.890383243560791,2.6652066935639596e-06,0.10882296413183212,0.0005806952249258757,0.890383243560791,5.713413429475622e-06,0.00020467984722927213
resnet18,/Users/admin/surface-defect-train/results/chips/validation/pitted_surface/pitted_surface_281_bb00.png,pitted_surface,pitted_surface,0.952421247959137,3.1862020932749147e-06,0.0472942478954792,0.0001109301156247966,0.952421247959137,5.122871880303137e-05,0.00011921612895093858
resnet18,/Users/admin/surface-defect-train/results/chips/validation/pitted_surface/pitted_surface_282_bb00.png,pitted_surface,pitted_surface,0.9991087317466736,6.371607241817401e-07,0.0007606731960549951,1.1032077651407235e-07,0.9991087317466736,0.00012554801651276648,4.284004717192147e-06
resnet18,/Users/admin/surface-defect-train/results/chips/validation/pitted_surface/pitted_surface_282_bb01.png,pitted_surface,pitted_surface,0.9999363422393799,5.481100462390032e-09,6.316389772109687e-05,7.48771800118675e-09,0.9999363422393799,3.7117342799319886e-07,1.456545817291044e-07
resnet18,/Users/admin/surface-defect-train/results/chips/validation/pitted_surface/pitted_surface_283_bb00.png,pitted_surface,pitted_surface,0.99899822473526,1.7554929172547418e-06,0.0009025828912854195,8.875203639036044e-05,0.99899822473526,6.028298230376095e-06,2.6134030122193508e-06
resnet18,/Users/admin/surface-defect-train/results/chips/validation/pitted_surface/pitted_surface_284_bb00.png,pitted_surface,pitted_surface,0.9991211295127869,4.2468792571526137e-07,0.0007890424458310008,8.751641871640459e-05,0.9991211295127869,7.674814810343378e-07,1.0940940455839154e-06
resnet18,/Users/admin/surface-defect-train/results/chips/validation/pitted_surface/pitted_surface_284_bb01.png,pitted_surface,pitted_surface,0.998849630355835,1.0766864733113835e-07,0.0009867999469861388,0.00016270502237603068,0.998849630355835,1.4336015397020674e-07,5.283175710246724e-07
resnet18,/Users/admin/surface-defect-train/results/chips/validation/pitted_surface/pitted_surface_285_bb00.png,pitted_surface,pitted_surface,0.999583899974823,1.4982212137581996e-09,0.00041567248990759254,2.325063697128371e-08,0.999583899974823,1.0838552100267407e-07,3.4087801736859547e-07
resnet18,/Users/admin/surface-defect-train/results/chips/validation/pitted_surface/pitted_surface_286_bb00.png,pitted_surface,pitted_surface,0.9990320205688477,3.3670941775199026e-05,0.0008223179029300809,4.8476169467903674e-05,0.9990320205688477,7.928127160994336e-06,5.5605665693292394e-05
resnet18,/Users/admin/surface-defect-train/results/chips/validation/pitted_surface/pitted_surface_287_bb00.png,pitted_surface,pitted_surface,0.9991683959960938,7.46134401197196e-06,0.0007794368430040777,1.4210336303221993e-06,0.9991683959960938,3.0974875699030235e-05,1.2232769222464412e-05
resnet18,/Users/admin/surface-defect-train/results/chips/validation/pitted_surface/pitted_surface_288_bb00.png,pitted_surface,pitted_surface,0.9984104633331299,0.00019382416212465614,0.0011436570202931762,8.022345718927681e-05,0.9984104633331299,6.824402953498065e-05,0.0001035422901622951
resnet18,/Users/admin/surface-defect-train/results/chips/validation/pitted_surface/pitted_surface_289_bb00.png,pitted_surface,pitted_surface,0.999705970287323,3.56420923708356e-06,0.00024976959684863687,3.317546361358836e-05,0.999705970287323,5.391575996327447e-06,2.0688721633632667e-06
resnet18,/Users/admin/surface-defect-train/results/chips/validation/pitted_surface/pitted_surface_289_bb01.png,pitted_surface,pitted_surface,0.9998387098312378,6.683907116666887e-08,0.0001421527413185686,1.8374657884123735e-05,0.9998387098312378,5.006996275369602e-07,1.2792403936146002e-07
resnet18,/Users/admin/surface-defect-train/results/chips/validation/pitted_surface/pitted_surface_290_bb00.png,pitted_surface,pitted_surface,0.9994059801101685,6.444365112656669e-07,0.000505034055095166,8.671709656482562e-05,0.9994059801101685,6.232895088942314e-07,9.188966600959247e-07
resnet18,/Users/admin/surface-defect-train/results/chips/validation/pitted_surface/pitted_surface_290_bb01.png,pitted_surface,pitted_surface,0.9999569654464722,3.7227574356535342e-09,3.933636617148295e-05,3.726123395608738e-06,0.9999569654464722,7.2338770529256635e-09,2.1603247191137598e-08
resnet18,/Users/admin/surface-defect-train/results/chips/validation/pitted_surface/pitted_surface_290_bb02.png,pitted_surface,pitted_surface,0.9543164968490601,0.00024061923613771796,0.039888620376586914,0.004605561960488558,0.9543164968490601,0.00030422344570979476,0.0006444496684707701
resnet18,/Users/admin/surface-defect-train/results/chips/validation/pitted_surface/pitted_surface_291_bb00.png,pitted_surface,pitted_surface,0.999963641166687,2.5810162696870975e-05,6.676071279798634e-06,3.1481802125199465e-06,0.999963641166687,1.6325682850037992e-07,5.807286811432277e-07
resnet18,/Users/admin/surface-defect-train/results/chips/validation/pitted_surface/pitted_surface_292_bb00.png,pitted_surface,pitted_surface,0.9999959468841553,1.1235998726988328e-06,9.611227369532571e-07,1.9011528138435096e-06,0.9999959468841553,3.216593924548761e-08,2.991295389165316e-08
resnet18,/Users/admin/surface-defect-train/results/chips/validation/pitted_surface/pitted_surface_292_bb01.png,pitted_surface,pitted_surface,0.9920687675476074,0.0003726587165147066,0.003846412990242243,0.0011722833150997758,0.9920687675476074,0.002508023288100958,3.18582788167987e-05
resnet18,/Users/admin/surface-defect-train/results/chips/validation/pitted_surface/pitted_surface_293_bb00.png,pitted_surface,pitted_surface,0.9999790191650391,1.2536554550024448e-06,1.2034098290314432e-05,7.365036253759172e-06,0.9999790191650391,2.6164951094642674e-08,1.8624027120495157e-07
resnet18,/Users/admin/surface-defect-train/results/chips/validation/pitted_surface/pitted_surface_294_bb00.png,pitted_surface,pitted_surface,0.9999986886978149,4.828188196470684e-11,1.3620733625430148e-06,1.9119820393598275e-08,0.9999986886978149,2.5507339296293452e-11,9.282931090481839e-10
resnet18,/Users/admin/surface-defect-train/results/chips/validation/pitted_surface/pitted_surface_294_bb01.png,pitted_surface,pitted_surface,0.9999986886978149,1.4759594935132014e-10,1.2436616998456884e-06,6.519553608086426e-08,0.9999986886978149,8.634070888802192e-12,2.6933337782253375e-09
resnet18,/Users/admin/surface-defect-train/results/chips/validation/pitted_surface/pitted_surface_295_bb00.png,pitted_surface,pitted_surface,0.9999890327453613,2.2295441794994986e-06,5.2324216994747985e-06,1.5508778687944869e-06,0.9999890327453613,1.8294924757356057e-06,1.2526847115168493e-07
resnet18,/Users/admin/surface-defect-train/results/chips/validation/pitted_surface/pitted_surface_296_bb00.png,pitted_surface,pitted_surface,0.9987391829490662,5.040678661316633e-05,0.00012794770009350032,0.0010794383706524968,0.9987391829490662,7.495198133256054e-07,2.2628510123468004e-06
resnet18,/Users/admin/surface-defect-train/results/chips/validation/pitted_surface/pitted_surface_296_bb01.png,pitted_surface,pitted_surface,0.9999991655349731,4.419106414133012e-09,2.4803082965263457e-07,6.273004942158877e-07,0.9999991655349731,1.2652542902280572e-10,3.0475162393628352e-09
resnet18,/Users/admin/surface-defect-train/results/chips/validation/pitted_surface/pitted_surface_297_bb00.png,pitted_surface,pitted_surface,0.999948263168335,6.088837523066104e-08,4.993820039089769e-05,1.3676655044037034e-06,0.999948263168335,6.372788163844234e-08,2.3176711749783863e-07
resnet18,/Users/admin/surface-defect-train/results/chips/validation/pitted_surface/pitted_surface_298_bb00.png,pitted_surface,pitted_surface,0.9998088479042053,2.155609202247888e-08,0.00018921250011771917,1.6113557421704172e-06,0.9998088479042053,1.5289516852590168e-07,2.0106374165607122e-07
resnet18,/Users/admin/surface-defect-train/results/chips/validation/pitted_surface/pitted_surface_298_bb01.png,pitted_surface,pitted_surface,0.9016959071159363,9.115650101421124e-08,0.0982012003660202,3.884000761900097e-05,0.9016959071159363,1.470557322136301e-06,6.241190567379817e-05
resnet18,/Users/admin/surface-defect-train/results/chips/validation/pitted_surface/pitted_surface_299_bb00.png,pitted_surface,pitted_surface,0.9999996423721313,1.6555644089378505e-16,3.6536221159622073e-07,1.4578036043946807e-13,0.9999996423721313,4.077060107435856e-15,2.180113381489157e-11
resnet18,/Users/admin/surface-defect-train/results/chips/validation/pitted_surface/pitted_surface_299_bb01.png,pitted_surface,pitted_surface,0.8177921175956726,2.2311628811166884e-07,0.1819288283586502,0.00015148514648899436,0.8177921175956726,1.0706997954912367e-06,0.00012630589480977505
resnet18,/Users/admin/surface-defect-train/results/chips/validation/pitted_surface/pitted_surface_299_bb02.png,pitted_surface,pitted_surface,0.9999775886535645,5.832331332163631e-15,2.246466465294361e-05,5.5513588517741574e-12,0.9999775886535645,8.572301939471783e-13,1.3034024970437486e-09
resnet18,/Users/admin/surface-defect-train/results/chips/validation/pitted_surface/pitted_surface_300_bb00.png,pitted_surface,pitted_surface,0.999985933303833,1.2912915181573226e-08,1.1141650247736834e-05,2.790397502394626e-06,0.999985933303833,2.0136948108984143e-08,1.5387614737960575e-08
resnet18,/Users/admin/surface-defect-train/results/chips/validation/pitted_surface/pitted_surface_300_bb01.png,pitted_surface,pitted_surface,0.9995719790458679,9.62455715125543e-07,0.00038644488085992634,3.839569762931205e-05,0.9995719790458679,8.295343718600634e-07,1.366074229736114e-06
resnet18,/Users/admin/surface-defect-train/results/chips/validation/rolled-in_scale/rolled-in_scale_241_bb00.png,rolled-in_scale,rolled-in_scale,0.9852348566055298,0.007152982521802187,0.00047452282160520554,0.004607451148331165,0.002516167238354683,0.9852348566055298,1.4049740457267035e-05
resnet18,/Users/admin/surface-defect-train/results/chips/validation/rolled-in_scale/rolled-in_scale_241_bb01.png,rolled-in_scale,rolled-in_scale,0.9364733695983887,0.03215999901294708,0.0004985108971595764,0.005189227871596813,0.0256637129932642,0.9364733695983887,1.5271216398105025e-05
resnet18,/Users/admin/surface-defect-train/results/chips/validation/rolled-in_scale/rolled-in_scale_242_bb00.png,rolled-in_scale,rolled-in_scale,0.9289786219596863,0.06755837053060532,0.00010386914073023945,0.0025002940092235804,0.0008506700396537781,0.9289786219596863,8.21871253720019e-06
resnet18,/Users/admin/surface-defect-train/results/chips/validation/rolled-in_scale/rolled-in_scale_242_bb01.png,rolled-in_scale,rolled-in_scale,0.9125275015830994,0.0601382851600647,0.0003613713779486716,0.008783071301877499,0.018175749108195305,0.9125275015830994,1.4056552572583314e-05
resnet18,/Users/admin/surface-defect-train/results/chips/validation/rolled-in_scale/rolled-in_scale_243_bb00.png,rolled-in_scale,rolled-in_scale,0.9345295429229736,0.05972636491060257,0.0008517269161529839,0.00025523712974973023,0.004619841929525137,0.9345295429229736,1.737253478495404e-05
resnet18,/Users/admin/surface-defect-train/results/chips/validation/rolled-in_scale/rolled-in_scale_244_bb00.png,rolled-in_scale,rolled-in_scale,0.9928752183914185,0.0052519612945616245,0.0003823305305559188,0.00014615671534556895,0.0013367598876357079,0.9928752183914185,7.485296009690501e-06
resnet18,/Users/admin/surface-defect-train/results/chips/validation/rolled-in_scale/rolled-in_scale_244_bb01.png,rolled-in_scale,rolled-in_scale,0.9800959825515747,0.004468529485166073,0.0009033347014337778,8.579828863730654e-05,0.014439096674323082,0.9800959825515747,7.3123756010318175e-06
resnet18,/Users/admin/surface-defect-train/results/chips/validation/rolled-in_scale/rolled-in_scale_244_bb02.png,rolled-in_scale,rolled-in_scale,0.9050070643424988,0.01985042914748192,0.00029057683423161507,9.942003089236096e-05,0.07474493980407715,0.9050070643424988,7.520511644543149e-06
resnet18,/Users/admin/surface-defect-train/results/chips/validation/rolled-in_scale/rolled-in_scale_245_bb00.png,rolled-in_scale,rolled-in_scale,0.9428689479827881,0.04230554774403572,0.0003201453946530819,0.0029958568047732115,0.011492515914142132,0.9428689479827881,1.6922289432841353e-05
resnet18,/Users/admin/surface-defect-train/results/chips/validation/rolled-in_scale/rolled-in_scale_245_bb01.png,rolled-in_scale,rolled-in_scale,0.7349385619163513,0.06830428540706635,0.002167338039726019,0.00044874486047774553,0.1940528005361557,0.7349385619163513,8.827592682791874e-05
resnet18,/Users/admin/surface-defect-train/results/chips/validation/rolled-in_scale/rolled-in_scale_246_bb00.png,rolled-in_scale,rolled-in_scale,0.9775162935256958,0.020379094406962395,0.0005740477354265749,0.00017049777670763433,0.0013433967251330614,0.9775162935256958,1.6736286852392368e-05
resnet18,/Users/admin/surface-defect-train/results/chips/validation/rolled-in_scale/rolled-in_scale_246_bb01.png,rolled-in_scale,rolled-in_scale,0.5239307880401611,0.15159626305103302,0.22327393293380737,0.07422932982444763,0.025653313845396042,0.5239307880401611,0.0013163035036996007
resnet18,/Users/admin/surface-defect-train/results/chips/validation/rolled-in_scale/rolled-in_scale_247_bb00.png,rolled-in_scale,rolled-in_scale,0.9916975498199463,0.0036140792071819305,0.0001954035833477974,0.0041073765605688095,0.0003804631414823234,0.9916975498199463,5.075488843431231e-06
resnet18,/Users/admin/surface-defect-train/results/chips/validation/rolled-in_scale/rolled-in_scale_247_bb01.png,rolled-in_scale,rolled-in_scale,0.9990878105163574,0.0003522256447467953,0.00029345782240852714,5.497621532413177e-05,0.0002098078839480877,0.9990878105163574,1.7773876379578724e-06
resnet18,/Users/admin/surface-defect-train/results/chips/validation/rolled-in_scale/rolled-in_scale_247_bb02.png,rolled-in_scale,patches,0.8016775250434875,0.00016331917140632868,0.147383451461792,0.8016775250434875,0.005444836337119341,0.04460225626826286,0.0007285843603312969
resnet18,/Users/admin/surface-defect-train/results/chips/validation/rolled-in_scale/rolled-in_scale_248_bb00.png,rolled-in_scale,rolled-in_scale,0.9920225143432617,5.815587428514846e-05,0.0004311339871492237,0.007065558340400457,0.00041826529195532203,0.9920225143432617,4.264598828740418e-06
resnet18,/Users/admin/surface-defect-train/results/chips/validation/rolled-in_scale/rolled-in_scale_248_bb01.png,rolled-in_scale,rolled-in_scale,0.9971848130226135,0.0015646358951926231,5.737085666623898e-05,0.0002212485997006297,0.0009709695586934686,0.9971848130226135,9.454300311517727e-07
resnet18,/Users/admin/surface-defect-train/results/chips/validation/rolled-in_scale/rolled-in_scale_249_bb00.png,rolled-in_scale,rolled-in_scale,0.8944414854049683,0.05970989912748337,0.00048643824993632734,0.0011884523555636406,0.04415946081280708,0.8944414854049683,1.4287375051935669e-05
resnet18,/Users/admin/surface-defect-train/results/chips/validation/rolled-in_scale/rolled-in_scale_250_bb00.png,rolled-in_scale,rolled-in_scale,0.9740645885467529,0.009695145301520824,0.005687232594937086,0.0002805325493682176,0.010127514600753784,0.9740645885467529,0.00014507512969430536
resnet18,/Users/admin/surface-defect-train/results/chips/validation/rolled-in_scale/rolled-in_scale_250_bb01.png,rolled-in_scale,rolled-in_scale,0.8857452273368835,0.09798062592744827,0.0018271326553076506,0.0007887652609497309,0.01348489336669445,0.8857452273368835,0.0001733936951495707
resnet18,/Users/admin/surface-defect-train/results/chips/validation/rolled-in_scale/rolled-in_scale_250_bb02.png,rolled-in_scale,rolled-in_scale,0.7783525586128235,0.00371661433018744,0.0028803464956581593,0.20974574983119965,0.005261149723082781,0.7783525586128235,4.37357957707718e-05
resnet18,/Users/admin/surface-defect-train/results/chips/validation/rolled-in_scale/rolled-in_scale_251_bb00.png,rolled-in_scale,rolled-in_scale,0.8995413184165955,0.014484434388577938,0.0006540205795317888,0.00014111529162619263,0.08516867458820343,0.8995413184165955,1.0418189958727453e-05
resnet18,/Users/admin/surface-defect-train/results/chips/validation/rolled-in_scale/rolled-in_scale_251_bb01.png,rolled-in_scale,rolled-in_scale,0.9137224555015564,0.018188346177339554,0.024006400257349014,0.026606561616063118,0.01731717400252819,0.9137224555015564,0.00015901640290394425
resnet18,/Users/admin/surface-defect-train/results/chips/validation/rolled-in_scale/rolled-in_scale_252_bb00.png,rolled-in_scale,rolled-in_scale,0.6276951432228088,0.34994634985923767,0.0010576084023341537,0.002478037029504776,0.01873522624373436,0.6276951432228088,8.763663208810613e-05
resnet18,/Users/admin/surface-defect-train/results/chips/validation/rolled-in_scale/rolled-in_scale_252_bb01.png,rolled-in_scale,rolled-in_scale,0.5197614431381226,0.375042200088501,0.0027246163226664066,0.021369151771068573,0.08099202811717987,0.5197614431381226,0.00011062491830671206
resnet18,/Users/admin/surface-defect-train/results/chips/validation/rolled-in_scale/rolled-in_scale_253_bb00.png,rolled-in_scale,crazing,0.6295056343078613,0.6295056343078613,0.0005398202920332551,0.0016921390779316425,0.13345813751220703,0.23477031290531158,3.3968706702580675e-05
resnet18,/Users/admin/surface-defect-train/results/chips/validation/rolled-in_scale/rolled-in_scale_254_bb00.png,rolled-in_scale,rolled-in_scale,0.9997236132621765,1.3251733435026836e-05,3.262148311478086e-05,0.00019889633404091,3.119640314253047e-05,0.9997236132621765,4.1949132878471573e-07
resnet18,/Users/admin/surface-defect-train/results/chips/validation/rolled-in_scale/rolled-in_scale_255_bb00.png,rolled-in_scale,pitted_surface,0.3886222541332245,0.24982646107673645,0.0009271673625335097,0.0007909952546469867,0.3886222541332245,0.35979002714157104,4.3129479308845475e-05
resnet18,/Users/admin/surface-defect-train/results/chips/validation/rolled-in_scale/rolled-in_scale_255_bb01.png,rolled-in_scale,rolled-in_scale,0.99549400806427,0.0011220742017030716,0.001214305986650288,0.00021195015870034695,0.0019436420407146215,0.99549400806427,1.4046367141418159e-05
resnet18,/Users/admin/surface-defect-train/results/chips/validation/rolled-in_scale/rolled-in_scale_255_bb02.png,rolled-in_scale,rolled-in_scale,0.9996505975723267,9.000789577839896e-05,5.4416877901530825e-06,0.00023137719836086035,2.2398582586902194e-05,0.9996505975723267,1.141232175427831e-07
resnet18,/Users/admin/surface-defect-train/results/chips/validation/rolled-in_scale/rolled-in_scale_255_bb03.png,rolled-in_scale,rolled-in_scale,0.9945535659790039,6.956524157430977e-05,0.0016613542102277279,0.0033504492603242397,0.00035964581184089184,0.9945535659790039,5.2825043894699775e-06
resnet18,/Users/admin/surface-defect-train/results/chips/validation/rolled-in_scale/rolled-in_scale_256_bb00.png,rolled-in_scale,rolled-in_scale,0.6287143230438232,0.17159731686115265,0.0005948952166363597,0.002807596232742071,0.19625245034694672,0.6287143230438232,3.338239184813574e-05
resnet18,/Users/admin/surface-defect-train/results/chips/validation/rolled-in_scale/rolled-in_scale_257_bb00.png,rolled-in_scale,crazing,0.6701010465621948,0.6701010465621948,0.0009521095780655742,0.0008889168384484947,0.014209168031811714,0.31381312012672424,3.557468153303489e-05
resnet18,/Users/admin/surface-defect-train/results/chips/validation/rolled-in_scale/rolled-in_scale_257_bb01.png,rolled-in_scale,rolled-in_scale,0.9997029900550842,9.186255920212716e-05,0.00012720510130748153,4.646918023354374e-05,2.4658116672071628e-05,0.9997029900550842,6.763956662325654e-06
resnet18,/Users/admin/surface-defect-train/results/chips/validation/rolled-in_scale/rolled-in_scale_257_bb02.png,rolled-in_scale,rolled-in_scale,0.9999843835830688,3.0071424816924264e-07,3.7291265471139923e-06,1.0455731171532534e-05,9.90312628346146e-07,0.9999843835830688,2.644414465180489e-08
resnet18,/Users/admin/surface-defect-train/results/chips/validation/rolled-in_scale/rolled-in_scale_258_bb00.png,rolled-in_scale,rolled-in_scale,0.9297775030136108,0.039419468492269516,0.005333438515663147,0.0025725774466991425,0.022766822949051857,0.9297775030136108,0.00013018886966165155
resnet18,/Users/admin/surface-defect-train/results/chips/validation/rolled-in_scale/rolled-in_scale_259_bb00.png,rolled-in_scale,rolled-in_scale,0.9773131608963013,0.007429427467286587,6.268818833632395e-05,9.97175375232473e-05,0.01509246788918972,0.9773131608963013,2.6274751689925324e-06
resnet18,/Users/admin/surface-defect-train/results/chips/validation/rolled-in_scale/rolled-in_scale_259_bb01.png,rolled-in_scale,rolled-in_scale,0.9867038726806641,0.003647721139714122,0.00029234596877358854,0.0010182553669437766,0.008332042023539543,0.9867038726806641,5.653917924064444e-06
resnet18,/Users/admin/surface-defect-train/results/chips/validation/rolled-in_scale/rolled-in_scale_259_bb02.png,rolled-in_scale,rolled-in_scale,0.9649227261543274,0.00022533157607540488,0.002480100840330124,0.03187704086303711,0.0004854962753597647,0.9649227261543274,9.306117135565728e-06
resnet18,/Users/admin/surface-defect-train/results/chips/validation/rolled-in_scale/rolled-in_scale_259_bb03.png,rolled-in_scale,rolled-in_scale,0.9982330799102783,0.00025349511997774243,0.0006562470807693899,1.063001218426507e-05,0.0008450925815850496,0.9982330799102783,1.4931812302165781e-06
resnet18,/Users/admin/surface-defect-train/results/chips/validation/rolled-in_scale/rolled-in_scale_260_bb00.png,rolled-in_scale,rolled-in_scale,0.9999802112579346,5.0193066272186115e-06,4.72673218609998e-06,5.565974333876511e-06,4.432671175891301e-06,0.9999802112579346,4.978707224267964e-08
resnet18,/Users/admin/surface-defect-train/results/chips/validation/rolled-in_scale/rolled-in_scale_260_bb01.png,rolled-in_scale,rolled-in_scale,0.9998941421508789,9.214552846970037e-06,2.068692265311256e-05,2.996656985487789e-05,4.5979355490999296e-05,0.9998941421508789,1.0120727012008501e-07
resnet18,/Users/admin/surface-defect-train/results/chips/validation/rolled-in_scale/rolled-in_scale_260_bb02.png,rolled-in_scale,rolled-in_scale,0.9542698264122009,0.0038116590585559607,0.001167619600892067,6.655316974502057e-05,0.04066411033272743,0.9542698264122009,2.0246394342393614e-05
resnet18,/Users/admin/surface-defect-train/results/chips/validation/rolled-in_scale/rolled-in_scale_261_bb00.png,rolled-in_scale,rolled-in_scale,0.9710553288459778,0.001418273663148284,6.309882883215323e-05,7.132477185223252e-05,0.027390656992793083,0.9710553288459778,1.3956747579868534e-06
resnet18,/Users/admin/surface-defect-train/results/chips/validation/rolled-in_scale/rolled-in_scale_262_bb00.png,rolled-in_scale,rolled-in_scale,0.8685885667800903,0.12134867161512375,0.0018469628412276506,0.00020586770551744848,0.007942041382193565,0.8685885667800903,6.786078301956877e-05
resnet18,/Users/admin/surface-defect-train/results/chips/validation/rolled-in_scale/rolled-in_scale_263_bb00.png,rolled-in_scale,rolled-in_scale,0.9750732779502869,0.02311687357723713,8.731959678698331e-05,0.0011700303293764591,0.0005502232816070318,0.9750732779502869,2.2369404177879915e-06
resnet18,/Users/admin/surface-defect-train/results/chips/validation/rolled-in_scale/rolled-in_scale_263_bb01.png,rolled-in_scale,rolled-in_scale,0.8454675078392029,0.1511751413345337,0.0004349999944679439,0.00037671110476367176,0.002528225304558873,0.8454675078392029,1.7333899450022727e-05
resnet18,/Users/admin/surface-defect-train/results/chips/validation/rolled-in_scale/rolled-in_scale_264_bb00.png,rolled-in_scale,rolled-in_scale,0.796070396900177,0.18827734887599945,0.0002562023582868278,0.002742404118180275,0.012643684633076191,0.796070396900177,9.937076356436592e-06
resnet18,/Users/admin/surface-defect-train/results/chips/validation/rolled-in_scale/rolled-in_scale_264_bb01.png,rolled-in_scale,rolled-in_scale,0.7589566707611084,0.2117871344089508,0.0017250460805371404,0.006795825436711311,0.020691847428679466,0.7589566707611084,4.3412634113337845e-05
resnet18,/Users/admin/surface-defect-train/results/chips/validation/rolled-in_scale/rolled-in_scale_264_bb02.png,rolled-in_scale,rolled-in_scale,0.9847783446311951,0.011891983449459076,0.0007116742199286819,0.00150173285510391,0.0010812905384227633,0.9847783446311951,3.494695192785002e-05
resnet18,/Users/admin/surface-defect-train/results/chips/validation/rolled-in_scale/rolled-in_scale_265_bb00.png,rolled-in_scale,rolled-in_scale,0.9680559039115906,0.030063308775424957,0.0009208908886648715,0.0002173160610254854,0.0007276680553331971,0.9680559039115906,1.5003360203991178e-05
resnet18,/Users/admin/surface-defect-train/results/chips/validation/rolled-in_scale/rolled-in_scale_265_bb01.png,rolled-in_scale,rolled-in_scale,0.9999315738677979,1.2200667697470635e-05,3.3824715501395985e-05,7.73688134358963e-06,1.4360894965648185e-05,0.9999315738677979,3.1189176752377534e-07
resnet18,/Users/admin/surface-defect-train/results/chips/validation/rolled-in_scale/rolled-in_scale_266_bb00.png,rolled-in_scale,rolled-in_scale,0.984723687171936,0.013242264278233051,7.110591832315549e-05,0.0013977010967209935,0.0005597529234364629,0.984723687171936,5.447687271953328e-06
resnet18,/Users/admin/surface-defect-train/results/chips/validation/rolled-in_scale/rolled-in_scale_266_bb01.png,rolled-in_scale,rolled-in_scale,0.9989738464355469,0.0003070126404054463,0.00022311863722279668,0.0002785630931612104,0.00020963134011253715,0.9989738464355469,7.82874758442631e-06
resnet18,/Users/admin/surface-defect-train/results/chips/validation/rolled-in_scale/rolled-in_scale_267_bb00.png,rolled-in_scale,rolled-in_scale,0.9810901284217834,0.010549684055149555,0.0006053700344637036,0.0013694384833797812,0.006373975891619921,0.9810901284217834,1.1410266779421363e-05
resnet18,/Users/admin/surface-defect-train/results/chips/validation/rolled-in_scale/rolled-in_scale_267_bb01.png,rolled-in_scale,rolled-in_scale,0.8856871724128723,0.07878927886486053,0.018490243703126907,0.011902122758328915,0.004928556736558676,0.8856871724128723,0.00020259624579921365
resnet18,/Users/admin/surface-defect-train/results/chips/validation/rolled-in_scale/rolled-in_scale_267_bb02.png,rolled-in_scale,rolled-in_scale,0.9858232736587524,0.009916297160089016,0.000408829451771453,0.0003082847688347101,0.00353050185367465,0.9858232736587524,1.2804592188331299e-05
resnet18,/Users/admin/surface-defect-train/results/chips/validation/rolled-in_scale/rolled-in_scale_268_bb00.png,rolled-in_scale,rolled-in_scale,0.7147104740142822,0.2471051812171936,0.003588308347389102,0.0010815063724294305,0.033382661640644073,0.7147104740142822,0.00013187513104639947
resnet18,/Users/admin/surface-defect-train/results/chips/validation/rolled-in_scale/rolled-in_scale_268_bb01.png,rolled-in_scale,rolled-in_scale,0.7218366861343384,0.26892179250717163,0.0008219066658057272,0.0007693036459386349,0.007612450048327446,0.7218366861343384,3.782829662668519e-05
resnet18,/Users/admin/surface-defect-train/results/chips/validation/rolled-in_scale/rolled-in_scale_269_bb00.png,rolled-in_scale,rolled-in_scale,0.9990637898445129,0.0003235047042835504,3.25619475916028e-05,0.0005594870308414102,1.955414336407557e-05,0.9990637898445129,1.0827568530658027e-06
resnet18,/Users/admin/surface-defect-train/results/chips/validation/rolled-in_scale/rolled-in_scale_270_bb00.png,rolled-in_scale,rolled-in_scale,0.999882698059082,5.9026697272202e-06,9.17240249691531e-05,1.372313727188157e-05,5.742382199969143e-06,0.999882698059082,1.7932975993062428e-07
resnet18,/Users/admin/surface-defect-train/results/chips/validation/rolled-in_scale/rolled-in_scale_270_bb01.png,rolled-in_scale,rolled-in_scale,0.9998897314071655,4.0183134842664e-05,2.8878719604108483e-05,1.2993379641557112e-05,2.7882104404852726e-05,0.9998897314071655,3.591301265259972e-07
resnet18,/Users/admin/surface-defect-train/results/chips/validation/rolled-in_scale/rolled-in_scale_270_bb02.png,rolled-in_scale,rolled-in_scale,0.999288022518158,4.417033778736368e-05,0.0004358265141490847,3.4661032259464264e-05,0.00019566358241718262,0.999288022518158,1.6695292970325681e-06
resnet18,/Users/admin/surface-defect-train/results/chips/validation/rolled-in_scale/rolled-in_scale_271_bb00.png,rolled-in_scale,rolled-in_scale,0.9470928907394409,0.0003944455529563129,0.00024721771478652954,0.05195765197277069,0.00030070915818214417,0.9470928907394409,7.050943622743944e-06
resnet18,/Users/admin/surface-defect-train/results/chips/validation/rolled-in_scale/rolled-in_scale_271_bb01.png,rolled-in_scale,rolled-in_scale,0.9611302018165588,0.027421168982982635,0.002907366259023547,0.0033245638478547335,0.005110661033540964,0.9611302018165588,0.00010603693226585165
resnet18,/Users/admin/surface-defect-train/results/chips/validation/rolled-in_scale/rolled-in_scale_272_bb00.png,rolled-in_scale,rolled-in_scale,0.9996503591537476,0.00021518993889912963,5.194118330109632e-06,2.1109008230268955e-05,0.00010802983888424933,0.9996503591537476,4.853997381815134e-08
resnet18,/Users/admin/surface-defect-train/results/chips/validation/rolled-in_scale/rolled-in_scale_272_bb01.png,rolled-in_scale,rolled-in_scale,0.9999619722366333,1.5591122064506635e-06,7.842411832825746e-06,1.952837556018494e-05,9.076428796106484e-06,0.9999619722366333,2.7858664708446668e-08
resnet18,/Users/admin/surface-defect-train/results/chips/validation/rolled-in_scale/rolled-in_scale_273_bb00.png,rolled-in_scale,rolled-in_scale,0.9938092827796936,0.0011633975664153695,0.0002873398771043867,0.0016445814399048686,0.00309218792244792,0.9938092827796936,3.2185507734538987e-06
resnet18,/Users/admin/surface-defect-train/results/chips/validation/rolled-in_scale/rolled-in_scale_273_bb01.png,rolled-in_scale,rolled-in_scale,0.9993758797645569,0.00022842148609925061,1.1843938409583643e-05,3.296276554465294e-05,0.00035067860153503716,0.9993758797645569,2.0293384750402765e-07
resnet18,/Users/admin/surface-defect-train/results/chips/validation/rolled-in_scale/rolled-in_scale_274_bb00.png,rolled-in_scale,rolled-in_scale,0.9999179840087891,4.8428487389173824e-06,1.0448668035678566e-05,5.718170359614305e-05,9.34867057367228e-06,0.9999179840087891,1.0616580681244159e-07
resnet18,/Users/admin/surface-defect-train/results/chips/validation/rolled-in_scale/rolled-in_scale_274_bb01.png,rolled-in_scale,rolled-in_scale,0.880702555179596,0.009761243127286434,0.0004178902308922261,0.10760526359081268,0.0014852575259283185,0.880702555179596,2.7825850338558666e-05
resnet18,/Users/admin/surface-defect-train/results/chips/validation/rolled-in_scale/rolled-in_scale_274_bb02.png,rolled-in_scale,rolled-in_scale,0.9983924031257629,0.00015529597294516861,0.00045736157335340977,0.0005341372452676296,0.0004579364031087607,0.9983924031257629,2.8224658308317885e-06
resnet18,/Users/admin/surface-defect-train/results/chips/validation/rolled-in_scale/rolled-in_scale_274_bb03.png,rolled-in_scale,rolled-in_scale,0.9974028468132019,0.0009450341458432376,0.0006064743502065539,0.00016256932576652616,0.0008796384790912271,0.9974028468132019,3.4980739656020887e-06
resnet18,/Users/admin/surface-defect-train/results/chips/validation/rolled-in_scale/rolled-in_scale_275_bb00.png,rolled-in_scale,rolled-in_scale,0.9996840953826904,2.405738086963538e-06,0.00023764364595990628,3.156574894092046e-05,4.405295112519525e-05,0.9996840953826904,3.072544814131106e-07
resnet18,/Users/admin/surface-defect-train/results/chips/validation/rolled-in_scale/rolled-in_scale_275_bb01.png,rolled-in_scale,rolled-in_scale,0.999663233757019,0.00015944191545713693,2.2645095668849535e-05,7.860083860578015e-05,7.535210170317441e-05,0.999663233757019,7.332575364671357e-07
resnet18,/Users/admin/surface-defect-train/results/chips/validation/rolled-in_scale/rolled-in_scale_275_bb02.png,rolled-in_scale,rolled-in_scale,0.9998987913131714,1.5897488765403978e-06,7.798679143888876e-05,3.4224246974190464e-06,1.7941631085705012e-05,0.9998987913131714,2.880188390008698e-07
resnet18,/Users/admin/surface-defect-train/results/chips/validation/rolled-in_scale/rolled-in_scale_276_bb00.png,rolled-in_scale,rolled-in_scale,0.9942396879196167,0.0022294337395578623,0.00128053012304008,0.0002649957896210253,0.001970785902813077,0.9942396879196167,1.454247558285715e-05
resnet18,/Users/admin/surface-defect-train/results/chips/validation/rolled-in_scale/rolled-in_scale_276_bb01.png,rolled-in_scale,rolled-in_scale,0.9911413192749023,0.00033174941199831665,0.005906086415052414,0.0001746187190292403,0.002423672704026103,0.9911413192749023,2.2543108570971526e-05
resnet18,/Users/admin/surface-defect-train/results/chips/validation/rolled-in_scale/rolled-in_scale_277_bb00.png,rolled-in_scale,rolled-in_scale,0.9999094009399414,5.711041808353912e-07,8.015081402845681e-05,4.135202743782429e-06,5.638418770104181e-06,0.9999094009399414,6.619748660341429e-08
resnet18,/Users/admin/surface-defect-train/results/chips/validation/rolled-in_scale/rolled-in_scale_277_bb01.png,rolled-in_scale,rolled-in_scale,0.9999921321868896,5.322081442216131e-09,7.420789188472554e-06,5.375563105758374e-08,4.0852501115296036e-07,0.9999921321868896,8.210535362707105e-09
resnet18,/Users/admin/surface-defect-train/results/chips/validation/rolled-in_scale/rolled-in_scale_277_bb02.png,rolled-in_scale,rolled-in_scale,0.9997130036354065,3.8344645872712135e-05,2.538921035011299e-05,0.00020255242998246104,2.035540819633752e-05,0.9997130036354065,2.583077787221555e-07
resnet18,/Users/admin/surface-defect-train/results/chips/validation/rolled-in_scale/rolled-in_scale_278_bb00.png,rolled-in_scale,rolled-in_scale,0.9981518387794495,0.0009091278770938516,0.0002284454385517165,0.00013085057435091585,0.0005763485096395016,0.9981518387794495,3.4298036553082056e-06
resnet18,/Users/admin/surface-defect-train/results/chips/validation/rolled-in_scale/rolled-in_scale_278_bb01.png,rolled-in_scale,rolled-in_scale,0.9997934699058533,1.0961825864796992e-05,2.562474946898874e-06,0.00017770205158740282,1.527133099443745e-05,0.9997934699058533,8.364032311192204e-08
resnet18,/Users/admin/surface-defect-train/results/chips/validation/rolled-in_scale/rolled-in_scale_278_bb02.png,rolled-in_scale,rolled-in_scale,0.9935522079467773,0.0007419224712066352,0.0020970399491488934,0.00039101732545532286,0.0032049415167421103,0.9935522079467773,1.2955093552591279e-05
resnet18,/Users/admin/surface-defect-train/results/chips/validation/rolled-in_scale/rolled-in_scale_279_bb00.png,rolled-in_scale,rolled-in_scale,0.999476969242096,8.388904825551435e-05,3.628820923040621e-05,0.00018363234994467348,0.000218777873669751,0.999476969242096,4.6723266677872743e-07
resnet18,/Users/admin/surface-defect-train/results/chips/validation/rolled-in_scale/rolled-in_scale_279_bb01.png,rolled-in_scale,rolled-in_scale,0.9510802626609802,0.02504132315516472,0.001280127209611237,0.0005873754853382707,0.021982084959745407,0.9510802626609802,2.876737926271744e-05
resnet18,/Users/admin/surface-defect-train/results/chips/validation/rolled-in_scale/rolled-in_scale_279_bb02.png,rolled-in_scale,rolled-in_scale,0.9914514422416687,0.0031114546582102776,0.00039783382089808583,6.6726679506246e-05,0.004960266873240471,0.9914514422416687,1.2227031220390927e-05
resnet18,/Users/admin/surface-defect-train/results/chips/validation/rolled-in_scale/rolled-in_scale_280_bb00.png,rolled-in_scale,rolled-in_scale,0.9993337988853455,0.0001391189725836739,9.092366963159293e-05,0.00031725160079076886,0.00011640465527307242,0.9993337988853455,2.4639996354380855e-06
resnet18,/Users/admin/surface-defect-train/results/chips/validation/rolled-in_scale/rolled-in_scale_280_bb01.png,rolled-in_scale,rolled-in_scale,0.9997202754020691,3.8940524973440915e-05,7.018310861894861e-05,7.742609159322456e-05,9.22288018045947e-05,0.9997202754020691,8.461105949209013e-07
resnet18,/Users/admin/surface-defect-train/results/chips/validation/rolled-in_scale/rolled-in_scale_281_bb00.png,rolled-in_scale,rolled-in_scale,0.9999560117721558,1.5214671293506399e-05,5.478243110701442e-06,1.882926153484732e-05,4.142784746363759e-06,0.9999560117721558,2.3334534660079953e-07
resnet18,/Users/admin/surface-defect-train/results/chips/validation/rolled-in_scale/rolled-in_scale_281_bb01.png,rolled-in_scale,rolled-in_scale,0.9998520612716675,1.2191783298476366e-06,6.623489025514573e-05,5.893475463381037e-05,2.138693344022613e-05,0.9998520612716675,2.568559409610316e-07
resnet18,/Users/admin/surface-defect-train/results/chips/validation/rolled-in_scale/rolled-in_scale_281_bb02.png,rolled-in_scale,rolled-in_scale,0.7797863483428955,0.03809761255979538,0.00949166901409626,0.019758203998208046,0.15267235040664673,0.7797863483428955,0.00019382384198252112
resnet18,/Users/admin/surface-defect-train/results/chips/validation/rolled-in_scale/rolled-in_scale_282_bb00.png,rolled-in_scale,rolled-in_scale,0.9996706247329712,0.00028226422728039324,2.400686526016216e-06,3.726841896423139e-05,7.3590936153777875e-06,0.9996706247329712,6.17907929267858e-08
resnet18,/Users/admin/surface-defect-train/results/chips/validation/rolled-in_scale/rolled-in_scale_282_bb01.png,rolled-in_scale,rolled-in_scale,0.9980648159980774,0.00041137871448881924,0.0006078458391129971,0.0007684375741519034,0.0001354296982754022,0.9980648159980774,1.2046222764183767e-05
resnet18,/Users/admin/surface-defect-train/results/chips/validation/rolled-in_scale/rolled-in_scale_283_bb00.png,rolled-in_scale,rolled-in_scale,0.9990195035934448,0.0003696233034133911,6.047524220775813e-05,0.0003566230006981641,0.000191489772987552,0.9990195035934448,2.1352325347834267e-06
resnet18,/Users/admin/surface-defect-train/results/chips/validation/rolled-in_scale/rolled-in_scale_283_bb01.png,rolled-in_scale,rolled-in_scale,0.944033682346344,0.05208265036344528,0.00015633837028872222,0.00046698059304617345,0.0032490671146661043,0.944033682346344,1.1275110409769695e-05
resnet18,/Users/admin/surface-defect-train/results/chips/validation/rolled-in_scale/rolled-in_scale_283_bb02.png,rolled-in_scale,rolled-in_scale,0.9990804195404053,0.00011632953101070598,8.319145126733929e-05,0.0003986951196566224,0.00032072843168862164,0.9990804195404053,5.119360935168515e-07
resnet18,/Users/admin/surface-defect-train/results/chips/validation/rolled-in_scale/rolled-in_scale_284_bb00.png,rolled-in_scale,rolled-in_scale,0.9984059929847717,0.00040083154453895986,8.889275341061875e-05,0.00037201488157734275,0.0007300719153136015,0.9984059929847717,2.1691180336347315e-06
resnet18,/Users/admin/surface-defect-train/results/chips/validation/rolled-in_scale/rolled-in_scale_285_bb00.png,rolled-in_scale,crazing,0.934585452079773,0.934585452079773,0.0011300781043246388,0.0007846530061215162,0.005198842380195856,0.05823385342955589,6.706627027597278e-05
resnet18,/Users/admin/surface-defect-train/results/chips/validation/rolled-in_scale/rolled-in_scale_285_bb01.png,rolled-in_scale,rolled-in_scale,0.9943748712539673,0.0013191932812333107,1.0824734999914654e-05,0.004242368508130312,5.162754678167403e-05,0.9943748712539673,1.059775058820378e-06
resnet18,/Users/admin/surface-defect-train/results/chips/validation/rolled-in_scale/rolled-in_scale_286_bb00.png,rolled-in_scale,rolled-in_scale,0.9970399737358093,0.0020362010691314936,0.0004447380779311061,5.24942806805484e-05,0.00041785871144384146,0.9970399737358093,8.656498721393291e-06
resnet18,/Users/admin/surface-defect-train/results/chips/validation/rolled-in_scale/rolled-in_scale_286_bb01.png,rolled-in_scale,rolled-in_scale,0.9994563460350037,6.046084672561847e-05,9.75477450992912e-05,0.0003380433190613985,4.5716391468886286e-05,0.9994563460350037,1.936787157319486e-06
resnet18,/Users/admin/surface-defect-train/results/chips/validation/rolled-in_scale/rolled-in_scale_287_bb00.png,rolled-in_scale,rolled-in_scale,0.9998929500579834,6.408394983736798e-05,6.126829248387367e-07,3.714140257216059e-05,5.095289452583529e-06,0.9998929500579834,1.0309148201770313e-08
resnet18,/Users/admin/surface-defect-train/results/chips/validation/rolled-in_scale/rolled-in_scale_287_bb01.png,rolled-in_scale,rolled-in_scale,0.9993138313293457,9.963846241589636e-05,1.3534097888623364e-05,0.0002564574533607811,0.0003164194349665195,0.9993138313293457,1.6236255362400698e-07
resnet18,/Users/admin/surface-defect-train/results/chips/validation/rolled-in_scale/rolled-in_scale_288_bb00.png,rolled-in_scale,rolled-in_scale,0.9542092680931091,0.04560241103172302,1.3025804037170019e-05,2.6843237719731405e-05,0.00014806519902776927,0.9542092680931091,4.197773364467139e-07
resnet18,/Users/admin/surface-defect-train/results/chips/validation/rolled-in_scale/rolled-in_scale_288_bb01.png,rolled-in_scale,rolled-in_scale,0.9998626708984375,2.9548469683504663e-05,7.176766303018667e-06,7.768854266032577e-05,2.2827540306025185e-05,0.9998626708984375,8.187194566744438e-08
resnet18,/Users/admin/surface-defect-train/results/chips/validation/rolled-in_scale/rolled-in_scale_289_bb00.png,rolled-in_scale,rolled-in_scale,0.9973481893539429,0.00257054902613163,4.550357971311314e-06,4.7173139137157705e-06,7.164936687331647e-05,0.9973481893539429,2.2193630400124675e-07
resnet18,/Users/admin/surface-defect-train/results/chips/validation/rolled-in_scale/rolled-in_scale_289_bb01.png,rolled-in_scale,rolled-in_scale,0.9985209107398987,0.0009315108763985336,5.471810254675802e-06,3.769656177610159e-05,0.0005041079712100327,0.9985209107398987,2.592165913029021e-07
resnet18,/Users/admin/surface-defect-train/results/chips/validation/rolled-in_scale/rolled-in_scale_290_bb00.png,rolled-in_scale,rolled-in_scale,0.9998304843902588,3.1839685107115656e-05,7.488683309020416e-07,0.00011522736895130947,2.1617239326587878e-05,0.9998304843902588,1.4391158487114808e-08
resnet18,/Users/admin/surface-defect-train/results/chips/validation/rolled-in_scale/rolled-in_scale_290_bb01.png,rolled-in_scale,rolled-in_scale,0.9998915195465088,4.395173618831905e-06,2.7320877507008845e-06,9.81458360911347e-05,3.2189493595069507e-06,0.9998915195465088,3.0358190628021475e-08
resnet18,/Users/admin/surface-defect-train/results/chips/validation/rolled-in_scale/rolled-in_scale_291_bb00.png,rolled-in_scale,rolled-in_scale,0.999846339225769,0.00012823376164305955,2.222874400104047e-06,1.551305285829585e-05,7.582206308143213e-06,0.999846339225769,8.362751913182365e-08
resnet18,/Users/admin/surface-defect-train/results/chips/validation/rolled-in_scale/rolled-in_scale_291_bb01.png,rolled-in_scale,rolled-in_scale,0.8146119713783264,0.14609478414058685,0.007639322429895401,0.01862175576388836,0.012741084210574627,0.8146119713783264,0.000291086093056947
resnet18,/Users/admin/surface-defect-train/results/chips/validation/rolled-in_scale/rolled-in_scale_291_bb02.png,rolled-in_scale,rolled-in_scale,0.9509577751159668,0.014444745145738125,0.00246257777325809,0.013985994271934032,0.018092745915055275,0.9509577751159668,5.6155862694140524e-05
resnet18,/Users/admin/surface-defect-train/results/chips/validation/rolled-in_scale/rolled-in_scale_292_bb00.png,rolled-in_scale,crazing,0.6908643245697021,0.6908643245697021,0.00029834534507244825,0.0005325478268787265,0.0008190312655642629,0.30747756361961365,8.223340955737513e-06
resnet18,/Users/admin/surface-defect-train/results/chips/validation/rolled-in_scale/rolled-in_scale_292_bb01.png,rolled-in_scale,rolled-in_scale,0.999193012714386,0.0002468610764481127,8.333403457072563e-06,0.0005293673020787537,2.167979982914403e-05,0.999193012714386,8.499737873535196e-07
resnet18,/Users/admin/surface-defect-train/results/chips/validation/rolled-in_scale/rolled-in_scale_292_bb02.png,rolled-in_scale,rolled-in_scale,0.9998974800109863,1.417837403039357e-08,4.888083822152112e-07,0.0001018157199723646,2.8184200573377893e-07,0.9998974800109863,2.0198662742387796e-09
resnet18,/Users/admin/surface-defect-train/results/chips/validation/rolled-in_scale/rolled-in_scale_292_bb03.png,rolled-in_scale,rolled-in_scale,0.8817819952964783,0.004677883815020323,0.002254751743748784,0.10828311741352081,0.0029760042671114206,0.8817819952964783,2.6249270376865752e-05
resnet18,/Users/admin/surface-defect-train/results/chips/validation/rolled-in_scale/rolled-in_scale_293_bb00.png,rolled-in_scale,rolled-in_scale,0.9633504152297974,0.027824845165014267,0.00039027375169098377,0.0005428707809187472,0.007876032963395119,0.9633504152297974,1.5549836462014355e-05
resnet18,/Users/admin/surface-defect-train/results/chips/validation/rolled-in_scale/rolled-in_scale_293_bb01.png,rolled-in_scale,crazing,0.5351316928863525,0.5351316928863525,0.0006093746633268893,0.00042753617162816226,0.013135532848536968,0.4506555199623108,4.033853838336654e-05
resnet18,/Users/admin/surface-defect-train/results/chips/validation/rolled-in_scale/rolled-in_scale_294_bb00.png,rolled-in_scale,rolled-in_scale,0.991617739200592,0.007401485927402973,9.196442260872573e-05,3.483927503111772e-05,0.0008521247073076665,0.991617739200592,1.7892268715513637e-06
resnet18,/Users/admin/surface-defect-train/results/chips/validation/rolled-in_scale/rolled-in_scale_294_bb01.png,rolled-in_scale,rolled-in_scale,0.9977949857711792,0.001650661462917924,0.00012665586837101728,9.966678771888837e-05,0.0003233339521102607,0.9977949857711792,4.6832406042085495e-06
resnet18,/Users/admin/surface-defect-train/results/chips/validation/rolled-in_scale/rolled-in_scale_295_bb00.png,rolled-in_scale,rolled-in_scale,0.9993185997009277,0.00028788126655854285,8.510724001098424e-06,1.951694503077306e-05,0.0003652370651252568,0.9993185997009277,2.1237894998193951e-07
resnet18,/Users/admin/surface-defect-train/results/chips/validation/rolled-in_scale/rolled-in_scale_295_bb01.png,rolled-in_scale,rolled-in_scale,0.9979488253593445,0.0011808706913143396,0.00013309504720382392,8.388941932935268e-05,0.0006499681039713323,0.9979488253593445,3.36099856212968e-06
resnet18,/Users/admin/surface-defect-train/results/chips/validation/rolled-in_scale/rolled-in_scale_295_bb02.png,rolled-in_scale,rolled-in_scale,0.9997910857200623,1.7849242794909514e-06,0.00017225698684342206,6.918850431247847e-06,2.7845260774483904e-05,0.9997910857200623,1.8371798660155036e-07
resnet18,/Users/admin/surface-defect-train/results/chips/validation/rolled-in_scale/rolled-in_scale_296_bb00.png,rolled-in_scale,rolled-in_scale,0.931122899055481,0.06609795987606049,7.144260598579422e-05,8.321970381075516e-05,0.002621169202029705,0.931122899055481,3.3603653264435707e-06
resnet18,/Users/admin/surface-defect-train/results/chips/validation/rolled-in_scale/rolled-in_scale_297_bb00.png,rolled-in_scale,rolled-in_scale,0.9367516040802002,0.061253152787685394,0.00011123510194011033,0.0010492941364645958,0.0008287765085697174,0.9367516040802002,5.930492989136837e-06
resnet18,/Users/admin/surface-defect-train/results/chips/validation/rolled-in_scale/rolled-in_scale_297_bb01.png,rolled-in_scale,rolled-in_scale,0.999160885810852,0.0006926885107532144,3.21390361932572e-05,8.376604091608897e-05,2.931244671344757e-05,0.999160885810852,1.1509563364597852e-06
resnet18,/Users/admin/surface-defect-train/results/chips/validation/rolled-in_scale/rolled-in_scale_298_bb00.png,rolled-in_scale,rolled-in_scale,0.9996552467346191,0.00015824816364329308,3.582909994293004e-05,0.0001294260728172958,2.0669755031121895e-05,0.9996552467346191,5.92415631217591e-07
resnet18,/Users/admin/surface-defect-train/results/chips/validation/rolled-in_scale/rolled-in_scale_299_bb00.png,rolled-in_scale,rolled-in_scale,0.9993599057197571,0.0004029679112136364,6.003402631904464e-06,1.2457277080102358e-05,0.00021845662558916956,0.9993599057197571,1.4806705905812123e-07
resnet18,/Users/admin/surface-defect-train/results/chips/validation/rolled-in_scale/rolled-in_scale_299_bb01.png,rolled-in_scale,rolled-in_scale,0.9546226263046265,0.0035000527277588844,0.0004985377308912575,0.04062509536743164,0.000732117798179388,0.9546226263046265,2.1640234990627505e-05
resnet18,/Users/admin/surface-defect-train/results/chips/validation/rolled-in_scale/rolled-in_scale_300_bb00.png,rolled-in_scale,rolled-in_scale,0.9696272611618042,0.001691108918748796,0.0007918720948509872,3.923009353457019e-05,0.027846399694681168,0.9696272611618042,4.274757429811871e-06
resnet18,/Users/admin/surface-defect-train/results/chips/validation/rolled-in_scale/rolled-in_scale_300_bb01.png,rolled-in_scale,rolled-in_scale,0.9972192049026489,0.001578045659698546,4.8383088142145425e-05,0.0009464207687415183,0.00020501806284300983,0.9972192049026489,2.867533794415067e-06
resnet18,/Users/admin/surface-defect-train/results/chips/validation/scratches/scratches_241_bb00.png,scratches,scratches,0.9999849796295166,6.944520514196029e-10,1.1354542948538437e-05,3.374086418261868e-06,3.047185259674734e-07,1.0346994372412155e-08,0.9999849796295166
resnet18,/Users/admin/surface-defect-train/results/chips/validation/scratches/scratches_241_bb01.png,scratches,scratches,0.9996716976165771,3.596722919496642e-08,0.0003192679723724723,5.821445029141614e-06,2.8482636480475776e-06,3.287399295004434e-07,0.9996716976165771
resnet18,/Users/admin/surface-defect-train/results/chips/validation/scratches/scratches_242_bb00.png,scratches,scratches,0.9999980926513672,8.565993400710958e-12,1.8406990420771763e-06,7.846114158382989e-08,1.6419141601886622e-08,3.686068394959108e-10,0.9999980926513672
resnet18,/Users/admin/surface-defect-train/results/chips/validation/scratches/scratches_242_bb01.png,scratches,scratches,0.9971175193786621,9.061854200353991e-08,0.0028256645891815424,3.641341390903108e-05,1.9346656699781306e-05,9.137897905020509e-07,0.9971175193786621
resnet18,/Users/admin/surface-defect-train/results/chips/validation/scratches/scratches_243_bb00.png,scratches,scratches,0.9998219609260559,4.964396005391336e-09,3.796510281972587e-05,0.00013856074656359851,1.4048903267394053e-06,7.420233316679514e-08,0.9998219609260559
resnet18,/Users/admin/surface-defect-train/results/chips/validation/scratches/scratches_243_bb01.png,scratches,scratches,0.9950222969055176,1.2624104783753864e-06,0.0029019953217357397,0.0018859339179471135,0.0001753221731632948,1.3264974768389948e-05,0.9950222969055176
resnet18,/Users/admin/surface-defect-train/results/chips/validation/scratches/scratches_243_bb02.png,scratches,scratches,0.9816168546676636,4.9452883104095235e-05,0.012770649045705795,0.004532163497060537,0.0007590451859869063,0.00027184488135389984,0.9816168546676636
resnet18,/Users/admin/surface-defect-train/results/chips/validation/scratches/scratches_243_bb03.png,scratches,scratches,0.9815199971199036,3.414675802559941e-06,0.017275666818022728,0.00041640325798653066,0.0007703424780629575,1.4160970749799162e-05,0.9815199971199036
resnet18,/Users/admin/surface-defect-train/results/chips/validation/scratches/scratches_244_bb00.png,scratches,scratches,0.9998728036880493,1.631543677937941e-09,0.00012449909991119057,1.2559058859551442e-06,1.2686455193033908e-06,9.21357745653495e-09,0.9998728036880493
resnet18,/Users/admin/surface-defect-train/results/chips/validation/scratches/scratches_244_bb01.png,scratches,scratches,0.9866517782211304,1.787517248885706e-06,0.012942801229655743,0.00013839341409038752,0.0002592229866422713,6.018556632625405e-06,0.9866517782211304
resnet18,/Users/admin/surface-defect-train/results/chips/validation/scratches/scratches_244_bb02.png,scratches,scratches,0.9862297773361206,2.502020151951001e-06,0.013391288928687572,1.6326612239936367e-05,0.0003077237925026566,5.2455245167948306e-05,0.9862297773361206
resnet18,/Users/admin/surface-defect-train/results/chips/validation/scratches/scratches_245_bb00.png,scratches,scratches,0.9479414820671082,1.1324579645588528e-05,0.04783216491341591,4.243120565661229e-05,0.004101350903511047,7.1210517489817e-05,0.9479414820671082
resnet18,/Users/admin/surface-defect-train/results/chips/validation/scratches/scratches_245_bb01.png,scratches,scratches,0.9999535083770752,7.675217794655964e-09,4.351462848717347e-05,1.740912011882756e-06,1.1917795745830517e-06,5.4314721609216576e-08,0.9999535083770752
resnet18,/Users/admin/surface-defect-train/results/chips/validation/scratches/scratches_246_bb00.png,scratches,scratches,0.9997912049293518,1.3454657832312478e-08,0.00020291475811973214,1.8855093912861776e-06,3.4010613489954267e-06,4.7373976030939957e-07,0.9997912049293518
resnet18,/Users/admin/surface-defect-train/results/chips/validation/scratches/scratches_247_bb00.png,scratches,scratches,0.9634597301483154,3.0065862119954545e-06,0.03532246872782707,0.00018414297665003687,0.0010152534814551473,1.5339724996010773e-05,0.9634597301483154
resnet18,/Users/admin/surface-defect-train/results/chips/validation/scratches/scratches_247_bb01.png,scratches,scratches,0.994632363319397,0.00038705579936504364,0.004027581308037043,0.0002588618954177946,0.0006067067733965814,8.744728984311223e-05,0.994632363319397
resnet18,/Users/admin/surface-defect-train/results/chips/validation/scratches/scratches_248_bb00.png,scratches,scratches,0.9999657869338989,1.1979793546057493e-10,3.301785181974992e-05,8.652008318676963e-07,2.0467041395022534e-07,2.9352079877753567e-08,0.9999657869338989
resnet18,/Users/admin/surface-defect-train/results/chips/validation/scratches/scratches_248_bb01.png,scratches,scratches,0.9979007244110107,1.35131159595403e-07,0.0018487662309780717,0.0002063789579551667,3.9663169445702806e-05,4.378544417704688e-06,0.9979007244110107
resnet18,/Users/admin/surface-defect-train/results/chips/validation/scratches/scratches_249_bb00.png,scratches,scratches,0.9999501705169678,2.4872355286476022e-09,4.337605423643254e-05,5.458107807498891e-06,9.082646670321992e-07,2.5498893663211675e-08,0.9999501705169678
resnet18,/Users/admin/surface-defect-train/results/chips/validation/scratches/scratches_250_bb00.png,scratches,scratches,0.9999669790267944,3.887510868771926e-10,2.9706452551181428e-05,2.9346854262257693e-06,3.611103522871417e-07,8.502015980127453e-09,0.9999669790267944
resnet18,/Users/admin/surface-defect-train/results/chips/validation/scratches/scratches_250_bb01.png,scratches,scratches,0.7981945276260376,0.01599224843084812,0.09521108865737915,0.007709060795605183,0.022741839289665222,0.06015116348862648,0.7981945276260376
resnet18,/Users/admin/surface-defect-train/results/chips/validation/scratches/scratches_251_bb00.png,scratches,scratches,0.9990965127944946,4.296000497561181e-06,0.0005194866098463535,0.0003599529736675322,1.3564927940024063e-05,6.128974291641498e-06,0.9990965127944946
resnet18,/Users/admin/surface-defect-train/results/chips/validation/scratches/scratches_251_bb01.png,scratches,scratches,0.6215018630027771,0.0013133882312104106,0.03297717869281769,0.2680114805698395,0.0021439604461193085,0.07405217736959457,0.6215018630027771
resnet18,/Users/admin/surface-defect-train/results/chips/validation/scratches/scratches_252_bb00.png,scratches,scratches,0.998883068561554,6.809915703342995e-06,0.0004773682449012995,0.0006107895751483738,1.644455551286228e-05,5.497970960277598e-06,0.998883068561554
resnet18,/Users/admin/surface-defect-train/results/chips/validation/scratches/scratches_252_bb01.png,scratches,scratches,0.6208281517028809,0.07793888449668884,0.09292682260274887,0.1081276684999466,0.01120581291615963,0.08897265046834946,0.6208281517028809
resnet18,/Users/admin/surface-defect-train/results/chips/validation/scratches/scratches_253_bb00.png,scratches,scratches,0.9993100166320801,1.803941387379382e-07,0.00034328096080571413,0.0003375971282366663,7.764532711007632e-06,1.1854326658067293e-06,0.9993100166320801
resnet18,/Users/admin/surface-defect-train/results/chips/validation/scratches/scratches_253_bb01.png,scratches,scratches,0.9047560691833496,0.02661450207233429,0.028598777949810028,0.0038844922091811895,0.002127257874235511,0.03401884436607361,0.9047560691833496
resnet18,/Users/admin/surface-defect-train/results/chips/validation/scratches/scratches_254_bb00.png,scratches,scratches,0.9998639822006226,4.444966172911791e-09,0.00012888520723208785,4.666019322030479e-06,2.374915538894129e-06,6.316707157338897e-08,0.9998639822006226
resnet18,/Users/admin/surface-defect-train/results/chips/validation/scratches/scratches_255_bb00.png,scratches,scratches,0.9999967813491821,8.567065112874417e-11,3.100142976109055e-06,8.907383630685217e-08,5.3523741883054754e-08,1.1837211211229715e-09,0.9999967813491821
resnet18,/Users/admin/surface-defect-train/results/chips/validation/scratches/scratches_256_bb00.png,scratches,scratches,0.9999756813049316,8.975762355589723e-10,2.317652979400009e-05,7.983508680808882e-07,4.105441462343151e-07,6.230984173072329e-09,0.9999756813049316
resnet18,/Users/admin/surface-defect-train/results/chips/validation/scratches/scratches_257_bb00.png,scratches,scratches,0.9999984502792358,4.2700943475582065e-11,1.4280925597631722e-06,5.961262417031321e-08,2.937179921502775e-08,3.5092775907408225e-10,0.9999984502792358
resnet18,/Users/admin/surface-defect-train/results/chips/validation/scratches/scratches_258_bb00.png,scratches,scratches,0.9999995231628418,5.158007007621812e-11,2.727002765823272e-07,2.5398279035471205e-07,1.4006096726859596e-08,1.5518261675673273e-10,0.9999995231628418
resnet18,/Users/admin/surface-defect-train/results/chips/validation/scratches/scratches_259_bb00.png,scratches,scratches,0.9999973773956299,2.4235810580641726e-10,1.759618271535146e-06,6.865228669994394e-07,1.0996701860221947e-07,7.505845944777434e-10,0.9999973773956299
resnet18,/Users/admin/surface-defect-train/results/chips/validation/scratches/scratches_260_bb00.png,scratches,scratches,0.9999942779541016,4.046140755775696e-09,4.674970114137977e-06,8.159177014022134e-07,2.623742716423294e-07,1.030504215293604e-08,0.9999942779541016
resnet18,/Users/admin/surface-defect-train/results/chips/validation/scratches/scratches_260_bb01.png,scratches,scratches,0.9036750793457031,1.3164798474463169e-05,0.09343305975198746,4.630642797565088e-05,0.0024489336647093296,0.00038342562038451433,0.9036750793457031
resnet18,/Users/admin/surface-defect-train/results/chips/validation/scratches/scratches_260_bb02.png,scratches,scratches,0.9823910593986511,3.951435246563051e-06,0.017117541283369064,0.00010856596054509282,0.00027878122637048364,0.00010004722571466118,0.9823910593986511
resnet18,/Users/admin/surface-defect-train/results/chips/validation/scratches/scratches_261_bb00.png,scratches,scratches,0.9999903440475464,1.3337029258764233e-09,9.040316399477888e-06,4.2657902099563216e-07,1.2373203617244144e-07,7.2585404353731064e-09,0.9999903440475464
resnet18,/Users/admin/surface-defect-train/results/chips/validation/scratches/scratches_262_bb00.png,scratches,scratches,0.9996892213821411,1.7294240706178243e-08,0.0002910505863837898,1.6333069652318954e-05,2.8579565878317226e-06,6.016022098265239e-07,0.9996892213821411
resnet18,/Users/admin/surface-defect-train/results/chips/validation/scratches/scratches_262_bb01.png,scratches,scratches,0.9998862743377686,6.929998797033932e-09,0.00010997206845786422,2.523211151128635e-07,3.2940229175437707e-06,1.1355555074032964e-07,0.9998862743377686
resnet18,/Users/admin/surface-defect-train/results/chips/validation/scratches/scratches_263_bb00.png,scratches,scratches,0.999717652797699,1.2094114154592717e-08,0.0002726046077441424,7.077625923557207e-06,2.2201375031727366e-06,4.1512191728543257e-07,0.999717652797699
resnet18,/Users/admin/surface-defect-train/results/chips/validation/scratches/scratches_263_bb01.png,scratches,scratches,0.999782145023346,1.261586035639084e-08,0.0002111450012307614,4.3663868609655765e-07,6.00027124164626e-06,2.1424220619792322e-07,0.999782145023346
resnet18,/Users/admin/surface-defect-train/results/chips/validation/scratches/scratches_264_bb00.png,scratches,scratches,0.9999847412109375,4.954977725901699e-07,8.202770004572812e-06,5.168545612832531e-06,3.2571395536251657e-07,9.714309499031515e-07,0.9999847412109375
resnet18,/Users/admin/surface-defect-train/results/chips/validation/scratches/scratches_264_bb01.png,scratches,scratches,0.9843282699584961,1.6041140327160974e-07,0.011743377894163132,0.003908025100827217,1.59915434778668e-05,4.1521316234138794e-06,0.9843282699584961
resnet18,/Users/admin/surface-defect-train/results/chips/validation/scratches/scratches_264_bb02.png,scratches,scratches,0.9998867511749268,7.1291084147162564e-09,7.63104108045809e-05,3.4408036299282685e-05,8.782603799772914e-07,1.7036485360222287e-06,0.9998867511749268
resnet18,/Users/admin/surface-defect-train/results/chips/validation/scratches/scratches_265_bb00.png,scratches,scratches,0.9991138577461243,1.3839572821083834e-09,0.000806056777946651,7.841976912459359e-05,1.560777377562772e-06,1.11804162372664e-07,0.9991138577461243
resnet18,/Users/admin/surface-defect-train/results/chips/validation/scratches/scratches_265_bb01.png,scratches,scratches,0.9960032105445862,2.4120993202814134e-06,0.0031611917074769735,0.0008121217833831906,1.58441107487306e-05,5.330937710823491e-06,0.9960032105445862
resnet18,/Users/admin/surface-defect-train/results/chips/validation/scratches/scratches_266_bb00.png,scratches,scratches,0.9913195967674255,1.5925019170026644e-06,0.007627581711858511,0.000795253086835146,0.00023741769837215543,1.8562290279078297e-05,0.9913195967674255
resnet18,/Users/admin/surface-defect-train/results/chips/validation/scratches/scratches_266_bb01.png,scratches,scratches,0.99220871925354,2.6590652169034e-07,0.0071108583360910416,0.0006458078278228641,2.659059828147292e-05,7.613997695443686e-06,0.99220871925354
resnet18,/Users/admin/surface-defect-train/results/chips/validation/scratches/scratches_267_bb00.png,scratches,scratches,0.9999982118606567,3.014587468541663e-10,1.157474230240041e-06,5.792983870378521e-07,2.995984260678597e-08,1.8190982942201117e-08,0.9999982118606567
resnet18,/Users/admin/surface-defect-train/results/chips/validation/scratches/scratches_267_bb01.png,scratches,scratches,0.9999312162399292,5.2702456981856827e-11,6.838377885287628e-05,2.5304024120487156e-07,7.581916605658989e-08,8.775014492812261e-09,0.9999312162399292
resnet18,/Users/admin/surface-defect-train/results/chips/validation/scratches/scratches_268_bb00.png,scratches,scratches,0.9999955892562866,1.165193202340431e-11,4.4693042582366616e-06,1.4812555626519952e-08,1.5842255507436676e-08,1.466260446392198e-10,0.9999955892562866
resnet18,/Users/admin/surface-defect-train/results/chips/validation/scratches/scratches_268_bb01.png,scratches,scratches,0.9998894929885864,6.858029255596421e-09,0.00010209970059804618,6.6103434619435575e-06,1.5476505268452456e-06,2.15001065839715e-07,0.9998894929885864
resnet18,/Users/admin/surface-defect-train/results/chips/validation/scratches/scratches_269_bb00.png,scratches,scratches,0.9999979734420776,1.2327843190718113e-09,1.5975028873072006e-06,4.828084456676152e-07,4.580946111332196e-08,2.9074533003381475e-08,0.9999979734420776
resnet18,/Users/admin/surface-defect-train/results/chips/validation/scratches/scratches_269_bb01.png,scratches,scratches,0.9999957084655762,1.7122936749047746e-11,4.251669452060014e-06,3.071801657483775e-08,1.592973219999294e-08,8.650703486878797e-10,0.9999957084655762
resnet18,/Users/admin/surface-defect-train/results/chips/validation/scratches/scratches_269_bb02.png,scratches,scratches,0.9998794794082642,2.7059815499441697e-10,0.00011916117364307866,1.0022918104368728e-06,3.6711975326397805e-07,7.701778770297096e-09,0.9998794794082642
resnet18,/Users/admin/surface-defect-train/results/chips/validation/scratches/scratches_270_bb00.png,scratches,scratches,0.9966141581535339,6.081547354597205e-08,0.0032921438105404377,8.454016642645001e-05,4.72393139716587e-06,4.39233463112032e-06,0.9966141581535339
resnet18,/Users/admin/surface-defect-train/results/chips/validation/scratches/scratches_270_bb01.png,scratches,scratches,0.9999995231628418,9.922725835442847e-12,4.938040092383744e-07,1.7839159482946343e-08,6.866677448869041e-09,1.569646190802132e-09,0.9999995231628418
resnet18,/Users/admin/surface-defect-train/results/chips/validation/scratches/scratches_271_bb00.png,scratches,scratches,0.9996933937072754,1.904018986920164e-08,0.00018978933803737164,0.00011507177987368777,1.5585670780637884e-06,1.3080683913813118e-07,0.9996933937072754
resnet18,/Users/admin/surface-defect-train/results/chips/validation/scratches/scratches_271_bb01.png,scratches,scratches,0.9999997615814209,1.4064431043403491e-12,2.231526252671756e-07,1.5181448320689128e-09,5.621399346011913e-09,4.7732543612122313e-11,0.9999997615814209
resnet18,/Users/admin/surface-defect-train/results/chips/validation/scratches/scratches_271_bb02.png,scratches,scratches,0.99998939037323,8.425664610456352e-10,1.001060263661202e-05,5.043842179475178e-07,1.1036642888484494e-07,2.5330423980562955e-08,0.99998939037323
resnet18,/Users/admin/surface-defect-train/results/chips/validation/scratches/scratches_271_bb03.png,scratches,scratches,0.9999942779541016,1.2108118951914548e-09,5.1115853239025455e-06,4.2469966388125613e-07,9.509782472605366e-08,8.225161884922727e-09,0.9999942779541016
resnet18,/Users/admin/surface-defect-train/results/chips/validation/scratches/scratches_272_bb00.png,scratches,scratches,0.9999479055404663,2.091615272092895e-07,2.6518933736952022e-05,2.1152598492335528e-05,1.912616426125169e-06,2.3148770651459927e-06,0.9999479055404663
resnet18,/Users/admin/surface-defect-train/results/chips/validation/scratches/scratches_272_bb01.png,scratches,scratches,0.9999914169311523,2.958283618070823e-11,7.592902420583414e-06,1.0104847660841187e-06,1.6193641982908957e-08,2.5421942329018066e-09,0.9999914169311523
resnet18,/Users/admin/surface-defect-train/results/chips/validation/scratches/scratches_273_bb00.png,scratches,scratches,0.9997139573097229,7.88350806857352e-09,0.00027613595011644065,8.610050826973747e-06,1.0934356851066696e-06,2.2328042348362942e-07,0.9997139573097229
resnet18,/Users/admin/surface-defect-train/results/chips/validation/scratches/scratches_273_bb01.png,scratches,scratches,0.9999912977218628,1.0639023884095877e-08,5.038373274146579e-06,3.3769310903153382e-06,2.5092694500017387e-07,4.820163823637813e-08,0.9999912977218628
resnet18,/Users/admin/surface-defect-train/results/chips/validation/scratches/scratches_273_bb02.png,scratches,scratches,0.9999415874481201,4.1576700415824064e-10,5.7400782679906115e-05,5.28590533122042e-07,3.073901666539314e-07,2.5573584139237937e-08,0.9999415874481201
resnet18,/Users/admin/surface-defect-train/results/chips/validation/scratches/scratches_274_bb00.png,scratches,scratches,0.9999983310699463,1.0553107866739797e-11,1.706556076896959e-06,1.9943973583735897e-08,7.13801329155217e-09,3.887115518352857e-09,0.9999983310699463
resnet18,/Users/admin/surface-defect-train/results/chips/validation/scratches/scratches_274_bb01.png,scratches,scratches,0.9999876022338867,2.156118128482376e-08,5.10707832290791e-06,6.936080808372935e-06,2.006944868071514e-07,1.8822538194740446e-08,0.9999876022338867
resnet18,/Users/admin/surface-defect-train/results/chips/validation/scratches/scratches_274_bb02.png,scratches,scratches,0.9999985694885254,2.833596968176977e-10,1.2549071470857598e-06,1.9318388666533792e-08,6.46721289854213e-08,1.4166338102583609e-09,0.9999985694885254
resnet18,/Users/admin/surface-defect-train/results/chips/validation/scratches/scratches_275_bb00.png,scratches,scratches,0.9999996423721313,2.3173622742955757e-10,2.421460010282317e-07,1.4096181644163153e-07,1.1721946080456291e-08,9.343928297766979e-09,0.9999996423721313
resnet18,/Users/admin/surface-defect-train/results/chips/validation/scratches/scratches_275_bb01.png,scratches,scratches,0.9999911785125732,6.48980452711001e-11,8.621641427453142e-06,1.8662569800653728e-07,5.589919638282481e-08,6.446091216361083e-09,0.9999911785125732
resnet18,/Users/admin/surface-defect-train/results/chips/validation/scratches/scratches_275_bb02.png,scratches,scratches,0.9999884366989136,1.5215241566668425e-10,1.1040412573493086e-05,2.3691693229466182e-07,2.50131563461764e-07,1.2187520992412715e-09,0.9999884366989136
resnet18,/Users/admin/surface-defect-train/results/chips/validation/scratches/scratches_275_bb03.png,scratches,scratches,0.9999967813491821,2.081299754763677e-08,1.9218484794691904e-06,1.1278069678155589e-06,1.0912076220392919e-07,3.8021958914669085e-09,0.9999967813491821
resnet18,/Users/admin/surface-defect-train/results/chips/validation/scratches/scratches_276_bb00.png,scratches,scratches,0.9918999671936035,2.5254203137592413e-06,0.007812842726707458,6.451825174735859e-05,0.00019084011728409678,2.93471912300447e-05,0.9918999671936035
resnet18,/Users/admin/surface-defect-train/results/chips/validation/scratches/scratches_276_bb01.png,scratches,scratches,0.9999897480010986,1.75262682144961e-09,9.862862498266622e-06,2.487884387392114e-07,1.5738667968889786e-07,1.144125594265688e-08,0.9999897480010986
resnet18,/Users/admin/surface-defect-train/results/chips/validation/scratches/scratches_277_bb00.png,scratches,scratches,0.9999672174453735,6.0581002436777e-09,3.057835056097247e-05,1.8413918496662518e-06,2.958717573164904e-07,4.0306741055928796e-08,0.9999672174453735
resnet18,/Users/admin/surface-defect-train/results/chips/validation/scratches/scratches_277_bb01.png,scratches,scratches,0.999789297580719,1.4072465415182478e-09,0.00020782760111615062,5.017594730816199e-07,2.4241819573944667e-06,1.5946930886912014e-08,0.999789297580719
resnet18,/Users/admin/surface-defect-train/results/chips/validation/scratches/scratches_278_bb00.png,scratches,scratches,0.9999946355819702,5.0558499609110186e-09,4.823587914870586e-06,4.314960904139298e-07,1.321434268675148e-07,6.6434950873883736e-09,0.9999946355819702
resnet18,/Users/admin/surface-defect-train/results/chips/validation/scratches/scratches_278_bb01.png,scratches,scratches,0.9922469854354858,3.356876447924151e-07,0.007562371902167797,9.226865950040519e-05,9.39208475756459e-05,4.13165844292962e-06,0.9922469854354858
resnet18,/Users/admin/surface-defect-train/results/chips/validation/scratches/scratches_278_bb02.png,scratches,scratches,0.9999895095825195,1.0226138824620534e-09,9.895421499095391e-06,1.512475904519306e-07,4.821509378416522e-07,6.584799816522491e-09,0.9999895095825195
resnet18,/Users/admin/surface-defect-train/results/chips/validation/scratches/scratches_279_bb00.png,scratches,scratches,0.9999973773956299,1.829786810958467e-08,2.1891912638238864e-06,3.784880107104982e-07,1.1221338525047031e-07,7.898356635394066e-09,0.9999973773956299
resnet18,/Users/admin/surface-defect-train/results/chips/validation/scratches/scratches_279_bb01.png,scratches,scratches,0.9999942779541016,1.0310673842495177e-10,5.230283932178281e-06,3.13247113581383e-07,8.040869658998417e-08,1.8599921602913128e-09,0.9999942779541016
resnet18,/Users/admin/surface-defect-train/results/chips/validation/scratches/scratches_280_bb00.png,scratches,scratches,0.9999940395355225,2.3049734565461222e-08,4.805398020835128e-06,9.946069212674047e-07,1.1887871664839622e-07,2.499811735390267e-08,0.9999940395355225
resnet18,/Users/admin/surface-defect-train/results/chips/validation/scratches/scratches_280_bb01.png,scratches,scratches,0.9999974966049194,1.5407916262311083e-11,2.4788107566564577e-06,2.872614679461094e-08,2.1933290739184486e-08,8.454984490313677e-10,0.9999974966049194
resnet18,/Users/admin/surface-defect-train/results/chips/validation/scratches/scratches_281_bb00.png,scratches,scratches,0.9997479319572449,6.061235779952767e-08,0.00023581655113957822,1.1248042937950231e-05,4.181852091278415e-06,7.180532293205033e-07,0.9997479319572449
resnet18,/Users/admin/surface-defect-train/results/chips/validation/scratches/scratches_282_bb00.png,scratches,scratches,0.9994632601737976,6.250508555183387e-09,0.0005080164992250502,2.076755481539294e-05,7.863884093239903e-06,7.02158331478131e-08,0.9994632601737976
resnet18,/Users/admin/surface-defect-train/results/chips/validation/scratches/scratches_283_bb00.png,scratches,scratches,0.9975627660751343,2.383862174326623e-08,0.0023748441599309444,5.311705535859801e-05,9.19109515962191e-06,1.8623747166657267e-07,0.9975627660751343
resnet18,/Users/admin/surface-defect-train/results/chips/validation/scratches/scratches_283_bb01.png,scratches,scratches,0.999671459197998,1.9131789485982154e-07,0.0003097867011092603,9.040761142387055e-06,5.838735432917019e-06,3.6007579637953313e-06,0.999671459197998
resnet18,/Users/admin/surface-defect-train/results/chips/validation/scratches/scratches_284_bb00.png,scratches,scratches,0.980165958404541,1.0315837073449075e-07,0.01969010941684246,9.413397492608055e-05,4.906705362373032e-05,5.833182967762696e-07,0.980165958404541
resnet18,/Users/admin/surface-defect-train/results/chips/validation/scratches/scratches_284_bb01.png,scratches,scratches,0.974250078201294,4.1443445297773e-06,0.023039119318127632,0.0009236544719897211,0.0017720952164381742,1.0903306247200817e-05,0.974250078201294
resnet18,/Users/admin/surface-defect-train/results/chips/validation/scratches/scratches_285_bb00.png,scratches,scratches,0.9998788833618164,7.129388746029974e-10,0.00011859583901241422,1.4389165698958095e-06,1.057067947840551e-06,1.3681273891563706e-08,0.9998788833618164
resnet18,/Users/admin/surface-defect-train/results/chips/validation/scratches/scratches_285_bb01.png,scratches,scratches,0.9929736852645874,1.3014716842008056e-06,0.0032236394472420216,0.0035558766685426235,0.00024297447816934437,2.5528618152748095e-06,0.9929736852645874
resnet18,/Users/admin/surface-defect-train/results/chips/validation/scratches/scratches_286_bb00.png,scratches,scratches,0.9984751343727112,1.3080222061034874e-06,0.0013928997796028852,8.223977056331933e-05,4.7240653657354414e-05,1.223872914124513e-06,0.9984751343727112
resnet18,/Users/admin/surface-defect-train/results/chips/validation/scratches/scratches_287_bb00.png,scratches,scratches,0.9997629523277283,4.773134492097597e-07,1.9460852854535915e-05,0.00020684061746578664,6.7613896135299e-06,3.4742402021947782e-06,0.9997629523277283
resnet18,/Users/admin/surface-defect-train/results/chips/validation/scratches/scratches_288_bb00.png,scratches,scratches,0.9999804496765137,2.2959033785241445e-08,1.3867492270946968e-05,3.991210178355686e-06,1.6963467714958824e-06,7.350703867814445e-08,0.9999804496765137
resnet18,/Users/admin/surface-defect-train/results/chips/validation/scratches/scratches_289_bb00.png,scratches,scratches,0.9997983574867249,3.836420958691633e-08,0.00019211867765989155,2.594439365566359e-06,3.5780699363385793e-06,3.3616286145843333e-06,0.9997983574867249
resnet18,/Users/admin/surface-defect-train/results/chips/validation/scratches/scratches_290_bb00.png,scratches,scratches,0.9999992847442627,6.439135336044899e-10,5.898988320041099e-07,1.810438798877101e-09,1.2721700670681457e-07,7.970741400242787e-09,0.9999992847442627
resnet18,/Users/admin/surface-defect-train/results/chips/validation/scratches/scratches_290_bb01.png,scratches,scratches,0.9999997615814209,4.4255507591905996e-10,1.6535791758087726e-07,2.192136916434606e-09,5.987993745293352e-08,5.727266216837279e-09,0.9999997615814209
resnet18,/Users/admin/surface-defect-train/results/chips/validation/scratches/scratches_291_bb00.png,scratches,scratches,0.9999998807907104,2.1948722006559507e-10,1.3094032169647107e-07,3.1566411706762665e-09,3.032062423358184e-08,1.8071760754523325e-09,0.9999998807907104
resnet18,/Users/admin/surface-defect-train/results/chips/validation/scratches/scratches_292_bb00.png,scratches,scratches,0.9999628067016602,1.9598800804487837e-07,1.6708152543287724e-05,1.766858076734934e-05,1.9737990442081355e-06,6.154477887321264e-07,0.9999628067016602
resnet18,/Users/admin/surface-defect-train/results/chips/validation/scratches/scratches_292_bb01.png,scratches,scratches,0.9999816417694092,5.034510763834987e-08,1.6513729860889725e-05,2.261449054685727e-07,8.552283361495938e-07,7.203997256510775e-07,0.9999816417694092
resnet18,/Users/admin/surface-defect-train/results/chips/validation/scratches/scratches_293_bb00.png,scratches,scratches,0.9999172687530518,1.7448586220325524e-07,6.830206257291138e-05,1.7895540622703265e-06,8.260260074166581e-06,4.213146439724369e-06,0.9999172687530518
resnet18,/Users/admin/surface-defect-train/results/chips/validation/scratches/scratches_293_bb01.png,scratches,scratches,0.9999973773956299,3.8600397878063575e-10,1.0828201766344137e-06,1.503283783677034e-06,5.4763379608857576e-08,1.261263360419207e-08,0.9999973773956299
resnet18,/Users/admin/surface-defect-train/results/chips/validation/scratches/scratches_294_bb00.png,scratches,scratches,0.9999582767486572,5.4986233344322955e-09,3.930146704078652e-05,5.969104108771717e-07,1.6978679013845976e-06,5.647110512541076e-08,0.9999582767486572
resnet18,/Users/admin/surface-defect-train/results/chips/validation/scratches/scratches_294_bb01.png,scratches,scratches,0.9984338879585266,2.87955856492772e-07,0.0014675285201519728,7.250106136780232e-05,1.229366534971632e-05,1.3471671991283074e-05,0.9984338879585266
resnet18,/Users/admin/surface-defect-train/results/chips/validation/scratches/scratches_294_bb02.png,scratches,scratches,0.999969482421875,1.2379147484864461e-08,2.7782927645603195e-05,2.0495019725785824e-06,6.102228553572786e-07,9.025156089137454e-08,0.999969482421875
resnet18,/Users/admin/surface-defect-train/results/chips/validation/scratches/scratches_295_bb00.png,scratches,scratches,0.9999654293060303,3.0073707080191525e-08,2.422063516860362e-05,9.32443163037533e-06,8.480421911372105e-07,1.3398629050698219e-07,0.9999654293060303
resnet18,/Users/admin/surface-defect-train/results/chips/validation/scratches/scratches_295_bb01.png,scratches,scratches,0.9999476671218872,3.793374947491657e-09,4.8071164201246575e-05,3.5398245472606504e-06,6.477960710071784e-07,1.2922455994157644e-07,0.9999476671218872
resnet18,/Users/admin/surface-defect-train/results/chips/validation/scratches/scratches_295_bb02.png,scratches,scratches,0.9999817609786987,8.158607123220918e-09,1.4503423699352425e-05,3.329656465211883e-06,2.871519200198236e-07,1.2315389597006288e-07,0.9999817609786987
resnet18,/Users/admin/surface-defect-train/results/chips/validation/scratches/scratches_295_bb03.png,scratches,scratches,0.9999829530715942,9.797410105427673e-11,1.6664933355059475e-05,1.814332790672779e-07,1.1674610789214057e-07,7.704250570839122e-09,0.9999829530715942
resnet18,/Users/admin/surface-defect-train/results/chips/validation/scratches/scratches_296_bb00.png,scratches,scratches,0.9999967813491821,1.7420234699194737e-10,2.960508254545857e-06,1.7678128472198296e-07,3.7688547394054694e-08,7.91368748309651e-09,0.9999967813491821
resnet18,/Users/admin/surface-defect-train/results/chips/validation/scratches/scratches_296_bb01.png,scratches,scratches,0.9999988079071045,1.7092555149034183e-10,9.89521595329279e-07,6.379165995440417e-08,6.589739598439337e-08,1.3399663600921485e-09,0.9999988079071045
resnet18,/Users/admin/surface-defect-train/results/chips/validation/scratches/scratches_296_bb02.png,scratches,scratches,0.9999790191650391,1.0536187033949318e-08,1.8720258594839834e-05,1.0605079978631693e-06,1.103420800063759e-06,6.318698808627232e-08,0.9999790191650391
resnet18,/Users/admin/surface-defect-train/results/chips/validation/scratches/scratches_296_bb03.png,scratches,scratches,0.999785840511322,5.356734163797228e-06,0.00017369554552715272,5.839286131958943e-06,2.0928666344843805e-05,8.321911991515663e-06,0.999785840511322
resnet18,/Users/admin/surface-defect-train/results/chips/validation/scratches/scratches_296_bb04.png,scratches,scratches,0.999907374382019,7.688284675566592e-09,5.57269922865089e-05,3.446418486419134e-05,2.090522457365296e-06,1.8229697218430374e-07,0.999907374382019
resnet18,/Users/admin/surface-defect-train/results/chips/validation/scratches/scratches_297_bb00.png,scratches,scratches,0.9999884366989136,1.0536159722462912e-09,1.0415309589006938e-05,7.971499371706159e-07,4.104546462713188e-07,1.769143054275446e-08,0.9999884366989136
resnet18,/Users/admin/surface-defect-train/results/chips/validation/scratches/scratches_297_bb01.png,scratches,scratches,0.9999861717224121,2.1724153587143746e-09,1.3110035069985315e-05,7.008942048969402e-08,6.30774081855634e-07,2.408111043905592e-08,0.9999861717224121
resnet18,/Users/admin/surface-defect-train/results/chips/validation/scratches/scratches_298_bb00.png,scratches,scratches,0.9995713829994202,3.448300276431837e-07,0.0003663478419184685,5.5386608437402174e-05,4.898272891296074e-06,1.6847757251525763e-06,0.9995713829994202
resnet18,/Users/admin/surface-defect-train/results/chips/validation/scratches/scratches_299_bb00.png,scratches,scratches,0.9999819993972778,9.622753083249336e-08,1.2323087503318675e-05,4.143809746892657e-06,1.059685246218578e-06,4.2440373704266676e-07,0.9999819993972778
resnet18,/Users/admin/surface-defect-train/results/chips/validation/scratches/scratches_300_bb00.png,scratches,scratches,0.9999874830245972,2.7948546255096574e-10,1.0150410162168555e-05,2.2955325675866334e-06,8.579000621011801e-08,7.181499395159108e-09,0.9999874830245972
resnet18,/Users/admin/surface-defect-train/results/chips/validation/scratches/scratches_300_bb01.png,scratches,scratches,0.9999995231628418,8.81884149039891e-12,5.291204843160813e-07,1.3998297632156209e-08,8.730820511004822e-09,5.342958298015787e-10,0.9999995231628418
