modelName,chipPath,sourceImage,bboxIndex,trueLabel,predLabel,confidence
resnet18,/Users/admin/surface-defect-train/results/chips/validation/crazing/crazing_241_bb00.png,/Users/admin/surface-defect-train/NEU-DET/validation/images/crazing/crazing_241.jpg,0,crazing,crazing,0.9985692501068115
resnet18,/Users/admin/surface-defect-train/results/chips/validation/crazing/crazing_241_bb01.png,/Users/admin/surface-defect-train/NEU-DET/validation/images/crazing/crazing_241.jpg,1,crazing,crazing,0.9994064569473267
resnet18,/Users/admin/surface-defect-train/results/chips/validation/crazing/crazing_241_bb02.png,/Users/admin/surface-defect-train/NEU-DET/validation/images/crazing/crazing_241.jpg,2,crazing,crazing,0.9824656248092651
resnet18,/Users/admin/surface-defect-train/results/chips/validation/crazing/crazing_242_bb00.png,/Users/admin/surface-defect-train/NEU-DET/validation/images/crazing/crazing_242.jpg,0,crazing,crazing,0.9953373670578003
resnet18,/Users/admin/surface-defect-train/results/chips/validation/crazing/crazing_242_bb01.png,/Users/admin/surface-defect-train/NEU-DET/validation/images/crazing/crazing_242.jpg,1,crazing,crazing,0.9987404942512512
resnet18,/Users/admin/surface-defect-train/results/chips/validation/crazing/crazing_242_bb02.png,/Users/admin/surface-defect-train/NEU-DET/validation/images/crazing/crazing_242.jpg,2,crazing,crazing,0.997923731803894
resnet18,/Users/admin/surface-defect-train/results/chips/validation/crazing/crazing_243_bb00.png,/Users/admin/surface-defect-train/NEU-DET/validation/images/crazing/crazing_243.jpg,0,crazing,crazing,0.9986574649810791
resnet18,/Users/admin/surface-defect-train/results/chips/validation/crazing/crazing_243_bb01.png,/Users/admin/surface-defect-train/NEU-DET/validation/images/crazing/crazing_243.jpg,1,crazing,crazing,0.9992361068725586
resnet18,/Users/admin/surface-defect-train/results/chips/validation/crazing/crazing_243_bb02.png,/Users/admin/surface-defect-train/NEU-DET/validation/images/crazing/crazing_243.jpg,2,crazing,crazing,0.9978177547454834
resnet18,/Users/admin/surface-defect-train/results/chips/validation/crazing/crazing_243_bb03.png,/Users/admin/surface-defect-train/NEU-DET/validation/images/crazing/crazing_243.jpg,3,crazing,crazing,0.9957128763198853
resnet18,/Users/admin/surface-defect-train/results/chips/validation/crazing/crazing_244_bb00.png,/Users/admin/surface-defect-train/NEU-DET/validation/images/crazing/crazing_244.jpg,0,crazing,crazing,0.9976118803024292
resnet18,/Users/admin/surface-defect-train/results/chips/validation/crazing/crazing_244_bb01.png,/Users/admin/surface-defect-train/NEU-DET/validation/images/crazing/crazing_244.jpg,1,crazing,crazing,0.9995443224906921
resnet18,/Users/admin/surface-defect-train/results/chips/validation/crazing/crazing_244_bb02.png,/Users/admin/surface-defect-train/NEU-DET/validation/images/crazing/crazing_244.jpg,2,crazing,crazing,0.9959443211555481
resnet18,/Users/admin/surface-defect-train/results/chips/validation/crazing/crazing_245_bb00.png,/Users/admin/surface-defect-train/NEU-DET/validation/images/crazing/crazing_245.jpg,0,crazing,crazing,0.9998494386672974
resnet18,/Users/admin/surface-defect-train/results/chips/validation/crazing/crazing_245_bb01.png,/Users/admin/surface-defect-train/NEU-DET/validation/images/crazing/crazing_245.jpg,1,crazing,crazing,0.9984415173530579
resnet18,/Users/admin/surface-defect-train/results/chips/validation/crazing/crazing_246_bb00.png,/Users/admin/surface-defect-train/NEU-DET/validation/images/crazing/crazing_246.jpg,0,crazing,crazing,0.9974326491355896
resnet18,/Users/admin/surface-defect-train/results/chips/validation/crazing/crazing_246_bb01.png,/Users/admin/surface-defect-train/NEU-DET/validation/images/crazing/crazing_246.jpg,1,crazing,crazing,0.9988119602203369
resnet18,/Users/admin/surface-defect-train/results/chips/validation/crazing/crazing_246_bb02.png,/Users/admin/surface-defect-train/NEU-DET/validation/images/crazing/crazing_246.jpg,2,crazing,crazing,0.9923093318939209
resnet18,/Users/admin/surface-defect-train/results/chips/validation/crazing/crazing_246_bb03.png,/Users/admin/surface-defect-train/NEU-DET/validation/images/crazing/crazing_246.jpg,3,crazing,crazing,0.9942065477371216
resnet18,/Users/admin/surface-defect-train/results/chips/validation/crazing/crazing_247_bb00.png,/Users/admin/surface-defect-train/NEU-DET/validation/images/crazing/crazing_247.jpg,0,crazing,crazing,0.9991564750671387
resnet18,/Users/admin/surface-defect-train/results/chips/validation/crazing/crazing_247_bb01.png,/Users/admin/surface-defect-train/NEU-DET/validation/images/crazing/crazing_247.jpg,1,crazing,crazing,0.9964130520820618
resnet18,/Users/admin/surface-defect-train/results/chips/validation/crazing/crazing_247_bb02.png,/Users/admin/surface-defect-train/NEU-DET/validation/images/crazing/crazing_247.jpg,2,crazing,crazing,0.9968716502189636
resnet18,/Users/admin/surface-defect-train/results/chips/validation/crazing/crazing_248_bb00.png,/Users/admin/surface-defect-train/NEU-DET/validation/images/crazing/crazing_248.jpg,0,crazing,crazing,0.9996378421783447
resnet18,/Users/admin/surface-defect-train/results/chips/validation/crazing/crazing_248_bb01.png,/Users/admin/surface-defect-train/NEU-DET/validation/images/crazing/crazing_248.jpg,1,crazing,crazing,0.9989022016525269
resnet18,/Users/admin/surface-defect-train/results/chips/validation/crazing/crazing_248_bb02.png,/Users/admin/surface-defect-train/NEU-DET/validation/images/crazing/crazing_248.jpg,2,crazing,crazing,0.9992914199829102
resnet18,/Users/admin/surface-defect-train/results/chips/validation/crazing/crazing_249_bb00.png,/Users/admin/surface-defect-train/NEU-DET/validation/images/crazing/crazing_249.jpg,0,crazing,crazing,0.9952492713928223
resnet18,/Users/admin/surface-defect-train/results/chips/validation/crazing/crazing_249_bb01.png,/Users/admin/surface-defect-train/NEU-DET/validation/images/crazing/crazing_249.jpg,1,crazing,crazing,0.9997032284736633
resnet18,/Users/admin/surface-defect-train/results/chips/validation/crazing/crazing_249_bb02.png,/Users/admin/surface-defect-train/NEU-DET/validation/images/crazing/crazing_249.jpg,2,crazing,crazing,0.9986386895179749
resnet18,/Users/admin/surface-defect-train/results/chips/validation/crazing/crazing_250_bb00.png,/Users/admin/surface-defect-train/NEU-DET/validation/images/crazing/crazing_250.jpg,0,crazing,crazing,0.9946227073669434
resnet18,/Users/admin/surface-defect-train/results/chips/validation/crazing/crazing_250_bb01.png,/Users/admin/surface-defect-train/NEU-DET/validation/images/crazing/crazing_250.jpg,1,crazing,crazing,0.9995579123497009
resnet18,/Users/admin/surface-defect-train/results/chips/validation/crazing/crazing_250_bb02.png,/Users/admin/surface-defect-train/NEU-DET/validation/images/crazing/crazing_250.jpg,2,crazing,crazing,0.9976529479026794
resnet18,/Users/admin/surface-defect-train/results/chips/validation/crazing/crazing_251_bb00.png,/Users/admin/surface-defect-train/NEU-DET/validation/images/crazing/crazing_251.jpg,0,crazing,crazing,0.9977996945381165
resnet18,/Users/admin/surface-defect-train/results/chips/validation/crazing/crazing_251_bb01.png,/Users/admin/surface-defect-train/NEU-DET/validation/images/crazing/crazing_251.jpg,1,crazing,crazing,0.999723494052887
resnet18,/Users/admin/surface-defect-train/results/chips/validation/crazing/crazing_251_bb02.png,/Users/admin/surface-defect-train/NEU-DET/validation/images/crazing/crazing_251.jpg,2,crazing,crazing,0.9968155026435852
resnet18,/Users/admin/surface-defect-train/results/chips/validation/crazing/crazing_252_bb00.png,/Users/admin/surface-defect-train/NEU-DET/validation/images/crazing/crazing_252.jpg,0,crazing,crazing,0.9968814849853516
resnet18,/Users/admin/surface-defect-train/results/chips/validation/crazing/crazing_252_bb01.png,/Users/admin/surface-defect-train/NEU-DET/validation/images/crazing/crazing_252.jpg,1,crazing,crazing,0.9989157915115356
resnet18,/Users/admin/surface-defect-train/results/chips/validation/crazing/crazing_252_bb02.png,/Users/admin/surface-defect-train/NEU-DET/validation/images/crazing/crazing_252.jpg,2,crazing,crazing,0.9995042085647583
resnet18,/Users/admin/surface-defect-train/results/chips/validation/crazing/crazing_253_bb00.png,/Users/admin/surface-defect-train/NEU-DET/validation/images/crazing/crazing_253.jpg,0,crazing,crazing,0.9993583559989929
resnet18,/Users/admin/surface-defect-train/results/chips/validation/crazing/crazing_253_bb01.png,/Users/admin/surface-defect-train/NEU-DET/validation/images/crazing/crazing_253.jpg,1,crazing,crazing,0.9984517097473145
resnet18,/Users/admin/surface-defect-train/results/chips/validation/crazing/crazing_253_bb02.png,/Users/admin/surface-defect-train/NEU-DET/validation/images/crazing/crazing_253.jpg,2,crazing,crazing,0.9981424808502197
resnet18,/Users/admin/surface-defect-train/results/chips/validation/crazing/crazing_254_bb00.png,/Users/admin/surface-defect-train/NEU-DET/validation/images/crazing/crazing_254.jpg,0,crazing,crazing,0.9962692260742188
resnet18,/Users/admin/surface-defect-train/results/chips/validation/crazing/crazing_255_bb00.png,/Users/admin/surface-defect-train/NEU-DET/validation/images/crazing/crazing_255.jpg,0,crazing,crazing,0.9983736276626587
resnet18,/Users/admin/surface-defect-train/results/chips/validation/crazing/crazing_255_bb01.png,/Users/admin/surface-defect-train/NEU-DET/validation/images/crazing/crazing_255.jpg,1,crazing,crazing,0.9989731311798096
resnet18,/Users/admin/surface-defect-train/results/chips/validation/crazing/crazing_255_bb02.png,/Users/admin/surface-defect-train/NEU-DET/validation/images/crazing/crazing_255.jpg,2,crazing,crazing,0.9988425970077515
resnet18,/Users/admin/surface-defect-train/results/chips/validation/crazing/crazing_256_bb00.png,/Users/admin/surface-defect-train/NEU-DET/validation/images/crazing/crazing_256.jpg,0,crazing,crazing,0.9980650544166565
resnet18,/Users/admin/surface-defect-train/results/chips/validation/crazing/crazing_256_bb01.png,/Users/admin/surface-defect-train/NEU-DET/validation/images/crazing/crazing_256.jpg,1,crazing,crazing,0.9967772364616394
resnet18,/Users/admin/surface-defect-train/results/chips/validation/crazing/crazing_256_bb02.png,/Users/admin/surface-defect-train/NEU-DET/validation/images/crazing/crazing_256.jpg,2,crazing,crazing,0.9987420439720154
resnet18,/Users/admin/surface-defect-train/results/chips/validation/crazing/crazing_257_bb00.png,/Users/admin/surface-defect-train/NEU-DET/validation/images/crazing/crazing_257.jpg,0,crazing,crazing,0.995934247970581
resnet18,/Users/admin/surface-defect-train/results/chips/validation/crazing/crazing_257_bb01.png,/Users/admin/surface-defect-train/NEU-DET/validation/images/crazing/crazing_257.jpg,1,crazing,crazing,0.7348396182060242
resnet18,/Users/admin/surface-defect-train/results/chips/validation/crazing/crazing_257_bb02.png,/Users/admin/surface-defect-train/NEU-DET/validation/images/crazing/crazing_257.jpg,2,crazing,crazing,0.9944907426834106
resnet18,/Users/admin/surface-defect-train/results/chips/validation/crazing/crazing_258_bb00.png,/Users/admin/surface-defect-train/NEU-DET/validation/images/crazing/crazing_258.jpg,0,crazing,crazing,0.998488187789917
resnet18,/Users/admin/surface-defect-train/results/chips/validation/crazing/crazing_258_bb01.png,/Users/admin/surface-defect-train/NEU-DET/validation/images/crazing/crazing_258.jpg,1,crazing,crazing,0.9997856020927429
resnet18,/Users/admin/surface-defect-train/results/chips/validation/crazing/crazing_259_bb00.png,/Users/admin/surface-defect-train/NEU-DET/validation/images/crazing/crazing_259.jpg,0,crazing,crazing,0.9985287189483643
resnet18,/Users/admin/surface-defect-train/results/chips/validation/crazing/crazing_259_bb01.png,/Users/admin/surface-defect-train/NEU-DET/validation/images/crazing/crazing_259.jpg,1,crazing,crazing,0.9972585439682007
resnet18,/Users/admin/surface-defect-train/results/chips/validation/crazing/crazing_259_bb02.png,/Users/admin/surface-defect-train/NEU-DET/validation/images/crazing/crazing_259.jpg,2,crazing,crazing,0.9980199337005615
resnet18,/Users/admin/surface-defect-train/results/chips/validation/crazing/crazing_260_bb00.png,/Users/admin/surface-defect-train/NEU-DET/validation/images/crazing/crazing_260.jpg,0,crazing,crazing,0.9989014863967896
resnet18,/Users/admin/surface-defect-train/results/chips/validation/crazing/crazing_260_bb01.png,/Users/admin/surface-defect-train/NEU-DET/validation/images/crazing/crazing_260.jpg,1,crazing,crazing,0.9983823299407959
resnet18,/Users/admin/surface-defect-train/results/chips/validation/crazing/crazing_261_bb00.png,/Users/admin/surface-defect-train/NEU-DET/validation/images/crazing/crazing_261.jpg,0,crazing,crazing,0.9994420409202576
resnet18,/Users/admin/surface-defect-train/results/chips/validation/crazing/crazing_261_bb01.png,/Users/admin/surface-defect-train/NEU-DET/validation/images/crazing/crazing_261.jpg,1,crazing,crazing,0.998427152633667
resnet18,/Users/admin/surface-defect-train/results/chips/validation/crazing/crazing_261_bb02.png,/Users/admin/surface-defect-train/NEU-DET/validation/images/crazing/crazing_261.jpg,2,crazing,crazing,0.9985713958740234
resnet18,/Users/admin/surface-defect-train/results/chips/validation/crazing/crazing_262_bb00.png,/Users/admin/surface-defect-train/NEU-DET/validation/images/crazing/crazing_262.jpg,0,crazing,crazing,0.9997139573097229
resnet18,/Users/admin/surface-defect-train/results/chips/validation/crazing/crazing_262_bb01.png,/Users/admin/surface-defect-train/NEU-DET/validation/images/crazing/crazing_262.jpg,1,crazing,crazing,0.9977444410324097
resnet18,/Users/admin/surface-defect-train/results/chips/validation/crazing/crazing_262_bb02.png,/Users/admin/surface-defect-train/NEU-DET/validation/images/crazing/crazing_262.jpg,2,crazing,crazing,0.9996302127838135
resnet18,/Users/admin/surface-defect-train/results/chips/validation/crazing/crazing_263_bb00.png,/Users/admin/surface-defect-train/NEU-DET/validation/images/crazing/crazing_263.jpg,0,crazing,crazing,0.9996258020401001
resnet18,/Users/admin/surface-defect-train/results/chips/validation/crazing/crazing_263_bb01.png,/Users/admin/surface-defect-train/NEU-DET/validation/images/crazing/crazing_263.jpg,1,crazing,crazing,0.9985456466674805
resnet18,/Users/admin/surface-defect-train/results/chips/validation/crazing/crazing_264_bb00.png,/Users/admin/surface-defect-train/NEU-DET/validation/images/crazing/crazing_264.jpg,0,crazing,crazing,0.9987736344337463
resnet18,/Users/admin/surface-defect-train/results/chips/validation/crazing/crazing_264_bb01.png,/Users/admin/surface-defect-train/NEU-DET/validation/images/crazing/crazing_264.jpg,1,crazing,crazing,0.9986044764518738
resnet18,/Users/admin/surface-defect-train/results/chips/validation/crazing/crazing_265_bb00.png,/Users/admin/surface-defect-train/NEU-DET/validation/images/crazing/crazing_265.jpg,0,crazing,crazing,0.9971492886543274
resnet18,/Users/admin/surface-defect-train/results/chips/validation/crazing/crazing_265_bb01.png,/Users/admin/surface-defect-train/NEU-DET/validation/images/crazing/crazing_265.jpg,1,crazing,crazing,0.9995403289794922
resnet18,/Users/admin/surface-defect-train/results/chips/validation/crazing/crazing_266_bb00.png,/Users/admin/surface-defect-train/NEU-DET/validation/images/crazing/crazing_266.jpg,0,crazing,crazing,0.9979584217071533
resnet18,/Users/admin/surface-defect-train/results/chips/validation/crazing/crazing_266_bb01.png,/Users/admin/surface-defect-train/NEU-DET/validation/images/crazing/crazing_266.jpg,1,crazing,crazing,0.9908413887023926
resnet18,/Users/admin/surface-defect-train/results/chips/validation/crazing/crazing_267_bb00.png,/Users/admin/surface-defect-train/NEU-DET/validation/images/crazing/crazing_267.jpg,0,crazing,crazing,0.9983571171760559
resnet18,/Users/admin/surface-defect-train/results/chips/validation/crazing/crazing_267_bb01.png,/Users/admin/surface-defect-train/NEU-DET/validation/images/crazing/crazing_267.jpg,1,crazing,crazing,0.9992839694023132
resnet18,/Users/admin/surface-defect-train/results/chips/validation/crazing/crazing_267_bb02.png,/Users/admin/surface-defect-train/NEU-DET/validation/images/crazing/crazing_267.jpg,2,crazing,crazing,0.9994909763336182
resnet18,/Users/admin/surface-defect-train/results/chips/validation/crazing/crazing_268_bb00.png,/Users/admin/surface-defect-train/NEU-DET/validation/images/crazing/crazing_268.jpg,0,crazing,crazing,0.9940541386604309
resnet18,/Users/admin/surface-defect-train/results/chips/validation/crazing/crazing_268_bb01.png,/Users/admin/surface-defect-train/NEU-DET/validation/images/crazing/crazing_268.jpg,1,crazing,crazing,0.9879447221755981
resnet18,/Users/admin/surface-defect-train/results/chips/validation/crazing/crazing_268_bb02.png,/Users/admin/surface-defect-train/NEU-DET/validation/images/crazing/crazing_268.jpg,2,crazing,crazing,0.9990193843841553
resnet18,/Users/admin/surface-defect-train/results/chips/validation/crazing/crazing_269_bb00.png,/Users/admin/surface-defect-train/NEU-DET/validation/images/crazing/crazing_269.jpg,0,crazing,crazing,0.9995402097702026
resnet18,/Users/admin/surface-defect-train/results/chips/validation/crazing/crazing_269_bb01.png,/Users/admin/surface-defect-train/NEU-DET/validation/images/crazing/crazing_269.jpg,1,crazing,crazing,0.9985852241516113
resnet18,/Users/admin/surface-defect-train/results/chips/validation/crazing/crazing_269_bb02.png,/Users/admin/surface-defect-train/NEU-DET/validation/images/crazing/crazing_269.jpg,2,crazing,crazing,0.9989521503448486
resnet18,/Users/admin/surface-defect-train/results/chips/validation/crazing/crazing_270_bb00.png,/Users/admin/surface-defect-train/NEU-DET/validation/images/crazing/crazing_270.jpg,0,crazing,crazing,0.9963601231575012
resnet18,/Users/admin/surface-defect-train/results/chips/validation/crazing/crazing_270_bb01.png,/Users/admin/surface-defect-train/NEU-DET/validation/images/crazing/crazing_270.jpg,1,crazing,crazing,0.9987282156944275
resnet18,/Users/admin/surface-defect-train/results/chips/validation/crazing/crazing_270_bb02.png,/Users/admin/surface-defect-train/NEU-DET/validation/images/crazing/crazing_270.jpg,2,crazing,crazing,0.9994788765907288
resnet18,/Users/admin/surface-defect-train/results/chips/validation/crazing/crazing_271_bb00.png,/Users/admin/surface-defect-train/NEU-DET/validation/images/crazing/crazing_271.jpg,0,crazing,crazing,0.9972735047340393
resnet18,/Users/admin/surface-defect-train/results/chips/validation/crazing/crazing_271_bb01.png,/Users/admin/surface-defect-train/NEU-DET/validation/images/crazing/crazing_271.jpg,1,crazing,crazing,0.9995249509811401
resnet18,/Users/admin/surface-defect-train/results/chips/validation/crazing/crazing_271_bb02.png,/Users/admin/surface-defect-train/NEU-DET/validation/images/crazing/crazing_271.jpg,2,crazing,crazing,0.997554361820221
resnet18,/Users/admin/surface-defect-train/results/chips/validation/crazing/crazing_271_bb03.png,/Users/admin/surface-defect-train/NEU-DET/validation/images/crazing/crazing_271.jpg,3,crazing,crazing,0.9928910732269287
resnet18,/Users/admin/surface-defect-train/results/chips/validation/crazing/crazing_272_bb00.png,/Users/admin/surface-defect-train/NEU-DET/validation/images/crazing/crazing_272.jpg,0,crazing,crazing,0.999133288860321
resnet18,/Users/admin/surface-defect-train/results/chips/validation/crazing/crazing_272_bb01.png,/Users/admin/surface-defect-train/NEU-DET/validation/images/crazing/crazing_272.jpg,1,crazing,crazing,0.9992972612380981
resnet18,/Users/admin/surface-defect-train/results/chips/validation/crazing/crazing_272_bb02.png,/Users/admin/surface-defect-train/NEU-DET/validation/images/crazing/crazing_272.jpg,2,crazing,crazing,0.9792177677154541
resnet18,/Users/admin/surface-defect-train/results/chips/validation/crazing/crazing_273_bb00.png,/Users/admin/surface-defect-train/NEU-DET/validation/images/crazing/crazing_273.jpg,0,crazing,crazing,0.9738392233848572
resnet18,/Users/admin/surface-defect-train/results/chips/validation/crazing/crazing_273_bb01.png,/Users/admin/surface-defect-train/NEU-DET/validation/images/crazing/crazing_273.jpg,1,crazing,crazing,0.9929723739624023
resnet18,/Users/admin/surface-defect-train/results/chips/validation/crazing/crazing_273_bb02.png,/Users/admin/surface-defect-train/NEU-DET/validation/images/crazing/crazing_273.jpg,2,crazing,crazing,0.9982509016990662
resnet18,/Users/admin/surface-defect-train/results/chips/validation/crazing/crazing_274_bb00.png,/Users/admin/surface-defect-train/NEU-DET/validation/images/crazing/crazing_274.jpg,0,crazing,crazing,0.9972171783447266
resnet18,/Users/admin/surface-defect-train/results/chips/validation/crazing/crazing_274_bb01.png,/Users/admin/surface-defect-train/NEU-DET/validation/images/crazing/crazing_274.jpg,1,crazing,crazing,0.9988656044006348
resnet18,/Users/admin/surface-defect-train/results/chips/validation/crazing/crazing_274_bb02.png,/Users/admin/surface-defect-train/NEU-DET/validation/images/crazing/crazing_274.jpg,2,crazing,crazing,0.9964374303817749
resnet18,/Users/admin/surface-defect-train/results/chips/validation/crazing/crazing_274_bb03.png,/Users/admin/surface-defect-train/NEU-DET/validation/images/crazing/crazing_274.jpg,3,crazing,crazing,0.8675641417503357
resnet18,/Users/admin/surface-defect-train/results/chips/validation/crazing/crazing_275_bb00.png,/Users/admin/surface-defect-train/NEU-DET/validation/images/crazing/crazing_275.jpg,0,crazing,crazing,0.9985365867614746
resnet18,/Users/admin/surface-defect-train/results/chips/validation/crazing/crazing_275_bb01.png,/Users/admin/surface-defect-train/NEU-DET/validation/images/crazing/crazing_275.jpg,1,crazing,crazing,0.9966813921928406
resnet18,/Users/admin/surface-defect-train/results/chips/validation/crazing/crazing_275_bb02.png,/Users/admin/surface-defect-train/NEU-DET/validation/images/crazing/crazing_275.jpg,2,crazing,crazing,0.9994706511497498
resnet18,/Users/admin/surface-defect-train/results/chips/validation/crazing/crazing_276_bb00.png,/Users/admin/surface-defect-train/NEU-DET/validation/images/crazing/crazing_276.jpg,0,crazing,crazing,0.9981847405433655
resnet18,/Users/admin/surface-defect-train/results/chips/validation/crazing/crazing_276_bb01.png,/Users/admin/surface-defect-train/NEU-DET/validation/images/crazing/crazing_276.jpg,1,crazing,crazing,0.9991897940635681
resnet18,/Users/admin/surface-defect-train/results/chips/validation/crazing/crazing_277_bb00.png,/Users/admin/surface-defect-train/NEU-DET/validation/images/crazing/crazing_277.jpg,0,crazing,crazing,0.9959633350372314
resnet18,/Users/admin/surface-defect-train/results/chips/validation/crazing/crazing_277_bb01.png,/Users/admin/surface-defect-train/NEU-DET/validation/images/crazing/crazing_277.jpg,1,crazing,crazing,0.9990472197532654
resnet18,/Users/admin/surface-defect-train/results/chips/validation/crazing/crazing_278_bb00.png,/Users/admin/surface-defect-train/NEU-DET/validation/images/crazing/crazing_278.jpg,0,crazing,crazing,0.9956307411193848
resnet18,/Users/admin/surface-defect-train/results/chips/validation/crazing/crazing_278_bb01.png,/Users/admin/surface-defect-train/NEU-DET/validation/images/crazing/crazing_278.jpg,1,crazing,crazing,0.9936448335647583
resnet18,/Users/admin/surface-defect-train/results/chips/validation/crazing/crazing_278_bb02.png,/Users/admin/surface-defect-train/NEU-DET/validation/images/crazing/crazing_278.jpg,2,crazing,crazing,0.9978485107421875
resnet18,/Users/admin/surface-defect-train/results/chips/validation/crazing/crazing_278_bb03.png,/Users/admin/surface-defect-train/NEU-DET/validation/images/crazing/crazing_278.jpg,3,crazing,crazing,0.9846166372299194
resnet18,/Users/admin/surface-defect-train/results/chips/validation/crazing/crazing_279_bb00.png,/Users/admin/surface-defect-train/NEU-DET/validation/images/crazing/crazing_279.jpg,0,crazing,crazing,0.9976270794868469
resnet18,/Users/admin/surface-defect-train/results/chips/validation/crazing/crazing_279_bb01.png,/Users/admin/surface-defect-train/NEU-DET/validation/images/crazing/crazing_279.jpg,1,crazing,crazing,0.9992959499359131
resnet18,/Users/admin/surface-defect-train/results/chips/validation/crazing/crazing_280_bb00.png,/Users/admin/surface-defect-train/NEU-DET/validation/images/crazing/crazing_280.jpg,0,crazing,crazing,0.9998362064361572
resnet18,/Users/admin/surface-defect-train/results/chips/validation/crazing/crazing_281_bb00.png,/Users/admin/surface-defect-train/NEU-DET/validation/images/crazing/crazing_281.jpg,0,crazing,crazing,0.9985170960426331
resnet18,/Users/admin/surface-defect-train/results/chips/validation/crazing/crazing_281_bb01.png,/Users/admin/surface-defect-train/NEU-DET/validation/images/crazing/crazing_281.jpg,1,crazing,crazing,0.9992559552192688
resnet18,/Users/admin/surface-defect-train/results/chips/validation/crazing/crazing_282_bb00.png,/Users/admin/surface-defect-train/NEU-DET/validation/images/crazing/crazing_282.jpg,0,crazing,crazing,0.9970689415931702
resnet18,/Users/admin/surface-defect-train/results/chips/validation/crazing/crazing_282_bb01.png,/Users/admin/surface-defect-train/NEU-DET/validation/images/crazing/crazing_282.jpg,1,crazing,crazing,0.9984789490699768
resnet18,/Users/admin/surface-defect-train/results/chips/validation/crazing/crazing_283_bb00.png,/Users/admin/surface-defect-train/NEU-DET/validation/images/crazing/crazing_283.jpg,0,crazing,crazing,0.9997746348381042
resnet18,/Users/admin/surface-defect-train/results/chips/validation/crazing/crazing_283_bb01.png,/Users/admin/surface-defect-train/NEU-DET/validation/images/crazing/crazing_283.jpg,1,crazing,crazing,0.993196964263916
resnet18,/Users/admin/surface-defect-train/results/chips/validation/crazing/crazing_283_bb02.png,/Users/admin/surface-defect-train/NEU-DET/validation/images/crazing/crazing_283.jpg,2,crazing,crazing,0.9997816681861877
resnet18,/Users/admin/surface-defect-train/results/chips/validation/crazing/crazing_283_bb03.png,/Users/admin/surface-defect-train/NEU-DET/validation/images/crazing/crazing_283.jpg,3,crazing,crazing,0.9992710947990417
resnet18,/Users/admin/surface-defect-train/results/chips/validation/crazing/crazing_284_bb00.png,/Users/admin/surface-defect-train/NEU-DET/validation/images/crazing/crazing_284.jpg,0,crazing,crazing,0.9650484323501587
resnet18,/Users/admin/surface-defect-train/results/chips/validation/crazing/crazing_284_bb01.png,/Users/admin/surface-defect-train/NEU-DET/validation/images/crazing/crazing_284.jpg,1,crazing,crazing,0.9994105100631714
resnet18,/Users/admin/surface-defect-train/results/chips/validation/crazing/crazing_285_bb00.png,/Users/admin/surface-defect-train/NEU-DET/validation/images/crazing/crazing_285.jpg,0,crazing,crazing,0.9985332489013672
resnet18,/Users/admin/surface-defect-train/results/chips/validation/crazing/crazing_285_bb01.png,/Users/admin/surface-defect-train/NEU-DET/validation/images/crazing/crazing_285.jpg,1,crazing,crazing,0.9992850422859192
resnet18,/Users/admin/surface-defect-train/results/chips/validation/crazing/crazing_285_bb02.png,/Users/admin/surface-defect-train/NEU-DET/validation/images/crazing/crazing_285.jpg,2,crazing,crazing,0.9970715045928955
resnet18,/Users/admin/surface-defect-train/results/chips/validation/crazing/crazing_286_bb00.png,/Users/admin/surface-defect-train/NEU-DET/validation/images/crazing/crazing_286.jpg,0,crazing,crazing,0.931344211101532
resnet18,/Users/admin/surface-defect-train/results/chips/validation/crazing/crazing_286_bb01.png,/Users/admin/surface-defect-train/NEU-DET/validation/images/crazing/crazing_286.jpg,1,crazing,crazing,0.9692676067352295
resnet18,/Users/admin/surface-defect-train/results/chips/validation/crazing/crazing_286_bb02.png,/Users/admin/surface-defect-train/NEU-DET/validation/images/crazing/crazing_286.jpg,2,crazing,crazing,0.9982104301452637
resnet18,/Users/admin/surface-defect-train/results/chips/validation/crazing/crazing_287_bb00.png,/Users/admin/surface-defect-train/NEU-DET/validation/images/crazing/crazing_287.jpg,0,crazing,crazing,0.9967119693756104
resnet18,/Users/admin/surface-defect-train/results/chips/validation/crazing/crazing_287_bb01.png,/Users/admin/surface-defect-train/NEU-DET/validation/images/crazing/crazing_287.jpg,1,crazing,crazing,0.9997648596763611
resnet18,/Users/admin/surface-defect-train/results/chips/validation/crazing/crazing_288_bb00.png,/Users/admin/surface-defect-train/NEU-DET/validation/images/crazing/crazing_288.jpg,0,crazing,crazing,0.9986265897750854
resnet18,/Users/admin/surface-defect-train/results/chips/validation/crazing/crazing_288_bb01.png,/Users/admin/surface-defect-train/NEU-DET/validation/images/crazing/crazing_288.jpg,1,crazing,crazing,0.9951033592224121
resnet18,/Users/admin/surface-defect-train/results/chips/validation/crazing/crazing_289_bb00.png,/Users/admin/surface-defect-train/NEU-DET/validation/images/crazing/crazing_289.jpg,0,crazing,crazing,0.991479754447937
resnet18,/Users/admin/surface-defect-train/results/chips/validation/crazing/crazing_290_bb00.png,/Users/admin/surface-defect-train/NEU-DET/validation/images/crazing/crazing_290.jpg,0,crazing,crazing,0.9982307553291321
resnet18,/Users/admin/surface-defect-train/results/chips/validation/crazing/crazing_290_bb01.png,/Users/admin/surface-defect-train/NEU-DET/validation/images/crazing/crazing_290.jpg,1,crazing,crazing,0.9993601441383362
resnet18,/Users/admin/surface-defect-train/results/chips/validation/crazing/crazing_290_bb02.png,/Users/admin/surface-defect-train/NEU-DET/validation/images/crazing/crazing_290.jpg,2,crazing,crazing,0.5983937382698059
resnet18,/Users/admin/surface-defect-train/results/chips/validation/crazing/crazing_291_bb00.png,/Users/admin/surface-defect-train/NEU-DET/validation/images/crazing/crazing_291.jpg,0,crazing,crazing,0.9990777969360352
resnet18,/Users/admin/surface-defect-train/results/chips/validation/crazing/crazing_291_bb01.png,/Users/admin/surface-defect-train/NEU-DET/validation/images/crazing/crazing_291.jpg,1,crazing,crazing,0.9966065883636475
resnet18,/Users/admin/surface-defect-train/results/chips/validation/crazing/crazing_291_bb02.png,/Users/admin/surface-defect-train/NEU-DET/validation/images/crazing/crazing_291.jpg,2,crazing,crazing,0.9986648559570312
resnet18,/Users/admin/surface-defect-train/results/chips/validation/crazing/crazing_292_bb00.png,/Users/admin/surface-defect-train/NEU-DET/validation/images/crazing/crazing_292.jpg,0,crazing,crazing,0.9993114471435547
resnet18,/Users/admin/surface-defect-train/results/chips/validation/crazing/crazing_292_bb01.png,/Users/admin/surface-defect-train/NEU-DET/validation/images/crazing/crazing_292.jpg,1,crazing,crazing,0.9991627931594849
resnet18,/Users/admin/surface-defect-train/results/chips/validation/crazing/crazing_292_bb02.png,/Users/admin/surface-defect-train/NEU-DET/validation/images/crazing/crazing_292.jpg,2,crazing,crazing,0.9942852854728699
resnet18,/Users/admin/surface-defect-train/results/chips/validation/crazing/crazing_293_bb00.png,/Users/admin/surface-defect-train/NEU-DET/validation/images/crazing/crazing_293.jpg,0,crazing,crazing,0.9996888637542725
resnet18,/Users/admin/surface-defect-train/results/chips/validation/crazing/crazing_293_bb01.png,/Users/admin/surface-defect-train/NEU-DET/validation/images/crazing/crazing_293.jpg,1,crazing,crazing,0.9998781681060791
resnet18,/Users/admin/surface-defect-train/results/chips/validation/crazing/crazing_293_bb02.png,/Users/admin/surface-defect-train/NEU-DET/validation/images/crazing/crazing_293.jpg,2,crazing,crazing,0.9994083642959595
resnet18,/Users/admin/surface-defect-train/results/chips/validation/crazing/crazing_294_bb00.png,/Users/admin/surface-defect-train/NEU-DET/validation/images/crazing/crazing_294.jpg,0,crazing,crazing,0.9988855719566345
resnet18,/Users/admin/surface-defect-train/results/chips/validation/crazing/crazing_294_bb01.png,/Users/admin/surface-defect-train/NEU-DET/validation/images/crazing/crazing_294.jpg,1,crazing,crazing,0.9985054731369019
resnet18,/Users/admin/surface-defect-train/results/chips/validation/crazing/crazing_295_bb00.png,/Users/admin/surface-defect-train/NEU-DET/validation/images/crazing/crazing_295.jpg,0,crazing,crazing,0.999731719493866
resnet18,/Users/admin/surface-defect-train/results/chips/validation/crazing/crazing_295_bb01.png,/Users/admin/surface-defect-train/NEU-DET/validation/images/crazing/crazing_295.jpg,1,crazing,crazing,0.9994679093360901
resnet18,/Users/admin/surface-defect-train/results/chips/validation/crazing/crazing_296_bb00.png,/Users/admin/surface-defect-train/NEU-DET/validation/images/crazing/crazing_296.jpg,0,crazing,crazing,0.993817150592804
resnet18,/Users/admin/surface-defect-train/results/chips/validation/crazing/crazing_296_bb01.png,/Users/admin/surface-defect-train/NEU-DET/validation/images/crazing/crazing_296.jpg,1,crazing,crazing,0.9973365664482117
resnet18,/Users/admin/surface-defect-train/results/chips/validation/crazing/crazing_297_bb00.png,/Users/admin/surface-defect-train/NEU-DET/validation/images/crazing/crazing_297.jpg,0,crazing,crazing,0.9944500923156738
resnet18,/Users/admin/surface-defect-train/results/chips/validation/crazing/crazing_297_bb01.png,/Users/admin/surface-defect-train/NEU-DET/validation/images/crazing/crazing_297.jpg,1,crazing,crazing,0.9961040019989014
resnet18,/Users/admin/surface-defect-train/results/chips/validation/crazing/crazing_297_bb02.png,/Users/admin/surface-defect-train/NEU-DET/validation/images/crazing/crazing_297.jpg,2,crazing,crazing,0.9900528788566589
resnet18,/Users/admin/surface-defect-train/results/chips/validation/crazing/crazing_298_bb00.png,/Users/admin/surface-defect-train/NEU-DET/validation/images/crazing/crazing_298.jpg,0,crazing,crazing,0.9990643858909607
resnet18,/Users/admin/surface-defect-train/results/chips/validation/crazing/crazing_298_bb01.png,/Users/admin/surface-defect-train/NEU-DET/validation/images/crazing/crazing_298.jpg,1,crazing,crazing,0.9993597865104675
resnet18,/Users/admin/surface-defect-train/results/chips/validation/crazing/crazing_299_bb00.png,/Users/admin/surface-defect-train/NEU-DET/validation/images/crazing/crazing_299.jpg,0,crazing,crazing,0.9902488589286804
resnet18,/Users/admin/surface-defect-train/results/chips/validation/crazing/crazing_299_bb01.png,/Users/admin/surface-defect-train/NEU-DET/validation/images/crazing/crazing_299.jpg,1,crazing,crazing,0.9987230896949768
resnet18,/Users/admin/surface-defect-train/results/chips/validation/crazing/crazing_299_bb02.png,/Users/admin/surface-defect-train/NEU-DET/validation/images/crazing/crazing_299.jpg,2,crazing,crazing,0.9926183819770813
resnet18,/Users/admin/surface-defect-train/results/chips/validation/crazing/crazing_299_bb03.png,/Users/admin/surface-defect-train/NEU-DET/validation/images/crazing/crazing_299.jpg,3,crazing,crazing,0.9970076680183411
resnet18,/Users/admin/surface-defect-train/results/chips/validation/crazing/crazing_300_bb00.png,/Users/admin/surface-defect-train/NEU-DET/validation/images/crazing/crazing_300.jpg,0,crazing,crazing,0.9962226152420044
resnet18,/Users/admin/surface-defect-train/results/chips/validation/crazing/crazing_300_bb01.png,/Users/admin/surface-defect-train/NEU-DET/validation/images/crazing/crazing_300.jpg,1,crazing,crazing,0.9759771823883057
resnet18,/Users/admin/surface-defect-train/results/chips/validation/crazing/crazing_300_bb02.png,/Users/admin/surface-defect-train/NEU-DET/validation/images/crazing/crazing_300.jpg,2,crazing,crazing,0.9940127730369568
resnet18,/Users/admin/surface-defect-train/results/chips/validation/inclusion/inclusion_241_bb00.png,/Users/admin/surface-defect-train/NEU-DET/validation/images/inclusion/inclusion_241.jpg,0,inclusion,inclusion,0.9991587400436401
resnet18,/Users/admin/surface-defect-train/results/chips/validation/inclusion/inclusion_241_bb01.png,/Users/admin/surface-defect-train/NEU-DET/validation/images/inclusion/inclusion_241.jpg,1,inclusion,inclusion,0.999640941619873
resnet18,/Users/admin/surface-defect-train/results/chips/validation/inclusion/inclusion_242_bb00.png,/Users/admin/surface-defect-train/NEU-DET/validation/images/inclusion/inclusion_242.jpg,0,inclusion,inclusion,0.9977467656135559
resnet18,/Users/admin/surface-defect-train/results/chips/validation/inclusion/inclusion_242_bb01.png,/Users/admin/surface-defect-train/NEU-DET/validation/images/inclusion/inclusion_242.jpg,1,inclusion,inclusion,0.9994016885757446
resnet18,/Users/admin/surface-defect-train/results/chips/validation/inclusion/inclusion_243_bb00.png,/Users/admin/surface-defect-train/NEU-DET/validation/images/inclusion/inclusion_243.jpg,0,inclusion,inclusion,0.9990733861923218
resnet18,/Users/admin/surface-defect-train/results/chips/validation/inclusion/inclusion_243_bb01.png,/Users/admin/surface-defect-train/NEU-DET/validation/images/inclusion/inclusion_243.jpg,1,inclusion,inclusion,0.9997146725654602
resnet18,/Users/admin/surface-defect-train/results/chips/validation/inclusion/inclusion_243_bb02.png,/Users/admin/surface-defect-train/NEU-DET/validation/images/inclusion/inclusion_243.jpg,2,inclusion,inclusion,0.9119019508361816
resnet18,/Users/admin/surface-defect-train/results/chips/validation/inclusion/inclusion_244_bb00.png,/Users/admin/surface-defect-train/NEU-DET/validation/images/inclusion/inclusion_244.jpg,0,inclusion,inclusion,0.9994339346885681
resnet18,/Users/admin/surface-defect-train/results/chips/validation/inclusion/inclusion_244_bb01.png,/Users/admin/surface-defect-train/NEU-DET/validation/images/inclusion/inclusion_244.jpg,1,inclusion,inclusion,0.9965605139732361
resnet18,/Users/admin/surface-defect-train/results/chips/validation/inclusion/inclusion_244_bb02.png,/Users/admin/surface-defect-train/NEU-DET/validation/images/inclusion/inclusion_244.jpg,2,inclusion,inclusion,0.9998569488525391
resnet18,/Users/admin/surface-defect-train/results/chips/validation/inclusion/inclusion_245_bb00.png,/Users/admin/surface-defect-train/NEU-DET/validation/images/inclusion/inclusion_245.jpg,0,inclusion,inclusion,0.9996862411499023
resnet18,/Users/admin/surface-defect-train/results/chips/validation/inclusion/inclusion_246_bb00.png,/Users/admin/surface-defect-train/NEU-DET/validation/images/inclusion/inclusion_246.jpg,0,inclusion,inclusion,0.9998385906219482
resnet18,/Users/admin/surface-defect-train/results/chips/validation/inclusion/inclusion_246_bb01.png,/Users/admin/surface-defect-train/NEU-DET/validation/images/inclusion/inclusion_246.jpg,1,inclusion,inclusion,0.9989243149757385
resnet18,/Users/admin/surface-defect-train/results/chips/validation/inclusion/inclusion_247_bb00.png,/Users/admin/surface-defect-train/NEU-DET/validation/images/inclusion/inclusion_247.jpg,0,inclusion,inclusion,0.9987123012542725
resnet18,/Users/admin/surface-defect-train/results/chips/validation/inclusion/inclusion_248_bb00.png,/Users/admin/surface-defect-train/NEU-DET/validation/images/inclusion/inclusion_248.jpg,0,inclusion,inclusion,0.998433530330658
resnet18,/Users/admin/surface-defect-train/results/chips/validation/inclusion/inclusion_248_bb01.png,/Users/admin/surface-defect-train/NEU-DET/validation/images/inclusion/inclusion_248.jpg,1,inclusion,inclusion,0.9982967972755432
resnet18,/Users/admin/surface-defect-train/results/chips/validation/inclusion/inclusion_249_bb00.png,/Users/admin/surface-defect-train/NEU-DET/validation/images/inclusion/inclusion_249.jpg,0,inclusion,inclusion,0.9995859265327454
resnet18,/Users/admin/surface-defect-train/results/chips/validation/inclusion/inclusion_249_bb01.png,/Users/admin/surface-defect-train/NEU-DET/validation/images/inclusion/inclusion_249.jpg,1,inclusion,inclusion,0.9992683529853821
resnet18,/Users/admin/surface-defect-train/results/chips/validation/inclusion/inclusion_250_bb00.png,/Users/admin/surface-defect-train/NEU-DET/validation/images/inclusion/inclusion_250.jpg,0,inclusion,inclusion,0.9980029463768005
resnet18,/Users/admin/surface-defect-train/results/chips/validation/inclusion/inclusion_251_bb00.png,/Users/admin/surface-defect-train/NEU-DET/validation/images/inclusion/inclusion_251.jpg,0,inclusion,inclusion,0.9994574189186096
resnet18,/Users/admin/surface-defect-train/results/chips/validation/inclusion/inclusion_252_bb00.png,/Users/admin/surface-defect-train/NEU-DET/validation/images/inclusion/inclusion_252.jpg,0,inclusion,inclusion,0.9999198913574219
resnet18,/Users/admin/surface-defect-train/results/chips/validation/inclusion/inclusion_252_bb01.png,/Users/admin/surface-defect-train/NEU-DET/validation/images/inclusion/inclusion_252.jpg,1,inclusion,inclusion,0.9996160268783569
resnet18,/Users/admin/surface-defect-train/results/chips/validation/inclusion/inclusion_253_bb00.png,/Users/admin/surface-defect-train/NEU-DET/validation/images/inclusion/inclusion_253.jpg,0,inclusion,inclusion,0.999972939491272
resnet18,/Users/admin/surface-defect-train/results/chips/validation/inclusion/inclusion_254_bb00.png,/Users/admin/surface-defect-train/NEU-DET/validation/images/inclusion/inclusion_254.jpg,0,inclusion,inclusion,0.9994864463806152
resnet18,/Users/admin/surface-defect-train/results/chips/validation/inclusion/inclusion_254_bb01.png,/Users/admin/surface-defect-train/NEU-DET/validation/images/inclusion/inclusion_254.jpg,1,inclusion,inclusion,0.9990981817245483
resnet18,/Users/admin/surface-defect-train/results/chips/validation/inclusion/inclusion_255_bb00.png,/Users/admin/surface-defect-train/NEU-DET/validation/images/inclusion/inclusion_255.jpg,0,inclusion,inclusion,0.9991247057914734
resnet18,/Users/admin/surface-defect-train/results/chips/validation/inclusion/inclusion_255_bb01.png,/Users/admin/surface-defect-train/NEU-DET/validation/images/inclusion/inclusion_255.jpg,1,inclusion,inclusion,0.9998815059661865
resnet18,/Users/admin/surface-defect-train/results/chips/validation/inclusion/inclusion_256_bb00.png,/Users/admin/surface-defect-train/NEU-DET/validation/images/inclusion/inclusion_256.jpg,0,inclusion,inclusion,0.999521017074585
resnet18,/Users/admin/surface-defect-train/results/chips/validation/inclusion/inclusion_256_bb01.png,/Users/admin/surface-defect-train/NEU-DET/validation/images/inclusion/inclusion_256.jpg,1,inclusion,inclusion,0.9998996257781982
resnet18,/Users/admin/surface-defect-train/results/chips/validation/inclusion/inclusion_257_bb00.png,/Users/admin/surface-defect-train/NEU-DET/validation/images/inclusion/inclusion_257.jpg,0,inclusion,inclusion,0.9991304278373718
resnet18,/Users/admin/surface-defect-train/results/chips/validation/inclusion/inclusion_257_bb01.png,/Users/admin/surface-defect-train/NEU-DET/validation/images/inclusion/inclusion_257.jpg,1,inclusion,inclusion,0.9998869895935059
resnet18,/Users/admin/surface-defect-train/results/chips/validation/inclusion/inclusion_258_bb00.png,/Users/admin/surface-defect-train/NEU-DET/validation/images/inclusion/inclusion_258.jpg,0,inclusion,inclusion,0.9999878406524658
resnet18,/Users/admin/surface-defect-train/results/chips/validation/inclusion/inclusion_258_bb01.png,/Users/admin/surface-defect-train/NEU-DET/validation/images/inclusion/inclusion_258.jpg,1,inclusion,inclusion,0.9999804496765137
resnet18,/Users/admin/surface-defect-train/results/chips/validation/inclusion/inclusion_259_bb00.png,/Users/admin/surface-defect-train/NEU-DET/validation/images/inclusion/inclusion_259.jpg,0,inclusion,inclusion,0.9995214939117432
resnet18,/Users/admin/surface-defect-train/results/chips/validation/inclusion/inclusion_260_bb00.png,/Users/admin/surface-defect-train/NEU-DET/validation/images/inclusion/inclusion_260.jpg,0,inclusion,inclusion,0.9998725652694702
resnet18,/Users/admin/surface-defect-train/results/chips/validation/inclusion/inclusion_260_bb01.png,/Users/admin/surface-defect-train/NEU-DET/validation/images/inclusion/inclusion_260.jpg,1,inclusion,inclusion,0.999991774559021
resnet18,/Users/admin/surface-defect-train/results/chips/validation/inclusion/inclusion_261_bb00.png,/Users/admin/surface-defect-train/NEU-DET/validation/images/inclusion/inclusion_261.jpg,0,inclusion,inclusion,0.9998304843902588
resnet18,/Users/admin/surface-defect-train/results/chips/validation/inclusion/inclusion_261_bb01.png,/Users/admin/surface-defect-train/NEU-DET/validation/images/inclusion/inclusion_261.jpg,1,inclusion,inclusion,0.9999898672103882
resnet18,/Users/admin/surface-defect-train/results/chips/validation/inclusion/inclusion_262_bb00.png,/Users/admin/surface-defect-train/NEU-DET/validation/images/inclusion/inclusion_262.jpg,0,inclusion,inclusion,0.999860405921936
resnet18,/Users/admin/surface-defect-train/results/chips/validation/inclusion/inclusion_262_bb01.png,/Users/admin/surface-defect-train/NEU-DET/validation/images/inclusion/inclusion_262.jpg,1,inclusion,inclusion,0.9899311065673828
resnet18,/Users/admin/surface-defect-train/results/chips/validation/inclusion/inclusion_262_bb02.png,/Users/admin/surface-defect-train/NEU-DET/validation/images/inclusion/inclusion_262.jpg,2,inclusion,inclusion,0.9999635219573975
resnet18,/Users/admin/surface-defect-train/results/chips/validation/inclusion/inclusion_263_bb00.png,/Users/admin/surface-defect-train/NEU-DET/validation/images/inclusion/inclusion_263.jpg,0,inclusion,inclusion,0.999992847442627
resnet18,/Users/admin/surface-defect-train/results/chips/validation/inclusion/inclusion_263_bb01.png,/Users/admin/surface-defect-train/NEU-DET/validation/images/inclusion/inclusion_263.jpg,1,inclusion,inclusion,0.9998323917388916
resnet18,/Users/admin/surface-defect-train/results/chips/validation/inclusion/inclusion_264_bb00.png,/Users/admin/surface-defect-train/NEU-DET/validation/images/inclusion/inclusion_264.jpg,0,inclusion,inclusion,0.999119222164154
resnet18,/Users/admin/surface-defect-train/results/chips/validation/inclusion/inclusion_264_bb01.png,/Users/admin/surface-defect-train/NEU-DET/validation/images/inclusion/inclusion_264.jpg,1,inclusion,inclusion,0.982067346572876
resnet18,/Users/admin/surface-defect-train/results/chips/validation/inclusion/inclusion_264_bb02.png,/Users/admin/surface-defect-train/NEU-DET/validation/images/inclusion/inclusion_264.jpg,2,inclusion,inclusion,0.9999054670333862
resnet18,/Users/admin/surface-defect-train/results/chips/validation/inclusion/inclusion_264_bb03.png,/Users/admin/surface-defect-train/NEU-DET/validation/images/inclusion/inclusion_264.jpg,3,inclusion,inclusion,0.9996449947357178
resnet18,/Users/admin/surface-defect-train/results/chips/validation/inclusion/inclusion_265_bb00.png,/Users/admin/surface-defect-train/NEU-DET/validation/images/inclusion/inclusion_265.jpg,0,inclusion,inclusion,0.9999959468841553
resnet18,/Users/admin/surface-defect-train/results/chips/validation/inclusion/inclusion_265_bb01.png,/Users/admin/surface-defect-train/NEU-DET/validation/images/inclusion/inclusion_265.jpg,1,inclusion,inclusion,0.999639630317688
resnet18,/Users/admin/surface-defect-train/results/chips/validation/inclusion/inclusion_265_bb02.png,/Users/admin/surface-defect-train/NEU-DET/validation/images/inclusion/inclusion_265.jpg,2,inclusion,inclusion,0.8696014881134033
resnet18,/Users/admin/surface-defect-train/results/chips/validation/inclusion/inclusion_265_bb03.png,/Users/admin/surface-defect-train/NEU-DET/validation/images/inclusion/inclusion_265.jpg,3,inclusion,inclusion,0.9982166886329651
resnet18,/Users/admin/surface-defect-train/results/chips/validation/inclusion/inclusion_266_bb00.png,/Users/admin/surface-defect-train/NEU-DET/validation/images/inclusion/inclusion_266.jpg,0,inclusion,inclusion,0.9999923706054688
resnet18,/Users/admin/surface-defect-train/results/chips/validation/inclusion/inclusion_266_bb01.png,/Users/admin/surface-defect-train/NEU-DET/validation/images/inclusion/inclusion_266.jpg,1,inclusion,inclusion,0.9999904632568359
resnet18,/Users/admin/surface-defect-train/results/chips/validation/inclusion/inclusion_266_bb02.png,/Users/admin/surface-defect-train/NEU-DET/validation/images/inclusion/inclusion_266.jpg,2,inclusion,inclusion,0.9998763799667358
resnet18,/Users/admin/surface-defect-train/results/chips/validation/inclusion/inclusion_267_bb00.png,/Users/admin/surface-defect-train/NEU-DET/validation/images/inclusion/inclusion_267.jpg,0,inclusion,inclusion,0.9999791383743286
resnet18,/Users/admin/surface-defect-train/results/chips/validation/inclusion/inclusion_267_bb01.png,/Users/admin/surface-defect-train/NEU-DET/validation/images/inclusion/inclusion_267.jpg,1,inclusion,inclusion,0.9999971389770508
resnet18,/Users/admin/surface-defect-train/results/chips/validation/inclusion/inclusion_267_bb02.png,/Users/admin/surface-defect-train/NEU-DET/validation/images/inclusion/inclusion_267.jpg,2,inclusion,inclusion,0.9999849796295166
resnet18,/Users/admin/surface-defect-train/results/chips/validation/inclusion/inclusion_268_bb00.png,/Users/admin/surface-defect-train/NEU-DET/validation/images/inclusion/inclusion_268.jpg,0,inclusion,inclusion,0.9997333884239197
resnet18,/Users/admin/surface-defect-train/results/chips/validation/inclusion/inclusion_269_bb00.png,/Users/admin/surface-defect-train/NEU-DET/validation/images/inclusion/inclusion_269.jpg,0,inclusion,inclusion,0.9985471367835999
resnet18,/Users/admin/surface-defect-train/results/chips/validation/inclusion/inclusion_269_bb01.png,/Users/admin/surface-defect-train/NEU-DET/validation/images/inclusion/inclusion_269.jpg,1,inclusion,inclusion,0.9967153072357178
resnet18,/Users/admin/surface-defect-train/results/chips/validation/inclusion/inclusion_269_bb02.png,/Users/admin/surface-defect-train/NEU-DET/validation/images/inclusion/inclusion_269.jpg,2,inclusion,pitted_surface,0.7911252379417419
resnet18,/Users/admin/surface-defect-train/results/chips/validation/inclusion/inclusion_270_bb00.png,/Users/admin/surface-defect-train/NEU-DET/validation/images/inclusion/inclusion_270.jpg,0,inclusion,inclusion,0.9999948740005493
resnet18,/Users/admin/surface-defect-train/results/chips/validation/inclusion/inclusion_271_bb00.png,/Users/admin/surface-defect-train/NEU-DET/validation/images/inclusion/inclusion_271.jpg,0,inclusion,inclusion,0.9949230551719666
resnet18,/Users/admin/surface-defect-train/results/chips/validation/inclusion/inclusion_271_bb01.png,/Users/admin/surface-defect-train/NEU-DET/validation/images/inclusion/inclusion_271.jpg,1,inclusion,inclusion,0.9992726445198059
resnet18,/Users/admin/surface-defect-train/results/chips/validation/inclusion/inclusion_271_bb02.png,/Users/admin/surface-defect-train/NEU-DET/validation/images/inclusion/inclusion_271.jpg,2,inclusion,inclusion,0.9921782612800598
resnet18,/Users/admin/surface-defect-train/results/chips/validation/inclusion/inclusion_272_bb00.png,/Users/admin/surface-defect-train/NEU-DET/validation/images/inclusion/inclusion_272.jpg,0,inclusion,inclusion,0.9999969005584717
resnet18,/Users/admin/surface-defect-train/results/chips/validation/inclusion/inclusion_272_bb01.png,/Users/admin/surface-defect-train/NEU-DET/validation/images/inclusion/inclusion_272.jpg,1,inclusion,inclusion,0.9999980926513672
resnet18,/Users/admin/surface-defect-train/results/chips/validation/inclusion/inclusion_272_bb02.png,/Users/admin/surface-defect-train/NEU-DET/validation/images/inclusion/inclusion_272.jpg,2,inclusion,inclusion,0.9999979734420776
resnet18,/Users/admin/surface-defect-train/results/chips/validation/inclusion/inclusion_273_bb00.png,/Users/admin/surface-defect-train/NEU-DET/validation/images/inclusion/inclusion_273.jpg,0,inclusion,inclusion,0.9999803304672241
resnet18,/Users/admin/surface-defect-train/results/chips/validation/inclusion/inclusion_273_bb01.png,/Users/admin/surface-defect-train/NEU-DET/validation/images/inclusion/inclusion_273.jpg,1,inclusion,inclusion,0.9999644756317139
resnet18,/Users/admin/surface-defect-train/results/chips/validation/inclusion/inclusion_274_bb00.png,/Users/admin/surface-defect-train/NEU-DET/validation/images/inclusion/inclusion_274.jpg,0,inclusion,inclusion,0.9939127564430237
resnet18,/Users/admin/surface-defect-train/results/chips/validation/inclusion/inclusion_274_bb01.png,/Users/admin/surface-defect-train/NEU-DET/validation/images/inclusion/inclusion_274.jpg,1,inclusion,inclusion,0.9800665378570557
resnet18,/Users/admin/surface-defect-train/results/chips/validation/inclusion/inclusion_274_bb02.png,/Users/admin/surface-defect-train/NEU-DET/validation/images/inclusion/inclusion_274.jpg,2,inclusion,inclusion,0.9974416494369507
resnet18,/Users/admin/surface-defect-train/results/chips/validation/inclusion/inclusion_274_bb03.png,/Users/admin/surface-defect-train/NEU-DET/validation/images/inclusion/inclusion_274.jpg,3,inclusion,inclusion,0.9969362020492554
resnet18,/Users/admin/surface-defect-train/results/chips/validation/inclusion/inclusion_275_bb00.png,/Users/admin/surface-defect-train/NEU-DET/validation/images/inclusion/inclusion_275.jpg,0,inclusion,inclusion,0.9995230436325073
resnet18,/Users/admin/surface-defect-train/results/chips/validation/inclusion/inclusion_275_bb01.png,/Users/admin/surface-defect-train/NEU-DET/validation/images/inclusion/inclusion_275.jpg,1,inclusion,inclusion,0.9974746108055115
resnet18,/Users/admin/surface-defect-train/results/chips/validation/inclusion/inclusion_275_bb02.png,/Users/admin/surface-defect-train/NEU-DET/validation/images/inclusion/inclusion_275.jpg,2,inclusion,inclusion,0.999269425868988
resnet18,/Users/admin/surface-defect-train/results/chips/validation/inclusion/inclusion_275_bb03.png,/Users/admin/surface-defect-train/NEU-DET/validation/images/inclusion/inclusion_275.jpg,3,inclusion,inclusion,0.9995684027671814
resnet18,/Users/admin/surface-defect-train/results/chips/validation/inclusion/inclusion_275_bb04.png,/Users/admin/surface-defect-train/NEU-DET/validation/images/inclusion/inclusion_275.jpg,4,inclusion,inclusion,0.9979074001312256
resnet18,/Users/admin/surface-defect-train/results/chips/validation/inclusion/inclusion_275_bb05.png,/Users/admin/surface-defect-train/NEU-DET/validation/images/inclusion/inclusion_275.jpg,5,inclusion,inclusion,0.9995279312133789
resnet18,/Users/admin/surface-defect-train/results/chips/validation/inclusion/inclusion_276_bb00.png,/Users/admin/surface-defect-train/NEU-DET/validation/images/inclusion/inclusion_276.jpg,0,inclusion,inclusion,0.9991672039031982
resnet18,/Users/admin/surface-defect-train/results/chips/validation/inclusion/inclusion_276_bb01.png,/Users/admin/surface-defect-train/NEU-DET/validation/images/inclusion/inclusion_276.jpg,1,inclusion,inclusion,0.9999939203262329
resnet18,/Users/admin/surface-defect-train/results/chips/validation/inclusion/inclusion_277_bb00.png,/Users/admin/surface-defect-train/NEU-DET/validation/images/inclusion/inclusion_277.jpg,0,inclusion,inclusion,0.9999895095825195
resnet18,/Users/admin/surface-defect-train/results/chips/validation/inclusion/inclusion_278_bb00.png,/Users/admin/surface-defect-train/NEU-DET/validation/images/inclusion/inclusion_278.jpg,0,inclusion,inclusion,0.9997987151145935
resnet18,/Users/admin/surface-defect-train/results/chips/validation/inclusion/inclusion_278_bb01.png,/Users/admin/surface-defect-train/NEU-DET/validation/images/inclusion/inclusion_278.jpg,1,inclusion,inclusion,0.9999972581863403
resnet18,/Users/admin/surface-defect-train/results/chips/validation/inclusion/inclusion_278_bb02.png,/Users/admin/surface-defect-train/NEU-DET/validation/images/inclusion/inclusion_278.jpg,2,inclusion,inclusion,0.999593198299408
resnet18,/Users/admin/surface-defect-train/results/chips/validation/inclusion/inclusion_279_bb00.png,/Users/admin/surface-defect-train/NEU-DET/validation/images/inclusion/inclusion_279.jpg,0,inclusion,inclusion,0.9999809265136719
resnet18,/Users/admin/surface-defect-train/results/chips/validation/inclusion/inclusion_279_bb01.png,/Users/admin/surface-defect-train/NEU-DET/validation/images/inclusion/inclusion_279.jpg,1,inclusion,inclusion,0.9999639987945557
resnet18,/Users/admin/surface-defect-train/results/chips/validation/inclusion/inclusion_280_bb00.png,/Users/admin/surface-defect-train/NEU-DET/validation/images/inclusion/inclusion_280.jpg,0,inclusion,inclusion,0.9935652613639832
resnet18,/Users/admin/surface-defect-train/results/chips/validation/inclusion/inclusion_280_bb01.png,/Users/admin/surface-defect-train/NEU-DET/validation/images/inclusion/inclusion_280.jpg,1,inclusion,inclusion,0.9999575614929199
resnet18,/Users/admin/surface-defect-train/results/chips/validation/inclusion/inclusion_281_bb00.png,/Users/admin/surface-defect-train/NEU-DET/validation/images/inclusion/inclusion_281.jpg,0,inclusion,inclusion,0.9999624490737915
resnet18,/Users/admin/surface-defect-train/results/chips/validation/inclusion/inclusion_281_bb01.png,/Users/admin/surface-defect-train/NEU-DET/validation/images/inclusion/inclusion_281.jpg,1,inclusion,inclusion,0.9998260140419006
resnet18,/Users/admin/surface-defect-train/results/chips/validation/inclusion/inclusion_282_bb00.png,/Users/admin/surface-defect-train/NEU-DET/validation/images/inclusion/inclusion_282.jpg,0,inclusion,inclusion,0.9999842643737793
resnet18,/Users/admin/surface-defect-train/results/chips/validation/inclusion/inclusion_282_bb01.png,/Users/admin/surface-defect-train/NEU-DET/validation/images/inclusion/inclusion_282.jpg,1,inclusion,inclusion,0.9999887943267822
resnet18,/Users/admin/surface-defect-train/results/chips/validation/inclusion/inclusion_283_bb00.png,/Users/admin/surface-defect-train/NEU-DET/validation/images/inclusion/inclusion_283.jpg,0,inclusion,inclusion,0.9987673759460449
resnet18,/Users/admin/surface-defect-train/results/chips/validation/inclusion/inclusion_284_bb00.png,/Users/admin/surface-defect-train/NEU-DET/validation/images/inclusion/inclusion_284.jpg,0,inclusion,inclusion,0.9998352527618408
resnet18,/Users/admin/surface-defect-train/results/chips/validation/inclusion/inclusion_284_bb01.png,/Users/admin/surface-defect-train/NEU-DET/validation/images/inclusion/inclusion_284.jpg,1,inclusion,inclusion,0.9883121848106384
resnet18,/Users/admin/surface-defect-train/results/chips/validation/inclusion/inclusion_284_bb02.png,/Users/admin/surface-defect-train/NEU-DET/validation/images/inclusion/inclusion_284.jpg,2,inclusion,inclusion,0.9874690771102905
resnet18,/Users/admin/surface-defect-train/results/chips/validation/inclusion/inclusion_285_bb00.png,/Users/admin/surface-defect-train/NEU-DET/validation/images/inclusion/inclusion_285.jpg,0,inclusion,inclusion,0.9999406337738037
resnet18,/Users/admin/surface-defect-train/results/chips/validation/inclusion/inclusion_286_bb00.png,/Users/admin/surface-defect-train/NEU-DET/validation/images/inclusion/inclusion_286.jpg,0,inclusion,inclusion,0.999916672706604
resnet18,/Users/admin/surface-defect-train/results/chips/validation/inclusion/inclusion_286_bb01.png,/Users/admin/surface-defect-train/NEU-DET/validation/images/inclusion/inclusion_286.jpg,1,inclusion,inclusion,0.9999845027923584
resnet18,/Users/admin/surface-defect-train/results/chips/validation/inclusion/inclusion_287_bb00.png,/Users/admin/surface-defect-train/NEU-DET/validation/images/inclusion/inclusion_287.jpg,0,inclusion,inclusion,0.9943920969963074
resnet18,/Users/admin/surface-defect-train/results/chips/validation/inclusion/inclusion_287_bb01.png,/Users/admin/surface-defect-train/NEU-DET/validation/images/inclusion/inclusion_287.jpg,1,inclusion,inclusion,0.999826967716217
resnet18,/Users/admin/surface-defect-train/results/chips/validation/inclusion/inclusion_287_bb02.png,/Users/admin/surface-defect-train/NEU-DET/validation/images/inclusion/inclusion_287.jpg,2,inclusion,inclusion,0.9999538660049438
resnet18,/Users/admin/surface-defect-train/results/chips/validation/inclusion/inclusion_287_bb03.png,/Users/admin/surface-defect-train/NEU-DET/validation/images/inclusion/inclusion_287.jpg,3,inclusion,inclusion,0.9999973773956299
resnet18,/Users/admin/surface-defect-train/results/chips/validation/inclusion/inclusion_287_bb04.png,/Users/admin/surface-defect-train/NEU-DET/validation/images/inclusion/inclusion_287.jpg,4,inclusion,inclusion,0.9996225833892822
resnet18,/Users/admin/surface-defect-train/results/chips/validation/inclusion/inclusion_287_bb05.png,/Users/admin/surface-defect-train/NEU-DET/validation/images/inclusion/inclusion_287.jpg,5,inclusion,inclusion,0.9986979961395264
resnet18,/Users/admin/surface-defect-train/results/chips/validation/inclusion/inclusion_287_bb06.png,/Users/admin/surface-defect-train/NEU-DET/validation/images/inclusion/inclusion_287.jpg,6,inclusion,inclusion,0.9927116632461548
resnet18,/Users/admin/surface-defect-train/results/chips/validation/inclusion/inclusion_287_bb07.png,/Users/admin/surface-defect-train/NEU-DET/validation/images/inclusion/inclusion_287.jpg,7,inclusion,inclusion,0.9998072981834412
resnet18,/Users/admin/surface-defect-train/results/chips/validation/inclusion/inclusion_288_bb00.png,/Users/admin/surface-defect-train/NEU-DET/validation/images/inclusion/inclusion_288.jpg,0,inclusion,inclusion,0.9997656941413879
resnet18,/Users/admin/surface-defect-train/results/chips/validation/inclusion/inclusion_288_bb01.png,/Users/admin/surface-defect-train/NEU-DET/validation/images/inclusion/inclusion_288.jpg,1,inclusion,inclusion,0.9858202934265137
resnet18,/Users/admin/surface-defect-train/results/chips/validation/inclusion/inclusion_289_bb00.png,/Users/admin/surface-defect-train/NEU-DET/validation/images/inclusion/inclusion_289.jpg,0,inclusion,inclusion,0.9999736547470093
resnet18,/Users/admin/surface-defect-train/results/chips/validation/inclusion/inclusion_289_bb01.png,/Users/admin/surface-defect-train/NEU-DET/validation/images/inclusion/inclusion_289.jpg,1,inclusion,inclusion,0.9999622106552124
resnet18,/Users/admin/surface-defect-train/results/chips/validation/inclusion/inclusion_289_bb02.png,/Users/admin/surface-defect-train/NEU-DET/validation/images/inclusion/inclusion_289.jpg,2,inclusion,inclusion,0.9987205266952515
resnet18,/Users/admin/surface-defect-train/results/chips/validation/inclusion/inclusion_289_bb03.png,/Users/admin/surface-defect-train/NEU-DET/validation/images/inclusion/inclusion_289.jpg,3,inclusion,inclusion,0.9999845027923584
resnet18,/Users/admin/surface-defect-train/results/chips/validation/inclusion/inclusion_290_bb00.png,/Users/admin/surface-defect-train/NEU-DET/validation/images/inclusion/inclusion_290.jpg,0,inclusion,inclusion,0.9970748424530029
resnet18,/Users/admin/surface-defect-train/results/chips/validation/inclusion/inclusion_291_bb00.png,/Users/admin/surface-defect-train/NEU-DET/validation/images/inclusion/inclusion_291.jpg,0,inclusion,inclusion,0.9999535083770752
resnet18,/Users/admin/surface-defect-train/results/chips/validation/inclusion/inclusion_291_bb01.png,/Users/admin/surface-defect-train/NEU-DET/validation/images/inclusion/inclusion_291.jpg,1,inclusion,inclusion,0.996843695640564
resnet18,/Users/admin/surface-defect-train/results/chips/validation/inclusion/inclusion_291_bb02.png,/Users/admin/surface-defect-train/NEU-DET/validation/images/inclusion/inclusion_291.jpg,2,inclusion,inclusion,0.9960998296737671
resnet18,/Users/admin/surface-defect-train/results/chips/validation/inclusion/inclusion_291_bb03.png,/Users/admin/surface-defect-train/NEU-DET/validation/images/inclusion/inclusion_291.jpg,3,inclusion,inclusion,0.9999932050704956
resnet18,/Users/admin/surface-defect-train/results/chips/validation/inclusion/inclusion_292_bb00.png,/Users/admin/surface-defect-train/NEU-DET/validation/images/inclusion/inclusion_292.jpg,0,inclusion,inclusion,0.9714049100875854
resnet18,/Users/admin/surface-defect-train/results/chips/validation/inclusion/inclusion_292_bb01.png,/Users/admin/surface-defect-train/NEU-DET/validation/images/inclusion/inclusion_292.jpg,1,inclusion,inclusion,0.9999195337295532
resnet18,/Users/admin/surface-defect-train/results/chips/validation/inclusion/inclusion_292_bb02.png,/Users/admin/surface-defect-train/NEU-DET/validation/images/inclusion/inclusion_292.jpg,2,inclusion,inclusion,0.9991016387939453
resnet18,/Users/admin/surface-defect-train/results/chips/validation/inclusion/inclusion_292_bb03.png,/Users/admin/surface-defect-train/NEU-DET/validation/images/inclusion/inclusion_292.jpg,3,inclusion,inclusion,0.9997066855430603
resnet18,/Users/admin/surface-defect-train/results/chips/validation/inclusion/inclusion_292_bb04.png,/Users/admin/surface-defect-train/NEU-DET/validation/images/inclusion/inclusion_292.jpg,4,inclusion,inclusion,0.9991951584815979
resnet18,/Users/admin/surface-defect-train/results/chips/validation/inclusion/inclusion_292_bb05.png,/Users/admin/surface-defect-train/NEU-DET/validation/images/inclusion/inclusion_292.jpg,5,inclusion,inclusion,0.9936932325363159
resnet18,/Users/admin/surface-defect-train/results/chips/validation/inclusion/inclusion_292_bb06.png,/Users/admin/surface-defect-train/NEU-DET/validation/images/inclusion/inclusion_292.jpg,6,inclusion,inclusion,0.9993304014205933
resnet18,/Users/admin/surface-defect-train/results/chips/validation/inclusion/inclusion_293_bb00.png,/Users/admin/surface-defect-train/NEU-DET/validation/images/inclusion/inclusion_293.jpg,0,inclusion,inclusion,0.9985930323600769
resnet18,/Users/admin/surface-defect-train/results/chips/validation/inclusion/inclusion_293_bb01.png,/Users/admin/surface-defect-train/NEU-DET/validation/images/inclusion/inclusion_293.jpg,1,inclusion,inclusion,0.9998989105224609
resnet18,/Users/admin/surface-defect-train/results/chips/validation/inclusion/inclusion_293_bb02.png,/Users/admin/surface-defect-train/NEU-DET/validation/images/inclusion/inclusion_293.jpg,2,inclusion,inclusion,0.9999905824661255
resnet18,/Users/admin/surface-defect-train/results/chips/validation/inclusion/inclusion_294_bb00.png,/Users/admin/surface-defect-train/NEU-DET/validation/images/inclusion/inclusion_294.jpg,0,inclusion,inclusion,0.9999730587005615
resnet18,/Users/admin/surface-defect-train/results/chips/validation/inclusion/inclusion_294_bb01.png,/Users/admin/surface-defect-train/NEU-DET/validation/images/inclusion/inclusion_294.jpg,1,inclusion,inclusion,0.9999899864196777
resnet18,/Users/admin/surface-defect-train/results/chips/validation/inclusion/inclusion_295_bb00.png,/Users/admin/surface-defect-train/NEU-DET/validation/images/inclusion/inclusion_295.jpg,0,inclusion,inclusion,0.9978400468826294
resnet18,/Users/admin/surface-defect-train/results/chips/validation/inclusion/inclusion_295_bb01.png,/Users/admin/surface-defect-train/NEU-DET/validation/images/inclusion/inclusion_295.jpg,1,inclusion,inclusion,0.9999949932098389
resnet18,/Users/admin/surface-defect-train/results/chips/validation/inclusion/inclusion_296_bb00.png,/Users/admin/surface-defect-train/NEU-DET/validation/images/inclusion/inclusion_296.jpg,0,inclusion,pitted_surface,0.9766835570335388
resnet18,/Users/admin/surface-defect-train/results/chips/validation/inclusion/inclusion_296_bb01.png,/Users/admin/surface-defect-train/NEU-DET/validation/images/inclusion/inclusion_296.jpg,1,inclusion,inclusion,0.9597007632255554
resnet18,/Users/admin/surface-defect-train/results/chips/validation/inclusion/inclusion_297_bb00.png,/Users/admin/surface-defect-train/NEU-DET/validation/images/inclusion/inclusion_297.jpg,0,inclusion,inclusion,0.8262839913368225
resnet18,/Users/admin/surface-defect-train/results/chips/validation/inclusion/inclusion_298_bb00.png,/Users/admin/surface-defect-train/NEU-DET/validation/images/inclusion/inclusion_298.jpg,0,inclusion,inclusion,0.9989570379257202
resnet18,/Users/admin/surface-defect-train/results/chips/validation/inclusion/inclusion_298_bb01.png,/Users/admin/surface-defect-train/NEU-DET/validation/images/inclusion/inclusion_298.jpg,1,inclusion,inclusion,0.9997770190238953
resnet18,/Users/admin/surface-defect-train/results/chips/validation/inclusion/inclusion_298_bb02.png,/Users/admin/surface-defect-train/NEU-DET/validation/images/inclusion/inclusion_298.jpg,2,inclusion,inclusion,0.993148148059845
resnet18,/Users/admin/surface-defect-train/results/chips/validation/inclusion/inclusion_298_bb03.png,/Users/admin/surface-defect-train/NEU-DET/validation/images/inclusion/inclusion_298.jpg,3,inclusion,inclusion,0.687586784362793
resnet18,/Users/admin/surface-defect-train/results/chips/validation/inclusion/inclusion_298_bb04.png,/Users/admin/surface-defect-train/NEU-DET/validation/images/inclusion/inclusion_298.jpg,4,inclusion,inclusion,0.9838199615478516
resnet18,/Users/admin/surface-defect-train/results/chips/validation/inclusion/inclusion_299_bb00.png,/Users/admin/surface-defect-train/NEU-DET/validation/images/inclusion/inclusion_299.jpg,0,inclusion,inclusion,0.9989590644836426
resnet18,/Users/admin/surface-defect-train/results/chips/validation/inclusion/inclusion_299_bb01.png,/Users/admin/surface-defect-train/NEU-DET/validation/images/inclusion/inclusion_299.jpg,1,inclusion,inclusion,0.9846299290657043
resnet18,/Users/admin/surface-defect-train/results/chips/validation/inclusion/inclusion_300_bb00.png,/Users/admin/surface-defect-train/NEU-DET/validation/images/inclusion/inclusion_300.jpg,0,inclusion,inclusion,0.9999587535858154
resnet18,/Users/admin/surface-defect-train/results/chips/validation/inclusion/inclusion_300_bb01.png,/Users/admin/surface-defect-train/NEU-DET/validation/images/inclusion/inclusion_300.jpg,1,inclusion,inclusion,0.9996944665908813
resnet18,/Users/admin/surface-defect-train/results/chips/validation/inclusion/inclusion_300_bb02.png,/Users/admin/surface-defect-train/NEU-DET/validation/images/inclusion/inclusion_300.jpg,2,inclusion,inclusion,0.9726395010948181
resnet18,/Users/admin/surface-defect-train/results/chips/validation/inclusion/patches_245_bb06.png,/Users/admin/surface-defect-train/NEU-DET/validation/images/patches/patches_245.jpg,6,inclusion,inclusion,0.9999984502792358
resnet18,/Users/admin/surface-defect-train/results/chips/validation/inclusion/patches_249_bb02.png,/Users/admin/surface-defect-train/NEU-DET/validation/images/patches/patches_249.jpg,2,inclusion,inclusion,0.9999102354049683
resnet18,/Users/admin/surface-defect-train/results/chips/validation/inclusion/patches_259_bb03.png,/Users/admin/surface-defect-train/NEU-DET/validation/images/patches/patches_259.jpg,3,inclusion,inclusion,0.9997524619102478
resnet18,/Users/admin/surface-defect-train/results/chips/validation/inclusion/patches_259_bb04.png,/Users/admin/surface-defect-train/NEU-DET/validation/images/patches/patches_259.jpg,4,inclusion,inclusion,0.9998100399971008
resnet18,/Users/admin/surface-defect-train/results/chips/validation/inclusion/patches_260_bb01.png,/Users/admin/surface-defect-train/NEU-DET/validation/images/patches/patches_260.jpg,1,inclusion,crazing,0.5611757040023804
resnet18,/Users/admin/surface-defect-train/results/chips/validation/inclusion/patches_265_bb03.png,/Users/admin/surface-defect-train/NEU-DET/validation/images/patches/patches_265.jpg,3,inclusion,inclusion,0.9999889135360718
resnet18,/Users/admin/surface-defect-train/results/chips/validation/inclusion/patches_274_bb01.png,/Users/admin/surface-defect-train/NEU-DET/validation/images/patches/patches_274.jpg,1,inclusion,inclusion,0.999796450138092
resnet18,/Users/admin/surface-defect-train/results/chips/validation/inclusion/pitted_surface_279_bb01.png,/Users/admin/surface-defect-train/NEU-DET/validation/images/pitted_surface/pitted_surface_279.jpg,1,inclusion,patches,0.7539902925491333
resnet18,/Users/admin/surface-defect-train/results/chips/validation/inclusion/pitted_surface_281_bb01.png,/Users/admin/surface-defect-train/NEU-DET/validation/images/pitted_surface/pitted_surface_281.jpg,1,inclusion,inclusion,0.9932070374488831
resnet18,/Users/admin/surface-defect-train/results/chips/validation/inclusion/scratches_242_bb02.png,/Users/admin/surface-defect-train/NEU-DET/validation/images/scratches/scratches_242.jpg,2,inclusion,patches,0.8381267786026001
resnet18,/Users/admin/surface-defect-train/results/chips/validation/inclusion/scratches_244_bb03.png,/Users/admin/surface-defect-train/NEU-DET/validation/images/scratches/scratches_244.jpg,3,inclusion,inclusion,0.9985020160675049
resnet18,/Users/admin/surface-defect-train/results/chips/validation/inclusion/scratches_290_bb02.png,/Users/admin/surface-defect-train/NEU-DET/validation/images/scratches/scratches_290.jpg,2,inclusion,inclusion,0.9373064637184143
resnet18,/Users/admin/surface-defect-train/results/chips/validation/patches/patches_241_bb00.png,/Users/admin/surface-defect-train/NEU-DET/validation/images/patches/patches_241.jpg,0,patches,patches,1.0
resnet18,/Users/admin/surface-defect-train/results/chips/validation/patches/patches_242_bb00.png,/Users/admin/surface-defect-train/NEU-DET/validation/images/patches/patches_242.jpg,0,patches,patches,1.0
resnet18,/Users/admin/surface-defect-train/results/chips/validation/patches/patches_242_bb01.png,/Users/admin/surface-defect-train/NEU-DET/validation/images/patches/patches_242.jpg,1,patches,patches,0.9999997615814209
resnet18,/Users/admin/surface-defect-train/results/chips/validation/patches/patches_242_bb02.png,/Users/admin/surface-defect-train/NEU-DET/validation/images/patches/patches_242.jpg,2,patches,patches,0.9999998807907104
resnet18,/Users/admin/surface-defect-train/results/chips/validation/patches/patches_243_bb00.png,/Users/admin/surface-defect-train/NEU-DET/validation/images/patches/patches_243.jpg,0,patches,patches,0.9999998807907104
resnet18,/Users/admin/surface-defect-train/results/chips/validation/patches/patches_243_bb01.png,/Users/admin/surface-defect-train/NEU-DET/validation/images/patches/patches_243.jpg,1,patches,patches,0.9999985694885254
resnet18,/Users/admin/surface-defect-train/results/chips/validation/patches/patches_243_bb02.png,/Users/admin/surface-defect-train/NEU-DET/validation/images/patches/patches_243.jpg,2,patches,patches,1.0
resnet18,/Users/admin/surface-defect-train/results/chips/validation/patches/patches_243_bb03.png,/Users/admin/surface-defect-train/NEU-DET/validation/images/patches/patches_243.jpg,3,patches,patches,1.0
resnet18,/Users/admin/surface-defect-train/results/chips/validation/patches/patches_243_bb04.png,/Users/admin/surface-defect-train/NEU-DET/validation/images/patches/patches_243.jpg,4,patches,patches,0.9999995231628418
resnet18,/Users/admin/surface-defect-train/results/chips/validation/patches/patches_244_bb00.png,/Users/admin/surface-defect-train/NEU-DET/validation/images/patches/patches_244.jpg,0,patches,patches,0.9999994039535522
resnet18,/Users/admin/surface-defect-train/results/chips/validation/patches/patches_244_bb01.png,/Users/admin/surface-defect-train/NEU-DET/validation/images/patches/patches_244.jpg,1,patches,patches,0.9999986886978149
resnet18,/Users/admin/surface-defect-train/results/chips/validation/patches/patches_245_bb00.png,/Users/admin/surface-defect-train/NEU-DET/validation/images/patches/patches_245.jpg,0,patches,patches,1.0
resnet18,/Users/admin/surface-defect-train/results/chips/validation/patches/patches_245_bb01.png,/Users/admin/surface-defect-train/NEU-DET/validation/images/patches/patches_245.jpg,1,patches,patches,0.9998013377189636
resnet18,/Users/admin/surface-defect-train/results/chips/validation/patches/patches_245_bb02.png,/Users/admin/surface-defect-train/NEU-DET/validation/images/patches/patches_245.jpg,2,patches,patches,1.0
resnet18,/Users/admin/surface-defect-train/results/chips/validation/patches/patches_245_bb03.png,/Users/admin/surface-defect-train/NEU-DET/validation/images/patches/patches_245.jpg,3,patches,patches,0.9999567270278931
resnet18,/Users/admin/surface-defect-train/results/chips/validation/patches/patches_245_bb04.png,/Users/admin/surface-defect-train/NEU-DET/validation/images/patches/patches_245.jpg,4,patches,patches,1.0
resnet18,/Users/admin/surface-defect-train/results/chips/validation/patches/patches_245_bb05.png,/Users/admin/surface-defect-train/NEU-DET/validation/images/patches/patches_245.jpg,5,patches,patches,0.995549201965332
resnet18,/Users/admin/surface-defect-train/results/chips/validation/patches/patches_246_bb00.png,/Users/admin/surface-defect-train/NEU-DET/validation/images/patches/patches_246.jpg,0,patches,patches,1.0
resnet18,/Users/admin/surface-defect-train/results/chips/validation/patches/patches_246_bb01.png,/Users/admin/surface-defect-train/NEU-DET/validation/images/patches/patches_246.jpg,1,patches,patches,1.0
resnet18,/Users/admin/surface-defect-train/results/chips/validation/patches/patches_246_bb02.png,/Users/admin/surface-defect-train/NEU-DET/validation/images/patches/patches_246.jpg,2,patches,patches,0.9999984502792358
resnet18,/Users/admin/surface-defect-train/results/chips/validation/patches/patches_246_bb03.png,/Users/admin/surface-defect-train/NEU-DET/validation/images/patches/patches_246.jpg,3,patches,patches,0.9999997615814209
resnet18,/Users/admin/surface-defect-train/results/chips/validation/patches/patches_246_bb04.png,/Users/admin/surface-defect-train/NEU-DET/validation/images/patches/patches_246.jpg,4,patches,patches,0.9999988079071045
resnet18,/Users/admin/surface-defect-train/results/chips/validation/patches/patches_247_bb00.png,/Users/admin/surface-defect-train/NEU-DET/validation/images/patches/patches_247.jpg,0,patches,patches,0.9999998807907104
resnet18,/Users/admin/surface-defect-train/results/chips/validation/patches/patches_247_bb01.png,/Users/admin/surface-defect-train/NEU-DET/validation/images/patches/patches_247.jpg,1,patches,patches,0.9999998807907104
resnet18,/Users/admin/surface-defect-train/results/chips/validation/patches/patches_248_bb00.png,/Users/admin/surface-defect-train/NEU-DET/validation/images/patches/patches_248.jpg,0,patches,patches,0.9999995231628418
resnet18,/Users/admin/surface-defect-train/results/chips/validation/patches/patches_248_bb01.png,/Users/admin/surface-defect-train/NEU-DET/validation/images/patches/patches_248.jpg,1,patches,patches,1.0
resnet18,/Users/admin/surface-defect-train/results/chips/validation/patches/patches_248_bb02.png,/Users/admin/surface-defect-train/NEU-DET/validation/images/patches/patches_248.jpg,2,patches,patches,0.9988282322883606
resnet18,/Users/admin/surface-defect-train/results/chips/validation/patches/patches_248_bb03.png,/Users/admin/surface-defect-train/NEU-DET/validation/images/patches/patches_248.jpg,3,patches,patches,1.0
resnet18,/Users/admin/surface-defect-train/results/chips/validation/patches/patches_248_bb04.png,/Users/admin/surface-defect-train/NEU-DET/validation/images/patches/patches_248.jpg,4,patches,patches,0.9999957084655762
resnet18,/Users/admin/surface-defect-train/results/chips/validation/patches/patches_249_bb00.png,/Users/admin/surface-defect-train/NEU-DET/validation/images/patches/patches_249.jpg,0,patches,patches,0.9999996423721313
resnet18,/Users/admin/surface-defect-train/results/chips/validation/patches/patches_249_bb01.png,/Users/admin/surface-defect-train/NEU-DET/validation/images/patches/patches_249.jpg,1,patches,patches,0.9999988079071045
resnet18,/Users/admin/surface-defect-train/results/chips/validation/patches/patches_250_bb00.png,/Users/admin/surface-defect-train/NEU-DET/validation/images/patches/patches_250.jpg,0,patches,patches,0.9999996423721313
resnet18,/Users/admin/surface-defect-train/results/chips/validation/patches/patches_250_bb01.png,/Users/admin/surface-defect-train/NEU-DET/validation/images/patches/patches_250.jpg,1,patches,patches,1.0
resnet18,/Users/admin/surface-defect-train/results/chips/validation/patches/patches_250_bb02.png,/Users/admin/surface-defect-train/NEU-DET/validation/images/patches/patches_250.jpg,2,patches,patches,0.9999996423721313
resnet18,/Users/admin/surface-defect-train/results/chips/validation/patches/patches_250_bb03.png,/Users/admin/surface-defect-train/NEU-DET/validation/images/patches/patches_250.jpg,3,patches,patches,0.9999606609344482
resnet18,/Users/admin/surface-defect-train/results/chips/validation/patches/patches_251_bb00.png,/Users/admin/surface-defect-train/NEU-DET/validation/images/patches/patches_251.jpg,0,patches,patches,0.9999998807907104
resnet18,/Users/admin/surface-defect-train/results/chips/validation/patches/patches_252_bb00.png,/Users/admin/surface-defect-train/NEU-DET/validation/images/patches/patches_252.jpg,0,patches,patches,1.0
resnet18,/Users/admin/surface-defect-train/results/chips/validation/patches/patches_252_bb01.png,/Users/admin/surface-defect-train/NEU-DET/validation/images/patches/patches_252.jpg,1,patches,patches,0.9999996423721313
resnet18,/Users/admin/surface-defect-train/results/chips/validation/patches/patches_252_bb02.png,/Users/admin/surface-defect-train/NEU-DET/validation/images/patches/patches_252.jpg,2,patches,patches,0.9999977350234985
resnet18,/Users/admin/surface-defect-train/results/chips/validation/patches/patches_253_bb00.png,/Users/admin/surface-defect-train/NEU-DET/validation/images/patches/patches_253.jpg,0,patches,patches,0.9999299049377441
resnet18,/Users/admin/surface-defect-train/results/chips/validation/patches/patches_253_bb01.png,/Users/admin/surface-defect-train/NEU-DET/validation/images/patches/patches_253.jpg,1,patches,patches,0.9924955368041992
resnet18,/Users/admin/surface-defect-train/results/chips/validation/patches/patches_253_bb02.png,/Users/admin/surface-defect-train/NEU-DET/validation/images/patches/patches_253.jpg,2,patches,patches,0.9999979734420776
resnet18,/Users/admin/surface-defect-train/results/chips/validation/patches/patches_254_bb00.png,/Users/admin/surface-defect-train/NEU-DET/validation/images/patches/patches_254.jpg,0,patches,patches,1.0
resnet18,/Users/admin/surface-defect-train/results/chips/validation/patches/patches_254_bb01.png,/Users/admin/surface-defect-train/NEU-DET/validation/images/patches/patches_254.jpg,1,patches,patches,1.0
resnet18,/Users/admin/surface-defect-train/results/chips/validation/patches/patches_255_bb00.png,/Users/admin/surface-defect-train/NEU-DET/validation/images/patches/patches_255.jpg,0,patches,patches,0.9999958276748657
resnet18,/Users/admin/surface-defect-train/results/chips/validation/patches/patches_255_bb01.png,/Users/admin/surface-defect-train/NEU-DET/validation/images/patches/patches_255.jpg,1,patches,patches,1.0
resnet18,/Users/admin/surface-defect-train/results/chips/validation/patches/patches_255_bb02.png,/Users/admin/surface-defect-train/NEU-DET/validation/images/patches/patches_255.jpg,2,patches,patches,0.9990037083625793
resnet18,/Users/admin/surface-defect-train/results/chips/validation/patches/patches_256_bb00.png,/Users/admin/surface-defect-train/NEU-DET/validation/images/patches/patches_256.jpg,0,patches,patches,0.9999970197677612
resnet18,/Users/admin/surface-defect-train/results/chips/validation/patches/patches_256_bb01.png,/Users/admin/surface-defect-train/NEU-DET/validation/images/patches/patches_256.jpg,1,patches,patches,1.0
resnet18,/Users/admin/surface-defect-train/results/chips/validation/patches/patches_257_bb00.png,/Users/admin/surface-defect-train/NEU-DET/validation/images/patches/patches_257.jpg,0,patches,patches,1.0
resnet18,/Users/admin/surface-defect-train/results/chips/validation/patches/patches_257_bb01.png,/Users/admin/surface-defect-train/NEU-DET/validation/images/patches/patches_257.jpg,1,patches,patches,0.9999997615814209
resnet18,/Users/admin/surface-defect-train/results/chips/validation/patches/patches_257_bb02.png,/Users/admin/surface-defect-train/NEU-DET/validation/images/patches/patches_257.jpg,2,patches,patches,0.9999996423721313
resnet18,/Users/admin/surface-defect-train/results/chips/validation/patches/patches_257_bb03.png,/Users/admin/surface-defect-train/NEU-DET/validation/images/patches/patches_257.jpg,3,patches,patches,0.9995063543319702
resnet18,/Users/admin/surface-defect-train/results/chips/validation/patches/patches_258_bb00.png,/Users/admin/surface-defect-train/NEU-DET/validation/images/patches/patches_258.jpg,0,patches,patches,0.9999998807907104
resnet18,/Users/admin/surface-defect-train/results/chips/validation/patches/patches_258_bb01.png,/Users/admin/surface-defect-train/NEU-DET/validation/images/patches/patches_258.jpg,1,patches,patches,0.9999973773956299
resnet18,/Users/admin/surface-defect-train/results/chips/validation/patches/patches_258_bb02.png,/Users/admin/surface-defect-train/NEU-DET/validation/images/patches/patches_258.jpg,2,patches,patches,0.9999603033065796
resnet18,/Users/admin/surface-defect-train/results/chips/validation/patches/patches_259_bb00.png,/Users/admin/surface-defect-train/NEU-DET/validation/images/patches/patches_259.jpg,0,patches,patches,1.0
resnet18,/Users/admin/surface-defect-train/results/chips/validation/patches/patches_259_bb01.png,/Users/admin/surface-defect-train/NEU-DET/validation/images/patches/patches_259.jpg,1,patches,patches,0.9999969005584717
resnet18,/Users/admin/surface-defect-train/results/chips/validation/patches/patches_259_bb02.png,/Users/admin/surface-defect-train/NEU-DET/validation/images/patches/patches_259.jpg,2,patches,patches,0.9999912977218628
resnet18,/Users/admin/surface-defect-train/results/chips/validation/patches/patches_260_bb00.png,/Users/admin/surface-defect-train/NEU-DET/validation/images/patches/patches_260.jpg,0,patches,patches,0.9999972581863403
resnet18,/Users/admin/surface-defect-train/results/chips/validation/patches/patches_261_bb00.png,/Users/admin/surface-defect-train/NEU-DET/validation/images/patches/patches_261.jpg,0,patches,patches,0.9985221028327942
resnet18,/Users/admin/surface-defect-train/results/chips/validation/patches/patches_261_bb01.png,/Users/admin/surface-defect-train/NEU-DET/validation/images/patches/patches_261.jpg,1,patches,patches,0.9999961853027344
resnet18,/Users/admin/surface-defect-train/results/chips/validation/patches/patches_261_bb02.png,/Users/admin/surface-defect-train/NEU-DET/validation/images/patches/patches_261.jpg,2,patches,patches,0.9999029636383057
resnet18,/Users/admin/surface-defect-train/results/chips/validation/patches/patches_261_bb03.png,/Users/admin/surface-defect-train/NEU-DET/validation/images/patches/patches_261.jpg,3,patches,patches,0.999881386756897
resnet18,/Users/admin/surface-defect-train/results/chips/validation/patches/patches_262_bb00.png,/Users/admin/surface-defect-train/NEU-DET/validation/images/patches/patches_262.jpg,0,patches,patches,1.0
resnet18,/Users/admin/surface-defect-train/results/chips/validation/patches/patches_262_bb01.png,/Users/admin/surface-defect-train/NEU-DET/validation/images/patches/patches_262.jpg,1,patches,patches,0.9999992847442627
resnet18,/Users/admin/surface-defect-train/results/chips/validation/patches/patches_262_bb02.png,/Users/admin/surface-defect-train/NEU-DET/validation/images/patches/patches_262.jpg,2,patches,patches,0.9999409914016724
resnet18,/Users/admin/surface-defect-train/results/chips/validation/patches/patches_263_bb00.png,/Users/admin/surface-defect-train/NEU-DET/validation/images/patches/patches_263.jpg,0,patches,patches,0.9999998807907104
resnet18,/Users/admin/surface-defect-train/results/chips/validation/patches/patches_263_bb01.png,/Users/admin/surface-defect-train/NEU-DET/validation/images/patches/patches_263.jpg,1,patches,patches,0.9999996423721313
resnet18,/Users/admin/surface-defect-train/results/chips/validation/patches/patches_264_bb00.png,/Users/admin/surface-defect-train/NEU-DET/validation/images/patches/patches_264.jpg,0,patches,patches,0.9998819828033447
resnet18,/Users/admin/surface-defect-train/results/chips/validation/patches/patches_264_bb01.png,/Users/admin/surface-defect-train/NEU-DET/validation/images/patches/patches_264.jpg,1,patches,patches,0.9999693632125854
resnet18,/Users/admin/surface-defect-train/results/chips/validation/patches/patches_265_bb00.png,/Users/admin/surface-defect-train/NEU-DET/validation/images/patches/patches_265.jpg,0,patches,patches,1.0
resnet18,/Users/admin/surface-defect-train/results/chips/validation/patches/patches_265_bb01.png,/Users/admin/surface-defect-train/NEU-DET/validation/images/patches/patches_265.jpg,1,patches,patches,0.9999990463256836
resnet18,/Users/admin/surface-defect-train/results/chips/validation/patches/patches_265_bb02.png,/Users/admin/surface-defect-train/NEU-DET/validation/images/patches/patches_265.jpg,2,patches,patches,0.9999994039535522
resnet18,/Users/admin/surface-defect-train/results/chips/validation/patches/patches_266_bb00.png,/Users/admin/surface-defect-train/NEU-DET/validation/images/patches/patches_266.jpg,0,patches,patches,0.9999996423721313
resnet18,/Users/admin/surface-defect-train/results/chips/validation/patches/patches_266_bb01.png,/Users/admin/surface-defect-train/NEU-DET/validation/images/patches/patches_266.jpg,1,patches,patches,0.9995453953742981
resnet18,/Users/admin/surface-defect-train/results/chips/validation/patches/patches_266_bb02.png,/Users/admin/surface-defect-train/NEU-DET/validation/images/patches/patches_266.jpg,2,patches,patches,0.9990333318710327
resnet18,/Users/admin/surface-defect-train/results/chips/validation/patches/patches_267_bb00.png,/Users/admin/surface-defect-train/NEU-DET/validation/images/patches/patches_267.jpg,0,patches,patches,0.9999995231628418
resnet18,/Users/admin/surface-defect-train/results/chips/validation/patches/patches_267_bb01.png,/Users/admin/surface-defect-train/NEU-DET/validation/images/patches/patches_267.jpg,1,patches,patches,1.0
resnet18,/Users/admin/surface-defect-train/results/chips/validation/patches/patches_267_bb02.png,/Users/admin/surface-defect-train/NEU-DET/validation/images/patches/patches_267.jpg,2,patches,patches,0.9999508857727051
resnet18,/Users/admin/surface-defect-train/results/chips/validation/patches/patches_267_bb03.png,/Users/admin/surface-defect-train/NEU-DET/validation/images/patches/patches_267.jpg,3,patches,patches,0.9999366998672485
resnet18,/Users/admin/surface-defect-train/results/chips/validation/patches/patches_268_bb00.png,/Users/admin/surface-defect-train/NEU-DET/validation/images/patches/patches_268.jpg,0,patches,patches,0.9999958276748657
resnet18,/Users/admin/surface-defect-train/results/chips/validation/patches/patches_268_bb01.png,/Users/admin/surface-defect-train/NEU-DET/validation/images/patches/patches_268.jpg,1,patches,patches,1.0
resnet18,/Users/admin/surface-defect-train/results/chips/validation/patches/patches_268_bb02.png,/Users/admin/surface-defect-train/NEU-DET/validation/images/patches/patches_268.jpg,2,patches,patches,0.9999996423721313
resnet18,/Users/admin/surface-defect-train/results/chips/validation/patches/patches_269_bb00.png,/Users/admin/surface-defect-train/NEU-DET/validation/images/patches/patches_269.jpg,0,patches,patches,0.9999998807907104
resnet18,/Users/admin/surface-defect-train/results/chips/validation/patches/patches_269_bb01.png,/Users/admin/surface-defect-train/NEU-DET/validation/images/patches/patches_269.jpg,1,patches,patches,0.9999998807907104
resnet18,/Users/admin/surface-defect-train/results/chips/validation/patches/patches_269_bb02.png,/Users/admin/surface-defect-train/NEU-DET/validation/images/patches/patches_269.jpg,2,patches,patches,0.9999845027923584
resnet18,/Users/admin/surface-defect-train/results/chips/validation/patches/patches_270_bb00.png,/Users/admin/surface-defect-train/NEU-DET/validation/images/patches/patches_270.jpg,0,patches,patches,1.0
resnet18,/Users/admin/surface-defect-train/results/chips/validation/patches/patches_270_bb01.png,/Users/admin/surface-defect-train/NEU-DET/validation/images/patches/patches_270.jpg,1,patches,patches,0.9999995231628418
resnet18,/Users/admin/surface-defect-train/results/chips/validation/patches/patches_271_bb00.png,/Users/admin/surface-defect-train/NEU-DET/validation/images/patches/patches_271.jpg,0,patches,patches,1.0
resnet18,/Users/admin/surface-defect-train/results/chips/validation/patches/patches_271_bb01.png,/Users/admin/surface-defect-train/NEU-DET/validation/images/patches/patches_271.jpg,1,patches,patches,1.0
resnet18,/Users/admin/surface-defect-train/results/chips/validation/patches/patches_272_bb00.png,/Users/admin/surface-defect-train/NEU-DET/validation/images/patches/patches_272.jpg,0,patches,patches,1.0
resnet18,/Users/admin/surface-defect-train/results/chips/validation/patches/patches_273_bb00.png,/Users/admin/surface-defect-train/NEU-DET/validation/images/patches/patches_273.jpg,0,patches,patches,1.0
resnet18,/Users/admin/surface-defect-train/results/chips/validation/patches/patches_273_bb01.png,/Users/admin/surface-defect-train/NEU-DET/validation/images/patches/patches_273.jpg,1,patches,patches,1.0
resnet18,/Users/admin/surface-defect-train/results/chips/validation/patches/patches_273_bb02.png,/Users/admin/surface-defect-train/NEU-DET/validation/images/patches/patches_273.jpg,2,patches,patches,0.9999997615814209
resnet18,/Users/admin/surface-defect-train/results/chips/validation/patches/patches_274_bb00.png,/Users/admin/surface-defect-train/NEU-DET/validation/images/patches/patches_274.jpg,0,patches,patches,0.9999998807907104
resnet18,/Users/admin/surface-defect-train/results/chips/validation/patches/patches_275_bb00.png,/Users/admin/surface-defect-train/NEU-DET/validation/images/patches/patches_275.jpg,0,patches,patches,0.9998475313186646
resnet18,/Users/admin/surface-defect-train/results/chips/validation/patches/patches_275_bb01.png,/Users/admin/surface-defect-train/NEU-DET/validation/images/patches/patches_275.jpg,1,patches,patches,0.9999978542327881
resnet18,/Users/admin/surface-defect-train/results/chips/validation/patches/patches_276_bb00.png,/Users/admin/surface-defect-train/NEU-DET/validation/images/patches/patches_276.jpg,0,patches,patches,1.0
resnet18,/Users/admin/surface-defect-train/results/chips/validation/patches/patches_276_bb01.png,/Users/admin/surface-defect-train/NEU-DET/validation/images/patches/patches_276.jpg,1,patches,patches,1.0
resnet18,/Users/admin/surface-defect-train/results/chips/validation/patches/patches_276_bb02.png,/Users/admin/surface-defect-train/NEU-DET/validation/images/patches/patches_276.jpg,2,patches,patches,0.9999996423721313
resnet18,/Users/admin/surface-defect-train/results/chips/validation/patches/patches_276_bb03.png,/Users/admin/surface-defect-train/NEU-DET/validation/images/patches/patches_276.jpg,3,patches,patches,0.9999982118606567
resnet18,/Users/admin/surface-defect-train/results/chips/validation/patches/patches_277_bb00.png,/Users/admin/surface-defect-train/NEU-DET/validation/images/patches/patches_277.jpg,0,patches,patches,1.0
resnet18,/Users/admin/surface-defect-train/results/chips/validation/patches/patches_277_bb01.png,/Users/admin/surface-defect-train/NEU-DET/validation/images/patches/patches_277.jpg,1,patches,patches,0.9999996423721313
resnet18,/Users/admin/surface-defect-train/results/chips/validation/patches/patches_277_bb02.png,/Users/admin/surface-defect-train/NEU-DET/validation/images/patches/patches_277.jpg,2,patches,patches,0.9999970197677612
resnet18,/Users/admin/surface-defect-train/results/chips/validation/patches/patches_277_bb03.png,/Users/admin/surface-defect-train/NEU-DET/validation/images/patches/patches_277.jpg,3,patches,patches,0.9999538660049438
resnet18,/Users/admin/surface-defect-train/results/chips/validation/patches/patches_278_bb00.png,/Users/admin/surface-defect-train/NEU-DET/validation/images/patches/patches_278.jpg,0,patches,patches,0.9999325275421143
resnet18,/Users/admin/surface-defect-train/results/chips/validation/patches/patches_278_bb01.png,/Users/admin/surface-defect-train/NEU-DET/validation/images/patches/patches_278.jpg,1,patches,patches,0.9999388456344604
resnet18,/Users/admin/surface-defect-train/results/chips/validation/patches/patches_279_bb00.png,/Users/admin/surface-defect-train/NEU-DET/validation/images/patches/patches_279.jpg,0,patches,patches,0.9999995231628418
resnet18,/Users/admin/surface-defect-train/results/chips/validation/patches/patches_279_bb01.png,/Users/admin/surface-defect-train/NEU-DET/validation/images/patches/patches_279.jpg,1,patches,patches,0.9999997615814209
resnet18,/Users/admin/surface-defect-train/results/chips/validation/patches/patches_279_bb02.png,/Users/admin/surface-defect-train/NEU-DET/validation/images/patches/patches_279.jpg,2,patches,patches,0.9999988079071045
resnet18,/Users/admin/surface-defect-train/results/chips/validation/patches/patches_280_bb00.png,/Users/admin/surface-defect-train/NEU-DET/validation/images/patches/patches_280.jpg,0,patches,patches,0.9999984502792358
resnet18,/Users/admin/surface-defect-train/results/chips/validation/patches/patches_280_bb01.png,/Users/admin/surface-defect-train/NEU-DET/validation/images/patches/patches_280.jpg,1,patches,patches,0.9999995231628418
resnet18,/Users/admin/surface-defect-train/results/chips/validation/patches/patches_281_bb00.png,/Users/admin/surface-defect-train/NEU-DET/validation/images/patches/patches_281.jpg,0,patches,patches,0.9999980926513672
resnet18,/Users/admin/surface-defect-train/results/chips/validation/patches/patches_281_bb01.png,/Users/admin/surface-defect-train/NEU-DET/validation/images/patches/patches_281.jpg,1,patches,patches,0.9999996423721313
resnet18,/Users/admin/surface-defect-train/results/chips/validation/patches/patches_281_bb02.png,/Users/admin/surface-defect-train/NEU-DET/validation/images/patches/patches_281.jpg,2,patches,patches,0.9999991655349731
resnet18,/Users/admin/surface-defect-train/results/chips/validation/patches/patches_282_bb00.png,/Users/admin/surface-defect-train/NEU-DET/validation/images/patches/patches_282.jpg,0,patches,patches,1.0
resnet18,/Users/admin/surface-defect-train/results/chips/validation/patches/patches_282_bb01.png,/Users/admin/surface-defect-train/NEU-DET/validation/images/patches/patches_282.jpg,1,patches,patches,0.9999992847442627
resnet18,/Users/admin/surface-defect-train/results/chips/validation/patches/patches_282_bb02.png,/Users/admin/surface-defect-train/NEU-DET/validation/images/patches/patches_282.jpg,2,patches,patches,0.9998385906219482
resnet18,/Users/admin/surface-defect-train/results/chips/validation/patches/patches_283_bb00.png,/Users/admin/surface-defect-train/NEU-DET/validation/images/patches/patches_283.jpg,0,patches,patches,0.9997078776359558
resnet18,/Users/admin/surface-defect-train/results/chips/validation/patches/patches_283_bb01.png,/Users/admin/surface-defect-train/NEU-DET/validation/images/patches/patches_283.jpg,1,patches,patches,0.9933566451072693
resnet18,/Users/admin/surface-defect-train/results/chips/validation/patches/patches_283_bb02.png,/Users/admin/surface-defect-train/NEU-DET/validation/images/patches/patches_283.jpg,2,patches,patches,0.9992185831069946
resnet18,/Users/admin/surface-defect-train/results/chips/validation/patches/patches_283_bb03.png,/Users/admin/surface-defect-train/NEU-DET/validation/images/patches/patches_283.jpg,3,patches,patches,0.9997121691703796
resnet18,/Users/admin/surface-defect-train/results/chips/validation/patches/patches_284_bb00.png,/Users/admin/surface-defect-train/NEU-DET/validation/images/patches/patches_284.jpg,0,patches,patches,0.9999998807907104
resnet18,/Users/admin/surface-defect-train/results/chips/validation/patches/patches_284_bb01.png,/Users/admin/surface-defect-train/NEU-DET/validation/images/patches/patches_284.jpg,1,patches,patches,0.9999998807907104
resnet18,/Users/admin/surface-defect-train/results/chips/validation/patches/patches_285_bb00.png,/Users/admin/surface-defect-train/NEU-DET/validation/images/patches/patches_285.jpg,0,patches,patches,0.999996542930603
resnet18,/Users/admin/surface-defect-train/results/chips/validation/patches/patches_285_bb01.png,/Users/admin/surface-defect-train/NEU-DET/validation/images/patches/patches_285.jpg,1,patches,patches,0.9999990463256836
resnet18,/Users/admin/surface-defect-train/results/chips/validation/patches/patches_285_bb02.png,/Users/admin/surface-defect-train/NEU-DET/validation/images/patches/patches_285.jpg,2,patches,patches,0.9999977350234985
resnet18,/Users/admin/surface-defect-train/results/chips/validation/patches/patches_286_bb00.png,/Users/admin/surface-defect-train/NEU-DET/validation/images/patches/patches_286.jpg,0,patches,patches,0.9999992847442627
resnet18,/Users/admin/surface-defect-train/results/chips/validation/patches/patches_286_bb01.png,/Users/admin/surface-defect-train/NEU-DET/validation/images/patches/patches_286.jpg,1,patches,patches,0.9999997615814209
resnet18,/Users/admin/surface-defect-train/results/chips/validation/patches/patches_286_bb02.png,/Users/admin/surface-defect-train/NEU-DET/validation/images/patches/patches_286.jpg,2,patches,patches,0.9998533725738525
resnet18,/Users/admin/surface-defect-train/results/chips/validation/patches/patches_286_bb03.png,/Users/admin/surface-defect-train/NEU-DET/validation/images/patches/patches_286.jpg,3,patches,patches,0.9996497631072998
resnet18,/Users/admin/surface-defect-train/results/chips/validation/patches/patches_287_bb00.png,/Users/admin/surface-defect-train/NEU-DET/validation/images/patches/patches_287.jpg,0,patches,patches,0.9999688863754272
resnet18,/Users/admin/surface-defect-train/results/chips/validation/patches/patches_287_bb01.png,/Users/admin/surface-defect-train/NEU-DET/validation/images/patches/patches_287.jpg,1,patches,patches,0.9990629553794861
resnet18,/Users/admin/surface-defect-train/results/chips/validation/patches/patches_288_bb00.png,/Users/admin/surface-defect-train/NEU-DET/validation/images/patches/patches_288.jpg,0,patches,patches,0.9999992847442627
resnet18,/Users/admin/surface-defect-train/results/chips/validation/patches/patches_288_bb01.png,/Users/admin/surface-defect-train/NEU-DET/validation/images/patches/patches_288.jpg,1,patches,patches,0.9998958110809326
resnet18,/Users/admin/surface-defect-train/results/chips/validation/patches/patches_289_bb00.png,/Users/admin/surface-defect-train/NEU-DET/validation/images/patches/patches_289.jpg,0,patches,patches,0.9884964227676392
resnet18,/Users/admin/surface-defect-train/results/chips/validation/patches/patches_289_bb01.png,/Users/admin/surface-defect-train/NEU-DET/validation/images/patches/patches_289.jpg,1,patches,patches,0.998691737651825
resnet18,/Users/admin/surface-defect-train/results/chips/validation/patches/patches_289_bb02.png,/Users/admin/surface-defect-train/NEU-DET/validation/images/patches/patches_289.jpg,2,patches,patches,0.9999991655349731
resnet18,/Users/admin/surface-defect-train/results/chips/validation/patches/patches_289_bb03.png,/Users/admin/surface-defect-train/NEU-DET/validation/images/patches/patches_289.jpg,3,patches,patches,0.9999054670333862
resnet18,/Users/admin/surface-defect-train/results/chips/validation/patches/patches_289_bb04.png,/Users/admin/surface-defect-train/NEU-DET/validation/images/patches/patches_289.jpg,4,patches,patches,0.9999346733093262
resnet18,/Users/admin/surface-defect-train/results/chips/validation/patches/patches_290_bb00.png,/Users/admin/surface-defect-train/NEU-DET/validation/images/patches/patches_290.jpg,0,patches,patches,0.9999998807907104
resnet18,/Users/admin/surface-defect-train/results/chips/validation/patches/patches_290_bb01.png,/Users/admin/surface-defect-train/NEU-DET/validation/images/patches/patches_290.jpg,1,patches,patches,0.9999985694885254
resnet18,/Users/admin/surface-defect-train/results/chips/validation/patches/patches_290_bb02.png,/Users/admin/surface-defect-train/NEU-DET/validation/images/patches/patches_290.jpg,2,patches,patches,0.9999788999557495
resnet18,/Users/admin/surface-defect-train/results/chips/validation/patches/patches_290_bb03.png,/Users/admin/surface-defect-train/NEU-DET/validation/images/patches/patches_290.jpg,3,patches,patches,0.999987006187439
resnet18,/Users/admin/surface-defect-train/results/chips/validation/patches/patches_290_bb04.png,/Users/admin/surface-defect-train/NEU-DET/validation/images/patches/patches_290.jpg,4,patches,patches,0.9999231100082397
resnet18,/Users/admin/surface-defect-train/results/chips/validation/patches/patches_291_bb00.png,/Users/admin/surface-defect-train/NEU-DET/validation/images/patches/patches_291.jpg,0,patches,patches,1.0
resnet18,/Users/admin/surface-defect-train/results/chips/validation/patches/patches_291_bb01.png,/Users/admin/surface-defect-train/NEU-DET/validation/images/patches/patches_291.jpg,1,patches,patches,0.9999946355819702
resnet18,/Users/admin/surface-defect-train/results/chips/validation/patches/patches_291_bb02.png,/Users/admin/surface-defect-train/NEU-DET/validation/images/patches/patches_291.jpg,2,patches,patches,0.9999978542327881
resnet18,/Users/admin/surface-defect-train/results/chips/validation/patches/patches_291_bb03.png,/Users/admin/surface-defect-train/NEU-DET/validation/images/patches/patches_291.jpg,3,patches,patches,0.9999960660934448
resnet18,/Users/admin/surface-defect-train/results/chips/validation/patches/patches_292_bb00.png,/Users/admin/surface-defect-train/NEU-DET/validation/images/patches/patches_292.jpg,0,patches,patches,1.0
resnet18,/Users/admin/surface-defect-train/results/chips/validation/patches/patches_292_bb01.png,/Users/admin/surface-defect-train/NEU-DET/validation/images/patches/patches_292.jpg,1,patches,patches,0.999958872795105
resnet18,/Users/admin/surface-defect-train/results/chips/validation/patches/patches_292_bb02.png,/Users/admin/surface-defect-train/NEU-DET/validation/images/patches/patches_292.jpg,2,patches,patches,0.9999994039535522
resnet18,/Users/admin/surface-defect-train/results/chips/validation/patches/patches_292_bb03.png,/Users/admin/surface-defect-train/NEU-DET/validation/images/patches/patches_292.jpg,3,patches,patches,0.9999957084655762
resnet18,/Users/admin/surface-defect-train/results/chips/validation/patches/patches_292_bb04.png,/Users/admin/surface-defect-train/NEU-DET/validation/images/patches/patches_292.jpg,4,patches,patches,0.9998526573181152
resnet18,/Users/admin/surface-defect-train/results/chips/validation/patches/patches_293_bb00.png,/Users/admin/surface-defect-train/NEU-DET/validation/images/patches/patches_293.jpg,0,patches,patches,1.0
resnet18,/Users/admin/surface-defect-train/results/chips/validation/patches/patches_293_bb01.png,/Users/admin/surface-defect-train/NEU-DET/validation/images/patches/patches_293.jpg,1,patches,patches,1.0
resnet18,/Users/admin/surface-defect-train/results/chips/validation/patches/patches_294_bb00.png,/Users/admin/surface-defect-train/NEU-DET/validation/images/patches/patches_294.jpg,0,patches,patches,0.9999998807907104
resnet18,/Users/admin/surface-defect-train/results/chips/validation/patches/patches_294_bb01.png,/Users/admin/surface-defect-train/NEU-DET/validation/images/patches/patches_294.jpg,1,patches,patches,0.9999951124191284
resnet18,/Users/admin/surface-defect-train/results/chips/validation/patches/patches_295_bb00.png,/Users/admin/surface-defect-train/NEU-DET/validation/images/patches/patches_295.jpg,0,patches,patches,0.9999998807907104
resnet18,/Users/admin/surface-defect-train/results/chips/validation/patches/patches_295_bb01.png,/Users/admin/surface-defect-train/NEU-DET/validation/images/patches/patches_295.jpg,1,patches,patches,0.9848229885101318
resnet18,/Users/admin/surface-defect-train/results/chips/validation/patches/patches_295_bb02.png,/Users/admin/surface-defect-train/NEU-DET/validation/images/patches/patches_295.jpg,2,patches,patches,0.9999874830245972
resnet18,/Users/admin/surface-defect-train/results/chips/validation/patches/patches_296_bb00.png,/Users/admin/surface-defect-train/NEU-DET/validation/images/patches/patches_296.jpg,0,patches,patches,1.0
resnet18,/Users/admin/surface-defect-train/results/chips/validation/patches/patches_296_bb01.png,/Users/admin/surface-defect-train/NEU-DET/validation/images/patches/patches_296.jpg,1,patches,patches,0.9999953508377075
resnet18,/Users/admin/surface-defect-train/results/chips/validation/patches/patches_296_bb02.png,/Users/admin/surface-defect-train/NEU-DET/validation/images/patches/patches_296.jpg,2,patches,patches,0.9999977350234985
resnet18,/Users/admin/surface-defect-train/results/chips/validation/patches/patches_297_bb00.png,/Users/admin/surface-defect-train/NEU-DET/validation/images/patches/patches_297.jpg,0,patches,patches,0.9999998807907104
resnet18,/Users/admin/surface-defect-train/results/chips/validation/patches/patches_297_bb01.png,/Users/admin/surface-defect-train/NEU-DET/validation/images/patches/patches_297.jpg,1,patches,patches,0.9999866485595703
resnet18,/Users/admin/surface-defect-train/results/chips/validation/patches/patches_297_bb02.png,/Users/admin/surface-defect-train/NEU-DET/validation/images/patches/patches_297.jpg,2,patches,patches,0.9911243319511414
resnet18,/Users/admin/surface-defect-train/results/chips/validation/patches/patches_298_bb00.png,/Users/admin/surface-defect-train/NEU-DET/validation/images/patches/patches_298.jpg,0,patches,patches,1.0
resnet18,/Users/admin/surface-defect-train/results/chips/validation/patches/patches_298_bb01.png,/Users/admin/surface-defect-train/NEU-DET/validation/images/patches/patches_298.jpg,1,patches,patches,1.0
resnet18,/Users/admin/surface-defect-train/results/chips/validation/patches/patches_298_bb02.png,/Users/admin/surface-defect-train/NEU-DET/validation/images/patches/patches_298.jpg,2,patches,patches,1.0
resnet18,/Users/admin/surface-defect-train/results/chips/validation/patches/patches_298_bb03.png,/Users/admin/surface-defect-train/NEU-DET/validation/images/patches/patches_298.jpg,3,patches,patches,0.999998927116394
resnet18,/Users/admin/surface-defect-train/results/chips/validation/patches/patches_299_bb00.png,/Users/admin/surface-defect-train/NEU-DET/validation/images/patches/patches_299.jpg,0,patches,patches,0.9999997615814209
resnet18,/Users/admin/surface-defect-train/results/chips/validation/patches/patches_299_bb01.png,/Users/admin/surface-defect-train/NEU-DET/validation/images/patches/patches_299.jpg,1,patches,patches,0.9585212469100952
resnet18,/Users/admin/surface-defect-train/results/chips/validation/patches/patches_299_bb02.png,/Users/admin/surface-defect-train/NEU-DET/validation/images/patches/patches_299.jpg,2,patches,patches,0.9978715181350708
resnet18,/Users/admin/surface-defect-train/results/chips/validation/patches/patches_300_bb00.png,/Users/admin/surface-defect-train/NEU-DET/validation/images/patches/patches_300.jpg,0,patches,patches,1.0
resnet18,/Users/admin/surface-defect-train/results/chips/validation/patches/patches_300_bb01.png,/Users/admin/surface-defect-train/NEU-DET/validation/images/patches/patches_300.jpg,1,patches,patches,0.9999947547912598
resnet18,/Users/admin/surface-defect-train/results/chips/validation/patches/pitted_surface_245_bb02.png,/Users/admin/surface-defect-train/NEU-DET/validation/images/pitted_surface/pitted_surface_245.jpg,2,patches,patches,0.8858737945556641
resnet18,/Users/admin/surface-defect-train/results/chips/validation/patches/pitted_surface_247_bb01.png,/Users/admin/surface-defect-train/NEU-DET/validation/images/pitted_surface/pitted_surface_247.jpg,1,patches,patches,0.9932925701141357
resnet18,/Users/admin/surface-defect-train/results/chips/validation/patches/pitted_surface_258_bb01.png,/Users/admin/surface-defect-train/NEU-DET/validation/images/pitted_surface/pitted_surface_258.jpg,1,patches,pitted_surface,0.4571239650249481
resnet18,/Users/admin/surface-defect-train/results/chips/validation/patches/pitted_surface_261_bb01.png,/Users/admin/surface-defect-train/NEU-DET/validation/images/pitted_surface/pitted_surface_261.jpg,1,patches,patches,0.8779612183570862
resnet18,/Users/admin/surface-defect-train/results/chips/validation/patches/pitted_surface_261_bb02.png,/Users/admin/surface-defect-train/NEU-DET/validation/images/pitted_surface/pitted_surface_261.jpg,2,patches,patches,0.9984051585197449
resnet18,/Users/admin/surface-defect-train/results/chips/validation/patches/pitted_surface_272_bb02.png,/Users/admin/surface-defect-train/NEU-DET/validation/images/pitted_surface/pitted_surface_272.jpg,2,patches,patches,0.9586054682731628
resnet18,/Users/admin/surface-defect-train/results/chips/validation/patches/pitted_surface_276_bb01.png,/Users/admin/surface-defect-train/NEU-DET/validation/images/pitted_surface/pitted_surface_276.jpg,1,patches,patches,0.9500916600227356
resnet18,/Users/admin/surface-defect-train/results/chips/validation/patches/pitted_surface_276_bb02.png,/Users/admin/surface-defect-train/NEU-DET/validation/images/pitted_surface/pitted_surface_276.jpg,2,patches,patches,0.9824275374412537
resnet18,/Users/admin/surface-defect-train/results/chips/validation/patches/pitted_surface_277_bb01.png,/Users/admin/surface-defect-train/NEU-DET/validation/images/pitted_surface/pitted_surface_277.jpg,1,patches,pitted_surface,0.4683701694011688
resnet18,/Users/admin/surface-defect-train/results/chips/validation/patches/pitted_surface_279_bb02.png,/Users/admin/surface-defect-train/NEU-DET/validation/images/pitted_surface/pitted_surface_279.jpg,2,patches,inclusion,0.943753719329834
resnet18,/Users/admin/surface-defect-train/results/chips/validation/patches/pitted_surface_291_bb01.png,/Users/admin/surface-defect-train/NEU-DET/validation/images/pitted_surface/pitted_surface_291.jpg,1,patches,inclusion,0.3682239055633545
resnet18,/Users/admin/surface-defect-train/results/chips/validation/patches/pitted_surface_292_bb02.png,/Users/admin/surface-defect-train/NEU-DET/validation/images/pitted_surface/pitted_surface_292.jpg,2,patches,patches,0.9996194839477539
resnet18,/Users/admin/surface-defect-train/results/chips/validation/patches/pitted_surface_292_bb03.png,/Users/admin/surface-defect-train/NEU-DET/validation/images/pitted_surface/pitted_surface_292.jpg,3,patches,patches,0.9978535771369934
resnet18,/Users/admin/surface-defect-train/results/chips/validation/patches/pitted_surface_294_bb02.png,/Users/admin/surface-defect-train/NEU-DET/validation/images/pitted_surface/pitted_surface_294.jpg,2,patches,inclusion,0.5336363911628723
resnet18,/Users/admin/surface-defect-train/results/chips/validation/patches/pitted_surface_295_bb01.png,/Users/admin/surface-defect-train/NEU-DET/validation/images/pitted_surface/pitted_surface_295.jpg,1,patches,patches,0.9994418025016785
resnet18,/Users/admin/surface-defect-train/results/chips/validation/patches/pitted_surface_296_bb02.png,/Users/admin/surface-defect-train/NEU-DET/validation/images/pitted_surface/pitted_surface_296.jpg,2,patches,patches,0.9999128580093384
resnet18,/Users/admin/surface-defect-train/results/chips/validation/pitted_surface/pitted_surface_241_bb00.png,/Users/admin/surface-defect-train/NEU-DET/validation/images/pitted_surface/pitted_surface_241.jpg,0,pitted_surface,pitted_surface,0.9998462200164795
resnet18,/Users/admin/surface-defect-train/results/chips/validation/pitted_surface/pitted_surface_242_bb00.png,/Users/admin/surface-defect-train/NEU-DET/validation/images/pitted_surface/pitted_surface_242.jpg,0,pitted_surface,pitted_surface,0.9997007846832275
resnet18,/Users/admin/surface-defect-train/results/chips/validation/pitted_surface/pitted_surface_242_bb01.png,/Users/admin/surface-defect-train/NEU-DET/validation/images/pitted_surface/pitted_surface_242.jpg,1,pitted_surface,pitted_surface,0.9995741248130798
resnet18,/Users/admin/surface-defect-train/results/chips/validation/pitted_surface/pitted_surface_243_bb00.png,/Users/admin/surface-defect-train/NEU-DET/validation/images/pitted_surface/pitted_surface_243.jpg,0,pitted_surface,pitted_surface,0.9998807907104492
resnet18,/Users/admin/surface-defect-train/results/chips/validation/pitted_surface/pitted_surface_244_bb00.png,/Users/admin/surface-defect-train/NEU-DET/validation/images/pitted_surface/pitted_surface_244.jpg,0,pitted_surface,pitted_surface,0.9999977350234985
resnet18,/Users/admin/surface-defect-train/results/chips/validation/pitted_surface/pitted_surface_245_bb00.png,/Users/admin/surface-defect-train/NEU-DET/validation/images/pitted_surface/pitted_surface_245.jpg,0,pitted_surface,pitted_surface,0.9999572038650513
resnet18,/Users/admin/surface-defect-train/results/chips/validation/pitted_surface/pitted_surface_245_bb01.png,/Users/admin/surface-defect-train/NEU-DET/validation/images/pitted_surface/pitted_surface_245.jpg,1,pitted_surface,pitted_surface,0.9934223294258118
resnet18,/Users/admin/surface-defect-train/results/chips/validation/pitted_surface/pitted_surface_246_bb00.png,/Users/admin/surface-defect-train/NEU-DET/validation/images/pitted_surface/pitted_surface_246.jpg,0,pitted_surface,pitted_surface,0.9999539852142334
resnet18,/Users/admin/surface-defect-train/results/chips/validation/pitted_surface/pitted_surface_246_bb01.png,/Users/admin/surface-defect-train/NEU-DET/validation/images/pitted_surface/pitted_surface_246.jpg,1,pitted_surface,pitted_surface,0.9990031123161316
resnet18,/Users/admin/surface-defect-train/results/chips/validation/pitted_surface/pitted_surface_247_bb00.png,/Users/admin/surface-defect-train/NEU-DET/validation/images/pitted_surface/pitted_surface_247.jpg,0,pitted_surface,pitted_surface,0.9982460737228394
resnet18,/Users/admin/surface-defect-train/results/chips/validation/pitted_surface/pitted_surface_248_bb00.png,/Users/admin/surface-defect-train/NEU-DET/validation/images/pitted_surface/pitted_surface_248.jpg,0,pitted_surface,pitted_surface,0.9996256828308105
resnet18,/Users/admin/surface-defect-train/results/chips/validation/pitted_surface/pitted_surface_248_bb01.png,/Users/admin/surface-defect-train/NEU-DET/validation/images/pitted_surface/pitted_surface_248.jpg,1,pitted_surface,pitted_surface,0.9425203204154968
resnet18,/Users/admin/surface-defect-train/results/chips/validation/pitted_surface/pitted_surface_249_bb00.png,/Users/admin/surface-defect-train/NEU-DET/validation/images/pitted_surface/pitted_surface_249.jpg,0,pitted_surface,pitted_surface,0.9994157552719116
resnet18,/Users/admin/surface-defect-train/results/chips/validation/pitted_surface/pitted_surface_250_bb00.png,/Users/admin/surface-defect-train/NEU-DET/validation/images/pitted_surface/pitted_surface_250.jpg,0,pitted_surface,pitted_surface,0.9997887015342712
resnet18,/Users/admin/surface-defect-train/results/chips/validation/pitted_surface/pitted_surface_251_bb00.png,/Users/admin/surface-defect-train/NEU-DET/validation/images/pitted_surface/pitted_surface_251.jpg,0,pitted_surface,pitted_surface,0.9999186992645264
resnet18,/Users/admin/surface-defect-train/results/chips/validation/pitted_surface/pitted_surface_252_bb00.png,/Users/admin/surface-defect-train/NEU-DET/validation/images/pitted_surface/pitted_surface_252.jpg,0,pitted_surface,pitted_surface,0.9949466586112976
resnet18,/Users/admin/surface-defect-train/results/chips/validation/pitted_surface/pitted_surface_253_bb00.png,/Users/admin/surface-defect-train/NEU-DET/validation/images/pitted_surface/pitted_surface_253.jpg,0,pitted_surface,pitted_surface,0.999491810798645
resnet18,/Users/admin/surface-defect-train/results/chips/validation/pitted_surface/pitted_surface_253_bb01.png,/Users/admin/surface-defect-train/NEU-DET/validation/images/pitted_surface/pitted_surface_253.jpg,1,pitted_surface,pitted_surface,0.8374429941177368
resnet18,/Users/admin/surface-defect-train/results/chips/validation/pitted_surface/pitted_surface_254_bb00.png,/Users/admin/surface-defect-train/NEU-DET/validation/images/pitted_surface/pitted_surface_254.jpg,0,pitted_surface,pitted_surface,0.9996089339256287
resnet18,/Users/admin/surface-defect-train/results/chips/validation/pitted_surface/pitted_surface_255_bb00.png,/Users/admin/surface-defect-train/NEU-DET/validation/images/pitted_surface/pitted_surface_255.jpg,0,pitted_surface,pitted_surface,0.999427855014801
resnet18,/Users/admin/surface-defect-train/results/chips/validation/pitted_surface/pitted_surface_256_bb00.png,/Users/admin/surface-defect-train/NEU-DET/validation/images/pitted_surface/pitted_surface_256.jpg,0,pitted_surface,pitted_surface,0.980914831161499
resnet18,/Users/admin/surface-defect-train/results/chips/validation/pitted_surface/pitted_surface_256_bb01.png,/Users/admin/surface-defect-train/NEU-DET/validation/images/pitted_surface/pitted_surface_256.jpg,1,pitted_surface,pitted_surface,0.9998096823692322
resnet18,/Users/admin/surface-defect-train/results/chips/validation/pitted_surface/pitted_surface_257_bb00.png,/Users/admin/surface-defect-train/NEU-DET/validation/images/pitted_surface/pitted_surface_257.jpg,0,pitted_surface,pitted_surface,0.996482253074646
resnet18,/Users/admin/surface-defect-train/results/chips/validation/pitted_surface/pitted_surface_258_bb00.png,/Users/admin/surface-defect-train/NEU-DET/validation/images/pitted_surface/pitted_surface_258.jpg,0,pitted_surface,pitted_surface,0.999560534954071
resnet18,/Users/admin/surface-defect-train/results/chips/validation/pitted_surface/pitted_surface_259_bb00.png,/Users/admin/surface-defect-train/NEU-DET/validation/images/pitted_surface/pitted_surface_259.jpg,0,pitted_surface,pitted_surface,0.9991361498832703
resnet18,/Users/admin/surface-defect-train/results/chips/validation/pitted_surface/pitted_surface_260_bb00.png,/Users/admin/surface-defect-train/NEU-DET/validation/images/pitted_surface/pitted_surface_260.jpg,0,pitted_surface,pitted_surface,0.9996427297592163
resnet18,/Users/admin/surface-defect-train/results/chips/validation/pitted_surface/pitted_surface_261_bb00.png,/Users/admin/surface-defect-train/NEU-DET/validation/images/pitted_surface/pitted_surface_261.jpg,0,pitted_surface,pitted_surface,0.9996086955070496
resnet18,/Users/admin/surface-defect-train/results/chips/validation/pitted_surface/pitted_surface_262_bb00.png,/Users/admin/surface-defect-train/NEU-DET/validation/images/pitted_surface/pitted_surface_262.jpg,0,pitted_surface,pitted_surface,0.9997759461402893
resnet18,/Users/admin/surface-defect-train/results/chips/validation/pitted_surface/pitted_surface_263_bb00.png,/Users/admin/surface-defect-train/NEU-DET/validation/images/pitted_surface/pitted_surface_263.jpg,0,pitted_surface,pitted_surface,0.9963229894638062
resnet18,/Users/admin/surface-defect-train/results/chips/validation/pitted_surface/pitted_surface_264_bb00.png,/Users/admin/surface-defect-train/NEU-DET/validation/images/pitted_surface/pitted_surface_264.jpg,0,pitted_surface,pitted_surface,0.9970069527626038
resnet18,/Users/admin/surface-defect-train/results/chips/validation/pitted_surface/pitted_surface_265_bb00.png,/Users/admin/surface-defect-train/NEU-DET/validation/images/pitted_surface/pitted_surface_265.jpg,0,pitted_surface,pitted_surface,0.851361095905304
resnet18,/Users/admin/surface-defect-train/results/chips/validation/pitted_surface/pitted_surface_266_bb00.png,/Users/admin/surface-defect-train/NEU-DET/validation/images/pitted_surface/pitted_surface_266.jpg,0,pitted_surface,pitted_surface,0.9985560774803162
resnet18,/Users/admin/surface-defect-train/results/chips/validation/pitted_surface/pitted_surface_266_bb01.png,/Users/admin/surface-defect-train/NEU-DET/validation/images/pitted_surface/pitted_surface_266.jpg,1,pitted_surface,rolled-in_scale,0.9903890490531921
resnet18,/Users/admin/surface-defect-train/results/chips/validation/pitted_surface/pitted_surface_266_bb02.png,/Users/admin/surface-defect-train/NEU-DET/validation/images/pitted_surface/pitted_surface_266.jpg,2,pitted_surface,pitted_surface,0.9879580140113831
resnet18,/Users/admin/surface-defect-train/results/chips/validation/pitted_surface/pitted_surface_267_bb00.png,/Users/admin/surface-defect-train/NEU-DET/validation/images/pitted_surface/pitted_surface_267.jpg,0,pitted_surface,pitted_surface,0.9961665272712708
resnet18,/Users/admin/surface-defect-train/results/chips/validation/pitted_surface/pitted_surface_267_bb01.png,/Users/admin/surface-defect-train/NEU-DET/validation/images/pitted_surface/pitted_surface_267.jpg,1,pitted_surface,pitted_surface,0.9854139089584351
resnet18,/Users/admin/surface-defect-train/results/chips/validation/pitted_surface/pitted_surface_268_bb00.png,/Users/admin/surface-defect-train/NEU-DET/validation/images/pitted_surface/pitted_surface_268.jpg,0,pitted_surface,pitted_surface,0.9995864033699036
resnet18,/Users/admin/surface-defect-train/results/chips/validation/pitted_surface/pitted_surface_268_bb01.png,/Users/admin/surface-defect-train/NEU-DET/validation/images/pitted_surface/pitted_surface_268.jpg,1,pitted_surface,pitted_surface,0.993445634841919
resnet18,/Users/admin/surface-defect-train/results/chips/validation/pitted_surface/pitted_surface_269_bb00.png,/Users/admin/surface-defect-train/NEU-DET/validation/images/pitted_surface/pitted_surface_269.jpg,0,pitted_surface,pitted_surface,0.9997907280921936
resnet18,/Users/admin/surface-defect-train/results/chips/validation/pitted_surface/pitted_surface_269_bb01.png,/Users/admin/surface-defect-train/NEU-DET/validation/images/pitted_surface/pitted_surface_269.jpg,1,pitted_surface,pitted_surface,0.9580715298652649
resnet18,/Users/admin/surface-defect-train/results/chips/validation/pitted_surface/pitted_surface_270_bb00.png,/Users/admin/surface-defect-train/NEU-DET/validation/images/pitted_surface/pitted_surface_270.jpg,0,pitted_surface,pitted_surface,0.9996966123580933
resnet18,/Users/admin/surface-defect-train/results/chips/validation/pitted_surface/pitted_surface_271_bb00.png,/Users/admin/surface-defect-train/NEU-DET/validation/images/pitted_surface/pitted_surface_271.jpg,0,pitted_surface,pitted_surface,0.9996408224105835
resnet18,/Users/admin/surface-defect-train/results/chips/validation/pitted_surface/pitted_surface_271_bb01.png,/Users/admin/surface-defect-train/NEU-DET/validation/images/pitted_surface/pitted_surface_271.jpg,1,pitted_surface,pitted_surface,0.9971596002578735
resnet18,/Users/admin/surface-defect-train/results/chips/validation/pitted_surface/pitted_surface_272_bb00.png,/Users/admin/surface-defect-train/NEU-DET/validation/images/pitted_surface/pitted_surface_272.jpg,0,pitted_surface,pitted_surface,0.999847412109375
resnet18,/Users/admin/surface-defect-train/results/chips/validation/pitted_surface/pitted_surface_272_bb01.png,/Users/admin/surface-defect-train/NEU-DET/validation/images/pitted_surface/pitted_surface_272.jpg,1,pitted_surface,pitted_surface,0.9922918677330017
resnet18,/Users/admin/surface-defect-train/results/chips/validation/pitted_surface/pitted_surface_273_bb00.png,/Users/admin/surface-defect-train/NEU-DET/validation/images/pitted_surface/pitted_surface_273.jpg,0,pitted_surface,pitted_surface,0.9888239502906799
resnet18,/Users/admin/surface-defect-train/results/chips/validation/pitted_surface/pitted_surface_274_bb00.png,/Users/admin/surface-defect-train/NEU-DET/validation/images/pitted_surface/pitted_surface_274.jpg,0,pitted_surface,pitted_surface,0.9985590577125549
resnet18,/Users/admin/surface-defect-train/results/chips/validation/pitted_surface/pitted_surface_275_bb00.png,/Users/admin/surface-defect-train/NEU-DET/validation/images/pitted_surface/pitted_surface_275.jpg,0,pitted_surface,pitted_surface,0.9999270439147949
resnet18,/Users/admin/surface-defect-train/results/chips/validation/pitted_surface/pitted_surface_276_bb00.png,/Users/admin/surface-defect-train/NEU-DET/validation/images/pitted_surface/pitted_surface_276.jpg,0,pitted_surface,pitted_surface,0.9994906187057495
resnet18,/Users/admin/surface-defect-train/results/chips/validation/pitted_surface/pitted_surface_277_bb00.png,/Users/admin/surface-defect-train/NEU-DET/validation/images/pitted_surface/pitted_surface_277.jpg,0,pitted_surface,pitted_surface,0.9988521337509155
resnet18,/Users/admin/surface-defect-train/results/chips/validation/pitted_surface/pitted_surface_278_bb00.png,/Users/admin/surface-defect-train/NEU-DET/validation/images/pitted_surface/pitted_surface_278.jpg,0,pitted_surface,pitted_surface,0.999371349811554
resnet18,/Users/admin/surface-defect-train/results/chips/validation/pitted_surface/pitted_surface_279_bb00.png,/Users/admin/surface-defect-train/NEU-DET/validation/images/pitted_surface/pitted_surface_279.jpg,0,pitted_surface,pitted_surface,0.9999995231628418
resnet18,/Users/admin/surface-defect-train/results/chips/validation/pitted_surface/pitted_surface_280_bb00.png,/Users/admin/surface-defect-train/NEU-DET/validation/images/pitted_surface/pitted_surface_280.jpg,0,pitted_surface,pitted_surface,0.9999990463256836
resnet18,/Users/admin/surface-defect-train/results/chips/validation/pitted_surface/pitted_surface_280_bb01.png,/Users/admin/surface-defect-train/NEU-DET/validation/images/pitted_surface/pitted_surface_280.jpg,1,pitted_surface,pitted_surface,0.9993822574615479
resnet18,/Users/admin/surface-defect-train/results/chips/validation/pitted_surface/pitted_surface_280_bb02.png,/Users/admin/surface-defect-train/NEU-DET/validation/images/pitted_surface/pitted_surface_280.jpg,2,pitted_surface,pitted_surface,0.890383243560791
resnet18,/Users/admin/surface-defect-train/results/chips/validation/pitted_surface/pitted_surface_281_bb00.png,/Users/admin/surface-defect-train/NEU-DET/validation/images/pitted_surface/pitted_surface_281.jpg,0,pitted_surface,pitted_surface,0.952421247959137
resnet18,/Users/admin/surface-defect-train/results/chips/validation/pitted_surface/pitted_surface_282_bb00.png,/Users/admin/surface-defect-train/NEU-DET/validation/images/pitted_surface/pitted_surface_282.jpg,0,pitted_surface,pitted_surface,0.9991087317466736
resnet18,/Users/admin/surface-defect-train/results/chips/validation/pitted_surface/pitted_surface_282_bb01.png,/Users/admin/surface-defect-train/NEU-DET/validation/images/pitted_surface/pitted_surface_282.jpg,1,pitted_surface,pitted_surface,0.9999363422393799
resnet18,/Users/admin/surface-defect-train/results/chips/validation/pitted_surface/pitted_surface_283_bb00.png,/Users/admin/surface-defect-train/NEU-DET/validation/images/pitted_surface/pitted_surface_283.jpg,0,pitted_surface,pitted_surface,0.99899822473526
resnet18,/Users/admin/surface-defect-train/results/chips/validation/pitted_surface/pitted_surface_284_bb00.png,/Users/admin/surface-defect-train/NEU-DET/validation/images/pitted_surface/pitted_surface_284.jpg,0,pitted_surface,pitted_surface,0.9991211295127869
resnet18,/Users/admin/surface-defect-train/results/chips/validation/pitted_surface/pitted_surface_284_bb01.png,/Users/admin/surface-defect-train/NEU-DET/validation/images/pitted_surface/pitted_surface_284.jpg,1,pitted_surface,pitted_surface,0.998849630355835
resnet18,/Users/admin/surface-defect-train/results/chips/validation/pitted_surface/pitted_surface_285_bb00.png,/Users/admin/surface-defect-train/NEU-DET/validation/images/pitted_surface/pitted_surface_285.jpg,0,pitted_surface,pitted_surface,0.999583899974823
resnet18,/Users/admin/surface-defect-train/results/chips/validation/pitted_surface/pitted_surface_286_bb00.png,/Users/admin/surface-defect-train/NEU-DET/validation/images/pitted_surface/pitted_surface_286.jpg,0,pitted_surface,pitted_surface,0.9990320205688477
resnet18,/Users/admin/surface-defect-train/results/chips/validation/pitted_surface/pitted_surface_287_bb00.png,/Users/admin/surface-defect-train/NEU-DET/validation/images/pitted_surface/pitted_surface_287.jpg,0,pitted_surface,pitted_surface,0.9991683959960938
resnet18,/Users/admin/surface-defect-train/results/chips/validation/pitted_surface/pitted_surface_288_bb00.png,/Users/admin/surface-defect-train/NEU-DET/validation/images/pitted_surface/pitted_surface_288.jpg,0,pitted_surface,pitted_surface,0.9984104633331299
resnet18,/Users/admin/surface-defect-train/results/chips/validation/pitted_surface/pitted_surface_289_bb00.png,/Users/admin/surface-defect-train/NEU-DET/validation/images/pitted_surface/pitted_surface_289.jpg,0,pitted_surface,pitted_surface,0.999705970287323
resnet18,/Users/admin/surface-defect-train/results/chips/validation/pitted_surface/pitted_surface_289_bb01.png,/Users/admin/surface-defect-train/NEU-DET/validation/images/pitted_surface/pitted_surface_289.jpg,1,pitted_surface,pitted_surface,0.9998387098312378
resnet18,/Users/admin/surface-defect-train/results/chips/validation/pitted_surface/pitted_surface_290_bb00.png,/Users/admin/surface-defect-train/NEU-DET/validation/images/pitted_surface/pitted_surface_290.jpg,0,pitted_surface,pitted_surface,0.9994059801101685
resnet18,/Users/admin/surface-defect-train/results/chips/validation/pitted_surface/pitted_surface_290_bb01.png,/Users/admin/surface-defect-train/NEU-DET/validation/images/pitted_surface/pitted_surface_290.jpg,1,pitted_surface,pitted_surface,0.9999569654464722
resnet18,/Users/admin/surface-defect-train/results/chips/validation/pitted_surface/pitted_surface_290_bb02.png,/Users/admin/surface-defect-train/NEU-DET/validation/images/pitted_surface/pitted_surface_290.jpg,2,pitted_surface,pitted_surface,0.9543164968490601
resnet18,/Users/admin/surface-defect-train/results/chips/validation/pitted_surface/pitted_surface_291_bb00.png,/Users/admin/surface-defect-train/NEU-DET/validation/images/pitted_surface/pitted_surface_291.jpg,0,pitted_surface,pitted_surface,0.999963641166687
resnet18,/Users/admin/surface-defect-train/results/chips/validation/pitted_surface/pitted_surface_292_bb00.png,/Users/admin/surface-defect-train/NEU-DET/validation/images/pitted_surface/pitted_surface_292.jpg,0,pitted_surface,pitted_surface,0.9999959468841553
resnet18,/Users/admin/surface-defect-train/results/chips/validation/pitted_surface/pitted_surface_292_bb01.png,/Users/admin/surface-defect-train/NEU-DET/validation/images/pitted_surface/pitted_surface_292.jpg,1,pitted_surface,pitted_surface,0.9920687675476074
resnet18,/Users/admin/surface-defect-train/results/chips/validation/pitted_surface/pitted_surface_293_bb00.png,/Users/admin/surface-defect-train/NEU-DET/validation/images/pitted_surface/pitted_surface_293.jpg,0,pitted_surface,pitted_surface,0.9999790191650391
resnet18,/Users/admin/surface-defect-train/results/chips/validation/pitted_surface/pitted_surface_294_bb00.png,/Users/admin/surface-defect-train/NEU-DET/validation/images/pitted_surface/pitted_surface_294.jpg,0,pitted_surface,pitted_surface,0.9999986886978149
resnet18,/Users/admin/surface-defect-train/results/chips/validation/pitted_surface/pitted_surface_294_bb01.png,/Users/admin/surface-defect-train/NEU-DET/validation/images/pitted_surface/pitted_surface_294.jpg,1,pitted_surface,pitted_surface,0.9999986886978149
resnet18,/Users/admin/surface-defect-train/results/chips/validation/pitted_surface/pitted_surface_295_bb00.png,/Users/admin/surface-defect-train/NEU-DET/validation/images/pitted_surface/pitted_surface_295.jpg,0,pitted_surface,pitted_surface,0.9999890327453613
resnet18,/Users/admin/surface-defect-train/results/chips/validation/pitted_surface/pitted_surface_296_bb00.png,/Users/admin/surface-defect-train/NEU-DET/validation/images/pitted_surface/pitted_surface_296.jpg,0,pitted_surface,pitted_surface,0.9987391829490662
resnet18,/Users/admin/surface-defect-train/results/chips/validation/pitted_surface/pitted_surface_296_bb01.png,/Users/admin/surface-defect-train/NEU-DET/validation/images/pitted_surface/pitted_surface_296.jpg,1,pitted_surface,pitted_surface,0.9999991655349731
resnet18,/Users/admin/surface-defect-train/results/chips/validation/pitted_surface/pitted_surface_297_bb00.png,/Users/admin/surface-defect-train/NEU-DET/validation/images/pitted_surface/pitted_surface_297.jpg,0,pitted_surface,pitted_surface,0.999948263168335
resnet18,/Users/admin/surface-defect-train/results/chips/validation/pitted_surface/pitted_surface_298_bb00.png,/Users/admin/surface-defect-train/NEU-DET/validation/images/pitted_surface/pitted_surface_298.jpg,0,pitted_surface,pitted_surface,0.9998088479042053
resnet18,/Users/admin/surface-defect-train/results/chips/validation/pitted_surface/pitted_surface_298_bb01.png,/Users/admin/surface-defect-train/NEU-DET/validation/images/pitted_surface/pitted_surface_298.jpg,1,pitted_surface,pitted_surface,0.9016959071159363
resnet18,/Users/admin/surface-defect-train/results/chips/validation/pitted_surface/pitted_surface_299_bb00.png,/Users/admin/surface-defect-train/NEU-DET/validation/images/pitted_surface/pitted_surface_299.jpg,0,pitted_surface,pitted_surface,0.9999996423721313
resnet18,/Users/admin/surface-defect-train/results/chips/validation/pitted_surface/pitted_surface_299_bb01.png,/Users/admin/surface-defect-train/NEU-DET/validation/images/pitted_surface/pitted_surface_299.jpg,1,pitted_surface,pitted_surface,0.8177921175956726
resnet18,/Users/admin/surface-defect-train/results/chips/validation/pitted_surface/pitted_surface_299_bb02.png,/Users/admin/surface-defect-train/NEU-DET/validation/images/pitted_surface/pitted_surface_299.jpg,2,pitted_surface,pitted_surface,0.9999775886535645
resnet18,/Users/admin/surface-defect-train/results/chips/validation/pitted_surface/pitted_surface_300_bb00.png,/Users/admin/surface-defect-train/NEU-DET/validation/images/pitted_surface/pitted_surface_300.jpg,0,pitted_surface,pitted_surface,0.999985933303833
resnet18,/Users/admin/surface-defect-train/results/chips/validation/pitted_surface/pitted_surface_300_bb01.png,/Users/admin/surface-defect-train/NEU-DET/validation/images/pitted_surface/pitted_surface_300.jpg,1,pitted_surface,pitted_surface,0.9995719790458679
resnet18,/Users/admin/surface-defect-train/results/chips/validation/rolled-in_scale/rolled-in_scale_241_bb00.png,/Users/admin/surface-defect-train/NEU-DET/validation/images/rolled-in_scale/rolled-in_scale_241.jpg,0,rolled-in_scale,rolled-in_scale,0.9852348566055298
resnet18,/Users/admin/surface-defect-train/results/chips/validation/rolled-in_scale/rolled-in_scale_241_bb01.png,/Users/admin/surface-defect-train/NEU-DET/validation/images/rolled-in_scale/rolled-in_scale_241.jpg,1,rolled-in_scale,rolled-in_scale,0.9364733695983887
resnet18,/Users/admin/surface-defect-train/results/chips/validation/rolled-in_scale/rolled-in_scale_242_bb00.png,/Users/admin/surface-defect-train/NEU-DET/validation/images/rolled-in_scale/rolled-in_scale_242.jpg,0,rolled-in_scale,rolled-in_scale,0.9289786219596863
resnet18,/Users/admin/surface-defect-train/results/chips/validation/rolled-in_scale/rolled-in_scale_242_bb01.png,/Users/admin/surface-defect-train/NEU-DET/validation/images/rolled-in_scale/rolled-in_scale_242.jpg,1,rolled-in_scale,rolled-in_scale,0.9125275015830994
resnet18,/Users/admin/surface-defect-train/results/chips/validation/rolled-in_scale/rolled-in_scale_243_bb00.png,/Users/admin/surface-defect-train/NEU-DET/validation/images/rolled-in_scale/rolled-in_scale_243.jpg,0,rolled-in_scale,rolled-in_scale,0.9345295429229736
resnet18,/Users/admin/surface-defect-train/results/chips/validation/rolled-in_scale/rolled-in_scale_244_bb00.png,/Users/admin/surface-defect-train/NEU-DET/validation/images/rolled-in_scale/rolled-in_scale_244.jpg,0,rolled-in_scale,rolled-in_scale,0.9928752183914185
resnet18,/Users/admin/surface-defect-train/results/chips/validation/rolled-in_scale/rolled-in_scale_244_bb01.png,/Users/admin/surface-defect-train/NEU-DET/validation/images/rolled-in_scale/rolled-in_scale_244.jpg,1,rolled-in_scale,rolled-in_scale,0.9800959825515747
resnet18,/Users/admin/surface-defect-train/results/chips/validation/rolled-in_scale/rolled-in_scale_244_bb02.png,/Users/admin/surface-defect-train/NEU-DET/validation/images/rolled-in_scale/rolled-in_scale_244.jpg,2,rolled-in_scale,rolled-in_scale,0.9050070643424988
resnet18,/Users/admin/surface-defect-train/results/chips/validation/rolled-in_scale/rolled-in_scale_245_bb00.png,/Users/admin/surface-defect-train/NEU-DET/validation/images/rolled-in_scale/rolled-in_scale_245.jpg,0,rolled-in_scale,rolled-in_scale,0.9428689479827881
resnet18,/Users/admin/surface-defect-train/results/chips/validation/rolled-in_scale/rolled-in_scale_245_bb01.png,/Users/admin/surface-defect-train/NEU-DET/validation/images/rolled-in_scale/rolled-in_scale_245.jpg,1,rolled-in_scale,rolled-in_scale,0.7349385619163513
resnet18,/Users/admin/surface-defect-train/results/chips/validation/rolled-in_scale/rolled-in_scale_246_bb00.png,/Users/admin/surface-defect-train/NEU-DET/validation/images/rolled-in_scale/rolled-in_scale_246.jpg,0,rolled-in_scale,rolled-in_scale,0.9775162935256958
resnet18,/Users/admin/surface-defect-train/results/chips/validation/rolled-in_scale/rolled-in_scale_246_bb01.png,/Users/admin/surface-defect-train/NEU-DET/validation/images/rolled-in_scale/rolled-in_scale_246.jpg,1,rolled-in_scale,rolled-in_scale,0.5239307880401611
resnet18,/Users/admin/surface-defect-train/results/chips/validation/rolled-in_scale/rolled-in_scale_247_bb00.png,/Users/admin/surface-defect-train/NEU-DET/validation/images/rolled-in_scale/rolled-in_scale_247.jpg,0,rolled-in_scale,rolled-in_scale,0.9916975498199463
resnet18,/Users/admin/surface-defect-train/results/chips/validation/rolled-in_scale/rolled-in_scale_247_bb01.png,/Users/admin/surface-defect-train/NEU-DET/validation/images/rolled-in_scale/rolled-in_scale_247.jpg,1,rolled-in_scale,rolled-in_scale,0.9990878105163574
resnet18,/Users/admin/surface-defect-train/results/chips/validation/rolled-in_scale/rolled-in_scale_247_bb02.png,/Users/admin/surface-defect-train/NEU-DET/validation/images/rolled-in_scale/rolled-in_scale_247.jpg,2,rolled-in_scale,patches,0.8016775250434875
resnet18,/Users/admin/surface-defect-train/results/chips/validation/rolled-in_scale/rolled-in_scale_248_bb00.png,/Users/admin/surface-defect-train/NEU-DET/validation/images/rolled-in_scale/rolled-in_scale_248.jpg,0,rolled-in_scale,rolled-in_scale,0.9920225143432617
resnet18,/Users/admin/surface-defect-train/results/chips/validation/rolled-in_scale/rolled-in_scale_248_bb01.png,/Users/admin/surface-defect-train/NEU-DET/validation/images/rolled-in_scale/rolled-in_scale_248.jpg,1,rolled-in_scale,rolled-in_scale,0.9971848130226135
resnet18,/Users/admin/surface-defect-train/results/chips/validation/rolled-in_scale/rolled-in_scale_249_bb00.png,/Users/admin/surface-defect-train/NEU-DET/validation/images/rolled-in_scale/rolled-in_scale_249.jpg,0,rolled-in_scale,rolled-in_scale,0.8944414854049683
resnet18,/Users/admin/surface-defect-train/results/chips/validation/rolled-in_scale/rolled-in_scale_250_bb00.png,/Users/admin/surface-defect-train/NEU-DET/validation/images/rolled-in_scale/rolled-in_scale_250.jpg,0,rolled-in_scale,rolled-in_scale,0.9740645885467529
resnet18,/Users/admin/surface-defect-train/results/chips/validation/rolled-in_scale/rolled-in_scale_250_bb01.png,/Users/admin/surface-defect-train/NEU-DET/validation/images/rolled-in_scale/rolled-in_scale_250.jpg,1,rolled-in_scale,rolled-in_scale,0.8857452273368835
resnet18,/Users/admin/surface-defect-train/results/chips/validation/rolled-in_scale/rolled-in_scale_250_bb02.png,/Users/admin/surface-defect-train/NEU-DET/validation/images/rolled-in_scale/rolled-in_scale_250.jpg,2,rolled-in_scale,rolled-in_scale,0.7783525586128235
resnet18,/Users/admin/surface-defect-train/results/chips/validation/rolled-in_scale/rolled-in_scale_251_bb00.png,/Users/admin/surface-defect-train/NEU-DET/validation/images/rolled-in_scale/rolled-in_scale_251.jpg,0,rolled-in_scale,rolled-in_scale,0.8995413184165955
resnet18,/Users/admin/surface-defect-train/results/chips/validation/rolled-in_scale/rolled-in_scale_251_bb01.png,/Users/admin/surface-defect-train/NEU-DET/validation/images/rolled-in_scale/rolled-in_scale_251.jpg,1,rolled-in_scale,rolled-in_scale,0.9137224555015564
resnet18,/Users/admin/surface-defect-train/results/chips/validation/rolled-in_scale/rolled-in_scale_252_bb00.png,/Users/admin/surface-defect-train/NEU-DET/validation/images/rolled-in_scale/rolled-in_scale_252.jpg,0,rolled-in_scale,rolled-in_scale,0.6276951432228088
resnet18,/Users/admin/surface-defect-train/results/chips/validation/rolled-in_scale/rolled-in_scale_252_bb01.png,/Users/admin/surface-defect-train/NEU-DET/validation/images/rolled-in_scale/rolled-in_scale_252.jpg,1,rolled-in_scale,rolled-in_scale,0.5197614431381226
resnet18,/Users/admin/surface-defect-train/results/chips/validation/rolled-in_scale/rolled-in_scale_253_bb00.png,/Users/admin/surface-defect-train/NEU-DET/validation/images/rolled-in_scale/rolled-in_scale_253.jpg,0,rolled-in_scale,crazing,0.6295056343078613
resnet18,/Users/admin/surface-defect-train/results/chips/validation/rolled-in_scale/rolled-in_scale_254_bb00.png,/Users/admin/surface-defect-train/NEU-DET/validation/images/rolled-in_scale/rolled-in_scale_254.jpg,0,rolled-in_scale,rolled-in_scale,0.9997236132621765
resnet18,/Users/admin/surface-defect-train/results/chips/validation/rolled-in_scale/rolled-in_scale_255_bb00.png,/Users/admin/surface-defect-train/NEU-DET/validation/images/rolled-in_scale/rolled-in_scale_255.jpg,0,rolled-in_scale,pitted_surface,0.3886222541332245
resnet18,/Users/admin/surface-defect-train/results/chips/validation/rolled-in_scale/rolled-in_scale_255_bb01.png,/Users/admin/surface-defect-train/NEU-DET/validation/images/rolled-in_scale/rolled-in_scale_255.jpg,1,rolled-in_scale,rolled-in_scale,0.99549400806427
resnet18,/Users/admin/surface-defect-train/results/chips/validation/rolled-in_scale/rolled-in_scale_255_bb02.png,/Users/admin/surface-defect-train/NEU-DET/validation/images/rolled-in_scale/rolled-in_scale_255.jpg,2,rolled-in_scale,rolled-in_scale,0.9996505975723267
resnet18,/Users/admin/surface-defect-train/results/chips/validation/rolled-in_scale/rolled-in_scale_255_bb03.png,/Users/admin/surface-defect-train/NEU-DET/validation/images/rolled-in_scale/rolled-in_scale_255.jpg,3,rolled-in_scale,rolled-in_scale,0.9945535659790039
resnet18,/Users/admin/surface-defect-train/results/chips/validation/rolled-in_scale/rolled-in_scale_256_bb00.png,/Users/admin/surface-defect-train/NEU-DET/validation/images/rolled-in_scale/rolled-in_scale_256.jpg,0,rolled-in_scale,rolled-in_scale,0.6287143230438232
resnet18,/Users/admin/surface-defect-train/results/chips/validation/rolled-in_scale/rolled-in_scale_257_bb00.png,/Users/admin/surface-defect-train/NEU-DET/validation/images/rolled-in_scale/rolled-in_scale_257.jpg,0,rolled-in_scale,crazing,0.6701010465621948
resnet18,/Users/admin/surface-defect-train/results/chips/validation/rolled-in_scale/rolled-in_scale_257_bb01.png,/Users/admin/surface-defect-train/NEU-DET/validation/images/rolled-in_scale/rolled-in_scale_257.jpg,1,rolled-in_scale,rolled-in_scale,0.9997029900550842
resnet18,/Users/admin/surface-defect-train/results/chips/validation/rolled-in_scale/rolled-in_scale_257_bb02.png,/Users/admin/surface-defect-train/NEU-DET/validation/images/rolled-in_scale/rolled-in_scale_257.jpg,2,rolled-in_scale,rolled-in_scale,0.9999843835830688
resnet18,/Users/admin/surface-defect-train/results/chips/validation/rolled-in_scale/rolled-in_scale_258_bb00.png,/Users/admin/surface-defect-train/NEU-DET/validation/images/rolled-in_scale/rolled-in_scale_258.jpg,0,rolled-in_scale,rolled-in_scale,0.9297775030136108
resnet18,/Users/admin/surface-defect-train/results/chips/validation/rolled-in_scale/rolled-in_scale_259_bb00.png,/Users/admin/surface-defect-train/NEU-DET/validation/images/rolled-in_scale/rolled-in_scale_259.jpg,0,rolled-in_scale,rolled-in_scale,0.9773131608963013
resnet18,/Users/admin/surface-defect-train/results/chips/validation/rolled-in_scale/rolled-in_scale_259_bb01.png,/Users/admin/surface-defect-train/NEU-DET/validation/images/rolled-in_scale/rolled-in_scale_259.jpg,1,rolled-in_scale,rolled-in_scale,0.9867038726806641
resnet18,/Users/admin/surface-defect-train/results/chips/validation/rolled-in_scale/rolled-in_scale_259_bb02.png,/Users/admin/surface-defect-train/NEU-DET/validation/images/rolled-in_scale/rolled-in_scale_259.jpg,2,rolled-in_scale,rolled-in_scale,0.9649227261543274
resnet18,/Users/admin/surface-defect-train/results/chips/validation/rolled-in_scale/rolled-in_scale_259_bb03.png,/Users/admin/surface-defect-train/NEU-DET/validation/images/rolled-in_scale/rolled-in_scale_259.jpg,3,rolled-in_scale,rolled-in_scale,0.9982330799102783
resnet18,/Users/admin/surface-defect-train/results/chips/validation/rolled-in_scale/rolled-in_scale_260_bb00.png,/Users/admin/surface-defect-train/NEU-DET/validation/images/rolled-in_scale/rolled-in_scale_260.jpg,0,rolled-in_scale,rolled-in_scale,0.9999802112579346
resnet18,/Users/admin/surface-defect-train/results/chips/validation/rolled-in_scale/rolled-in_scale_260_bb01.png,/Users/admin/surface-defect-train/NEU-DET/validation/images/rolled-in_scale/rolled-in_scale_260.jpg,1,rolled-in_scale,rolled-in_scale,0.9998941421508789
resnet18,/Users/admin/surface-defect-train/results/chips/validation/rolled-in_scale/rolled-in_scale_260_bb02.png,/Users/admin/surface-defect-train/NEU-DET/validation/images/rolled-in_scale/rolled-in_scale_260.jpg,2,rolled-in_scale,rolled-in_scale,0.9542698264122009
resnet18,/Users/admin/surface-defect-train/results/chips/validation/rolled-in_scale/rolled-in_scale_261_bb00.png,/Users/admin/surface-defect-train/NEU-DET/validation/images/rolled-in_scale/rolled-in_scale_261.jpg,0,rolled-in_scale,rolled-in_scale,0.9710553288459778
resnet18,/Users/admin/surface-defect-train/results/chips/validation/rolled-in_scale/rolled-in_scale_262_bb00.png,/Users/admin/surface-defect-train/NEU-DET/validation/images/rolled-in_scale/rolled-in_scale_262.jpg,0,rolled-in_scale,rolled-in_scale,0.8685885667800903
resnet18,/Users/admin/surface-defect-train/results/chips/validation/rolled-in_scale/rolled-in_scale_263_bb00.png,/Users/admin/surface-defect-train/NEU-DET/validation/images/rolled-in_scale/rolled-in_scale_263.jpg,0,rolled-in_scale,rolled-in_scale,0.9750732779502869
resnet18,/Users/admin/surface-defect-train/results/chips/validation/rolled-in_scale/rolled-in_scale_263_bb01.png,/Users/admin/surface-defect-train/NEU-DET/validation/images/rolled-in_scale/rolled-in_scale_263.jpg,1,rolled-in_scale,rolled-in_scale,0.8454675078392029
resnet18,/Users/admin/surface-defect-train/results/chips/validation/rolled-in_scale/rolled-in_scale_264_bb00.png,/Users/admin/surface-defect-train/NEU-DET/validation/images/rolled-in_scale/rolled-in_scale_264.jpg,0,rolled-in_scale,rolled-in_scale,0.796070396900177
resnet18,/Users/admin/surface-defect-train/results/chips/validation/rolled-in_scale/rolled-in_scale_264_bb01.png,/Users/admin/surface-defect-train/NEU-DET/validation/images/rolled-in_scale/rolled-in_scale_264.jpg,1,rolled-in_scale,rolled-in_scale,0.7589566707611084
resnet18,/Users/admin/surface-defect-train/results/chips/validation/rolled-in_scale/rolled-in_scale_264_bb02.png,/Users/admin/surface-defect-train/NEU-DET/validation/images/rolled-in_scale/rolled-in_scale_264.jpg,2,rolled-in_scale,rolled-in_scale,0.9847783446311951
resnet18,/Users/admin/surface-defect-train/results/chips/validation/rolled-in_scale/rolled-in_scale_265_bb00.png,/Users/admin/surface-defect-train/NEU-DET/validation/images/rolled-in_scale/rolled-in_scale_265.jpg,0,rolled-in_scale,rolled-in_scale,0.9680559039115906
resnet18,/Users/admin/surface-defect-train/results/chips/validation/rolled-in_scale/rolled-in_scale_265_bb01.png,/Users/admin/surface-defect-train/NEU-DET/validation/images/rolled-in_scale/rolled-in_scale_265.jpg,1,rolled-in_scale,rolled-in_scale,0.9999315738677979
resnet18,/Users/admin/surface-defect-train/results/chips/validation/rolled-in_scale/rolled-in_scale_266_bb00.png,/Users/admin/surface-defect-train/NEU-DET/validation/images/rolled-in_scale/rolled-in_scale_266.jpg,0,rolled-in_scale,rolled-in_scale,0.984723687171936
resnet18,/Users/admin/surface-defect-train/results/chips/validation/rolled-in_scale/rolled-in_scale_266_bb01.png,/Users/admin/surface-defect-train/NEU-DET/validation/images/rolled-in_scale/rolled-in_scale_266.jpg,1,rolled-in_scale,rolled-in_scale,0.9989738464355469
resnet18,/Users/admin/surface-defect-train/results/chips/validation/rolled-in_scale/rolled-in_scale_267_bb00.png,/Users/admin/surface-defect-train/NEU-DET/validation/images/rolled-in_scale/rolled-in_scale_267.jpg,0,rolled-in_scale,rolled-in_scale,0.9810901284217834
resnet18,/Users/admin/surface-defect-train/results/chips/validation/rolled-in_scale/rolled-in_scale_267_bb01.png,/Users/admin/surface-defect-train/NEU-DET/validation/images/rolled-in_scale/rolled-in_scale_267.jpg,1,rolled-in_scale,rolled-in_scale,0.8856871724128723
resnet18,/Users/admin/surface-defect-train/results/chips/validation/rolled-in_scale/rolled-in_scale_267_bb02.png,/Users/admin/surface-defect-train/NEU-DET/validation/images/rolled-in_scale/rolled-in_scale_267.jpg,2,rolled-in_scale,rolled-in_scale,0.9858232736587524
resnet18,/Users/admin/surface-defect-train/results/chips/validation/rolled-in_scale/rolled-in_scale_268_bb00.png,/Users/admin/surface-defect-train/NEU-DET/validation/images/rolled-in_scale/rolled-in_scale_268.jpg,0,rolled-in_scale,rolled-in_scale,0.7147104740142822
resnet18,/Users/admin/surface-defect-train/results/chips/validation/rolled-in_scale/rolled-in_scale_268_bb01.png,/Users/admin/surface-defect-train/NEU-DET/validation/images/rolled-in_scale/rolled-in_scale_268.jpg,1,rolled-in_scale,rolled-in_scale,0.7218366861343384
resnet18,/Users/admin/surface-defect-train/results/chips/validation/rolled-in_scale/rolled-in_scale_269_bb00.png,/Users/admin/surface-defect-train/NEU-DET/validation/images/rolled-in_scale/rolled-in_scale_269.jpg,0,rolled-in_scale,rolled-in_scale,0.9990637898445129
resnet18,/Users/admin/surface-defect-train/results/chips/validation/rolled-in_scale/rolled-in_scale_270_bb00.png,/Users/admin/surface-defect-train/NEU-DET/validation/images/rolled-in_scale/rolled-in_scale_270.jpg,0,rolled-in_scale,rolled-in_scale,0.999882698059082
resnet18,/Users/admin/surface-defect-train/results/chips/validation/rolled-in_scale/rolled-in_scale_270_bb01.png,/Users/admin/surface-defect-train/NEU-DET/validation/images/rolled-in_scale/rolled-in_scale_270.jpg,1,rolled-in_scale,rolled-in_scale,0.9998897314071655
resnet18,/Users/admin/surface-defect-train/results/chips/validation/rolled-in_scale/rolled-in_scale_270_bb02.png,/Users/admin/surface-defect-train/NEU-DET/validation/images/rolled-in_scale/rolled-in_scale_270.jpg,2,rolled-in_scale,rolled-in_scale,0.999288022518158
resnet18,/Users/admin/surface-defect-train/results/chips/validation/rolled-in_scale/rolled-in_scale_271_bb00.png,/Users/admin/surface-defect-train/NEU-DET/validation/images/rolled-in_scale/rolled-in_scale_271.jpg,0,rolled-in_scale,rolled-in_scale,0.9470928907394409
resnet18,/Users/admin/surface-defect-train/results/chips/validation/rolled-in_scale/rolled-in_scale_271_bb01.png,/Users/admin/surface-defect-train/NEU-DET/validation/images/rolled-in_scale/rolled-in_scale_271.jpg,1,rolled-in_scale,rolled-in_scale,0.9611302018165588
resnet18,/Users/admin/surface-defect-train/results/chips/validation/rolled-in_scale/rolled-in_scale_272_bb00.png,/Users/admin/surface-defect-train/NEU-DET/validation/images/rolled-in_scale/rolled-in_scale_272.jpg,0,rolled-in_scale,rolled-in_scale,0.9996503591537476
resnet18,/Users/admin/surface-defect-train/results/chips/validation/rolled-in_scale/rolled-in_scale_272_bb01.png,/Users/admin/surface-defect-train/NEU-DET/validation/images/rolled-in_scale/rolled-in_scale_272.jpg,1,rolled-in_scale,rolled-in_scale,0.9999619722366333
resnet18,/Users/admin/surface-defect-train/results/chips/validation/rolled-in_scale/rolled-in_scale_273_bb00.png,/Users/admin/surface-defect-train/NEU-DET/validation/images/rolled-in_scale/rolled-in_scale_273.jpg,0,rolled-in_scale,rolled-in_scale,0.9938092827796936
resnet18,/Users/admin/surface-defect-train/results/chips/validation/rolled-in_scale/rolled-in_scale_273_bb01.png,/Users/admin/surface-defect-train/NEU-DET/validation/images/rolled-in_scale/rolled-in_scale_273.jpg,1,rolled-in_scale,rolled-in_scale,0.9993758797645569
resnet18,/Users/admin/surface-defect-train/results/chips/validation/rolled-in_scale/rolled-in_scale_274_bb00.png,/Users/admin/surface-defect-train/NEU-DET/validation/images/rolled-in_scale/rolled-in_scale_274.jpg,0,rolled-in_scale,rolled-in_scale,0.9999179840087891
resnet18,/Users/admin/surface-defect-train/results/chips/validation/rolled-in_scale/rolled-in_scale_274_bb01.png,/Users/admin/surface-defect-train/NEU-DET/validation/images/rolled-in_scale/rolled-in_scale_274.jpg,1,rolled-in_scale,rolled-in_scale,0.880702555179596
resnet18,/Users/admin/surface-defect-train/results/chips/validation/rolled-in_scale/rolled-in_scale_274_bb02.png,/Users/admin/surface-defect-train/NEU-DET/validation/images/rolled-in_scale/rolled-in_scale_274.jpg,2,rolled-in_scale,rolled-in_scale,0.9983924031257629
resnet18,/Users/admin/surface-defect-train/results/chips/validation/rolled-in_scale/rolled-in_scale_274_bb03.png,/Users/admin/surface-defect-train/NEU-DET/validation/images/rolled-in_scale/rolled-in_scale_274.jpg,3,rolled-in_scale,rolled-in_scale,0.9974028468132019
resnet18,/Users/admin/surface-defect-train/results/chips/validation/rolled-in_scale/rolled-in_scale_275_bb00.png,/Users/admin/surface-defect-train/NEU-DET/validation/images/rolled-in_scale/rolled-in_scale_275.jpg,0,rolled-in_scale,rolled-in_scale,0.9996840953826904
resnet18,/Users/admin/surface-defect-train/results/chips/validation/rolled-in_scale/rolled-in_scale_275_bb01.png,/Users/admin/surface-defect-train/NEU-DET/validation/images/rolled-in_scale/rolled-in_scale_275.jpg,1,rolled-in_scale,rolled-in_scale,0.999663233757019
resnet18,/Users/admin/surface-defect-train/results/chips/validation/rolled-in_scale/rolled-in_scale_275_bb02.png,/Users/admin/surface-defect-train/NEU-DET/validation/images/rolled-in_scale/rolled-in_scale_275.jpg,2,rolled-in_scale,rolled-in_scale,0.9998987913131714
resnet18,/Users/admin/surface-defect-train/results/chips/validation/rolled-in_scale/rolled-in_scale_276_bb00.png,/Users/admin/surface-defect-train/NEU-DET/validation/images/rolled-in_scale/rolled-in_scale_276.jpg,0,rolled-in_scale,rolled-in_scale,0.9942396879196167
resnet18,/Users/admin/surface-defect-train/results/chips/validation/rolled-in_scale/rolled-in_scale_276_bb01.png,/Users/admin/surface-defect-train/NEU-DET/validation/images/rolled-in_scale/rolled-in_scale_276.jpg,1,rolled-in_scale,rolled-in_scale,0.9911413192749023
resnet18,/Users/admin/surface-defect-train/results/chips/validation/rolled-in_scale/rolled-in_scale_277_bb00.png,/Users/admin/surface-defect-train/NEU-DET/validation/images/rolled-in_scale/rolled-in_scale_277.jpg,0,rolled-in_scale,rolled-in_scale,0.9999094009399414
resnet18,/Users/admin/surface-defect-train/results/chips/validation/rolled-in_scale/rolled-in_scale_277_bb01.png,/Users/admin/surface-defect-train/NEU-DET/validation/images/rolled-in_scale/rolled-in_scale_277.jpg,1,rolled-in_scale,rolled-in_scale,0.9999921321868896
resnet18,/Users/admin/surface-defect-train/results/chips/validation/rolled-in_scale/rolled-in_scale_277_bb02.png,/Users/admin/surface-defect-train/NEU-DET/validation/images/rolled-in_scale/rolled-in_scale_277.jpg,2,rolled-in_scale,rolled-in_scale,0.9997130036354065
resnet18,/Users/admin/surface-defect-train/results/chips/validation/rolled-in_scale/rolled-in_scale_278_bb00.png,/Users/admin/surface-defect-train/NEU-DET/validation/images/rolled-in_scale/rolled-in_scale_278.jpg,0,rolled-in_scale,rolled-in_scale,0.9981518387794495
resnet18,/Users/admin/surface-defect-train/results/chips/validation/rolled-in_scale/rolled-in_scale_278_bb01.png,/Users/admin/surface-defect-train/NEU-DET/validation/images/rolled-in_scale/rolled-in_scale_278.jpg,1,rolled-in_scale,rolled-in_scale,0.9997934699058533
resnet18,/Users/admin/surface-defect-train/results/chips/validation/rolled-in_scale/rolled-in_scale_278_bb02.png,/Users/admin/surface-defect-train/NEU-DET/validation/images/rolled-in_scale/rolled-in_scale_278.jpg,2,rolled-in_scale,rolled-in_scale,0.9935522079467773
resnet18,/Users/admin/surface-defect-train/results/chips/validation/rolled-in_scale/rolled-in_scale_279_bb00.png,/Users/admin/surface-defect-train/NEU-DET/validation/images/rolled-in_scale/rolled-in_scale_279.jpg,0,rolled-in_scale,rolled-in_scale,0.999476969242096
resnet18,/Users/admin/surface-defect-train/results/chips/validation/rolled-in_scale/rolled-in_scale_279_bb01.png,/Users/admin/surface-defect-train/NEU-DET/validation/images/rolled-in_scale/rolled-in_scale_279.jpg,1,rolled-in_scale,rolled-in_scale,0.9510802626609802
resnet18,/Users/admin/surface-defect-train/results/chips/validation/rolled-in_scale/rolled-in_scale_279_bb02.png,/Users/admin/surface-defect-train/NEU-DET/validation/images/rolled-in_scale/rolled-in_scale_279.jpg,2,rolled-in_scale,rolled-in_scale,0.9914514422416687
resnet18,/Users/admin/surface-defect-train/results/chips/validation/rolled-in_scale/rolled-in_scale_280_bb00.png,/Users/admin/surface-defect-train/NEU-DET/validation/images/rolled-in_scale/rolled-in_scale_280.jpg,0,rolled-in_scale,rolled-in_scale,0.9993337988853455
resnet18,/Users/admin/surface-defect-train/results/chips/validation/rolled-in_scale/rolled-in_scale_280_bb01.png,/Users/admin/surface-defect-train/NEU-DET/validation/images/rolled-in_scale/rolled-in_scale_280.jpg,1,rolled-in_scale,rolled-in_scale,0.9997202754020691
resnet18,/Users/admin/surface-defect-train/results/chips/validation/rolled-in_scale/rolled-in_scale_281_bb00.png,/Users/admin/surface-defect-train/NEU-DET/validation/images/rolled-in_scale/rolled-in_scale_281.jpg,0,rolled-in_scale,rolled-in_scale,0.9999560117721558
resnet18,/Users/admin/surface-defect-train/results/chips/validation/rolled-in_scale/rolled-in_scale_281_bb01.png,/Users/admin/surface-defect-train/NEU-DET/validation/images/rolled-in_scale/rolled-in_scale_281.jpg,1,rolled-in_scale,rolled-in_scale,0.9998520612716675
resnet18,/Users/admin/surface-defect-train/results/chips/validation/rolled-in_scale/rolled-in_scale_281_bb02.png,/Users/admin/surface-defect-train/NEU-DET/validation/images/rolled-in_scale/rolled-in_scale_281.jpg,2,rolled-in_scale,rolled-in_scale,0.7797863483428955
resnet18,/Users/admin/surface-defect-train/results/chips/validation/rolled-in_scale/rolled-in_scale_282_bb00.png,/Users/admin/surface-defect-train/NEU-DET/validation/images/rolled-in_scale/rolled-in_scale_282.jpg,0,rolled-in_scale,rolled-in_scale,0.9996706247329712
resnet18,/Users/admin/surface-defect-train/results/chips/validation/rolled-in_scale/rolled-in_scale_282_bb01.png,/Users/admin/surface-defect-train/NEU-DET/validation/images/rolled-in_scale/rolled-in_scale_282.jpg,1,rolled-in_scale,rolled-in_scale,0.9980648159980774
resnet18,/Users/admin/surface-defect-train/results/chips/validation/rolled-in_scale/rolled-in_scale_283_bb00.png,/Users/admin/surface-defect-train/NEU-DET/validation/images/rolled-in_scale/rolled-in_scale_283.jpg,0,rolled-in_scale,rolled-in_scale,0.9990195035934448
resnet18,/Users/admin/surface-defect-train/results/chips/validation/rolled-in_scale/rolled-in_scale_283_bb01.png,/Users/admin/surface-defect-train/NEU-DET/validation/images/rolled-in_scale/rolled-in_scale_283.jpg,1,rolled-in_scale,rolled-in_scale,0.944033682346344
resnet18,/Users/admin/surface-defect-train/results/chips/validation/rolled-in_scale/rolled-in_scale_283_bb02.png,/Users/admin/surface-defect-train/NEU-DET/validation/images/rolled-in_scale/rolled-in_scale_283.jpg,2,rolled-in_scale,rolled-in_scale,0.9990804195404053
resnet18,/Users/admin/surface-defect-train/results/chips/validation/rolled-in_scale/rolled-in_scale_284_bb00.png,/Users/admin/surface-defect-train/NEU-DET/validation/images/rolled-in_scale/rolled-in_scale_284.jpg,0,rolled-in_scale,rolled-in_scale,0.9984059929847717
resnet18,/Users/admin/surface-defect-train/results/chips/validation/rolled-in_scale/rolled-in_scale_285_bb00.png,/Users/admin/surface-defect-train/NEU-DET/validation/images/rolled-in_scale/rolled-in_scale_285.jpg,0,rolled-in_scale,crazing,0.934585452079773
resnet18,/Users/admin/surface-defect-train/results/chips/validation/rolled-in_scale/rolled-in_scale_285_bb01.png,/Users/admin/surface-defect-train/NEU-DET/validation/images/rolled-in_scale/rolled-in_scale_285.jpg,1,rolled-in_scale,rolled-in_scale,0.9943748712539673
resnet18,/Users/admin/surface-defect-train/results/chips/validation/rolled-in_scale/rolled-in_scale_286_bb00.png,/Users/admin/surface-defect-train/NEU-DET/validation/images/rolled-in_scale/rolled-in_scale_286.jpg,0,rolled-in_scale,rolled-in_scale,0.9970399737358093
resnet18,/Users/admin/surface-defect-train/results/chips/validation/rolled-in_scale/rolled-in_scale_286_bb01.png,/Users/admin/surface-defect-train/NEU-DET/validation/images/rolled-in_scale/rolled-in_scale_286.jpg,1,rolled-in_scale,rolled-in_scale,0.9994563460350037
resnet18,/Users/admin/surface-defect-train/results/chips/validation/rolled-in_scale/rolled-in_scale_287_bb00.png,/Users/admin/surface-defect-train/NEU-DET/validation/images/rolled-in_scale/rolled-in_scale_287.jpg,0,rolled-in_scale,rolled-in_scale,0.9998929500579834
resnet18,/Users/admin/surface-defect-train/results/chips/validation/rolled-in_scale/rolled-in_scale_287_bb01.png,/Users/admin/surface-defect-train/NEU-DET/validation/images/rolled-in_scale/rolled-in_scale_287.jpg,1,rolled-in_scale,rolled-in_scale,0.9993138313293457
resnet18,/Users/admin/surface-defect-train/results/chips/validation/rolled-in_scale/rolled-in_scale_288_bb00.png,/Users/admin/surface-defect-train/NEU-DET/validation/images/rolled-in_scale/rolled-in_scale_288.jpg,0,rolled-in_scale,rolled-in_scale,0.9542092680931091
resnet18,/Users/admin/surface-defect-train/results/chips/validation/rolled-in_scale/rolled-in_scale_288_bb01.png,/Users/admin/surface-defect-train/NEU-DET/validation/images/rolled-in_scale/rolled-in_scale_288.jpg,1,rolled-in_scale,rolled-in_scale,0.9998626708984375
resnet18,/Users/admin/surface-defect-train/results/chips/validation/rolled-in_scale/rolled-in_scale_289_bb00.png,/Users/admin/surface-defect-train/NEU-DET/validation/images/rolled-in_scale/rolled-in_scale_289.jpg,0,rolled-in_scale,rolled-in_scale,0.9973481893539429
resnet18,/Users/admin/surface-defect-train/results/chips/validation/rolled-in_scale/rolled-in_scale_289_bb01.png,/Users/admin/surface-defect-train/NEU-DET/validation/images/rolled-in_scale/rolled-in_scale_289.jpg,1,rolled-in_scale,rolled-in_scale,0.9985209107398987
resnet18,/Users/admin/surface-defect-train/results/chips/validation/rolled-in_scale/rolled-in_scale_290_bb00.png,/Users/admin/surface-defect-train/NEU-DET/validation/images/rolled-in_scale/rolled-in_scale_290.jpg,0,rolled-in_scale,rolled-in_scale,0.9998304843902588
resnet18,/Users/admin/surface-defect-train/results/chips/validation/rolled-in_scale/rolled-in_scale_290_bb01.png,/Users/admin/surface-defect-train/NEU-DET/validation/images/rolled-in_scale/rolled-in_scale_290.jpg,1,rolled-in_scale,rolled-in_scale,0.9998915195465088
resnet18,/Users/admin/surface-defect-train/results/chips/validation/rolled-in_scale/rolled-in_scale_291_bb00.png,/Users/admin/surface-defect-train/NEU-DET/validation/images/rolled-in_scale/rolled-in_scale_291.jpg,0,rolled-in_scale,rolled-in_scale,0.999846339225769
resnet18,/Users/admin/surface-defect-train/results/chips/validation/rolled-in_scale/rolled-in_scale_291_bb01.png,/Users/admin/surface-defect-train/NEU-DET/validation/images/rolled-in_scale/rolled-in_scale_291.jpg,1,rolled-in_scale,rolled-in_scale,0.8146119713783264
resnet18,/Users/admin/surface-defect-train/results/chips/validation/rolled-in_scale/rolled-in_scale_291_bb02.png,/Users/admin/surface-defect-train/NEU-DET/validation/images/rolled-in_scale/rolled-in_scale_291.jpg,2,rolled-in_scale,rolled-in_scale,0.9509577751159668
resnet18,/Users/admin/surface-defect-train/results/chips/validation/rolled-in_scale/rolled-in_scale_292_bb00.png,/Users/admin/surface-defect-train/NEU-DET/validation/images/rolled-in_scale/rolled-in_scale_292.jpg,0,rolled-in_scale,crazing,0.6908643245697021
resnet18,/Users/admin/surface-defect-train/results/chips/validation/rolled-in_scale/rolled-in_scale_292_bb01.png,/Users/admin/surface-defect-train/NEU-DET/validation/images/rolled-in_scale/rolled-in_scale_292.jpg,1,rolled-in_scale,rolled-in_scale,0.999193012714386
resnet18,/Users/admin/surface-defect-train/results/chips/validation/rolled-in_scale/rolled-in_scale_292_bb02.png,/Users/admin/surface-defect-train/NEU-DET/validation/images/rolled-in_scale/rolled-in_scale_292.jpg,2,rolled-in_scale,rolled-in_scale,0.9998974800109863
resnet18,/Users/admin/surface-defect-train/results/chips/validation/rolled-in_scale/rolled-in_scale_292_bb03.png,/Users/admin/surface-defect-train/NEU-DET/validation/images/rolled-in_scale/rolled-in_scale_292.jpg,3,rolled-in_scale,rolled-in_scale,0.8817819952964783
resnet18,/Users/admin/surface-defect-train/results/chips/validation/rolled-in_scale/rolled-in_scale_293_bb00.png,/Users/admin/surface-defect-train/NEU-DET/validation/images/rolled-in_scale/rolled-in_scale_293.jpg,0,rolled-in_scale,rolled-in_scale,0.9633504152297974
resnet18,/Users/admin/surface-defect-train/results/chips/validation/rolled-in_scale/rolled-in_scale_293_bb01.png,/Users/admin/surface-defect-train/NEU-DET/validation/images/rolled-in_scale/rolled-in_scale_293.jpg,1,rolled-in_scale,crazing,0.5351316928863525
resnet18,/Users/admin/surface-defect-train/results/chips/validation/rolled-in_scale/rolled-in_scale_294_bb00.png,/Users/admin/surface-defect-train/NEU-DET/validation/images/rolled-in_scale/rolled-in_scale_294.jpg,0,rolled-in_scale,rolled-in_scale,0.991617739200592
resnet18,/Users/admin/surface-defect-train/results/chips/validation/rolled-in_scale/rolled-in_scale_294_bb01.png,/Users/admin/surface-defect-train/NEU-DET/validation/images/rolled-in_scale/rolled-in_scale_294.jpg,1,rolled-in_scale,rolled-in_scale,0.9977949857711792
resnet18,/Users/admin/surface-defect-train/results/chips/validation/rolled-in_scale/rolled-in_scale_295_bb00.png,/Users/admin/surface-defect-train/NEU-DET/validation/images/rolled-in_scale/rolled-in_scale_295.jpg,0,rolled-in_scale,rolled-in_scale,0.9993185997009277
resnet18,/Users/admin/surface-defect-train/results/chips/validation/rolled-in_scale/rolled-in_scale_295_bb01.png,/Users/admin/surface-defect-train/NEU-DET/validation/images/rolled-in_scale/rolled-in_scale_295.jpg,1,rolled-in_scale,rolled-in_scale,0.9979488253593445
resnet18,/Users/admin/surface-defect-train/results/chips/validation/rolled-in_scale/rolled-in_scale_295_bb02.png,/Users/admin/surface-defect-train/NEU-DET/validation/images/rolled-in_scale/rolled-in_scale_295.jpg,2,rolled-in_scale,rolled-in_scale,0.9997910857200623
resnet18,/Users/admin/surface-defect-train/results/chips/validation/rolled-in_scale/rolled-in_scale_296_bb00.png,/Users/admin/surface-defect-train/NEU-DET/validation/images/rolled-in_scale/rolled-in_scale_296.jpg,0,rolled-in_scale,rolled-in_scale,0.931122899055481
resnet18,/Users/admin/surface-defect-train/results/chips/validation/rolled-in_scale/rolled-in_scale_297_bb00.png,/Users/admin/surface-defect-train/NEU-DET/validation/images/rolled-in_scale/rolled-in_scale_297.jpg,0,rolled-in_scale,rolled-in_scale,0.9367516040802002
resnet18,/Users/admin/surface-defect-train/results/chips/validation/rolled-in_scale/rolled-in_scale_297_bb01.png,/Users/admin/surface-defect-train/NEU-DET/validation/images/rolled-in_scale/rolled-in_scale_297.jpg,1,rolled-in_scale,rolled-in_scale,0.999160885810852
resnet18,/Users/admin/surface-defect-train/results/chips/validation/rolled-in_scale/rolled-in_scale_298_bb00.png,/Users/admin/surface-defect-train/NEU-DET/validation/images/rolled-in_scale/rolled-in_scale_298.jpg,0,rolled-in_scale,rolled-in_scale,0.9996552467346191
resnet18,/Users/admin/surface-defect-train/results/chips/validation/rolled-in_scale/rolled-in_scale_299_bb00.png,/Users/admin/surface-defect-train/NEU-DET/validation/images/rolled-in_scale/rolled-in_scale_299.jpg,0,rolled-in_scale,rolled-in_scale,0.9993599057197571
resnet18,/Users/admin/surface-defect-train/results/chips/validation/rolled-in_scale/rolled-in_scale_299_bb01.png,/Users/admin/surface-defect-train/NEU-DET/validation/images/rolled-in_scale/rolled-in_scale_299.jpg,1,rolled-in_scale,rolled-in_scale,0.9546226263046265
resnet18,/Users/admin/surface-defect-train/results/chips/validation/rolled-in_scale/rolled-in_scale_300_bb00.png,/Users/admin/surface-defect-train/NEU-DET/validation/images/rolled-in_scale/rolled-in_scale_300.jpg,0,rolled-in_scale,rolled-in_scale,0.9696272611618042
resnet18,/Users/admin/surface-defect-train/results/chips/validation/rolled-in_scale/rolled-in_scale_300_bb01.png,/Users/admin/surface-defect-train/NEU-DET/validation/images/rolled-in_scale/rolled-in_scale_300.jpg,1,rolled-in_scale,rolled-in_scale,0.9972192049026489
resnet18,/Users/admin/surface-defect-train/results/chips/validation/scratches/scratches_241_bb00.png,/Users/admin/surface-defect-train/NEU-DET/validation/images/scratches/scratches_241.jpg,0,scratches,scratches,0.9999849796295166
resnet18,/Users/admin/surface-defect-train/results/chips/validation/scratches/scratches_241_bb01.png,/Users/admin/surface-defect-train/NEU-DET/validation/images/scratches/scratches_241.jpg,1,scratches,scratches,0.9996716976165771
resnet18,/Users/admin/surface-defect-train/results/chips/validation/scratches/scratches_242_bb00.png,/Users/admin/surface-defect-train/NEU-DET/validation/images/scratches/scratches_242.jpg,0,scratches,scratches,0.9999980926513672
resnet18,/Users/admin/surface-defect-train/results/chips/validation/scratches/scratches_242_bb01.png,/Users/admin/surface-defect-train/NEU-DET/validation/images/scratches/scratches_242.jpg,1,scratches,scratches,0.9971175193786621
resnet18,/Users/admin/surface-defect-train/results/chips/validation/scratches/scratches_243_bb00.png,/Users/admin/surface-defect-train/NEU-DET/validation/images/scratches/scratches_243.jpg,0,scratches,scratches,0.9998219609260559
resnet18,/Users/admin/surface-defect-train/results/chips/validation/scratches/scratches_243_bb01.png,/Users/admin/surface-defect-train/NEU-DET/validation/images/scratches/scratches_243.jpg,1,scratches,scratches,0.9950222969055176
resnet18,/Users/admin/surface-defect-train/results/chips/validation/scratches/scratches_243_bb02.png,/Users/admin/surface-defect-train/NEU-DET/validation/images/scratches/scratches_243.jpg,2,scratches,scratches,0.9816168546676636
resnet18,/Users/admin/surface-defect-train/results/chips/validation/scratches/scratches_243_bb03.png,/Users/admin/surface-defect-train/NEU-DET/validation/images/scratches/scratches_243.jpg,3,scratches,scratches,0.9815199971199036
resnet18,/Users/admin/surface-defect-train/results/chips/validation/scratches/scratches_244_bb00.png,/Users/admin/surface-defect-train/NEU-DET/validation/images/scratches/scratches_244.jpg,0,scratches,scratches,0.9998728036880493
resnet18,/Users/admin/surface-defect-train/results/chips/validation/scratches/scratches_244_bb01.png,/Users/admin/surface-defect-train/NEU-DET/validation/images/scratches/scratches_244.jpg,1,scratches,scratches,0.9866517782211304
resnet18,/Users/admin/surface-defect-train/results/chips/validation/scratches/scratches_244_bb02.png,/Users/admin/surface-defect-train/NEU-DET/validation/images/scratches/scratches_244.jpg,2,scratches,scratches,0.9862297773361206
resnet18,/Users/admin/surface-defect-train/results/chips/validation/scratches/scratches_245_bb00.png,/Users/admin/surface-defect-train/NEU-DET/validation/images/scratches/scratches_245.jpg,0,scratches,scratches,0.9479414820671082
resnet18,/Users/admin/surface-defect-train/results/chips/validation/scratches/scratches_245_bb01.png,/Users/admin/surface-defect-train/NEU-DET/validation/images/scratches/scratches_245.jpg,1,scratches,scratches,0.9999535083770752
resnet18,/Users/admin/surface-defect-train/results/chips/validation/scratches/scratches_246_bb00.png,/Users/admin/surface-defect-train/NEU-DET/validation/images/scratches/scratches_246.jpg,0,scratches,scratches,0.9997912049293518
resnet18,/Users/admin/surface-defect-train/results/chips/validation/scratches/scratches_247_bb00.png,/Users/admin/surface-defect-train/NEU-DET/validation/images/scratches/scratches_247.jpg,0,scratches,scratches,0.9634597301483154
resnet18,/Users/admin/surface-defect-train/results/chips/validation/scratches/scratches_247_bb01.png,/Users/admin/surface-defect-train/NEU-DET/validation/images/scratches/scratches_247.jpg,1,scratches,scratches,0.994632363319397
resnet18,/Users/admin/surface-defect-train/results/chips/validation/scratches/scratches_248_bb00.png,/Users/admin/surface-defect-train/NEU-DET/validation/images/scratches/scratches_248.jpg,0,scratches,scratches,0.9999657869338989
resnet18,/Users/admin/surface-defect-train/results/chips/validation/scratches/scratches_248_bb01.png,/Users/admin/surface-defect-train/NEU-DET/validation/images/scratches/scratches_248.jpg,1,scratches,scratches,0.9979007244110107
resnet18,/Users/admin/surface-defect-train/results/chips/validation/scratches/scratches_249_bb00.png,/Users/admin/surface-defect-train/NEU-DET/validation/images/scratches/scratches_249.jpg,0,scratches,scratches,0.9999501705169678
resnet18,/Users/admin/surface-defect-train/results/chips/validation/scratches/scratches_250_bb00.png,/Users/admin/surface-defect-train/NEU-DET/validation/images/scratches/scratches_250.jpg,0,scratches,scratches,0.9999669790267944
resnet18,/Users/admin/surface-defect-train/results/chips/validation/scratches/scratches_250_bb01.png,/Users/admin/surface-defect-train/NEU-DET/validation/images/scratches/scratches_250.jpg,1,scratches,scratches,0.7981945276260376
resnet18,/Users/admin/surface-defect-train/results/chips/validation/scratches/scratches_251_bb00.png,/Users/admin/surface-defect-train/NEU-DET/validation/images/scratches/scratches_251.jpg,0,scratches,scratches,0.9990965127944946
resnet18,/Users/admin/surface-defect-train/results/chips/validation/scratches/scratches_251_bb01.png,/Users/admin/surface-defect-train/NEU-DET/validation/images/scratches/scratches_251.jpg,1,scratches,scratches,0.6215018630027771
resnet18,/Users/admin/surface-defect-train/results/chips/validation/scratches/scratches_252_bb00.png,/Users/admin/surface-defect-train/NEU-DET/validation/images/scratches/scratches_252.jpg,0,scratches,scratches,0.998883068561554
resnet18,/Users/admin/surface-defect-train/results/chips/validation/scratches/scratches_252_bb01.png,/Users/admin/surface-defect-train/NEU-DET/validation/images/scratches/scratches_252.jpg,1,scratches,scratches,0.6208281517028809
resnet18,/Users/admin/surface-defect-train/results/chips/validation/scratches/scratches_253_bb00.png,/Users/admin/surface-defect-train/NEU-DET/validation/images/scratches/scratches_253.jpg,0,scratches,scratches,0.9993100166320801
resnet18,/Users/admin/surface-defect-train/results/chips/validation/scratches/scratches_253_bb01.png,/Users/admin/surface-defect-train/NEU-DET/validation/images/scratches/scratches_253.jpg,1,scratches,scratches,0.9047560691833496
resnet18,/Users/admin/surface-defect-train/results/chips/validation/scratches/scratches_254_bb00.png,/Users/admin/surface-defect-train/NEU-DET/validation/images/scratches/scratches_254.jpg,0,scratches,scratches,0.9998639822006226
resnet18,/Users/admin/surface-defect-train/results/chips/validation/scratches/scratches_255_bb00.png,/Users/admin/surface-defect-train/NEU-DET/validation/images/scratches/scratches_255.jpg,0,scratches,scratches,0.9999967813491821
resnet18,/Users/admin/surface-defect-train/results/chips/validation/scratches/scratches_256_bb00.png,/Users/admin/surface-defect-train/NEU-DET/validation/images/scratches/scratches_256.jpg,0,scratches,scratches,0.9999756813049316
resnet18,/Users/admin/surface-defect-train/results/chips/validation/scratches/scratches_257_bb00.png,/Users/admin/surface-defect-train/NEU-DET/validation/images/scratches/scratches_257.jpg,0,scratches,scratches,0.9999984502792358
resnet18,/Users/admin/surface-defect-train/results/chips/validation/scratches/scratches_258_bb00.png,/Users/admin/surface-defect-train/NEU-DET/validation/images/scratches/scratches_258.jpg,0,scratches,scratches,0.9999995231628418
resnet18,/Users/admin/surface-defect-train/results/chips/validation/scratches/scratches_259_bb00.png,/Users/admin/surface-defect-train/NEU-DET/validation/images/scratches/scratches_259.jpg,0,scratches,scratches,0.9999973773956299
resnet18,/Users/admin/surface-defect-train/results/chips/validation/scratches/scratches_260_bb00.png,/Users/admin/surface-defect-train/NEU-DET/validation/images/scratches/scratches_260.jpg,0,scratches,scratches,0.9999942779541016
resnet18,/Users/admin/surface-defect-train/results/chips/validation/scratches/scratches_260_bb01.png,/Users/admin/surface-defect-train/NEU-DET/validation/images/scratches/scratches_260.jpg,1,scratches,scratches,0.9036750793457031
resnet18,/Users/admin/surface-defect-train/results/chips/validation/scratches/scratches_260_bb02.png,/Users/admin/surface-defect-train/NEU-DET/validation/images/scratches/scratches_260.jpg,2,scratches,scratches,0.9823910593986511
resnet18,/Users/admin/surface-defect-train/results/chips/validation/scratches/scratches_261_bb00.png,/Users/admin/surface-defect-train/NEU-DET/validation/images/scratches/scratches_261.jpg,0,scratches,scratches,0.9999903440475464
resnet18,/Users/admin/surface-defect-train/results/chips/validation/scratches/scratches_262_bb00.png,/Users/admin/surface-defect-train/NEU-DET/validation/images/scratches/scratches_262.jpg,0,scratches,scratches,0.9996892213821411
resnet18,/Users/admin/surface-defect-train/results/chips/validation/scratches/scratches_262_bb01.png,/Users/admin/surface-defect-train/NEU-DET/validation/images/scratches/scratches_262.jpg,1,scratches,scratches,0.9998862743377686
resnet18,/Users/admin/surface-defect-train/results/chips/validation/scratches/scratches_263_bb00.png,/Users/admin/surface-defect-train/NEU-DET/validation/images/scratches/scratches_263.jpg,0,scratches,scratches,0.999717652797699
resnet18,/Users/admin/surface-defect-train/results/chips/validation/scratches/scratches_263_bb01.png,/Users/admin/surface-defect-train/NEU-DET/validation/images/scratches/scratches_263.jpg,1,scratches,scratches,0.999782145023346
resnet18,/Users/admin/surface-defect-train/results/chips/validation/scratches/scratches_264_bb00.png,/Users/admin/surface-defect-train/NEU-DET/validation/images/scratches/scratches_264.jpg,0,scratches,scratches,0.9999847412109375
resnet18,/Users/admin/surface-defect-train/results/chips/validation/scratches/scratches_264_bb01.png,/Users/admin/surface-defect-train/NEU-DET/validation/images/scratches/scratches_264.jpg,1,scratches,scratches,0.9843282699584961
resnet18,/Users/admin/surface-defect-train/results/chips/validation/scratches/scratches_264_bb02.png,/Users/admin/surface-defect-train/NEU-DET/validation/images/scratches/scratches_264.jpg,2,scratches,scratches,0.9998867511749268
resnet18,/Users/admin/surface-defect-train/results/chips/validation/scratches/scratches_265_bb00.png,/Users/admin/surface-defect-train/NEU-DET/validation/images/scratches/scratches_265.jpg,0,scratches,scratches,0.9991138577461243
resnet18,/Users/admin/surface-defect-train/results/chips/validation/scratches/scratches_265_bb01.png,/Users/admin/surface-defect-train/NEU-DET/validation/images/scratches/scratches_265.jpg,1,scratches,scratches,0.9960032105445862
resnet18,/Users/admin/surface-defect-train/results/chips/validation/scratches/scratches_266_bb00.png,/Users/admin/surface-defect-train/NEU-DET/validation/images/scratches/scratches_266.jpg,0,scratches,scratches,0.9913195967674255
resnet18,/Users/admin/surface-defect-train/results/chips/validation/scratches/scratches_266_bb01.png,/Users/admin/surface-defect-train/NEU-DET/validation/images/scratches/scratches_266.jpg,1,scratches,scratches,0.99220871925354
resnet18,/Users/admin/surface-defect-train/results/chips/validation/scratches/scratches_267_bb00.png,/Users/admin/surface-defect-train/NEU-DET/validation/images/scratches/scratches_267.jpg,0,scratches,scratches,0.9999982118606567
resnet18,/Users/admin/surface-defect-train/results/chips/validation/scratches/scratches_267_bb01.png,/Users/admin/surface-defect-train/NEU-DET/validation/images/scratches/scratches_267.jpg,1,scratches,scratches,0.9999312162399292
resnet18,/Users/admin/surface-defect-train/results/chips/validation/scratches/scratches_268_bb00.png,/Users/admin/surface-defect-train/NEU-DET/validation/images/scratches/scratches_268.jpg,0,scratches,scratches,0.9999955892562866
resnet18,/Users/admin/surface-defect-train/results/chips/validation/scratches/scratches_268_bb01.png,/Users/admin/surface-defect-train/NEU-DET/validation/images/scratches/scratches_268.jpg,1,scratches,scratches,0.9998894929885864
resnet18,/Users/admin/surface-defect-train/results/chips/validation/scratches/scratches_269_bb00.png,/Users/admin/surface-defect-train/NEU-DET/validation/images/scratches/scratches_269.jpg,0,scratches,scratches,0.9999979734420776
resnet18,/Users/admin/surface-defect-train/results/chips/validation/scratches/scratches_269_bb01.png,/Users/admin/surface-defect-train/NEU-DET/validation/images/scratches/scratches_269.jpg,1,scratches,scratches,0.9999957084655762
resnet18,/Users/admin/surface-defect-train/results/chips/validation/scratches/scratches_269_bb02.png,/Users/admin/surface-defect-train/NEU-DET/validation/images/scratches/scratches_269.jpg,2,scratches,scratches,0.9998794794082642
resnet18,/Users/admin/surface-defect-train/results/chips/validation/scratches/scratches_270_bb00.png,/Users/admin/surface-defect-train/NEU-DET/validation/images/scratches/scratches_270.jpg,0,scratches,scratches,0.9966141581535339
resnet18,/Users/admin/surface-defect-train/results/chips/validation/scratches/scratches_270_bb01.png,/Users/admin/surface-defect-train/NEU-DET/validation/images/scratches/scratches_270.jpg,1,scratches,scratches,0.9999995231628418
resnet18,/Users/admin/surface-defect-train/results/chips/validation/scratches/scratches_271_bb00.png,/Users/admin/surface-defect-train/NEU-DET/validation/images/scratches/scratches_271.jpg,0,scratches,scratches,0.9996933937072754
resnet18,/Users/admin/surface-defect-train/results/chips/validation/scratches/scratches_271_bb01.png,/Users/admin/surface-defect-train/NEU-DET/validation/images/scratches/scratches_271.jpg,1,scratches,scratches,0.9999997615814209
resnet18,/Users/admin/surface-defect-train/results/chips/validation/scratches/scratches_271_bb02.png,/Users/admin/surface-defect-train/NEU-DET/validation/images/scratches/scratches_271.jpg,2,scratches,scratches,0.99998939037323
resnet18,/Users/admin/surface-defect-train/results/chips/validation/scratches/scratches_271_bb03.png,/Users/admin/surface-defect-train/NEU-DET/validation/images/scratches/scratches_271.jpg,3,scratches,scratches,0.9999942779541016
resnet18,/Users/admin/surface-defect-train/results/chips/validation/scratches/scratches_272_bb00.png,/Users/admin/surface-defect-train/NEU-DET/validation/images/scratches/scratches_272.jpg,0,scratches,scratches,0.9999479055404663
resnet18,/Users/admin/surface-defect-train/results/chips/validation/scratches/scratches_272_bb01.png,/Users/admin/surface-defect-train/NEU-DET/validation/images/scratches/scratches_272.jpg,1,scratches,scratches,0.9999914169311523
resnet18,/Users/admin/surface-defect-train/results/chips/validation/scratches/scratches_273_bb00.png,/Users/admin/surface-defect-train/NEU-DET/validation/images/scratches/scratches_273.jpg,0,scratches,scratches,0.9997139573097229
resnet18,/Users/admin/surface-defect-train/results/chips/validation/scratches/scratches_273_bb01.png,/Users/admin/surface-defect-train/NEU-DET/validation/images/scratches/scratches_273.jpg,1,scratches,scratches,0.9999912977218628
resnet18,/Users/admin/surface-defect-train/results/chips/validation/scratches/scratches_273_bb02.png,/Users/admin/surface-defect-train/NEU-DET/validation/images/scratches/scratches_273.jpg,2,scratches,scratches,0.9999415874481201
resnet18,/Users/admin/surface-defect-train/results/chips/validation/scratches/scratches_274_bb00.png,/Users/admin/surface-defect-train/NEU-DET/validation/images/scratches/scratches_274.jpg,0,scratches,scratches,0.9999983310699463
resnet18,/Users/admin/surface-defect-train/results/chips/validation/scratches/scratches_274_bb01.png,/Users/admin/surface-defect-train/NEU-DET/validation/images/scratches/scratches_274.jpg,1,scratches,scratches,0.9999876022338867
resnet18,/Users/admin/surface-defect-train/results/chips/validation/scratches/scratches_274_bb02.png,/Users/admin/surface-defect-train/NEU-DET/validation/images/scratches/scratches_274.jpg,2,scratches,scratches,0.9999985694885254
resnet18,/Users/admin/surface-defect-train/results/chips/validation/scratches/scratches_275_bb00.png,/Users/admin/surface-defect-train/NEU-DET/validation/images/scratches/scratches_275.jpg,0,scratches,scratches,0.9999996423721313
resnet18,/Users/admin/surface-defect-train/results/chips/validation/scratches/scratches_275_bb01.png,/Users/admin/surface-defect-train/NEU-DET/validation/images/scratches/scratches_275.jpg,1,scratches,scratches,0.9999911785125732
resnet18,/Users/admin/surface-defect-train/results/chips/validation/scratches/scratches_275_bb02.png,/Users/admin/surface-defect-train/NEU-DET/validation/images/scratches/scratches_275.jpg,2,scratches,scratches,0.9999884366989136
resnet18,/Users/admin/surface-defect-train/results/chips/validation/scratches/scratches_275_bb03.png,/Users/admin/surface-defect-train/NEU-DET/validation/images/scratches/scratches_275.jpg,3,scratches,scratches,0.9999967813491821
resnet18,/Users/admin/surface-defect-train/results/chips/validation/scratches/scratches_276_bb00.png,/Users/admin/surface-defect-train/NEU-DET/validation/images/scratches/scratches_276.jpg,0,scratches,scratches,0.9918999671936035
resnet18,/Users/admin/surface-defect-train/results/chips/validation/scratches/scratches_276_bb01.png,/Users/admin/surface-defect-train/NEU-DET/validation/images/scratches/scratches_276.jpg,1,scratches,scratches,0.9999897480010986
resnet18,/Users/admin/surface-defect-train/results/chips/validation/scratches/scratches_277_bb00.png,/Users/admin/surface-defect-train/NEU-DET/validation/images/scratches/scratches_277.jpg,0,scratches,scratches,0.9999672174453735
resnet18,/Users/admin/surface-defect-train/results/chips/validation/scratches/scratches_277_bb01.png,/Users/admin/surface-defect-train/NEU-DET/validation/images/scratches/scratches_277.jpg,1,scratches,scratches,0.999789297580719
resnet18,/Users/admin/surface-defect-train/results/chips/validation/scratches/scratches_278_bb00.png,/Users/admin/surface-defect-train/NEU-DET/validation/images/scratches/scratches_278.jpg,0,scratches,scratches,0.9999946355819702
resnet18,/Users/admin/surface-defect-train/results/chips/validation/scratches/scratches_278_bb01.png,/Users/admin/surface-defect-train/NEU-DET/validation/images/scratches/scratches_278.jpg,1,scratches,scratches,0.9922469854354858
resnet18,/Users/admin/surface-defect-train/results/chips/validation/scratches/scratches_278_bb02.png,/Users/admin/surface-defect-train/NEU-DET/validation/images/scratches/scratches_278.jpg,2,scratches,scratches,0.9999895095825195
resnet18,/Users/admin/surface-defect-train/results/chips/validation/scratches/scratches_279_bb00.png,/Users/admin/surface-defect-train/NEU-DET/validation/images/scratches/scratches_279.jpg,0,scratches,scratches,0.9999973773956299
resnet18,/Users/admin/surface-defect-train/results/chips/validation/scratches/scratches_279_bb01.png,/Users/admin/surface-defect-train/NEU-DET/validation/images/scratches/scratches_279.jpg,1,scratches,scratches,0.9999942779541016
resnet18,/Users/admin/surface-defect-train/results/chips/validation/scratches/scratches_280_bb00.png,/Users/admin/surface-defect-train/NEU-DET/validation/images/scratches/scratches_280.jpg,0,scratches,scratches,0.9999940395355225
resnet18,/Users/admin/surface-defect-train/results/chips/validation/scratches/scratches_280_bb01.png,/Users/admin/surface-defect-train/NEU-DET/validation/images/scratches/scratches_280.jpg,1,scratches,scratches,0.9999974966049194
resnet18,/Users/admin/surface-defect-train/results/chips/validation/scratches/scratches_281_bb00.png,/Users/admin/surface-defect-train/NEU-DET/validation/images/scratches/scratches_281.jpg,0,scratches,scratches,0.9997479319572449
resnet18,/Users/admin/surface-defect-train/results/chips/validation/scratches/scratches_282_bb00.png,/Users/admin/surface-defect-train/NEU-DET/validation/images/scratches/scratches_282.jpg,0,scratches,scratches,0.9994632601737976
resnet18,/Users/admin/surface-defect-train/results/chips/validation/scratches/scratches_283_bb00.png,/Users/admin/surface-defect-train/NEU-DET/validation/images/scratches/scratches_283.jpg,0,scratches,scratches,0.9975627660751343
resnet18,/Users/admin/surface-defect-train/results/chips/validation/scratches/scratches_283_bb01.png,/Users/admin/surface-defect-train/NEU-DET/validation/images/scratches/scratches_283.jpg,1,scratches,scratches,0.999671459197998
resnet18,/Users/admin/surface-defect-train/results/chips/validation/scratches/scratches_284_bb00.png,/Users/admin/surface-defect-train/NEU-DET/validation/images/scratches/scratches_284.jpg,0,scratches,scratches,0.980165958404541
resnet18,/Users/admin/surface-defect-train/results/chips/validation/scratches/scratches_284_bb01.png,/Users/admin/surface-defect-train/NEU-DET/validation/images/scratches/scratches_284.jpg,1,scratches,scratches,0.974250078201294
resnet18,/Users/admin/surface-defect-train/results/chips/validation/scratches/scratches_285_bb00.png,/Users/admin/surface-defect-train/NEU-DET/validation/images/scratches/scratches_285.jpg,0,scratches,scratches,0.9998788833618164
resnet18,/Users/admin/surface-defect-train/results/chips/validation/scratches/scratches_285_bb01.png,/Users/admin/surface-defect-train/NEU-DET/validation/images/scratches/scratches_285.jpg,1,scratches,scratches,0.9929736852645874
resnet18,/Users/admin/surface-defect-train/results/chips/validation/scratches/scratches_286_bb00.png,/Users/admin/surface-defect-train/NEU-DET/validation/images/scratches/scratches_286.jpg,0,scratches,scratches,0.9984751343727112
resnet18,/Users/admin/surface-defect-train/results/chips/validation/scratches/scratches_287_bb00.png,/Users/admin/surface-defect-train/NEU-DET/validation/images/scratches/scratches_287.jpg,0,scratches,scratches,0.9997629523277283
resnet18,/Users/admin/surface-defect-train/results/chips/validation/scratches/scratches_288_bb00.png,/Users/admin/surface-defect-train/NEU-DET/validation/images/scratches/scratches_288.jpg,0,scratches,scratches,0.9999804496765137
resnet18,/Users/admin/surface-defect-train/results/chips/validation/scratches/scratches_289_bb00.png,/Users/admin/surface-defect-train/NEU-DET/validation/images/scratches/scratches_289.jpg,0,scratches,scratches,0.9997983574867249
resnet18,/Users/admin/surface-defect-train/results/chips/validation/scratches/scratches_290_bb00.png,/Users/admin/surface-defect-train/NEU-DET/validation/images/scratches/scratches_290.jpg,0,scratches,scratches,0.9999992847442627
resnet18,/Users/admin/surface-defect-train/results/chips/validation/scratches/scratches_290_bb01.png,/Users/admin/surface-defect-train/NEU-DET/validation/images/scratches/scratches_290.jpg,1,scratches,scratches,0.9999997615814209
resnet18,/Users/admin/surface-defect-train/results/chips/validation/scratches/scratches_291_bb00.png,/Users/admin/surface-defect-train/NEU-DET/validation/images/scratches/scratches_291.jpg,0,scratches,scratches,0.9999998807907104
resnet18,/Users/admin/surface-defect-train/results/chips/validation/scratches/scratches_292_bb00.png,/Users/admin/surface-defect-train/NEU-DET/validation/images/scratches/scratches_292.jpg,0,scratches,scratches,0.9999628067016602
resnet18,/Users/admin/surface-defect-train/results/chips/validation/scratches/scratches_292_bb01.png,/Users/admin/surface-defect-train/NEU-DET/validation/images/scratches/scratches_292.jpg,1,scratches,scratches,0.9999816417694092
resnet18,/Users/admin/surface-defect-train/results/chips/validation/scratches/scratches_293_bb00.png,/Users/admin/surface-defect-train/NEU-DET/validation/images/scratches/scratches_293.jpg,0,scratches,scratches,0.9999172687530518
resnet18,/Users/admin/surface-defect-train/results/chips/validation/scratches/scratches_293_bb01.png,/Users/admin/surface-defect-train/NEU-DET/validation/images/scratches/scratches_293.jpg,1,scratches,scratches,0.9999973773956299
resnet18,/Users/admin/surface-defect-train/results/chips/validation/scratches/scratches_294_bb00.png,/Users/admin/surface-defect-train/NEU-DET/validation/images/scratches/scratches_294.jpg,0,scratches,scratches,0.9999582767486572
resnet18,/Users/admin/surface-defect-train/results/chips/validation/scratches/scratches_294_bb01.png,/Users/admin/surface-defect-train/NEU-DET/validation/images/scratches/scratches_294.jpg,1,scratches,scratches,0.9984338879585266
resnet18,/Users/admin/surface-defect-train/results/chips/validation/scratches/scratches_294_bb02.png,/Users/admin/surface-defect-train/NEU-DET/validation/images/scratches/scratches_294.jpg,2,scratches,scratches,0.999969482421875
resnet18,/Users/admin/surface-defect-train/results/chips/validation/scratches/scratches_295_bb00.png,/Users/admin/surface-defect-train/NEU-DET/validation/images/scratches/scratches_295.jpg,0,scratches,scratches,0.9999654293060303
resnet18,/Users/admin/surface-defect-train/results/chips/validation/scratches/scratches_295_bb01.png,/Users/admin/surface-defect-train/NEU-DET/validation/images/scratches/scratches_295.jpg,1,scratches,scratches,0.9999476671218872
resnet18,/Users/admin/surface-defect-train/results/chips/validation/scratches/scratches_295_bb02.png,/Users/admin/surface-defect-train/NEU-DET/validation/images/scratches/scratches_295.jpg,2,scratches,scratches,0.9999817609786987
resnet18,/Users/admin/surface-defect-train/results/chips/validation/scratches/scratches_295_bb03.png,/Users/admin/surface-defect-train/NEU-DET/validation/images/scratches/scratches_295.jpg,3,scratches,scratches,0.9999829530715942
resnet18,/Users/admin/surface-defect-train/results/chips/validation/scratches/scratches_296_bb00.png,/Users/admin/surface-defect-train/NEU-DET/validation/images/scratches/scratches_296.jpg,0,scratches,scratches,0.9999967813491821
resnet18,/Users/admin/surface-defect-train/results/chips/validation/scratches/scratches_296_bb01.png,/Users/admin/surface-defect-train/NEU-DET/validation/images/scratches/scratches_296.jpg,1,scratches,scratches,0.9999988079071045
resnet18,/Users/admin/surface-defect-train/results/chips/validation/scratches/scratches_296_bb02.png,/Users/admin/surface-defect-train/NEU-DET/validation/images/scratches/scratches_296.jpg,2,scratches,scratches,0.9999790191650391
resnet18,/Users/admin/surface-defect-train/results/chips/validation/scratches/scratches_296_bb03.png,/Users/admin/surface-defect-train/NEU-DET/validation/images/scratches/scratches_296.jpg,3,scratches,scratches,0.999785840511322
resnet18,/Users/admin/surface-defect-train/results/chips/validation/scratches/scratches_296_bb04.png,/Users/admin/surface-defect-train/NEU-DET/validation/images/scratches/scratches_296.jpg,4,scratches,scratches,0.999907374382019
resnet18,/Users/admin/surface-defect-train/results/chips/validation/scratches/scratches_297_bb00.png,/Users/admin/surface-defect-train/NEU-DET/validation/images/scratches/scratches_297.jpg,0,scratches,scratches,0.9999884366989136
resnet18,/Users/admin/surface-defect-train/results/chips/validation/scratches/scratches_297_bb01.png,/Users/admin/surface-defect-train/NEU-DET/validation/images/scratches/scratches_297.jpg,1,scratches,scratches,0.9999861717224121
resnet18,/Users/admin/surface-defect-train/results/chips/validation/scratches/scratches_298_bb00.png,/Users/admin/surface-defect-train/NEU-DET/validation/images/scratches/scratches_298.jpg,0,scratches,scratches,0.9995713829994202
resnet18,/Users/admin/surface-defect-train/results/chips/validation/scratches/scratches_299_bb00.png,/Users/admin/surface-defect-train/NEU-DET/validation/images/scratches/scratches_299.jpg,0,scratches,scratches,0.9999819993972778
resnet18,/Users/admin/surface-defect-train/results/chips/validation/scratches/scratches_300_bb00.png,/Users/admin/surface-defect-train/NEU-DET/validation/images/scratches/scratches_300.jpg,0,scratches,scratches,0.9999874830245972
resnet18,/Users/admin/surface-defect-train/results/chips/validation/scratches/scratches_300_bb01.png,/Users/admin/surface-defect-train/NEU-DET/validation/images/scratches/scratches_300.jpg,1,scratches,scratches,0.9999995231628418
