modelName,chipPath,sourceImage,bboxIndex,trueLabel,predLabel,confidence
vit_b_16,/Users/admin/surface-defect-train/results/chips/validation/crazing/crazing_241_bb00.png,/Users/admin/surface-defect-train/NEU-DET/validation/images/crazing/crazing_241.jpg,0,crazing,crazing,0.9908825755119324
vit_b_16,/Users/admin/surface-defect-train/results/chips/validation/crazing/crazing_241_bb01.png,/Users/admin/surface-defect-train/NEU-DET/validation/images/crazing/crazing_241.jpg,1,crazing,crazing,0.9933775067329407
vit_b_16,/Users/admin/surface-defect-train/results/chips/validation/crazing/crazing_241_bb02.png,/Users/admin/surface-defect-train/NEU-DET/validation/images/crazing/crazing_241.jpg,2,crazing,crazing,0.989589273929596
vit_b_16,/Users/admin/surface-defect-train/results/chips/validation/crazing/crazing_242_bb00.png,/Users/admin/surface-defect-train/NEU-DET/validation/images/crazing/crazing_242.jpg,0,crazing,crazing,0.9943512678146362
vit_b_16,/Users/admin/surface-defect-train/results/chips/validation/crazing/crazing_242_bb01.png,/Users/admin/surface-defect-train/NEU-DET/validation/images/crazing/crazing_242.jpg,1,crazing,crazing,0.9811245203018188
vit_b_16,/Users/admin/surface-defect-train/results/chips/validation/crazing/crazing_242_bb02.png,/Users/admin/surface-defect-train/NEU-DET/validation/images/crazing/crazing_242.jpg,2,crazing,crazing,0.9937880635261536
vit_b_16,/Users/admin/surface-defect-train/results/chips/validation/crazing/crazing_243_bb00.png,/Users/admin/surface-defect-train/NEU-DET/validation/images/crazing/crazing_243.jpg,0,crazing,crazing,0.9927403330802917
vit_b_16,/Users/admin/surface-defect-train/results/chips/validation/crazing/crazing_243_bb01.png,/Users/admin/surface-defect-train/NEU-DET/validation/images/crazing/crazing_243.jpg,1,crazing,crazing,0.9920122027397156
vit_b_16,/Users/admin/surface-defect-train/results/chips/validation/crazing/crazing_243_bb02.png,/Users/admin/surface-defect-train/NEU-DET/validation/images/crazing/crazing_243.jpg,2,crazing,crazing,0.9873993396759033
vit_b_16,/Users/admin/surface-defect-train/results/chips/validation/crazing/crazing_243_bb03.png,/Users/admin/surface-defect-train/NEU-DET/validation/images/crazing/crazing_243.jpg,3,crazing,crazing,0.9932717680931091
vit_b_16,/Users/admin/surface-defect-train/results/chips/validation/crazing/crazing_244_bb00.png,/Users/admin/surface-defect-train/NEU-DET/validation/images/crazing/crazing_244.jpg,0,crazing,crazing,0.9968826770782471
vit_b_16,/Users/admin/surface-defect-train/results/chips/validation/crazing/crazing_244_bb01.png,/Users/admin/surface-defect-train/NEU-DET/validation/images/crazing/crazing_244.jpg,1,crazing,crazing,0.9910376071929932
vit_b_16,/Users/admin/surface-defect-train/results/chips/validation/crazing/crazing_244_bb02.png,/Users/admin/surface-defect-train/NEU-DET/validation/images/crazing/crazing_244.jpg,2,crazing,crazing,0.9962742328643799
vit_b_16,/Users/admin/surface-defect-train/results/chips/validation/crazing/crazing_245_bb00.png,/Users/admin/surface-defect-train/NEU-DET/validation/images/crazing/crazing_245.jpg,0,crazing,crazing,0.9952802658081055
vit_b_16,/Users/admin/surface-defect-train/results/chips/validation/crazing/crazing_245_bb01.png,/Users/admin/surface-defect-train/NEU-DET/validation/images/crazing/crazing_245.jpg,1,crazing,crazing,0.9870736598968506
vit_b_16,/Users/admin/surface-defect-train/results/chips/validation/crazing/crazing_246_bb00.png,/Users/admin/surface-defect-train/NEU-DET/validation/images/crazing/crazing_246.jpg,0,crazing,crazing,0.9928998947143555
vit_b_16,/Users/admin/surface-defect-train/results/chips/validation/crazing/crazing_246_bb01.png,/Users/admin/surface-defect-train/NEU-DET/validation/images/crazing/crazing_246.jpg,1,crazing,crazing,0.9943742752075195
vit_b_16,/Users/admin/surface-defect-train/results/chips/validation/crazing/crazing_246_bb02.png,/Users/admin/surface-defect-train/NEU-DET/validation/images/crazing/crazing_246.jpg,2,crazing,crazing,0.9946876764297485
vit_b_16,/Users/admin/surface-defect-train/results/chips/validation/crazing/crazing_246_bb03.png,/Users/admin/surface-defect-train/NEU-DET/validation/images/crazing/crazing_246.jpg,3,crazing,crazing,0.9624462127685547
vit_b_16,/Users/admin/surface-defect-train/results/chips/validation/crazing/crazing_247_bb00.png,/Users/admin/surface-defect-train/NEU-DET/validation/images/crazing/crazing_247.jpg,0,crazing,crazing,0.9900998473167419
vit_b_16,/Users/admin/surface-defect-train/results/chips/validation/crazing/crazing_247_bb01.png,/Users/admin/surface-defect-train/NEU-DET/validation/images/crazing/crazing_247.jpg,1,crazing,crazing,0.9930602312088013
vit_b_16,/Users/admin/surface-defect-train/results/chips/validation/crazing/crazing_247_bb02.png,/Users/admin/surface-defect-train/NEU-DET/validation/images/crazing/crazing_247.jpg,2,crazing,crazing,0.9865294694900513
vit_b_16,/Users/admin/surface-defect-train/results/chips/validation/crazing/crazing_248_bb00.png,/Users/admin/surface-defect-train/NEU-DET/validation/images/crazing/crazing_248.jpg,0,crazing,crazing,0.992363452911377
vit_b_16,/Users/admin/surface-defect-train/results/chips/validation/crazing/crazing_248_bb01.png,/Users/admin/surface-defect-train/NEU-DET/validation/images/crazing/crazing_248.jpg,1,crazing,crazing,0.9977008700370789
vit_b_16,/Users/admin/surface-defect-train/results/chips/validation/crazing/crazing_248_bb02.png,/Users/admin/surface-defect-train/NEU-DET/validation/images/crazing/crazing_248.jpg,2,crazing,crazing,0.995075523853302
vit_b_16,/Users/admin/surface-defect-train/results/chips/validation/crazing/crazing_249_bb00.png,/Users/admin/surface-defect-train/NEU-DET/validation/images/crazing/crazing_249.jpg,0,crazing,crazing,0.9970412850379944
vit_b_16,/Users/admin/surface-defect-train/results/chips/validation/crazing/crazing_249_bb01.png,/Users/admin/surface-defect-train/NEU-DET/validation/images/crazing/crazing_249.jpg,1,crazing,crazing,0.9951552152633667
vit_b_16,/Users/admin/surface-defect-train/results/chips/validation/crazing/crazing_249_bb02.png,/Users/admin/surface-defect-train/NEU-DET/validation/images/crazing/crazing_249.jpg,2,crazing,crazing,0.9960474371910095
vit_b_16,/Users/admin/surface-defect-train/results/chips/validation/crazing/crazing_250_bb00.png,/Users/admin/surface-defect-train/NEU-DET/validation/images/crazing/crazing_250.jpg,0,crazing,crazing,0.9946521520614624
vit_b_16,/Users/admin/surface-defect-train/results/chips/validation/crazing/crazing_250_bb01.png,/Users/admin/surface-defect-train/NEU-DET/validation/images/crazing/crazing_250.jpg,1,crazing,crazing,0.994856595993042
vit_b_16,/Users/admin/surface-defect-train/results/chips/validation/crazing/crazing_250_bb02.png,/Users/admin/surface-defect-train/NEU-DET/validation/images/crazing/crazing_250.jpg,2,crazing,crazing,0.9904037714004517
vit_b_16,/Users/admin/surface-defect-train/results/chips/validation/crazing/crazing_251_bb00.png,/Users/admin/surface-defect-train/NEU-DET/validation/images/crazing/crazing_251.jpg,0,crazing,crazing,0.9825617074966431
vit_b_16,/Users/admin/surface-defect-train/results/chips/validation/crazing/crazing_251_bb01.png,/Users/admin/surface-defect-train/NEU-DET/validation/images/crazing/crazing_251.jpg,1,crazing,crazing,0.9900654554367065
vit_b_16,/Users/admin/surface-defect-train/results/chips/validation/crazing/crazing_251_bb02.png,/Users/admin/surface-defect-train/NEU-DET/validation/images/crazing/crazing_251.jpg,2,crazing,crazing,0.9698174595832825
vit_b_16,/Users/admin/surface-defect-train/results/chips/validation/crazing/crazing_252_bb00.png,/Users/admin/surface-defect-train/NEU-DET/validation/images/crazing/crazing_252.jpg,0,crazing,crazing,0.9937916398048401
vit_b_16,/Users/admin/surface-defect-train/results/chips/validation/crazing/crazing_252_bb01.png,/Users/admin/surface-defect-train/NEU-DET/validation/images/crazing/crazing_252.jpg,1,crazing,crazing,0.9946849346160889
vit_b_16,/Users/admin/surface-defect-train/results/chips/validation/crazing/crazing_252_bb02.png,/Users/admin/surface-defect-train/NEU-DET/validation/images/crazing/crazing_252.jpg,2,crazing,crazing,0.9938197731971741
vit_b_16,/Users/admin/surface-defect-train/results/chips/validation/crazing/crazing_253_bb00.png,/Users/admin/surface-defect-train/NEU-DET/validation/images/crazing/crazing_253.jpg,0,crazing,crazing,0.8798201084136963
vit_b_16,/Users/admin/surface-defect-train/results/chips/validation/crazing/crazing_253_bb01.png,/Users/admin/surface-defect-train/NEU-DET/validation/images/crazing/crazing_253.jpg,1,crazing,crazing,0.8200618028640747
vit_b_16,/Users/admin/surface-defect-train/results/chips/validation/crazing/crazing_253_bb02.png,/Users/admin/surface-defect-train/NEU-DET/validation/images/crazing/crazing_253.jpg,2,crazing,crazing,0.9402622580528259
vit_b_16,/Users/admin/surface-defect-train/results/chips/validation/crazing/crazing_254_bb00.png,/Users/admin/surface-defect-train/NEU-DET/validation/images/crazing/crazing_254.jpg,0,crazing,crazing,0.9872906804084778
vit_b_16,/Users/admin/surface-defect-train/results/chips/validation/crazing/crazing_255_bb00.png,/Users/admin/surface-defect-train/NEU-DET/validation/images/crazing/crazing_255.jpg,0,crazing,crazing,0.9782679080963135
vit_b_16,/Users/admin/surface-defect-train/results/chips/validation/crazing/crazing_255_bb01.png,/Users/admin/surface-defect-train/NEU-DET/validation/images/crazing/crazing_255.jpg,1,crazing,crazing,0.9958721995353699
vit_b_16,/Users/admin/surface-defect-train/results/chips/validation/crazing/crazing_255_bb02.png,/Users/admin/surface-defect-train/NEU-DET/validation/images/crazing/crazing_255.jpg,2,crazing,crazing,0.9967603087425232
vit_b_16,/Users/admin/surface-defect-train/results/chips/validation/crazing/crazing_256_bb00.png,/Users/admin/surface-defect-train/NEU-DET/validation/images/crazing/crazing_256.jpg,0,crazing,crazing,0.9906865954399109
vit_b_16,/Users/admin/surface-defect-train/results/chips/validation/crazing/crazing_256_bb01.png,/Users/admin/surface-defect-train/NEU-DET/validation/images/crazing/crazing_256.jpg,1,crazing,crazing,0.990107536315918
vit_b_16,/Users/admin/surface-defect-train/results/chips/validation/crazing/crazing_256_bb02.png,/Users/admin/surface-defect-train/NEU-DET/validation/images/crazing/crazing_256.jpg,2,crazing,crazing,0.9962508082389832
vit_b_16,/Users/admin/surface-defect-train/results/chips/validation/crazing/crazing_257_bb00.png,/Users/admin/surface-defect-train/NEU-DET/validation/images/crazing/crazing_257.jpg,0,crazing,crazing,0.9926665425300598
vit_b_16,/Users/admin/surface-defect-train/results/chips/validation/crazing/crazing_257_bb01.png,/Users/admin/surface-defect-train/NEU-DET/validation/images/crazing/crazing_257.jpg,1,crazing,crazing,0.9918157458305359
vit_b_16,/Users/admin/surface-defect-train/results/chips/validation/crazing/crazing_257_bb02.png,/Users/admin/surface-defect-train/NEU-DET/validation/images/crazing/crazing_257.jpg,2,crazing,crazing,0.9949327111244202
vit_b_16,/Users/admin/surface-defect-train/results/chips/validation/crazing/crazing_258_bb00.png,/Users/admin/surface-defect-train/NEU-DET/validation/images/crazing/crazing_258.jpg,0,crazing,crazing,0.9947150349617004
vit_b_16,/Users/admin/surface-defect-train/results/chips/validation/crazing/crazing_258_bb01.png,/Users/admin/surface-defect-train/NEU-DET/validation/images/crazing/crazing_258.jpg,1,crazing,crazing,0.9845585227012634
vit_b_16,/Users/admin/surface-defect-train/results/chips/validation/crazing/crazing_259_bb00.png,/Users/admin/surface-defect-train/NEU-DET/validation/images/crazing/crazing_259.jpg,0,crazing,crazing,0.9902223348617554
vit_b_16,/Users/admin/surface-defect-train/results/chips/validation/crazing/crazing_259_bb01.png,/Users/admin/surface-defect-train/NEU-DET/validation/images/crazing/crazing_259.jpg,1,crazing,crazing,0.9802587032318115
vit_b_16,/Users/admin/surface-defect-train/results/chips/validation/crazing/crazing_259_bb02.png,/Users/admin/surface-defect-train/NEU-DET/validation/images/crazing/crazing_259.jpg,2,crazing,crazing,0.9951406717300415
vit_b_16,/Users/admin/surface-defect-train/results/chips/validation/crazing/crazing_260_bb00.png,/Users/admin/surface-defect-train/NEU-DET/validation/images/crazing/crazing_260.jpg,0,crazing,crazing,0.9882586002349854
vit_b_16,/Users/admin/surface-defect-train/results/chips/validation/crazing/crazing_260_bb01.png,/Users/admin/surface-defect-train/NEU-DET/validation/images/crazing/crazing_260.jpg,1,crazing,crazing,0.9892041087150574
vit_b_16,/Users/admin/surface-defect-train/results/chips/validation/crazing/crazing_261_bb00.png,/Users/admin/surface-defect-train/NEU-DET/validation/images/crazing/crazing_261.jpg,0,crazing,crazing,0.9901131391525269
vit_b_16,/Users/admin/surface-defect-train/results/chips/validation/crazing/crazing_261_bb01.png,/Users/admin/surface-defect-train/NEU-DET/validation/images/crazing/crazing_261.jpg,1,crazing,crazing,0.9912983179092407
vit_b_16,/Users/admin/surface-defect-train/results/chips/validation/crazing/crazing_261_bb02.png,/Users/admin/surface-defect-train/NEU-DET/validation/images/crazing/crazing_261.jpg,2,crazing,crazing,0.9969202280044556
vit_b_16,/Users/admin/surface-defect-train/results/chips/validation/crazing/crazing_262_bb00.png,/Users/admin/surface-defect-train/NEU-DET/validation/images/crazing/crazing_262.jpg,0,crazing,crazing,0.9886400699615479
vit_b_16,/Users/admin/surface-defect-train/results/chips/validation/crazing/crazing_262_bb01.png,/Users/admin/surface-defect-train/NEU-DET/validation/images/crazing/crazing_262.jpg,1,crazing,crazing,0.9941468238830566
vit_b_16,/Users/admin/surface-defect-train/results/chips/validation/crazing/crazing_262_bb02.png,/Users/admin/surface-defect-train/NEU-DET/validation/images/crazing/crazing_262.jpg,2,crazing,crazing,0.9856591820716858
vit_b_16,/Users/admin/surface-defect-train/results/chips/validation/crazing/crazing_263_bb00.png,/Users/admin/surface-defect-train/NEU-DET/validation/images/crazing/crazing_263.jpg,0,crazing,crazing,0.9929224252700806
vit_b_16,/Users/admin/surface-defect-train/results/chips/validation/crazing/crazing_263_bb01.png,/Users/admin/surface-defect-train/NEU-DET/validation/images/crazing/crazing_263.jpg,1,crazing,crazing,0.992344319820404
vit_b_16,/Users/admin/surface-defect-train/results/chips/validation/crazing/crazing_264_bb00.png,/Users/admin/surface-defect-train/NEU-DET/validation/images/crazing/crazing_264.jpg,0,crazing,crazing,0.9916178584098816
vit_b_16,/Users/admin/surface-defect-train/results/chips/validation/crazing/crazing_264_bb01.png,/Users/admin/surface-defect-train/NEU-DET/validation/images/crazing/crazing_264.jpg,1,crazing,crazing,0.9916538596153259
vit_b_16,/Users/admin/surface-defect-train/results/chips/validation/crazing/crazing_265_bb00.png,/Users/admin/surface-defect-train/NEU-DET/validation/images/crazing/crazing_265.jpg,0,crazing,crazing,0.9951174259185791
vit_b_16,/Users/admin/surface-defect-train/results/chips/validation/crazing/crazing_265_bb01.png,/Users/admin/surface-defect-train/NEU-DET/validation/images/crazing/crazing_265.jpg,1,crazing,crazing,0.9961279034614563
vit_b_16,/Users/admin/surface-defect-train/results/chips/validation/crazing/crazing_266_bb00.png,/Users/admin/surface-defect-train/NEU-DET/validation/images/crazing/crazing_266.jpg,0,crazing,crazing,0.9954551458358765
vit_b_16,/Users/admin/surface-defect-train/results/chips/validation/crazing/crazing_266_bb01.png,/Users/admin/surface-defect-train/NEU-DET/validation/images/crazing/crazing_266.jpg,1,crazing,crazing,0.9886926412582397
vit_b_16,/Users/admin/surface-defect-train/results/chips/validation/crazing/crazing_267_bb00.png,/Users/admin/surface-defect-train/NEU-DET/validation/images/crazing/crazing_267.jpg,0,crazing,crazing,0.9894567131996155
vit_b_16,/Users/admin/surface-defect-train/results/chips/validation/crazing/crazing_267_bb01.png,/Users/admin/surface-defect-train/NEU-DET/validation/images/crazing/crazing_267.jpg,1,crazing,crazing,0.9956483244895935
vit_b_16,/Users/admin/surface-defect-train/results/chips/validation/crazing/crazing_267_bb02.png,/Users/admin/surface-defect-train/NEU-DET/validation/images/crazing/crazing_267.jpg,2,crazing,crazing,0.9914434552192688
vit_b_16,/Users/admin/surface-defect-train/results/chips/validation/crazing/crazing_268_bb00.png,/Users/admin/surface-defect-train/NEU-DET/validation/images/crazing/crazing_268.jpg,0,crazing,crazing,0.9687032699584961
vit_b_16,/Users/admin/surface-defect-train/results/chips/validation/crazing/crazing_268_bb01.png,/Users/admin/surface-defect-train/NEU-DET/validation/images/crazing/crazing_268.jpg,1,crazing,crazing,0.9925532937049866
vit_b_16,/Users/admin/surface-defect-train/results/chips/validation/crazing/crazing_268_bb02.png,/Users/admin/surface-defect-train/NEU-DET/validation/images/crazing/crazing_268.jpg,2,crazing,crazing,0.9878302216529846
vit_b_16,/Users/admin/surface-defect-train/results/chips/validation/crazing/crazing_269_bb00.png,/Users/admin/surface-defect-train/NEU-DET/validation/images/crazing/crazing_269.jpg,0,crazing,crazing,0.6887881755828857
vit_b_16,/Users/admin/surface-defect-train/results/chips/validation/crazing/crazing_269_bb01.png,/Users/admin/surface-defect-train/NEU-DET/validation/images/crazing/crazing_269.jpg,1,crazing,crazing,0.9329140186309814
vit_b_16,/Users/admin/surface-defect-train/results/chips/validation/crazing/crazing_269_bb02.png,/Users/admin/surface-defect-train/NEU-DET/validation/images/crazing/crazing_269.jpg,2,crazing,crazing,0.933754026889801
vit_b_16,/Users/admin/surface-defect-train/results/chips/validation/crazing/crazing_270_bb00.png,/Users/admin/surface-defect-train/NEU-DET/validation/images/crazing/crazing_270.jpg,0,crazing,crazing,0.9942114949226379
vit_b_16,/Users/admin/surface-defect-train/results/chips/validation/crazing/crazing_270_bb01.png,/Users/admin/surface-defect-train/NEU-DET/validation/images/crazing/crazing_270.jpg,1,crazing,crazing,0.9902790188789368
vit_b_16,/Users/admin/surface-defect-train/results/chips/validation/crazing/crazing_270_bb02.png,/Users/admin/surface-defect-train/NEU-DET/validation/images/crazing/crazing_270.jpg,2,crazing,crazing,0.9882938861846924
vit_b_16,/Users/admin/surface-defect-train/results/chips/validation/crazing/crazing_271_bb00.png,/Users/admin/surface-defect-train/NEU-DET/validation/images/crazing/crazing_271.jpg,0,crazing,crazing,0.9966133236885071
vit_b_16,/Users/admin/surface-defect-train/results/chips/validation/crazing/crazing_271_bb01.png,/Users/admin/surface-defect-train/NEU-DET/validation/images/crazing/crazing_271.jpg,1,crazing,crazing,0.9864618182182312
vit_b_16,/Users/admin/surface-defect-train/results/chips/validation/crazing/crazing_271_bb02.png,/Users/admin/surface-defect-train/NEU-DET/validation/images/crazing/crazing_271.jpg,2,crazing,crazing,0.9927353858947754
vit_b_16,/Users/admin/surface-defect-train/results/chips/validation/crazing/crazing_271_bb03.png,/Users/admin/surface-defect-train/NEU-DET/validation/images/crazing/crazing_271.jpg,3,crazing,crazing,0.9781302213668823
vit_b_16,/Users/admin/surface-defect-train/results/chips/validation/crazing/crazing_272_bb00.png,/Users/admin/surface-defect-train/NEU-DET/validation/images/crazing/crazing_272.jpg,0,crazing,crazing,0.9968345761299133
vit_b_16,/Users/admin/surface-defect-train/results/chips/validation/crazing/crazing_272_bb01.png,/Users/admin/surface-defect-train/NEU-DET/validation/images/crazing/crazing_272.jpg,1,crazing,crazing,0.9932219982147217
vit_b_16,/Users/admin/surface-defect-train/results/chips/validation/crazing/crazing_272_bb02.png,/Users/admin/surface-defect-train/NEU-DET/validation/images/crazing/crazing_272.jpg,2,crazing,crazing,0.7268376350402832
vit_b_16,/Users/admin/surface-defect-train/results/chips/validation/crazing/crazing_273_bb00.png,/Users/admin/surface-defect-train/NEU-DET/validation/images/crazing/crazing_273.jpg,0,crazing,crazing,0.9179643392562866
vit_b_16,/Users/admin/surface-defect-train/results/chips/validation/crazing/crazing_273_bb01.png,/Users/admin/surface-defect-train/NEU-DET/validation/images/crazing/crazing_273.jpg,1,crazing,crazing,0.9959471821784973
vit_b_16,/Users/admin/surface-defect-train/results/chips/validation/crazing/crazing_273_bb02.png,/Users/admin/surface-defect-train/NEU-DET/validation/images/crazing/crazing_273.jpg,2,crazing,crazing,0.9821680784225464
vit_b_16,/Users/admin/surface-defect-train/results/chips/validation/crazing/crazing_274_bb00.png,/Users/admin/surface-defect-train/NEU-DET/validation/images/crazing/crazing_274.jpg,0,crazing,crazing,0.9947920441627502
vit_b_16,/Users/admin/surface-defect-train/results/chips/validation/crazing/crazing_274_bb01.png,/Users/admin/surface-defect-train/NEU-DET/validation/images/crazing/crazing_274.jpg,1,crazing,crazing,0.9951443076133728
vit_b_16,/Users/admin/surface-defect-train/results/chips/validation/crazing/crazing_274_bb02.png,/Users/admin/surface-defect-train/NEU-DET/validation/images/crazing/crazing_274.jpg,2,crazing,crazing,0.9840998649597168
vit_b_16,/Users/admin/surface-defect-train/results/chips/validation/crazing/crazing_274_bb03.png,/Users/admin/surface-defect-train/NEU-DET/validation/images/crazing/crazing_274.jpg,3,crazing,crazing,0.9821226596832275
vit_b_16,/Users/admin/surface-defect-train/results/chips/validation/crazing/crazing_275_bb00.png,/Users/admin/surface-defect-train/NEU-DET/validation/images/crazing/crazing_275.jpg,0,crazing,crazing,0.9941524863243103
vit_b_16,/Users/admin/surface-defect-train/results/chips/validation/crazing/crazing_275_bb01.png,/Users/admin/surface-defect-train/NEU-DET/validation/images/crazing/crazing_275.jpg,1,crazing,crazing,0.9959773421287537
vit_b_16,/Users/admin/surface-defect-train/results/chips/validation/crazing/crazing_275_bb02.png,/Users/admin/surface-defect-train/NEU-DET/validation/images/crazing/crazing_275.jpg,2,crazing,crazing,0.9771744608879089
vit_b_16,/Users/admin/surface-defect-train/results/chips/validation/crazing/crazing_276_bb00.png,/Users/admin/surface-defect-train/NEU-DET/validation/images/crazing/crazing_276.jpg,0,crazing,crazing,0.9198489785194397
vit_b_16,/Users/admin/surface-defect-train/results/chips/validation/crazing/crazing_276_bb01.png,/Users/admin/surface-defect-train/NEU-DET/validation/images/crazing/crazing_276.jpg,1,crazing,crazing,0.9735057950019836
vit_b_16,/Users/admin/surface-defect-train/results/chips/validation/crazing/crazing_277_bb00.png,/Users/admin/surface-defect-train/NEU-DET/validation/images/crazing/crazing_277.jpg,0,crazing,crazing,0.9881892204284668
vit_b_16,/Users/admin/surface-defect-train/results/chips/validation/crazing/crazing_277_bb01.png,/Users/admin/surface-defect-train/NEU-DET/validation/images/crazing/crazing_277.jpg,1,crazing,crazing,0.9951202273368835
vit_b_16,/Users/admin/surface-defect-train/results/chips/validation/crazing/crazing_278_bb00.png,/Users/admin/surface-defect-train/NEU-DET/validation/images/crazing/crazing_278.jpg,0,crazing,crazing,0.9932970404624939
vit_b_16,/Users/admin/surface-defect-train/results/chips/validation/crazing/crazing_278_bb01.png,/Users/admin/surface-defect-train/NEU-DET/validation/images/crazing/crazing_278.jpg,1,crazing,crazing,0.9856433868408203
vit_b_16,/Users/admin/surface-defect-train/results/chips/validation/crazing/crazing_278_bb02.png,/Users/admin/surface-defect-train/NEU-DET/validation/images/crazing/crazing_278.jpg,2,crazing,crazing,0.9907998442649841
vit_b_16,/Users/admin/surface-defect-train/results/chips/validation/crazing/crazing_278_bb03.png,/Users/admin/surface-defect-train/NEU-DET/validation/images/crazing/crazing_278.jpg,3,crazing,crazing,0.9953816533088684
vit_b_16,/Users/admin/surface-defect-train/results/chips/validation/crazing/crazing_279_bb00.png,/Users/admin/surface-defect-train/NEU-DET/validation/images/crazing/crazing_279.jpg,0,crazing,crazing,0.9888523817062378
vit_b_16,/Users/admin/surface-defect-train/results/chips/validation/crazing/crazing_279_bb01.png,/Users/admin/surface-defect-train/NEU-DET/validation/images/crazing/crazing_279.jpg,1,crazing,crazing,0.9958563446998596
vit_b_16,/Users/admin/surface-defect-train/results/chips/validation/crazing/crazing_280_bb00.png,/Users/admin/surface-defect-train/NEU-DET/validation/images/crazing/crazing_280.jpg,0,crazing,crazing,0.9743300080299377
vit_b_16,/Users/admin/surface-defect-train/results/chips/validation/crazing/crazing_281_bb00.png,/Users/admin/surface-defect-train/NEU-DET/validation/images/crazing/crazing_281.jpg,0,crazing,crazing,0.9885796904563904
vit_b_16,/Users/admin/surface-defect-train/results/chips/validation/crazing/crazing_281_bb01.png,/Users/admin/surface-defect-train/NEU-DET/validation/images/crazing/crazing_281.jpg,1,crazing,crazing,0.9943431615829468
vit_b_16,/Users/admin/surface-defect-train/results/chips/validation/crazing/crazing_282_bb00.png,/Users/admin/surface-defect-train/NEU-DET/validation/images/crazing/crazing_282.jpg,0,crazing,crazing,0.9894596338272095
vit_b_16,/Users/admin/surface-defect-train/results/chips/validation/crazing/crazing_282_bb01.png,/Users/admin/surface-defect-train/NEU-DET/validation/images/crazing/crazing_282.jpg,1,crazing,crazing,0.9944288730621338
vit_b_16,/Users/admin/surface-defect-train/results/chips/validation/crazing/crazing_283_bb00.png,/Users/admin/surface-defect-train/NEU-DET/validation/images/crazing/crazing_283.jpg,0,crazing,crazing,0.99349045753479
vit_b_16,/Users/admin/surface-defect-train/results/chips/validation/crazing/crazing_283_bb01.png,/Users/admin/surface-defect-train/NEU-DET/validation/images/crazing/crazing_283.jpg,1,crazing,crazing,0.9901859760284424
vit_b_16,/Users/admin/surface-defect-train/results/chips/validation/crazing/crazing_283_bb02.png,/Users/admin/surface-defect-train/NEU-DET/validation/images/crazing/crazing_283.jpg,2,crazing,crazing,0.9952090382575989
vit_b_16,/Users/admin/surface-defect-train/results/chips/validation/crazing/crazing_283_bb03.png,/Users/admin/surface-defect-train/NEU-DET/validation/images/crazing/crazing_283.jpg,3,crazing,crazing,0.9927160143852234
vit_b_16,/Users/admin/surface-defect-train/results/chips/validation/crazing/crazing_284_bb00.png,/Users/admin/surface-defect-train/NEU-DET/validation/images/crazing/crazing_284.jpg,0,crazing,crazing,0.9522536396980286
vit_b_16,/Users/admin/surface-defect-train/results/chips/validation/crazing/crazing_284_bb01.png,/Users/admin/surface-defect-train/NEU-DET/validation/images/crazing/crazing_284.jpg,1,crazing,crazing,0.9931220412254333
vit_b_16,/Users/admin/surface-defect-train/results/chips/validation/crazing/crazing_285_bb00.png,/Users/admin/surface-defect-train/NEU-DET/validation/images/crazing/crazing_285.jpg,0,crazing,crazing,0.9940155744552612
vit_b_16,/Users/admin/surface-defect-train/results/chips/validation/crazing/crazing_285_bb01.png,/Users/admin/surface-defect-train/NEU-DET/validation/images/crazing/crazing_285.jpg,1,crazing,crazing,0.9940265417098999
vit_b_16,/Users/admin/surface-defect-train/results/chips/validation/crazing/crazing_285_bb02.png,/Users/admin/surface-defect-train/NEU-DET/validation/images/crazing/crazing_285.jpg,2,crazing,crazing,0.9958617687225342
vit_b_16,/Users/admin/surface-defect-train/results/chips/validation/crazing/crazing_286_bb00.png,/Users/admin/surface-defect-train/NEU-DET/validation/images/crazing/crazing_286.jpg,0,crazing,crazing,0.9942337870597839
vit_b_16,/Users/admin/surface-defect-train/results/chips/validation/crazing/crazing_286_bb01.png,/Users/admin/surface-defect-train/NEU-DET/validation/images/crazing/crazing_286.jpg,1,crazing,crazing,0.9963706731796265
vit_b_16,/Users/admin/surface-defect-train/results/chips/validation/crazing/crazing_286_bb02.png,/Users/admin/surface-defect-train/NEU-DET/validation/images/crazing/crazing_286.jpg,2,crazing,crazing,0.9918615818023682
vit_b_16,/Users/admin/surface-defect-train/results/chips/validation/crazing/crazing_287_bb00.png,/Users/admin/surface-defect-train/NEU-DET/validation/images/crazing/crazing_287.jpg,0,crazing,crazing,0.9923194050788879
vit_b_16,/Users/admin/surface-defect-train/results/chips/validation/crazing/crazing_287_bb01.png,/Users/admin/surface-defect-train/NEU-DET/validation/images/crazing/crazing_287.jpg,1,crazing,crazing,0.9932714104652405
vit_b_16,/Users/admin/surface-defect-train/results/chips/validation/crazing/crazing_288_bb00.png,/Users/admin/surface-defect-train/NEU-DET/validation/images/crazing/crazing_288.jpg,0,crazing,crazing,0.986514151096344
vit_b_16,/Users/admin/surface-defect-train/results/chips/validation/crazing/crazing_288_bb01.png,/Users/admin/surface-defect-train/NEU-DET/validation/images/crazing/crazing_288.jpg,1,crazing,crazing,0.9906124472618103
vit_b_16,/Users/admin/surface-defect-train/results/chips/validation/crazing/crazing_289_bb00.png,/Users/admin/surface-defect-train/NEU-DET/validation/images/crazing/crazing_289.jpg,0,crazing,crazing,0.9951438903808594
vit_b_16,/Users/admin/surface-defect-train/results/chips/validation/crazing/crazing_290_bb00.png,/Users/admin/surface-defect-train/NEU-DET/validation/images/crazing/crazing_290.jpg,0,crazing,crazing,0.9926645159721375
vit_b_16,/Users/admin/surface-defect-train/results/chips/validation/crazing/crazing_290_bb01.png,/Users/admin/surface-defect-train/NEU-DET/validation/images/crazing/crazing_290.jpg,1,crazing,crazing,0.9804367423057556
vit_b_16,/Users/admin/surface-defect-train/results/chips/validation/crazing/crazing_290_bb02.png,/Users/admin/surface-defect-train/NEU-DET/validation/images/crazing/crazing_290.jpg,2,crazing,crazing,0.9900643229484558
vit_b_16,/Users/admin/surface-defect-train/results/chips/validation/crazing/crazing_291_bb00.png,/Users/admin/surface-defect-train/NEU-DET/validation/images/crazing/crazing_291.jpg,0,crazing,crazing,0.9923770427703857
vit_b_16,/Users/admin/surface-defect-train/results/chips/validation/crazing/crazing_291_bb01.png,/Users/admin/surface-defect-train/NEU-DET/validation/images/crazing/crazing_291.jpg,1,crazing,crazing,0.9917798638343811
vit_b_16,/Users/admin/surface-defect-train/results/chips/validation/crazing/crazing_291_bb02.png,/Users/admin/surface-defect-train/NEU-DET/validation/images/crazing/crazing_291.jpg,2,crazing,crazing,0.9945934414863586
vit_b_16,/Users/admin/surface-defect-train/results/chips/validation/crazing/crazing_292_bb00.png,/Users/admin/surface-defect-train/NEU-DET/validation/images/crazing/crazing_292.jpg,0,crazing,crazing,0.9948738217353821
vit_b_16,/Users/admin/surface-defect-train/results/chips/validation/crazing/crazing_292_bb01.png,/Users/admin/surface-defect-train/NEU-DET/validation/images/crazing/crazing_292.jpg,1,crazing,crazing,0.9768933653831482
vit_b_16,/Users/admin/surface-defect-train/results/chips/validation/crazing/crazing_292_bb02.png,/Users/admin/surface-defect-train/NEU-DET/validation/images/crazing/crazing_292.jpg,2,crazing,crazing,0.9951556921005249
vit_b_16,/Users/admin/surface-defect-train/results/chips/validation/crazing/crazing_293_bb00.png,/Users/admin/surface-defect-train/NEU-DET/validation/images/crazing/crazing_293.jpg,0,crazing,crazing,0.9958925247192383
vit_b_16,/Users/admin/surface-defect-train/results/chips/validation/crazing/crazing_293_bb01.png,/Users/admin/surface-defect-train/NEU-DET/validation/images/crazing/crazing_293.jpg,1,crazing,crazing,0.9962348341941833
vit_b_16,/Users/admin/surface-defect-train/results/chips/validation/crazing/crazing_293_bb02.png,/Users/admin/surface-defect-train/NEU-DET/validation/images/crazing/crazing_293.jpg,2,crazing,crazing,0.9968451261520386
vit_b_16,/Users/admin/surface-defect-train/results/chips/validation/crazing/crazing_294_bb00.png,/Users/admin/surface-defect-train/NEU-DET/validation/images/crazing/crazing_294.jpg,0,crazing,patches,0.6739597320556641
vit_b_16,/Users/admin/surface-defect-train/results/chips/validation/crazing/crazing_294_bb01.png,/Users/admin/surface-defect-train/NEU-DET/validation/images/crazing/crazing_294.jpg,1,crazing,crazing,0.9403098821640015
vit_b_16,/Users/admin/surface-defect-train/results/chips/validation/crazing/crazing_295_bb00.png,/Users/admin/surface-defect-train/NEU-DET/validation/images/crazing/crazing_295.jpg,0,crazing,crazing,0.9970276951789856
vit_b_16,/Users/admin/surface-defect-train/results/chips/validation/crazing/crazing_295_bb01.png,/Users/admin/surface-defect-train/NEU-DET/validation/images/crazing/crazing_295.jpg,1,crazing,crazing,0.9945563077926636
vit_b_16,/Users/admin/surface-defect-train/results/chips/validation/crazing/crazing_296_bb00.png,/Users/admin/surface-defect-train/NEU-DET/validation/images/crazing/crazing_296.jpg,0,crazing,crazing,0.9932730197906494
vit_b_16,/Users/admin/surface-defect-train/results/chips/validation/crazing/crazing_296_bb01.png,/Users/admin/surface-defect-train/NEU-DET/validation/images/crazing/crazing_296.jpg,1,crazing,crazing,0.9945513606071472
vit_b_16,/Users/admin/surface-defect-train/results/chips/validation/crazing/crazing_297_bb00.png,/Users/admin/surface-defect-train/NEU-DET/validation/images/crazing/crazing_297.jpg,0,crazing,crazing,0.9951938986778259
vit_b_16,/Users/admin/surface-defect-train/results/chips/validation/crazing/crazing_297_bb01.png,/Users/admin/surface-defect-train/NEU-DET/validation/images/crazing/crazing_297.jpg,1,crazing,crazing,0.9891530275344849
vit_b_16,/Users/admin/surface-defect-train/results/chips/validation/crazing/crazing_297_bb02.png,/Users/admin/surface-defect-train/NEU-DET/validation/images/crazing/crazing_297.jpg,2,crazing,crazing,0.9673361778259277
vit_b_16,/Users/admin/surface-defect-train/results/chips/validation/crazing/crazing_298_bb00.png,/Users/admin/surface-defect-train/NEU-DET/validation/images/crazing/crazing_298.jpg,0,crazing,crazing,0.9959121942520142
vit_b_16,/Users/admin/surface-defect-train/results/chips/validation/crazing/crazing_298_bb01.png,/Users/admin/surface-defect-train/NEU-DET/validation/images/crazing/crazing_298.jpg,1,crazing,crazing,0.9950239658355713
vit_b_16,/Users/admin/surface-defect-train/results/chips/validation/crazing/crazing_299_bb00.png,/Users/admin/surface-defect-train/NEU-DET/validation/images/crazing/crazing_299.jpg,0,crazing,crazing,0.9963237047195435
vit_b_16,/Users/admin/surface-defect-train/results/chips/validation/crazing/crazing_299_bb01.png,/Users/admin/surface-defect-train/NEU-DET/validation/images/crazing/crazing_299.jpg,1,crazing,crazing,0.9946235418319702
vit_b_16,/Users/admin/surface-defect-train/results/chips/validation/crazing/crazing_299_bb02.png,/Users/admin/surface-defect-train/NEU-DET/validation/images/crazing/crazing_299.jpg,2,crazing,crazing,0.9926767349243164
vit_b_16,/Users/admin/surface-defect-train/results/chips/validation/crazing/crazing_299_bb03.png,/Users/admin/surface-defect-train/NEU-DET/validation/images/crazing/crazing_299.jpg,3,crazing,crazing,0.9931892156600952
vit_b_16,/Users/admin/surface-defect-train/results/chips/validation/crazing/crazing_300_bb00.png,/Users/admin/surface-defect-train/NEU-DET/validation/images/crazing/crazing_300.jpg,0,crazing,crazing,0.9925330877304077
vit_b_16,/Users/admin/surface-defect-train/results/chips/validation/crazing/crazing_300_bb01.png,/Users/admin/surface-defect-train/NEU-DET/validation/images/crazing/crazing_300.jpg,1,crazing,crazing,0.993489146232605
vit_b_16,/Users/admin/surface-defect-train/results/chips/validation/crazing/crazing_300_bb02.png,/Users/admin/surface-defect-train/NEU-DET/validation/images/crazing/crazing_300.jpg,2,crazing,crazing,0.9926885962486267
vit_b_16,/Users/admin/surface-defect-train/results/chips/validation/inclusion/inclusion_241_bb00.png,/Users/admin/surface-defect-train/NEU-DET/validation/images/inclusion/inclusion_241.jpg,0,inclusion,pitted_surface,0.9154155254364014
vit_b_16,/Users/admin/surface-defect-train/results/chips/validation/inclusion/inclusion_241_bb01.png,/Users/admin/surface-defect-train/NEU-DET/validation/images/inclusion/inclusion_241.jpg,1,inclusion,pitted_surface,0.9281501173973083
vit_b_16,/Users/admin/surface-defect-train/results/chips/validation/inclusion/inclusion_242_bb00.png,/Users/admin/surface-defect-train/NEU-DET/validation/images/inclusion/inclusion_242.jpg,0,inclusion,pitted_surface,0.9278719425201416
vit_b_16,/Users/admin/surface-defect-train/results/chips/validation/inclusion/inclusion_242_bb01.png,/Users/admin/surface-defect-train/NEU-DET/validation/images/inclusion/inclusion_242.jpg,1,inclusion,pitted_surface,0.8852443099021912
vit_b_16,/Users/admin/surface-defect-train/results/chips/validation/inclusion/inclusion_243_bb00.png,/Users/admin/surface-defect-train/NEU-DET/validation/images/inclusion/inclusion_243.jpg,0,inclusion,pitted_surface,0.9295290112495422
vit_b_16,/Users/admin/surface-defect-train/results/chips/validation/inclusion/inclusion_243_bb01.png,/Users/admin/surface-defect-train/NEU-DET/validation/images/inclusion/inclusion_243.jpg,1,inclusion,pitted_surface,0.8665127754211426
vit_b_16,/Users/admin/surface-defect-train/results/chips/validation/inclusion/inclusion_243_bb02.png,/Users/admin/surface-defect-train/NEU-DET/validation/images/inclusion/inclusion_243.jpg,2,inclusion,pitted_surface,0.8517503142356873
vit_b_16,/Users/admin/surface-defect-train/results/chips/validation/inclusion/inclusion_244_bb00.png,/Users/admin/surface-defect-train/NEU-DET/validation/images/inclusion/inclusion_244.jpg,0,inclusion,pitted_surface,0.8482078909873962
vit_b_16,/Users/admin/surface-defect-train/results/chips/validation/inclusion/inclusion_244_bb01.png,/Users/admin/surface-defect-train/NEU-DET/validation/images/inclusion/inclusion_244.jpg,1,inclusion,pitted_surface,0.7825512290000916
vit_b_16,/Users/admin/surface-defect-train/results/chips/validation/inclusion/inclusion_244_bb02.png,/Users/admin/surface-defect-train/NEU-DET/validation/images/inclusion/inclusion_244.jpg,2,inclusion,scratches,0.4219662845134735
vit_b_16,/Users/admin/surface-defect-train/results/chips/validation/inclusion/inclusion_245_bb00.png,/Users/admin/surface-defect-train/NEU-DET/validation/images/inclusion/inclusion_245.jpg,0,inclusion,scratches,0.9378274083137512
vit_b_16,/Users/admin/surface-defect-train/results/chips/validation/inclusion/inclusion_246_bb00.png,/Users/admin/surface-defect-train/NEU-DET/validation/images/inclusion/inclusion_246.jpg,0,inclusion,pitted_surface,0.8500362038612366
vit_b_16,/Users/admin/surface-defect-train/results/chips/validation/inclusion/inclusion_246_bb01.png,/Users/admin/surface-defect-train/NEU-DET/validation/images/inclusion/inclusion_246.jpg,1,inclusion,scratches,0.8746720552444458
vit_b_16,/Users/admin/surface-defect-train/results/chips/validation/inclusion/inclusion_247_bb00.png,/Users/admin/surface-defect-train/NEU-DET/validation/images/inclusion/inclusion_247.jpg,0,inclusion,scratches,0.7291432619094849
vit_b_16,/Users/admin/surface-defect-train/results/chips/validation/inclusion/inclusion_248_bb00.png,/Users/admin/surface-defect-train/NEU-DET/validation/images/inclusion/inclusion_248.jpg,0,inclusion,pitted_surface,0.9341248273849487
vit_b_16,/Users/admin/surface-defect-train/results/chips/validation/inclusion/inclusion_248_bb01.png,/Users/admin/surface-defect-train/NEU-DET/validation/images/inclusion/inclusion_248.jpg,1,inclusion,pitted_surface,0.5144224166870117
vit_b_16,/Users/admin/surface-defect-train/results/chips/validation/inclusion/inclusion_249_bb00.png,/Users/admin/surface-defect-train/NEU-DET/validation/images/inclusion/inclusion_249.jpg,0,inclusion,pitted_surface,0.7862446308135986
vit_b_16,/Users/admin/surface-defect-train/results/chips/validation/inclusion/inclusion_249_bb01.png,/Users/admin/surface-defect-train/NEU-DET/validation/images/inclusion/inclusion_249.jpg,1,inclusion,pitted_surface,0.9098300933837891
vit_b_16,/Users/admin/surface-defect-train/results/chips/validation/inclusion/inclusion_250_bb00.png,/Users/admin/surface-defect-train/NEU-DET/validation/images/inclusion/inclusion_250.jpg,0,inclusion,pitted_surface,0.7557455897331238
vit_b_16,/Users/admin/surface-defect-train/results/chips/validation/inclusion/inclusion_251_bb00.png,/Users/admin/surface-defect-train/NEU-DET/validation/images/inclusion/inclusion_251.jpg,0,inclusion,pitted_surface,0.9322996735572815
vit_b_16,/Users/admin/surface-defect-train/results/chips/validation/inclusion/inclusion_252_bb00.png,/Users/admin/surface-defect-train/NEU-DET/validation/images/inclusion/inclusion_252.jpg,0,inclusion,scratches,0.8995320796966553
vit_b_16,/Users/admin/surface-defect-train/results/chips/validation/inclusion/inclusion_252_bb01.png,/Users/admin/surface-defect-train/NEU-DET/validation/images/inclusion/inclusion_252.jpg,1,inclusion,scratches,0.7579916715621948
vit_b_16,/Users/admin/surface-defect-train/results/chips/validation/inclusion/inclusion_253_bb00.png,/Users/admin/surface-defect-train/NEU-DET/validation/images/inclusion/inclusion_253.jpg,0,inclusion,scratches,0.4961972236633301
vit_b_16,/Users/admin/surface-defect-train/results/chips/validation/inclusion/inclusion_254_bb00.png,/Users/admin/surface-defect-train/NEU-DET/validation/images/inclusion/inclusion_254.jpg,0,inclusion,pitted_surface,0.7920429706573486
vit_b_16,/Users/admin/surface-defect-train/results/chips/validation/inclusion/inclusion_254_bb01.png,/Users/admin/surface-defect-train/NEU-DET/validation/images/inclusion/inclusion_254.jpg,1,inclusion,pitted_surface,0.8316298723220825
vit_b_16,/Users/admin/surface-defect-train/results/chips/validation/inclusion/inclusion_255_bb00.png,/Users/admin/surface-defect-train/NEU-DET/validation/images/inclusion/inclusion_255.jpg,0,inclusion,pitted_surface,0.8453710675239563
vit_b_16,/Users/admin/surface-defect-train/results/chips/validation/inclusion/inclusion_255_bb01.png,/Users/admin/surface-defect-train/NEU-DET/validation/images/inclusion/inclusion_255.jpg,1,inclusion,pitted_surface,0.8226786851882935
vit_b_16,/Users/admin/surface-defect-train/results/chips/validation/inclusion/inclusion_256_bb00.png,/Users/admin/surface-defect-train/NEU-DET/validation/images/inclusion/inclusion_256.jpg,0,inclusion,pitted_surface,0.8525857329368591
vit_b_16,/Users/admin/surface-defect-train/results/chips/validation/inclusion/inclusion_256_bb01.png,/Users/admin/surface-defect-train/NEU-DET/validation/images/inclusion/inclusion_256.jpg,1,inclusion,pitted_surface,0.8275743126869202
vit_b_16,/Users/admin/surface-defect-train/results/chips/validation/inclusion/inclusion_257_bb00.png,/Users/admin/surface-defect-train/NEU-DET/validation/images/inclusion/inclusion_257.jpg,0,inclusion,pitted_surface,0.6548689603805542
vit_b_16,/Users/admin/surface-defect-train/results/chips/validation/inclusion/inclusion_257_bb01.png,/Users/admin/surface-defect-train/NEU-DET/validation/images/inclusion/inclusion_257.jpg,1,inclusion,pitted_surface,0.4445539116859436
vit_b_16,/Users/admin/surface-defect-train/results/chips/validation/inclusion/inclusion_258_bb00.png,/Users/admin/surface-defect-train/NEU-DET/validation/images/inclusion/inclusion_258.jpg,0,inclusion,inclusion,0.7305462956428528
vit_b_16,/Users/admin/surface-defect-train/results/chips/validation/inclusion/inclusion_258_bb01.png,/Users/admin/surface-defect-train/NEU-DET/validation/images/inclusion/inclusion_258.jpg,1,inclusion,scratches,0.5611090660095215
vit_b_16,/Users/admin/surface-defect-train/results/chips/validation/inclusion/inclusion_259_bb00.png,/Users/admin/surface-defect-train/NEU-DET/validation/images/inclusion/inclusion_259.jpg,0,inclusion,scratches,0.9639779925346375
vit_b_16,/Users/admin/surface-defect-train/results/chips/validation/inclusion/inclusion_260_bb00.png,/Users/admin/surface-defect-train/NEU-DET/validation/images/inclusion/inclusion_260.jpg,0,inclusion,inclusion,0.6168263554573059
vit_b_16,/Users/admin/surface-defect-train/results/chips/validation/inclusion/inclusion_260_bb01.png,/Users/admin/surface-defect-train/NEU-DET/validation/images/inclusion/inclusion_260.jpg,1,inclusion,inclusion,0.821445882320404
vit_b_16,/Users/admin/surface-defect-train/results/chips/validation/inclusion/inclusion_261_bb00.png,/Users/admin/surface-defect-train/NEU-DET/validation/images/inclusion/inclusion_261.jpg,0,inclusion,inclusion,0.6415890455245972
vit_b_16,/Users/admin/surface-defect-train/results/chips/validation/inclusion/inclusion_261_bb01.png,/Users/admin/surface-defect-train/NEU-DET/validation/images/inclusion/inclusion_261.jpg,1,inclusion,inclusion,0.9010224342346191
vit_b_16,/Users/admin/surface-defect-train/results/chips/validation/inclusion/inclusion_262_bb00.png,/Users/admin/surface-defect-train/NEU-DET/validation/images/inclusion/inclusion_262.jpg,0,inclusion,inclusion,0.4939720630645752
vit_b_16,/Users/admin/surface-defect-train/results/chips/validation/inclusion/inclusion_262_bb01.png,/Users/admin/surface-defect-train/NEU-DET/validation/images/inclusion/inclusion_262.jpg,1,inclusion,inclusion,0.3879603147506714
vit_b_16,/Users/admin/surface-defect-train/results/chips/validation/inclusion/inclusion_262_bb02.png,/Users/admin/surface-defect-train/NEU-DET/validation/images/inclusion/inclusion_262.jpg,2,inclusion,inclusion,0.9908141493797302
vit_b_16,/Users/admin/surface-defect-train/results/chips/validation/inclusion/inclusion_263_bb00.png,/Users/admin/surface-defect-train/NEU-DET/validation/images/inclusion/inclusion_263.jpg,0,inclusion,inclusion,0.9552022218704224
vit_b_16,/Users/admin/surface-defect-train/results/chips/validation/inclusion/inclusion_263_bb01.png,/Users/admin/surface-defect-train/NEU-DET/validation/images/inclusion/inclusion_263.jpg,1,inclusion,inclusion,0.9940584897994995
vit_b_16,/Users/admin/surface-defect-train/results/chips/validation/inclusion/inclusion_264_bb00.png,/Users/admin/surface-defect-train/NEU-DET/validation/images/inclusion/inclusion_264.jpg,0,inclusion,inclusion,0.3309665620326996
vit_b_16,/Users/admin/surface-defect-train/results/chips/validation/inclusion/inclusion_264_bb01.png,/Users/admin/surface-defect-train/NEU-DET/validation/images/inclusion/inclusion_264.jpg,1,inclusion,scratches,0.963897705078125
vit_b_16,/Users/admin/surface-defect-train/results/chips/validation/inclusion/inclusion_264_bb02.png,/Users/admin/surface-defect-train/NEU-DET/validation/images/inclusion/inclusion_264.jpg,2,inclusion,inclusion,0.9048891067504883
vit_b_16,/Users/admin/surface-defect-train/results/chips/validation/inclusion/inclusion_264_bb03.png,/Users/admin/surface-defect-train/NEU-DET/validation/images/inclusion/inclusion_264.jpg,3,inclusion,inclusion,0.9620857238769531
vit_b_16,/Users/admin/surface-defect-train/results/chips/validation/inclusion/inclusion_265_bb00.png,/Users/admin/surface-defect-train/NEU-DET/validation/images/inclusion/inclusion_265.jpg,0,inclusion,inclusion,0.9755426049232483
vit_b_16,/Users/admin/surface-defect-train/results/chips/validation/inclusion/inclusion_265_bb01.png,/Users/admin/surface-defect-train/NEU-DET/validation/images/inclusion/inclusion_265.jpg,1,inclusion,inclusion,0.9436855912208557
vit_b_16,/Users/admin/surface-defect-train/results/chips/validation/inclusion/inclusion_265_bb02.png,/Users/admin/surface-defect-train/NEU-DET/validation/images/inclusion/inclusion_265.jpg,2,inclusion,scratches,0.9705190658569336
vit_b_16,/Users/admin/surface-defect-train/results/chips/validation/inclusion/inclusion_265_bb03.png,/Users/admin/surface-defect-train/NEU-DET/validation/images/inclusion/inclusion_265.jpg,3,inclusion,inclusion,0.9766699075698853
vit_b_16,/Users/admin/surface-defect-train/results/chips/validation/inclusion/inclusion_266_bb00.png,/Users/admin/surface-defect-train/NEU-DET/validation/images/inclusion/inclusion_266.jpg,0,inclusion,inclusion,0.7517461180686951
vit_b_16,/Users/admin/surface-defect-train/results/chips/validation/inclusion/inclusion_266_bb01.png,/Users/admin/surface-defect-train/NEU-DET/validation/images/inclusion/inclusion_266.jpg,1,inclusion,scratches,0.6979799866676331
vit_b_16,/Users/admin/surface-defect-train/results/chips/validation/inclusion/inclusion_266_bb02.png,/Users/admin/surface-defect-train/NEU-DET/validation/images/inclusion/inclusion_266.jpg,2,inclusion,inclusion,0.953059196472168
vit_b_16,/Users/admin/surface-defect-train/results/chips/validation/inclusion/inclusion_267_bb00.png,/Users/admin/surface-defect-train/NEU-DET/validation/images/inclusion/inclusion_267.jpg,0,inclusion,inclusion,0.9811011552810669
vit_b_16,/Users/admin/surface-defect-train/results/chips/validation/inclusion/inclusion_267_bb01.png,/Users/admin/surface-defect-train/NEU-DET/validation/images/inclusion/inclusion_267.jpg,1,inclusion,inclusion,0.9617488384246826
vit_b_16,/Users/admin/surface-defect-train/results/chips/validation/inclusion/inclusion_267_bb02.png,/Users/admin/surface-defect-train/NEU-DET/validation/images/inclusion/inclusion_267.jpg,2,inclusion,inclusion,0.9898630380630493
vit_b_16,/Users/admin/surface-defect-train/results/chips/validation/inclusion/inclusion_268_bb00.png,/Users/admin/surface-defect-train/NEU-DET/validation/images/inclusion/inclusion_268.jpg,0,inclusion,scratches,0.6414647102355957
vit_b_16,/Users/admin/surface-defect-train/results/chips/validation/inclusion/inclusion_269_bb00.png,/Users/admin/surface-defect-train/NEU-DET/validation/images/inclusion/inclusion_269.jpg,0,inclusion,inclusion,0.7121479511260986
vit_b_16,/Users/admin/surface-defect-train/results/chips/validation/inclusion/inclusion_269_bb01.png,/Users/admin/surface-defect-train/NEU-DET/validation/images/inclusion/inclusion_269.jpg,1,inclusion,inclusion,0.8390823006629944
vit_b_16,/Users/admin/surface-defect-train/results/chips/validation/inclusion/inclusion_269_bb02.png,/Users/admin/surface-defect-train/NEU-DET/validation/images/inclusion/inclusion_269.jpg,2,inclusion,scratches,0.5381914973258972
vit_b_16,/Users/admin/surface-defect-train/results/chips/validation/inclusion/inclusion_270_bb00.png,/Users/admin/surface-defect-train/NEU-DET/validation/images/inclusion/inclusion_270.jpg,0,inclusion,inclusion,0.9203147292137146
vit_b_16,/Users/admin/surface-defect-train/results/chips/validation/inclusion/inclusion_271_bb00.png,/Users/admin/surface-defect-train/NEU-DET/validation/images/inclusion/inclusion_271.jpg,0,inclusion,scratches,0.5501255989074707
vit_b_16,/Users/admin/surface-defect-train/results/chips/validation/inclusion/inclusion_271_bb01.png,/Users/admin/surface-defect-train/NEU-DET/validation/images/inclusion/inclusion_271.jpg,1,inclusion,inclusion,0.8311905860900879
vit_b_16,/Users/admin/surface-defect-train/results/chips/validation/inclusion/inclusion_271_bb02.png,/Users/admin/surface-defect-train/NEU-DET/validation/images/inclusion/inclusion_271.jpg,2,inclusion,inclusion,0.631044328212738
vit_b_16,/Users/admin/surface-defect-train/results/chips/validation/inclusion/inclusion_272_bb00.png,/Users/admin/surface-defect-train/NEU-DET/validation/images/inclusion/inclusion_272.jpg,0,inclusion,inclusion,0.9718844890594482
vit_b_16,/Users/admin/surface-defect-train/results/chips/validation/inclusion/inclusion_272_bb01.png,/Users/admin/surface-defect-train/NEU-DET/validation/images/inclusion/inclusion_272.jpg,1,inclusion,inclusion,0.9911105632781982
vit_b_16,/Users/admin/surface-defect-train/results/chips/validation/inclusion/inclusion_272_bb02.png,/Users/admin/surface-defect-train/NEU-DET/validation/images/inclusion/inclusion_272.jpg,2,inclusion,inclusion,0.9902708530426025
vit_b_16,/Users/admin/surface-defect-train/results/chips/validation/inclusion/inclusion_273_bb00.png,/Users/admin/surface-defect-train/NEU-DET/validation/images/inclusion/inclusion_273.jpg,0,inclusion,inclusion,0.980171799659729
vit_b_16,/Users/admin/surface-defect-train/results/chips/validation/inclusion/inclusion_273_bb01.png,/Users/admin/surface-defect-train/NEU-DET/validation/images/inclusion/inclusion_273.jpg,1,inclusion,inclusion,0.9873113632202148
vit_b_16,/Users/admin/surface-defect-train/results/chips/validation/inclusion/inclusion_274_bb00.png,/Users/admin/surface-defect-train/NEU-DET/validation/images/inclusion/inclusion_274.jpg,0,inclusion,inclusion,0.6868786215782166
vit_b_16,/Users/admin/surface-defect-train/results/chips/validation/inclusion/inclusion_274_bb01.png,/Users/admin/surface-defect-train/NEU-DET/validation/images/inclusion/inclusion_274.jpg,1,inclusion,inclusion,0.9262986779212952
vit_b_16,/Users/admin/surface-defect-train/results/chips/validation/inclusion/inclusion_274_bb02.png,/Users/admin/surface-defect-train/NEU-DET/validation/images/inclusion/inclusion_274.jpg,2,inclusion,inclusion,0.9635497331619263
vit_b_16,/Users/admin/surface-defect-train/results/chips/validation/inclusion/inclusion_274_bb03.png,/Users/admin/surface-defect-train/NEU-DET/validation/images/inclusion/inclusion_274.jpg,3,inclusion,inclusion,0.6815515756607056
vit_b_16,/Users/admin/surface-defect-train/results/chips/validation/inclusion/inclusion_275_bb00.png,/Users/admin/surface-defect-train/NEU-DET/validation/images/inclusion/inclusion_275.jpg,0,inclusion,inclusion,0.993148148059845
vit_b_16,/Users/admin/surface-defect-train/results/chips/validation/inclusion/inclusion_275_bb01.png,/Users/admin/surface-defect-train/NEU-DET/validation/images/inclusion/inclusion_275.jpg,1,inclusion,inclusion,0.870642900466919
vit_b_16,/Users/admin/surface-defect-train/results/chips/validation/inclusion/inclusion_275_bb02.png,/Users/admin/surface-defect-train/NEU-DET/validation/images/inclusion/inclusion_275.jpg,2,inclusion,inclusion,0.8961037397384644
vit_b_16,/Users/admin/surface-defect-train/results/chips/validation/inclusion/inclusion_275_bb03.png,/Users/admin/surface-defect-train/NEU-DET/validation/images/inclusion/inclusion_275.jpg,3,inclusion,inclusion,0.8848370909690857
vit_b_16,/Users/admin/surface-defect-train/results/chips/validation/inclusion/inclusion_275_bb04.png,/Users/admin/surface-defect-train/NEU-DET/validation/images/inclusion/inclusion_275.jpg,4,inclusion,inclusion,0.9919135570526123
vit_b_16,/Users/admin/surface-defect-train/results/chips/validation/inclusion/inclusion_275_bb05.png,/Users/admin/surface-defect-train/NEU-DET/validation/images/inclusion/inclusion_275.jpg,5,inclusion,inclusion,0.905849277973175
vit_b_16,/Users/admin/surface-defect-train/results/chips/validation/inclusion/inclusion_276_bb00.png,/Users/admin/surface-defect-train/NEU-DET/validation/images/inclusion/inclusion_276.jpg,0,inclusion,scratches,0.9484717845916748
vit_b_16,/Users/admin/surface-defect-train/results/chips/validation/inclusion/inclusion_276_bb01.png,/Users/admin/surface-defect-train/NEU-DET/validation/images/inclusion/inclusion_276.jpg,1,inclusion,inclusion,0.9570184946060181
vit_b_16,/Users/admin/surface-defect-train/results/chips/validation/inclusion/inclusion_277_bb00.png,/Users/admin/surface-defect-train/NEU-DET/validation/images/inclusion/inclusion_277.jpg,0,inclusion,scratches,0.36397942900657654
vit_b_16,/Users/admin/surface-defect-train/results/chips/validation/inclusion/inclusion_278_bb00.png,/Users/admin/surface-defect-train/NEU-DET/validation/images/inclusion/inclusion_278.jpg,0,inclusion,inclusion,0.9958147406578064
vit_b_16,/Users/admin/surface-defect-train/results/chips/validation/inclusion/inclusion_278_bb01.png,/Users/admin/surface-defect-train/NEU-DET/validation/images/inclusion/inclusion_278.jpg,1,inclusion,inclusion,0.5805326700210571
vit_b_16,/Users/admin/surface-defect-train/results/chips/validation/inclusion/inclusion_278_bb02.png,/Users/admin/surface-defect-train/NEU-DET/validation/images/inclusion/inclusion_278.jpg,2,inclusion,inclusion,0.9874162077903748
vit_b_16,/Users/admin/surface-defect-train/results/chips/validation/inclusion/inclusion_279_bb00.png,/Users/admin/surface-defect-train/NEU-DET/validation/images/inclusion/inclusion_279.jpg,0,inclusion,inclusion,0.9880090951919556
vit_b_16,/Users/admin/surface-defect-train/results/chips/validation/inclusion/inclusion_279_bb01.png,/Users/admin/surface-defect-train/NEU-DET/validation/images/inclusion/inclusion_279.jpg,1,inclusion,inclusion,0.7094022631645203
vit_b_16,/Users/admin/surface-defect-train/results/chips/validation/inclusion/inclusion_280_bb00.png,/Users/admin/surface-defect-train/NEU-DET/validation/images/inclusion/inclusion_280.jpg,0,inclusion,scratches,0.7046117186546326
vit_b_16,/Users/admin/surface-defect-train/results/chips/validation/inclusion/inclusion_280_bb01.png,/Users/admin/surface-defect-train/NEU-DET/validation/images/inclusion/inclusion_280.jpg,1,inclusion,inclusion,0.9190811514854431
vit_b_16,/Users/admin/surface-defect-train/results/chips/validation/inclusion/inclusion_281_bb00.png,/Users/admin/surface-defect-train/NEU-DET/validation/images/inclusion/inclusion_281.jpg,0,inclusion,inclusion,0.9746329188346863
vit_b_16,/Users/admin/surface-defect-train/results/chips/validation/inclusion/inclusion_281_bb01.png,/Users/admin/surface-defect-train/NEU-DET/validation/images/inclusion/inclusion_281.jpg,1,inclusion,inclusion,0.8835243582725525
vit_b_16,/Users/admin/surface-defect-train/results/chips/validation/inclusion/inclusion_282_bb00.png,/Users/admin/surface-defect-train/NEU-DET/validation/images/inclusion/inclusion_282.jpg,0,inclusion,inclusion,0.9682300686836243
vit_b_16,/Users/admin/surface-defect-train/results/chips/validation/inclusion/inclusion_282_bb01.png,/Users/admin/surface-defect-train/NEU-DET/validation/images/inclusion/inclusion_282.jpg,1,inclusion,inclusion,0.9757025837898254
vit_b_16,/Users/admin/surface-defect-train/results/chips/validation/inclusion/inclusion_283_bb00.png,/Users/admin/surface-defect-train/NEU-DET/validation/images/inclusion/inclusion_283.jpg,0,inclusion,pitted_surface,0.48456764221191406
vit_b_16,/Users/admin/surface-defect-train/results/chips/validation/inclusion/inclusion_284_bb00.png,/Users/admin/surface-defect-train/NEU-DET/validation/images/inclusion/inclusion_284.jpg,0,inclusion,inclusion,0.9375051856040955
vit_b_16,/Users/admin/surface-defect-train/results/chips/validation/inclusion/inclusion_284_bb01.png,/Users/admin/surface-defect-train/NEU-DET/validation/images/inclusion/inclusion_284.jpg,1,inclusion,inclusion,0.9680864810943604
vit_b_16,/Users/admin/surface-defect-train/results/chips/validation/inclusion/inclusion_284_bb02.png,/Users/admin/surface-defect-train/NEU-DET/validation/images/inclusion/inclusion_284.jpg,2,inclusion,scratches,0.9282156825065613
vit_b_16,/Users/admin/surface-defect-train/results/chips/validation/inclusion/inclusion_285_bb00.png,/Users/admin/surface-defect-train/NEU-DET/validation/images/inclusion/inclusion_285.jpg,0,inclusion,scratches,0.7857048511505127
vit_b_16,/Users/admin/surface-defect-train/results/chips/validation/inclusion/inclusion_286_bb00.png,/Users/admin/surface-defect-train/NEU-DET/validation/images/inclusion/inclusion_286.jpg,0,inclusion,inclusion,0.9803697466850281
vit_b_16,/Users/admin/surface-defect-train/results/chips/validation/inclusion/inclusion_286_bb01.png,/Users/admin/surface-defect-train/NEU-DET/validation/images/inclusion/inclusion_286.jpg,1,inclusion,inclusion,0.6996588706970215
vit_b_16,/Users/admin/surface-defect-train/results/chips/validation/inclusion/inclusion_287_bb00.png,/Users/admin/surface-defect-train/NEU-DET/validation/images/inclusion/inclusion_287.jpg,0,inclusion,inclusion,0.9677817225456238
vit_b_16,/Users/admin/surface-defect-train/results/chips/validation/inclusion/inclusion_287_bb01.png,/Users/admin/surface-defect-train/NEU-DET/validation/images/inclusion/inclusion_287.jpg,1,inclusion,inclusion,0.9776996374130249
vit_b_16,/Users/admin/surface-defect-train/results/chips/validation/inclusion/inclusion_287_bb02.png,/Users/admin/surface-defect-train/NEU-DET/validation/images/inclusion/inclusion_287.jpg,2,inclusion,inclusion,0.9264266490936279
vit_b_16,/Users/admin/surface-defect-train/results/chips/validation/inclusion/inclusion_287_bb03.png,/Users/admin/surface-defect-train/NEU-DET/validation/images/inclusion/inclusion_287.jpg,3,inclusion,inclusion,0.8162872195243835
vit_b_16,/Users/admin/surface-defect-train/results/chips/validation/inclusion/inclusion_287_bb04.png,/Users/admin/surface-defect-train/NEU-DET/validation/images/inclusion/inclusion_287.jpg,4,inclusion,inclusion,0.6203746795654297
vit_b_16,/Users/admin/surface-defect-train/results/chips/validation/inclusion/inclusion_287_bb05.png,/Users/admin/surface-defect-train/NEU-DET/validation/images/inclusion/inclusion_287.jpg,5,inclusion,inclusion,0.9116370677947998
vit_b_16,/Users/admin/surface-defect-train/results/chips/validation/inclusion/inclusion_287_bb06.png,/Users/admin/surface-defect-train/NEU-DET/validation/images/inclusion/inclusion_287.jpg,6,inclusion,inclusion,0.9266729950904846
vit_b_16,/Users/admin/surface-defect-train/results/chips/validation/inclusion/inclusion_287_bb07.png,/Users/admin/surface-defect-train/NEU-DET/validation/images/inclusion/inclusion_287.jpg,7,inclusion,inclusion,0.9909777641296387
vit_b_16,/Users/admin/surface-defect-train/results/chips/validation/inclusion/inclusion_288_bb00.png,/Users/admin/surface-defect-train/NEU-DET/validation/images/inclusion/inclusion_288.jpg,0,inclusion,scratches,0.6681901216506958
vit_b_16,/Users/admin/surface-defect-train/results/chips/validation/inclusion/inclusion_288_bb01.png,/Users/admin/surface-defect-train/NEU-DET/validation/images/inclusion/inclusion_288.jpg,1,inclusion,inclusion,0.5769143104553223
vit_b_16,/Users/admin/surface-defect-train/results/chips/validation/inclusion/inclusion_289_bb00.png,/Users/admin/surface-defect-train/NEU-DET/validation/images/inclusion/inclusion_289.jpg,0,inclusion,inclusion,0.8203805685043335
vit_b_16,/Users/admin/surface-defect-train/results/chips/validation/inclusion/inclusion_289_bb01.png,/Users/admin/surface-defect-train/NEU-DET/validation/images/inclusion/inclusion_289.jpg,1,inclusion,inclusion,0.9396080374717712
vit_b_16,/Users/admin/surface-defect-train/results/chips/validation/inclusion/inclusion_289_bb02.png,/Users/admin/surface-defect-train/NEU-DET/validation/images/inclusion/inclusion_289.jpg,2,inclusion,scratches,0.6608489751815796
vit_b_16,/Users/admin/surface-defect-train/results/chips/validation/inclusion/inclusion_289_bb03.png,/Users/admin/surface-defect-train/NEU-DET/validation/images/inclusion/inclusion_289.jpg,3,inclusion,inclusion,0.9775373935699463
vit_b_16,/Users/admin/surface-defect-train/results/chips/validation/inclusion/inclusion_290_bb00.png,/Users/admin/surface-defect-train/NEU-DET/validation/images/inclusion/inclusion_290.jpg,0,inclusion,inclusion,0.6756362915039062
vit_b_16,/Users/admin/surface-defect-train/results/chips/validation/inclusion/inclusion_291_bb00.png,/Users/admin/surface-defect-train/NEU-DET/validation/images/inclusion/inclusion_291.jpg,0,inclusion,inclusion,0.9562260508537292
vit_b_16,/Users/admin/surface-defect-train/results/chips/validation/inclusion/inclusion_291_bb01.png,/Users/admin/surface-defect-train/NEU-DET/validation/images/inclusion/inclusion_291.jpg,1,inclusion,inclusion,0.43090319633483887
vit_b_16,/Users/admin/surface-defect-train/results/chips/validation/inclusion/inclusion_291_bb02.png,/Users/admin/surface-defect-train/NEU-DET/validation/images/inclusion/inclusion_291.jpg,2,inclusion,inclusion,0.9373360872268677
vit_b_16,/Users/admin/surface-defect-train/results/chips/validation/inclusion/inclusion_291_bb03.png,/Users/admin/surface-defect-train/NEU-DET/validation/images/inclusion/inclusion_291.jpg,3,inclusion,inclusion,0.6832868456840515
vit_b_16,/Users/admin/surface-defect-train/results/chips/validation/inclusion/inclusion_292_bb00.png,/Users/admin/surface-defect-train/NEU-DET/validation/images/inclusion/inclusion_292.jpg,0,inclusion,inclusion,0.8254572749137878
vit_b_16,/Users/admin/surface-defect-train/results/chips/validation/inclusion/inclusion_292_bb01.png,/Users/admin/surface-defect-train/NEU-DET/validation/images/inclusion/inclusion_292.jpg,1,inclusion,inclusion,0.5556491613388062
vit_b_16,/Users/admin/surface-defect-train/results/chips/validation/inclusion/inclusion_292_bb02.png,/Users/admin/surface-defect-train/NEU-DET/validation/images/inclusion/inclusion_292.jpg,2,inclusion,inclusion,0.9738177061080933
vit_b_16,/Users/admin/surface-defect-train/results/chips/validation/inclusion/inclusion_292_bb03.png,/Users/admin/surface-defect-train/NEU-DET/validation/images/inclusion/inclusion_292.jpg,3,inclusion,inclusion,0.8236808776855469
vit_b_16,/Users/admin/surface-defect-train/results/chips/validation/inclusion/inclusion_292_bb04.png,/Users/admin/surface-defect-train/NEU-DET/validation/images/inclusion/inclusion_292.jpg,4,inclusion,inclusion,0.8535622954368591
vit_b_16,/Users/admin/surface-defect-train/results/chips/validation/inclusion/inclusion_292_bb05.png,/Users/admin/surface-defect-train/NEU-DET/validation/images/inclusion/inclusion_292.jpg,5,inclusion,inclusion,0.9689543843269348
vit_b_16,/Users/admin/surface-defect-train/results/chips/validation/inclusion/inclusion_292_bb06.png,/Users/admin/surface-defect-train/NEU-DET/validation/images/inclusion/inclusion_292.jpg,6,inclusion,inclusion,0.9808416366577148
vit_b_16,/Users/admin/surface-defect-train/results/chips/validation/inclusion/inclusion_293_bb00.png,/Users/admin/surface-defect-train/NEU-DET/validation/images/inclusion/inclusion_293.jpg,0,inclusion,inclusion,0.5803744196891785
vit_b_16,/Users/admin/surface-defect-train/results/chips/validation/inclusion/inclusion_293_bb01.png,/Users/admin/surface-defect-train/NEU-DET/validation/images/inclusion/inclusion_293.jpg,1,inclusion,pitted_surface,0.3874973654747009
vit_b_16,/Users/admin/surface-defect-train/results/chips/validation/inclusion/inclusion_293_bb02.png,/Users/admin/surface-defect-train/NEU-DET/validation/images/inclusion/inclusion_293.jpg,2,inclusion,inclusion,0.9875263571739197
vit_b_16,/Users/admin/surface-defect-train/results/chips/validation/inclusion/inclusion_294_bb00.png,/Users/admin/surface-defect-train/NEU-DET/validation/images/inclusion/inclusion_294.jpg,0,inclusion,inclusion,0.9346672892570496
vit_b_16,/Users/admin/surface-defect-train/results/chips/validation/inclusion/inclusion_294_bb01.png,/Users/admin/surface-defect-train/NEU-DET/validation/images/inclusion/inclusion_294.jpg,1,inclusion,inclusion,0.8935397863388062
vit_b_16,/Users/admin/surface-defect-train/results/chips/validation/inclusion/inclusion_295_bb00.png,/Users/admin/surface-defect-train/NEU-DET/validation/images/inclusion/inclusion_295.jpg,0,inclusion,inclusion,0.7049365639686584
vit_b_16,/Users/admin/surface-defect-train/results/chips/validation/inclusion/inclusion_295_bb01.png,/Users/admin/surface-defect-train/NEU-DET/validation/images/inclusion/inclusion_295.jpg,1,inclusion,inclusion,0.91538405418396
vit_b_16,/Users/admin/surface-defect-train/results/chips/validation/inclusion/inclusion_296_bb00.png,/Users/admin/surface-defect-train/NEU-DET/validation/images/inclusion/inclusion_296.jpg,0,inclusion,scratches,0.6686971187591553
vit_b_16,/Users/admin/surface-defect-train/results/chips/validation/inclusion/inclusion_296_bb01.png,/Users/admin/surface-defect-train/NEU-DET/validation/images/inclusion/inclusion_296.jpg,1,inclusion,inclusion,0.6865599155426025
vit_b_16,/Users/admin/surface-defect-train/results/chips/validation/inclusion/inclusion_297_bb00.png,/Users/admin/surface-defect-train/NEU-DET/validation/images/inclusion/inclusion_297.jpg,0,inclusion,pitted_surface,0.7901121973991394
vit_b_16,/Users/admin/surface-defect-train/results/chips/validation/inclusion/inclusion_298_bb00.png,/Users/admin/surface-defect-train/NEU-DET/validation/images/inclusion/inclusion_298.jpg,0,inclusion,pitted_surface,0.5044694542884827
vit_b_16,/Users/admin/surface-defect-train/results/chips/validation/inclusion/inclusion_298_bb01.png,/Users/admin/surface-defect-train/NEU-DET/validation/images/inclusion/inclusion_298.jpg,1,inclusion,inclusion,0.7779994606971741
vit_b_16,/Users/admin/surface-defect-train/results/chips/validation/inclusion/inclusion_298_bb02.png,/Users/admin/surface-defect-train/NEU-DET/validation/images/inclusion/inclusion_298.jpg,2,inclusion,pitted_surface,0.8482413291931152
vit_b_16,/Users/admin/surface-defect-train/results/chips/validation/inclusion/inclusion_298_bb03.png,/Users/admin/surface-defect-train/NEU-DET/validation/images/inclusion/inclusion_298.jpg,3,inclusion,pitted_surface,0.5211305022239685
vit_b_16,/Users/admin/surface-defect-train/results/chips/validation/inclusion/inclusion_298_bb04.png,/Users/admin/surface-defect-train/NEU-DET/validation/images/inclusion/inclusion_298.jpg,4,inclusion,pitted_surface,0.6909336447715759
vit_b_16,/Users/admin/surface-defect-train/results/chips/validation/inclusion/inclusion_299_bb00.png,/Users/admin/surface-defect-train/NEU-DET/validation/images/inclusion/inclusion_299.jpg,0,inclusion,pitted_surface,0.8633805513381958
vit_b_16,/Users/admin/surface-defect-train/results/chips/validation/inclusion/inclusion_299_bb01.png,/Users/admin/surface-defect-train/NEU-DET/validation/images/inclusion/inclusion_299.jpg,1,inclusion,inclusion,0.48278698325157166
vit_b_16,/Users/admin/surface-defect-train/results/chips/validation/inclusion/inclusion_300_bb00.png,/Users/admin/surface-defect-train/NEU-DET/validation/images/inclusion/inclusion_300.jpg,0,inclusion,inclusion,0.937818169593811
vit_b_16,/Users/admin/surface-defect-train/results/chips/validation/inclusion/inclusion_300_bb01.png,/Users/admin/surface-defect-train/NEU-DET/validation/images/inclusion/inclusion_300.jpg,1,inclusion,pitted_surface,0.7098182439804077
vit_b_16,/Users/admin/surface-defect-train/results/chips/validation/inclusion/inclusion_300_bb02.png,/Users/admin/surface-defect-train/NEU-DET/validation/images/inclusion/inclusion_300.jpg,2,inclusion,inclusion,0.7423664927482605
vit_b_16,/Users/admin/surface-defect-train/results/chips/validation/inclusion/patches_245_bb06.png,/Users/admin/surface-defect-train/NEU-DET/validation/images/patches/patches_245.jpg,6,inclusion,inclusion,0.9674056172370911
vit_b_16,/Users/admin/surface-defect-train/results/chips/validation/inclusion/patches_249_bb02.png,/Users/admin/surface-defect-train/NEU-DET/validation/images/patches/patches_249.jpg,2,inclusion,inclusion,0.9719946980476379
vit_b_16,/Users/admin/surface-defect-train/results/chips/validation/inclusion/patches_259_bb03.png,/Users/admin/surface-defect-train/NEU-DET/validation/images/patches/patches_259.jpg,3,inclusion,patches,0.85331130027771
vit_b_16,/Users/admin/surface-defect-train/results/chips/validation/inclusion/patches_259_bb04.png,/Users/admin/surface-defect-train/NEU-DET/validation/images/patches/patches_259.jpg,4,inclusion,inclusion,0.9781526923179626
vit_b_16,/Users/admin/surface-defect-train/results/chips/validation/inclusion/patches_260_bb01.png,/Users/admin/surface-defect-train/NEU-DET/validation/images/patches/patches_260.jpg,1,inclusion,crazing,0.874690055847168
vit_b_16,/Users/admin/surface-defect-train/results/chips/validation/inclusion/patches_265_bb03.png,/Users/admin/surface-defect-train/NEU-DET/validation/images/patches/patches_265.jpg,3,inclusion,patches,0.7623328566551208
vit_b_16,/Users/admin/surface-defect-train/results/chips/validation/inclusion/patches_274_bb01.png,/Users/admin/surface-defect-train/NEU-DET/validation/images/patches/patches_274.jpg,1,inclusion,patches,0.5365309715270996
vit_b_16,/Users/admin/surface-defect-train/results/chips/validation/inclusion/pitted_surface_279_bb01.png,/Users/admin/surface-defect-train/NEU-DET/validation/images/pitted_surface/pitted_surface_279.jpg,1,inclusion,scratches,0.45595455169677734
vit_b_16,/Users/admin/surface-defect-train/results/chips/validation/inclusion/pitted_surface_281_bb01.png,/Users/admin/surface-defect-train/NEU-DET/validation/images/pitted_surface/pitted_surface_281.jpg,1,inclusion,scratches,0.8692724704742432
vit_b_16,/Users/admin/surface-defect-train/results/chips/validation/inclusion/scratches_242_bb02.png,/Users/admin/surface-defect-train/NEU-DET/validation/images/scratches/scratches_242.jpg,2,inclusion,scratches,0.955293595790863
vit_b_16,/Users/admin/surface-defect-train/results/chips/validation/inclusion/scratches_244_bb03.png,/Users/admin/surface-defect-train/NEU-DET/validation/images/scratches/scratches_244.jpg,3,inclusion,scratches,0.7858760356903076
vit_b_16,/Users/admin/surface-defect-train/results/chips/validation/inclusion/scratches_290_bb02.png,/Users/admin/surface-defect-train/NEU-DET/validation/images/scratches/scratches_290.jpg,2,inclusion,pitted_surface,0.5326896905899048
vit_b_16,/Users/admin/surface-defect-train/results/chips/validation/patches/patches_241_bb00.png,/Users/admin/surface-defect-train/NEU-DET/validation/images/patches/patches_241.jpg,0,patches,patches,0.979762852191925
vit_b_16,/Users/admin/surface-defect-train/results/chips/validation/patches/patches_242_bb00.png,/Users/admin/surface-defect-train/NEU-DET/validation/images/patches/patches_242.jpg,0,patches,patches,0.9930292963981628
vit_b_16,/Users/admin/surface-defect-train/results/chips/validation/patches/patches_242_bb01.png,/Users/admin/surface-defect-train/NEU-DET/validation/images/patches/patches_242.jpg,1,patches,patches,0.9820485711097717
vit_b_16,/Users/admin/surface-defect-train/results/chips/validation/patches/patches_242_bb02.png,/Users/admin/surface-defect-train/NEU-DET/validation/images/patches/patches_242.jpg,2,patches,patches,0.992866039276123
vit_b_16,/Users/admin/surface-defect-train/results/chips/validation/patches/patches_243_bb00.png,/Users/admin/surface-defect-train/NEU-DET/validation/images/patches/patches_243.jpg,0,patches,patches,0.993403971195221
vit_b_16,/Users/admin/surface-defect-train/results/chips/validation/patches/patches_243_bb01.png,/Users/admin/surface-defect-train/NEU-DET/validation/images/patches/patches_243.jpg,1,patches,patches,0.9943870306015015
vit_b_16,/Users/admin/surface-defect-train/results/chips/validation/patches/patches_243_bb02.png,/Users/admin/surface-defect-train/NEU-DET/validation/images/patches/patches_243.jpg,2,patches,patches,0.99406898021698
vit_b_16,/Users/admin/surface-defect-train/results/chips/validation/patches/patches_243_bb03.png,/Users/admin/surface-defect-train/NEU-DET/validation/images/patches/patches_243.jpg,3,patches,patches,0.9387252330780029
vit_b_16,/Users/admin/surface-defect-train/results/chips/validation/patches/patches_243_bb04.png,/Users/admin/surface-defect-train/NEU-DET/validation/images/patches/patches_243.jpg,4,patches,patches,0.9946873188018799
vit_b_16,/Users/admin/surface-defect-train/results/chips/validation/patches/patches_244_bb00.png,/Users/admin/surface-defect-train/NEU-DET/validation/images/patches/patches_244.jpg,0,patches,patches,0.8011635541915894
vit_b_16,/Users/admin/surface-defect-train/results/chips/validation/patches/patches_244_bb01.png,/Users/admin/surface-defect-train/NEU-DET/validation/images/patches/patches_244.jpg,1,patches,patches,0.9746212363243103
vit_b_16,/Users/admin/surface-defect-train/results/chips/validation/patches/patches_245_bb00.png,/Users/admin/surface-defect-train/NEU-DET/validation/images/patches/patches_245.jpg,0,patches,patches,0.9846341013908386
vit_b_16,/Users/admin/surface-defect-train/results/chips/validation/patches/patches_245_bb01.png,/Users/admin/surface-defect-train/NEU-DET/validation/images/patches/patches_245.jpg,1,patches,patches,0.9704276919364929
vit_b_16,/Users/admin/surface-defect-train/results/chips/validation/patches/patches_245_bb02.png,/Users/admin/surface-defect-train/NEU-DET/validation/images/patches/patches_245.jpg,2,patches,patches,0.9804375767707825
vit_b_16,/Users/admin/surface-defect-train/results/chips/validation/patches/patches_245_bb03.png,/Users/admin/surface-defect-train/NEU-DET/validation/images/patches/patches_245.jpg,3,patches,patches,0.9858357906341553
vit_b_16,/Users/admin/surface-defect-train/results/chips/validation/patches/patches_245_bb04.png,/Users/admin/surface-defect-train/NEU-DET/validation/images/patches/patches_245.jpg,4,patches,patches,0.9930310845375061
vit_b_16,/Users/admin/surface-defect-train/results/chips/validation/patches/patches_245_bb05.png,/Users/admin/surface-defect-train/NEU-DET/validation/images/patches/patches_245.jpg,5,patches,crazing,0.871026337146759
vit_b_16,/Users/admin/surface-defect-train/results/chips/validation/patches/patches_246_bb00.png,/Users/admin/surface-defect-train/NEU-DET/validation/images/patches/patches_246.jpg,0,patches,patches,0.9897052645683289
vit_b_16,/Users/admin/surface-defect-train/results/chips/validation/patches/patches_246_bb01.png,/Users/admin/surface-defect-train/NEU-DET/validation/images/patches/patches_246.jpg,1,patches,patches,0.9967589974403381
vit_b_16,/Users/admin/surface-defect-train/results/chips/validation/patches/patches_246_bb02.png,/Users/admin/surface-defect-train/NEU-DET/validation/images/patches/patches_246.jpg,2,patches,patches,0.9480478763580322
vit_b_16,/Users/admin/surface-defect-train/results/chips/validation/patches/patches_246_bb03.png,/Users/admin/surface-defect-train/NEU-DET/validation/images/patches/patches_246.jpg,3,patches,patches,0.9831268191337585
vit_b_16,/Users/admin/surface-defect-train/results/chips/validation/patches/patches_246_bb04.png,/Users/admin/surface-defect-train/NEU-DET/validation/images/patches/patches_246.jpg,4,patches,patches,0.9942060112953186
vit_b_16,/Users/admin/surface-defect-train/results/chips/validation/patches/patches_247_bb00.png,/Users/admin/surface-defect-train/NEU-DET/validation/images/patches/patches_247.jpg,0,patches,patches,0.9920877814292908
vit_b_16,/Users/admin/surface-defect-train/results/chips/validation/patches/patches_247_bb01.png,/Users/admin/surface-defect-train/NEU-DET/validation/images/patches/patches_247.jpg,1,patches,patches,0.9964954257011414
vit_b_16,/Users/admin/surface-defect-train/results/chips/validation/patches/patches_248_bb00.png,/Users/admin/surface-defect-train/NEU-DET/validation/images/patches/patches_248.jpg,0,patches,patches,0.9814450144767761
vit_b_16,/Users/admin/surface-defect-train/results/chips/validation/patches/patches_248_bb01.png,/Users/admin/surface-defect-train/NEU-DET/validation/images/patches/patches_248.jpg,1,patches,patches,0.9870822429656982
vit_b_16,/Users/admin/surface-defect-train/results/chips/validation/patches/patches_248_bb02.png,/Users/admin/surface-defect-train/NEU-DET/validation/images/patches/patches_248.jpg,2,patches,patches,0.971473217010498
vit_b_16,/Users/admin/surface-defect-train/results/chips/validation/patches/patches_248_bb03.png,/Users/admin/surface-defect-train/NEU-DET/validation/images/patches/patches_248.jpg,3,patches,patches,0.9832873344421387
vit_b_16,/Users/admin/surface-defect-train/results/chips/validation/patches/patches_248_bb04.png,/Users/admin/surface-defect-train/NEU-DET/validation/images/patches/patches_248.jpg,4,patches,patches,0.8827881813049316
vit_b_16,/Users/admin/surface-defect-train/results/chips/validation/patches/patches_249_bb00.png,/Users/admin/surface-defect-train/NEU-DET/validation/images/patches/patches_249.jpg,0,patches,patches,0.9941422343254089
vit_b_16,/Users/admin/surface-defect-train/results/chips/validation/patches/patches_249_bb01.png,/Users/admin/surface-defect-train/NEU-DET/validation/images/patches/patches_249.jpg,1,patches,patches,0.9755281805992126
vit_b_16,/Users/admin/surface-defect-train/results/chips/validation/patches/patches_250_bb00.png,/Users/admin/surface-defect-train/NEU-DET/validation/images/patches/patches_250.jpg,0,patches,patches,0.9812787771224976
vit_b_16,/Users/admin/surface-defect-train/results/chips/validation/patches/patches_250_bb01.png,/Users/admin/surface-defect-train/NEU-DET/validation/images/patches/patches_250.jpg,1,patches,patches,0.9910333752632141
vit_b_16,/Users/admin/surface-defect-train/results/chips/validation/patches/patches_250_bb02.png,/Users/admin/surface-defect-train/NEU-DET/validation/images/patches/patches_250.jpg,2,patches,patches,0.9790242910385132
vit_b_16,/Users/admin/surface-defect-train/results/chips/validation/patches/patches_250_bb03.png,/Users/admin/surface-defect-train/NEU-DET/validation/images/patches/patches_250.jpg,3,patches,patches,0.9345968961715698
vit_b_16,/Users/admin/surface-defect-train/results/chips/validation/patches/patches_251_bb00.png,/Users/admin/surface-defect-train/NEU-DET/validation/images/patches/patches_251.jpg,0,patches,patches,0.9919033646583557
vit_b_16,/Users/admin/surface-defect-train/results/chips/validation/patches/patches_252_bb00.png,/Users/admin/surface-defect-train/NEU-DET/validation/images/patches/patches_252.jpg,0,patches,patches,0.9905603528022766
vit_b_16,/Users/admin/surface-defect-train/results/chips/validation/patches/patches_252_bb01.png,/Users/admin/surface-defect-train/NEU-DET/validation/images/patches/patches_252.jpg,1,patches,patches,0.9580880403518677
vit_b_16,/Users/admin/surface-defect-train/results/chips/validation/patches/patches_252_bb02.png,/Users/admin/surface-defect-train/NEU-DET/validation/images/patches/patches_252.jpg,2,patches,patches,0.7456958889961243
vit_b_16,/Users/admin/surface-defect-train/results/chips/validation/patches/patches_253_bb00.png,/Users/admin/surface-defect-train/NEU-DET/validation/images/patches/patches_253.jpg,0,patches,patches,0.32152241468429565
vit_b_16,/Users/admin/surface-defect-train/results/chips/validation/patches/patches_253_bb01.png,/Users/admin/surface-defect-train/NEU-DET/validation/images/patches/patches_253.jpg,1,patches,scratches,0.32156074047088623
vit_b_16,/Users/admin/surface-defect-train/results/chips/validation/patches/patches_253_bb02.png,/Users/admin/surface-defect-train/NEU-DET/validation/images/patches/patches_253.jpg,2,patches,patches,0.7699529528617859
vit_b_16,/Users/admin/surface-defect-train/results/chips/validation/patches/patches_254_bb00.png,/Users/admin/surface-defect-train/NEU-DET/validation/images/patches/patches_254.jpg,0,patches,patches,0.9166707396507263
vit_b_16,/Users/admin/surface-defect-train/results/chips/validation/patches/patches_254_bb01.png,/Users/admin/surface-defect-train/NEU-DET/validation/images/patches/patches_254.jpg,1,patches,patches,0.9929888844490051
vit_b_16,/Users/admin/surface-defect-train/results/chips/validation/patches/patches_255_bb00.png,/Users/admin/surface-defect-train/NEU-DET/validation/images/patches/patches_255.jpg,0,patches,patches,0.8299990892410278
vit_b_16,/Users/admin/surface-defect-train/results/chips/validation/patches/patches_255_bb01.png,/Users/admin/surface-defect-train/NEU-DET/validation/images/patches/patches_255.jpg,1,patches,patches,0.9914668798446655
vit_b_16,/Users/admin/surface-defect-train/results/chips/validation/patches/patches_255_bb02.png,/Users/admin/surface-defect-train/NEU-DET/validation/images/patches/patches_255.jpg,2,patches,scratches,0.7126844525337219
vit_b_16,/Users/admin/surface-defect-train/results/chips/validation/patches/patches_256_bb00.png,/Users/admin/surface-defect-train/NEU-DET/validation/images/patches/patches_256.jpg,0,patches,patches,0.9923192858695984
vit_b_16,/Users/admin/surface-defect-train/results/chips/validation/patches/patches_256_bb01.png,/Users/admin/surface-defect-train/NEU-DET/validation/images/patches/patches_256.jpg,1,patches,patches,0.9850600361824036
vit_b_16,/Users/admin/surface-defect-train/results/chips/validation/patches/patches_257_bb00.png,/Users/admin/surface-defect-train/NEU-DET/validation/images/patches/patches_257.jpg,0,patches,patches,0.9935548901557922
vit_b_16,/Users/admin/surface-defect-train/results/chips/validation/patches/patches_257_bb01.png,/Users/admin/surface-defect-train/NEU-DET/validation/images/patches/patches_257.jpg,1,patches,patches,0.9752162098884583
vit_b_16,/Users/admin/surface-defect-train/results/chips/validation/patches/patches_257_bb02.png,/Users/admin/surface-defect-train/NEU-DET/validation/images/patches/patches_257.jpg,2,patches,patches,0.9435011148452759
vit_b_16,/Users/admin/surface-defect-train/results/chips/validation/patches/patches_257_bb03.png,/Users/admin/surface-defect-train/NEU-DET/validation/images/patches/patches_257.jpg,3,patches,patches,0.9625834822654724
vit_b_16,/Users/admin/surface-defect-train/results/chips/validation/patches/patches_258_bb00.png,/Users/admin/surface-defect-train/NEU-DET/validation/images/patches/patches_258.jpg,0,patches,patches,0.9873775839805603
vit_b_16,/Users/admin/surface-defect-train/results/chips/validation/patches/patches_258_bb01.png,/Users/admin/surface-defect-train/NEU-DET/validation/images/patches/patches_258.jpg,1,patches,patches,0.9124743938446045
vit_b_16,/Users/admin/surface-defect-train/results/chips/validation/patches/patches_258_bb02.png,/Users/admin/surface-defect-train/NEU-DET/validation/images/patches/patches_258.jpg,2,patches,crazing,0.36538735032081604
vit_b_16,/Users/admin/surface-defect-train/results/chips/validation/patches/patches_259_bb00.png,/Users/admin/surface-defect-train/NEU-DET/validation/images/patches/patches_259.jpg,0,patches,patches,0.9928365349769592
vit_b_16,/Users/admin/surface-defect-train/results/chips/validation/patches/patches_259_bb01.png,/Users/admin/surface-defect-train/NEU-DET/validation/images/patches/patches_259.jpg,1,patches,patches,0.9912140965461731
vit_b_16,/Users/admin/surface-defect-train/results/chips/validation/patches/patches_259_bb02.png,/Users/admin/surface-defect-train/NEU-DET/validation/images/patches/patches_259.jpg,2,patches,patches,0.876756489276886
vit_b_16,/Users/admin/surface-defect-train/results/chips/validation/patches/patches_260_bb00.png,/Users/admin/surface-defect-train/NEU-DET/validation/images/patches/patches_260.jpg,0,patches,patches,0.9928486347198486
vit_b_16,/Users/admin/surface-defect-train/results/chips/validation/patches/patches_261_bb00.png,/Users/admin/surface-defect-train/NEU-DET/validation/images/patches/patches_261.jpg,0,patches,patches,0.6373496055603027
vit_b_16,/Users/admin/surface-defect-train/results/chips/validation/patches/patches_261_bb01.png,/Users/admin/surface-defect-train/NEU-DET/validation/images/patches/patches_261.jpg,1,patches,patches,0.7287222743034363
vit_b_16,/Users/admin/surface-defect-train/results/chips/validation/patches/patches_261_bb02.png,/Users/admin/surface-defect-train/NEU-DET/validation/images/patches/patches_261.jpg,2,patches,patches,0.5589835047721863
vit_b_16,/Users/admin/surface-defect-train/results/chips/validation/patches/patches_261_bb03.png,/Users/admin/surface-defect-train/NEU-DET/validation/images/patches/patches_261.jpg,3,patches,scratches,0.686987578868866
vit_b_16,/Users/admin/surface-defect-train/results/chips/validation/patches/patches_262_bb00.png,/Users/admin/surface-defect-train/NEU-DET/validation/images/patches/patches_262.jpg,0,patches,patches,0.9859813451766968
vit_b_16,/Users/admin/surface-defect-train/results/chips/validation/patches/patches_262_bb01.png,/Users/admin/surface-defect-train/NEU-DET/validation/images/patches/patches_262.jpg,1,patches,patches,0.6715499758720398
vit_b_16,/Users/admin/surface-defect-train/results/chips/validation/patches/patches_262_bb02.png,/Users/admin/surface-defect-train/NEU-DET/validation/images/patches/patches_262.jpg,2,patches,patches,0.49393564462661743
vit_b_16,/Users/admin/surface-defect-train/results/chips/validation/patches/patches_263_bb00.png,/Users/admin/surface-defect-train/NEU-DET/validation/images/patches/patches_263.jpg,0,patches,patches,0.8784733414649963
vit_b_16,/Users/admin/surface-defect-train/results/chips/validation/patches/patches_263_bb01.png,/Users/admin/surface-defect-train/NEU-DET/validation/images/patches/patches_263.jpg,1,patches,patches,0.9962005019187927
vit_b_16,/Users/admin/surface-defect-train/results/chips/validation/patches/patches_264_bb00.png,/Users/admin/surface-defect-train/NEU-DET/validation/images/patches/patches_264.jpg,0,patches,patches,0.6177089214324951
vit_b_16,/Users/admin/surface-defect-train/results/chips/validation/patches/patches_264_bb01.png,/Users/admin/surface-defect-train/NEU-DET/validation/images/patches/patches_264.jpg,1,patches,patches,0.8435018062591553
vit_b_16,/Users/admin/surface-defect-train/results/chips/validation/patches/patches_265_bb00.png,/Users/admin/surface-defect-train/NEU-DET/validation/images/patches/patches_265.jpg,0,patches,patches,0.9886544942855835
vit_b_16,/Users/admin/surface-defect-train/results/chips/validation/patches/patches_265_bb01.png,/Users/admin/surface-defect-train/NEU-DET/validation/images/patches/patches_265.jpg,1,patches,patches,0.9170376062393188
vit_b_16,/Users/admin/surface-defect-train/results/chips/validation/patches/patches_265_bb02.png,/Users/admin/surface-defect-train/NEU-DET/validation/images/patches/patches_265.jpg,2,patches,patches,0.8054819703102112
vit_b_16,/Users/admin/surface-defect-train/results/chips/validation/patches/patches_266_bb00.png,/Users/admin/surface-defect-train/NEU-DET/validation/images/patches/patches_266.jpg,0,patches,patches,0.9839432239532471
vit_b_16,/Users/admin/surface-defect-train/results/chips/validation/patches/patches_266_bb01.png,/Users/admin/surface-defect-train/NEU-DET/validation/images/patches/patches_266.jpg,1,patches,patches,0.849826455116272
vit_b_16,/Users/admin/surface-defect-train/results/chips/validation/patches/patches_266_bb02.png,/Users/admin/surface-defect-train/NEU-DET/validation/images/patches/patches_266.jpg,2,patches,patches,0.6458532214164734
vit_b_16,/Users/admin/surface-defect-train/results/chips/validation/patches/patches_267_bb00.png,/Users/admin/surface-defect-train/NEU-DET/validation/images/patches/patches_267.jpg,0,patches,patches,0.9952601790428162
vit_b_16,/Users/admin/surface-defect-train/results/chips/validation/patches/patches_267_bb01.png,/Users/admin/surface-defect-train/NEU-DET/validation/images/patches/patches_267.jpg,1,patches,patches,0.990985631942749
vit_b_16,/Users/admin/surface-defect-train/results/chips/validation/patches/patches_267_bb02.png,/Users/admin/surface-defect-train/NEU-DET/validation/images/patches/patches_267.jpg,2,patches,patches,0.9215567111968994
vit_b_16,/Users/admin/surface-defect-train/results/chips/validation/patches/patches_267_bb03.png,/Users/admin/surface-defect-train/NEU-DET/validation/images/patches/patches_267.jpg,3,patches,patches,0.8722501993179321
vit_b_16,/Users/admin/surface-defect-train/results/chips/validation/patches/patches_268_bb00.png,/Users/admin/surface-defect-train/NEU-DET/validation/images/patches/patches_268.jpg,0,patches,patches,0.9961767196655273
vit_b_16,/Users/admin/surface-defect-train/results/chips/validation/patches/patches_268_bb01.png,/Users/admin/surface-defect-train/NEU-DET/validation/images/patches/patches_268.jpg,1,patches,patches,0.687531590461731
vit_b_16,/Users/admin/surface-defect-train/results/chips/validation/patches/patches_268_bb02.png,/Users/admin/surface-defect-train/NEU-DET/validation/images/patches/patches_268.jpg,2,patches,patches,0.8279311060905457
vit_b_16,/Users/admin/surface-defect-train/results/chips/validation/patches/patches_269_bb00.png,/Users/admin/surface-defect-train/NEU-DET/validation/images/patches/patches_269.jpg,0,patches,patches,0.9781769514083862
vit_b_16,/Users/admin/surface-defect-train/results/chips/validation/patches/patches_269_bb01.png,/Users/admin/surface-defect-train/NEU-DET/validation/images/patches/patches_269.jpg,1,patches,patches,0.9804186224937439
vit_b_16,/Users/admin/surface-defect-train/results/chips/validation/patches/patches_269_bb02.png,/Users/admin/surface-defect-train/NEU-DET/validation/images/patches/patches_269.jpg,2,patches,patches,0.9828625321388245
vit_b_16,/Users/admin/surface-defect-train/results/chips/validation/patches/patches_270_bb00.png,/Users/admin/surface-defect-train/NEU-DET/validation/images/patches/patches_270.jpg,0,patches,patches,0.9885290265083313
vit_b_16,/Users/admin/surface-defect-train/results/chips/validation/patches/patches_270_bb01.png,/Users/admin/surface-defect-train/NEU-DET/validation/images/patches/patches_270.jpg,1,patches,patches,0.9775261878967285
vit_b_16,/Users/admin/surface-defect-train/results/chips/validation/patches/patches_271_bb00.png,/Users/admin/surface-defect-train/NEU-DET/validation/images/patches/patches_271.jpg,0,patches,patches,0.9966860413551331
vit_b_16,/Users/admin/surface-defect-train/results/chips/validation/patches/patches_271_bb01.png,/Users/admin/surface-defect-train/NEU-DET/validation/images/patches/patches_271.jpg,1,patches,patches,0.9951268434524536
vit_b_16,/Users/admin/surface-defect-train/results/chips/validation/patches/patches_272_bb00.png,/Users/admin/surface-defect-train/NEU-DET/validation/images/patches/patches_272.jpg,0,patches,patches,0.9921936988830566
vit_b_16,/Users/admin/surface-defect-train/results/chips/validation/patches/patches_273_bb00.png,/Users/admin/surface-defect-train/NEU-DET/validation/images/patches/patches_273.jpg,0,patches,patches,0.9900894165039062
vit_b_16,/Users/admin/surface-defect-train/results/chips/validation/patches/patches_273_bb01.png,/Users/admin/surface-defect-train/NEU-DET/validation/images/patches/patches_273.jpg,1,patches,patches,0.9848104119300842
vit_b_16,/Users/admin/surface-defect-train/results/chips/validation/patches/patches_273_bb02.png,/Users/admin/surface-defect-train/NEU-DET/validation/images/patches/patches_273.jpg,2,patches,patches,0.9671258926391602
vit_b_16,/Users/admin/surface-defect-train/results/chips/validation/patches/patches_274_bb00.png,/Users/admin/surface-defect-train/NEU-DET/validation/images/patches/patches_274.jpg,0,patches,patches,0.9833667278289795
vit_b_16,/Users/admin/surface-defect-train/results/chips/validation/patches/patches_275_bb00.png,/Users/admin/surface-defect-train/NEU-DET/validation/images/patches/patches_275.jpg,0,patches,patches,0.8537948727607727
vit_b_16,/Users/admin/surface-defect-train/results/chips/validation/patches/patches_275_bb01.png,/Users/admin/surface-defect-train/NEU-DET/validation/images/patches/patches_275.jpg,1,patches,patches,0.939898669719696
vit_b_16,/Users/admin/surface-defect-train/results/chips/validation/patches/patches_276_bb00.png,/Users/admin/surface-defect-train/NEU-DET/validation/images/patches/patches_276.jpg,0,patches,patches,0.9975058436393738
vit_b_16,/Users/admin/surface-defect-train/results/chips/validation/patches/patches_276_bb01.png,/Users/admin/surface-defect-train/NEU-DET/validation/images/patches/patches_276.jpg,1,patches,patches,0.9917845726013184
vit_b_16,/Users/admin/surface-defect-train/results/chips/validation/patches/patches_276_bb02.png,/Users/admin/surface-defect-train/NEU-DET/validation/images/patches/patches_276.jpg,2,patches,patches,0.9924544095993042
vit_b_16,/Users/admin/surface-defect-train/results/chips/validation/patches/patches_276_bb03.png,/Users/admin/surface-defect-train/NEU-DET/validation/images/patches/patches_276.jpg,3,patches,patches,0.8821834325790405
vit_b_16,/Users/admin/surface-defect-train/results/chips/validation/patches/patches_277_bb00.png,/Users/admin/surface-defect-train/NEU-DET/validation/images/patches/patches_277.jpg,0,patches,patches,0.9935959577560425
vit_b_16,/Users/admin/surface-defect-train/results/chips/validation/patches/patches_277_bb01.png,/Users/admin/surface-defect-train/NEU-DET/validation/images/patches/patches_277.jpg,1,patches,patches,0.9915251135826111
vit_b_16,/Users/admin/surface-defect-train/results/chips/validation/patches/patches_277_bb02.png,/Users/admin/surface-defect-train/NEU-DET/validation/images/patches/patches_277.jpg,2,patches,patches,0.9125312566757202
vit_b_16,/Users/admin/surface-defect-train/results/chips/validation/patches/patches_277_bb03.png,/Users/admin/surface-defect-train/NEU-DET/validation/images/patches/patches_277.jpg,3,patches,scratches,0.8547745943069458
vit_b_16,/Users/admin/surface-defect-train/results/chips/validation/patches/patches_278_bb00.png,/Users/admin/surface-defect-train/NEU-DET/validation/images/patches/patches_278.jpg,0,patches,patches,0.7294824123382568
vit_b_16,/Users/admin/surface-defect-train/results/chips/validation/patches/patches_278_bb01.png,/Users/admin/surface-defect-train/NEU-DET/validation/images/patches/patches_278.jpg,1,patches,patches,0.5400198698043823
vit_b_16,/Users/admin/surface-defect-train/results/chips/validation/patches/patches_279_bb00.png,/Users/admin/surface-defect-train/NEU-DET/validation/images/patches/patches_279.jpg,0,patches,patches,0.9664773941040039
vit_b_16,/Users/admin/surface-defect-train/results/chips/validation/patches/patches_279_bb01.png,/Users/admin/surface-defect-train/NEU-DET/validation/images/patches/patches_279.jpg,1,patches,patches,0.9930405616760254
vit_b_16,/Users/admin/surface-defect-train/results/chips/validation/patches/patches_279_bb02.png,/Users/admin/surface-defect-train/NEU-DET/validation/images/patches/patches_279.jpg,2,patches,patches,0.9944203495979309
vit_b_16,/Users/admin/surface-defect-train/results/chips/validation/patches/patches_280_bb00.png,/Users/admin/surface-defect-train/NEU-DET/validation/images/patches/patches_280.jpg,0,patches,patches,0.9605416655540466
vit_b_16,/Users/admin/surface-defect-train/results/chips/validation/patches/patches_280_bb01.png,/Users/admin/surface-defect-train/NEU-DET/validation/images/patches/patches_280.jpg,1,patches,patches,0.9844852685928345
vit_b_16,/Users/admin/surface-defect-train/results/chips/validation/patches/patches_281_bb00.png,/Users/admin/surface-defect-train/NEU-DET/validation/images/patches/patches_281.jpg,0,patches,patches,0.9865282773971558
vit_b_16,/Users/admin/surface-defect-train/results/chips/validation/patches/patches_281_bb01.png,/Users/admin/surface-defect-train/NEU-DET/validation/images/patches/patches_281.jpg,1,patches,patches,0.9744447469711304
vit_b_16,/Users/admin/surface-defect-train/results/chips/validation/patches/patches_281_bb02.png,/Users/admin/surface-defect-train/NEU-DET/validation/images/patches/patches_281.jpg,2,patches,patches,0.859926164150238
vit_b_16,/Users/admin/surface-defect-train/results/chips/validation/patches/patches_282_bb00.png,/Users/admin/surface-defect-train/NEU-DET/validation/images/patches/patches_282.jpg,0,patches,patches,0.9824564456939697
vit_b_16,/Users/admin/surface-defect-train/results/chips/validation/patches/patches_282_bb01.png,/Users/admin/surface-defect-train/NEU-DET/validation/images/patches/patches_282.jpg,1,patches,patches,0.9854575395584106
vit_b_16,/Users/admin/surface-defect-train/results/chips/validation/patches/patches_282_bb02.png,/Users/admin/surface-defect-train/NEU-DET/validation/images/patches/patches_282.jpg,2,patches,patches,0.7044516801834106
vit_b_16,/Users/admin/surface-defect-train/results/chips/validation/patches/patches_283_bb00.png,/Users/admin/surface-defect-train/NEU-DET/validation/images/patches/patches_283.jpg,0,patches,patches,0.6553796529769897
vit_b_16,/Users/admin/surface-defect-train/results/chips/validation/patches/patches_283_bb01.png,/Users/admin/surface-defect-train/NEU-DET/validation/images/patches/patches_283.jpg,1,patches,patches,0.8722879886627197
vit_b_16,/Users/admin/surface-defect-train/results/chips/validation/patches/patches_283_bb02.png,/Users/admin/surface-defect-train/NEU-DET/validation/images/patches/patches_283.jpg,2,patches,patches,0.6592803597450256
vit_b_16,/Users/admin/surface-defect-train/results/chips/validation/patches/patches_283_bb03.png,/Users/admin/surface-defect-train/NEU-DET/validation/images/patches/patches_283.jpg,3,patches,crazing,0.3004365563392639
vit_b_16,/Users/admin/surface-defect-train/results/chips/validation/patches/patches_284_bb00.png,/Users/admin/surface-defect-train/NEU-DET/validation/images/patches/patches_284.jpg,0,patches,patches,0.9713403582572937
vit_b_16,/Users/admin/surface-defect-train/results/chips/validation/patches/patches_284_bb01.png,/Users/admin/surface-defect-train/NEU-DET/validation/images/patches/patches_284.jpg,1,patches,patches,0.9479469060897827
vit_b_16,/Users/admin/surface-defect-train/results/chips/validation/patches/patches_285_bb00.png,/Users/admin/surface-defect-train/NEU-DET/validation/images/patches/patches_285.jpg,0,patches,patches,0.988911509513855
vit_b_16,/Users/admin/surface-defect-train/results/chips/validation/patches/patches_285_bb01.png,/Users/admin/surface-defect-train/NEU-DET/validation/images/patches/patches_285.jpg,1,patches,patches,0.9846009612083435
vit_b_16,/Users/admin/surface-defect-train/results/chips/validation/patches/patches_285_bb02.png,/Users/admin/surface-defect-train/NEU-DET/validation/images/patches/patches_285.jpg,2,patches,patches,0.9935126900672913
vit_b_16,/Users/admin/surface-defect-train/results/chips/validation/patches/patches_286_bb00.png,/Users/admin/surface-defect-train/NEU-DET/validation/images/patches/patches_286.jpg,0,patches,patches,0.9943318367004395
vit_b_16,/Users/admin/surface-defect-train/results/chips/validation/patches/patches_286_bb01.png,/Users/admin/surface-defect-train/NEU-DET/validation/images/patches/patches_286.jpg,1,patches,scratches,0.5481475591659546
vit_b_16,/Users/admin/surface-defect-train/results/chips/validation/patches/patches_286_bb02.png,/Users/admin/surface-defect-train/NEU-DET/validation/images/patches/patches_286.jpg,2,patches,patches,0.9876313805580139
vit_b_16,/Users/admin/surface-defect-train/results/chips/validation/patches/patches_286_bb03.png,/Users/admin/surface-defect-train/NEU-DET/validation/images/patches/patches_286.jpg,3,patches,patches,0.817176103591919
vit_b_16,/Users/admin/surface-defect-train/results/chips/validation/patches/patches_287_bb00.png,/Users/admin/surface-defect-train/NEU-DET/validation/images/patches/patches_287.jpg,0,patches,patches,0.9777736067771912
vit_b_16,/Users/admin/surface-defect-train/results/chips/validation/patches/patches_287_bb01.png,/Users/admin/surface-defect-train/NEU-DET/validation/images/patches/patches_287.jpg,1,patches,scratches,0.9909378290176392
vit_b_16,/Users/admin/surface-defect-train/results/chips/validation/patches/patches_288_bb00.png,/Users/admin/surface-defect-train/NEU-DET/validation/images/patches/patches_288.jpg,0,patches,patches,0.9926152229309082
vit_b_16,/Users/admin/surface-defect-train/results/chips/validation/patches/patches_288_bb01.png,/Users/admin/surface-defect-train/NEU-DET/validation/images/patches/patches_288.jpg,1,patches,scratches,0.9808676838874817
vit_b_16,/Users/admin/surface-defect-train/results/chips/validation/patches/patches_289_bb00.png,/Users/admin/surface-defect-train/NEU-DET/validation/images/patches/patches_289.jpg,0,patches,patches,0.6648569107055664
vit_b_16,/Users/admin/surface-defect-train/results/chips/validation/patches/patches_289_bb01.png,/Users/admin/surface-defect-train/NEU-DET/validation/images/patches/patches_289.jpg,1,patches,patches,0.8154602646827698
vit_b_16,/Users/admin/surface-defect-train/results/chips/validation/patches/patches_289_bb02.png,/Users/admin/surface-defect-train/NEU-DET/validation/images/patches/patches_289.jpg,2,patches,patches,0.988819420337677
vit_b_16,/Users/admin/surface-defect-train/results/chips/validation/patches/patches_289_bb03.png,/Users/admin/surface-defect-train/NEU-DET/validation/images/patches/patches_289.jpg,3,patches,scratches,0.8987587690353394
vit_b_16,/Users/admin/surface-defect-train/results/chips/validation/patches/patches_289_bb04.png,/Users/admin/surface-defect-train/NEU-DET/validation/images/patches/patches_289.jpg,4,patches,patches,0.7777888774871826
vit_b_16,/Users/admin/surface-defect-train/results/chips/validation/patches/patches_290_bb00.png,/Users/admin/surface-defect-train/NEU-DET/validation/images/patches/patches_290.jpg,0,patches,patches,0.9507749080657959
vit_b_16,/Users/admin/surface-defect-train/results/chips/validation/patches/patches_290_bb01.png,/Users/admin/surface-defect-train/NEU-DET/validation/images/patches/patches_290.jpg,1,patches,patches,0.9984114170074463
vit_b_16,/Users/admin/surface-defect-train/results/chips/validation/patches/patches_290_bb02.png,/Users/admin/surface-defect-train/NEU-DET/validation/images/patches/patches_290.jpg,2,patches,patches,0.9841734170913696
vit_b_16,/Users/admin/surface-defect-train/results/chips/validation/patches/patches_290_bb03.png,/Users/admin/surface-defect-train/NEU-DET/validation/images/patches/patches_290.jpg,3,patches,patches,0.8060052990913391
vit_b_16,/Users/admin/surface-defect-train/results/chips/validation/patches/patches_290_bb04.png,/Users/admin/surface-defect-train/NEU-DET/validation/images/patches/patches_290.jpg,4,patches,patches,0.991703987121582
vit_b_16,/Users/admin/surface-defect-train/results/chips/validation/patches/patches_291_bb00.png,/Users/admin/surface-defect-train/NEU-DET/validation/images/patches/patches_291.jpg,0,patches,patches,0.9926974177360535
vit_b_16,/Users/admin/surface-defect-train/results/chips/validation/patches/patches_291_bb01.png,/Users/admin/surface-defect-train/NEU-DET/validation/images/patches/patches_291.jpg,1,patches,patches,0.9950371384620667
vit_b_16,/Users/admin/surface-defect-train/results/chips/validation/patches/patches_291_bb02.png,/Users/admin/surface-defect-train/NEU-DET/validation/images/patches/patches_291.jpg,2,patches,patches,0.9897604584693909
vit_b_16,/Users/admin/surface-defect-train/results/chips/validation/patches/patches_291_bb03.png,/Users/admin/surface-defect-train/NEU-DET/validation/images/patches/patches_291.jpg,3,patches,scratches,0.5161107778549194
vit_b_16,/Users/admin/surface-defect-train/results/chips/validation/patches/patches_292_bb00.png,/Users/admin/surface-defect-train/NEU-DET/validation/images/patches/patches_292.jpg,0,patches,patches,0.9477459192276001
vit_b_16,/Users/admin/surface-defect-train/results/chips/validation/patches/patches_292_bb01.png,/Users/admin/surface-defect-train/NEU-DET/validation/images/patches/patches_292.jpg,1,patches,patches,0.8248523473739624
vit_b_16,/Users/admin/surface-defect-train/results/chips/validation/patches/patches_292_bb02.png,/Users/admin/surface-defect-train/NEU-DET/validation/images/patches/patches_292.jpg,2,patches,patches,0.992294430732727
vit_b_16,/Users/admin/surface-defect-train/results/chips/validation/patches/patches_292_bb03.png,/Users/admin/surface-defect-train/NEU-DET/validation/images/patches/patches_292.jpg,3,patches,patches,0.9937239289283752
vit_b_16,/Users/admin/surface-defect-train/results/chips/validation/patches/patches_292_bb04.png,/Users/admin/surface-defect-train/NEU-DET/validation/images/patches/patches_292.jpg,4,patches,patches,0.8526493906974792
vit_b_16,/Users/admin/surface-defect-train/results/chips/validation/patches/patches_293_bb00.png,/Users/admin/surface-defect-train/NEU-DET/validation/images/patches/patches_293.jpg,0,patches,patches,0.9844804406166077
vit_b_16,/Users/admin/surface-defect-train/results/chips/validation/patches/patches_293_bb01.png,/Users/admin/surface-defect-train/NEU-DET/validation/images/patches/patches_293.jpg,1,patches,patches,0.9315919280052185
vit_b_16,/Users/admin/surface-defect-train/results/chips/validation/patches/patches_294_bb00.png,/Users/admin/surface-defect-train/NEU-DET/validation/images/patches/patches_294.jpg,0,patches,patches,0.99512779712677
vit_b_16,/Users/admin/surface-defect-train/results/chips/validation/patches/patches_294_bb01.png,/Users/admin/surface-defect-train/NEU-DET/validation/images/patches/patches_294.jpg,1,patches,patches,0.9164161086082458
vit_b_16,/Users/admin/surface-defect-train/results/chips/validation/patches/patches_295_bb00.png,/Users/admin/surface-defect-train/NEU-DET/validation/images/patches/patches_295.jpg,0,patches,patches,0.9970032572746277
vit_b_16,/Users/admin/surface-defect-train/results/chips/validation/patches/patches_295_bb01.png,/Users/admin/surface-defect-train/NEU-DET/validation/images/patches/patches_295.jpg,1,patches,patches,0.9850416779518127
vit_b_16,/Users/admin/surface-defect-train/results/chips/validation/patches/patches_295_bb02.png,/Users/admin/surface-defect-train/NEU-DET/validation/images/patches/patches_295.jpg,2,patches,patches,0.9320671558380127
vit_b_16,/Users/admin/surface-defect-train/results/chips/validation/patches/patches_296_bb00.png,/Users/admin/surface-defect-train/NEU-DET/validation/images/patches/patches_296.jpg,0,patches,patches,0.9916003942489624
vit_b_16,/Users/admin/surface-defect-train/results/chips/validation/patches/patches_296_bb01.png,/Users/admin/surface-defect-train/NEU-DET/validation/images/patches/patches_296.jpg,1,patches,patches,0.8013432025909424
vit_b_16,/Users/admin/surface-defect-train/results/chips/validation/patches/patches_296_bb02.png,/Users/admin/surface-defect-train/NEU-DET/validation/images/patches/patches_296.jpg,2,patches,patches,0.9793264865875244
vit_b_16,/Users/admin/surface-defect-train/results/chips/validation/patches/patches_297_bb00.png,/Users/admin/surface-defect-train/NEU-DET/validation/images/patches/patches_297.jpg,0,patches,patches,0.9937012195587158
vit_b_16,/Users/admin/surface-defect-train/results/chips/validation/patches/patches_297_bb01.png,/Users/admin/surface-defect-train/NEU-DET/validation/images/patches/patches_297.jpg,1,patches,patches,0.9934740662574768
vit_b_16,/Users/admin/surface-defect-train/results/chips/validation/patches/patches_297_bb02.png,/Users/admin/surface-defect-train/NEU-DET/validation/images/patches/patches_297.jpg,2,patches,patches,0.9905984997749329
vit_b_16,/Users/admin/surface-defect-train/results/chips/validation/patches/patches_298_bb00.png,/Users/admin/surface-defect-train/NEU-DET/validation/images/patches/patches_298.jpg,0,patches,patches,0.7040454149246216
vit_b_16,/Users/admin/surface-defect-train/results/chips/validation/patches/patches_298_bb01.png,/Users/admin/surface-defect-train/NEU-DET/validation/images/patches/patches_298.jpg,1,patches,patches,0.9807431697845459
vit_b_16,/Users/admin/surface-defect-train/results/chips/validation/patches/patches_298_bb02.png,/Users/admin/surface-defect-train/NEU-DET/validation/images/patches/patches_298.jpg,2,patches,patches,0.8953626751899719
vit_b_16,/Users/admin/surface-defect-train/results/chips/validation/patches/patches_298_bb03.png,/Users/admin/surface-defect-train/NEU-DET/validation/images/patches/patches_298.jpg,3,patches,patches,0.7156665921211243
vit_b_16,/Users/admin/surface-defect-train/results/chips/validation/patches/patches_299_bb00.png,/Users/admin/surface-defect-train/NEU-DET/validation/images/patches/patches_299.jpg,0,patches,patches,0.9915884137153625
vit_b_16,/Users/admin/surface-defect-train/results/chips/validation/patches/patches_299_bb01.png,/Users/admin/surface-defect-train/NEU-DET/validation/images/patches/patches_299.jpg,1,patches,patches,0.6345959901809692
vit_b_16,/Users/admin/surface-defect-train/results/chips/validation/patches/patches_299_bb02.png,/Users/admin/surface-defect-train/NEU-DET/validation/images/patches/patches_299.jpg,2,patches,patches,0.9229865074157715
vit_b_16,/Users/admin/surface-defect-train/results/chips/validation/patches/patches_300_bb00.png,/Users/admin/surface-defect-train/NEU-DET/validation/images/patches/patches_300.jpg,0,patches,patches,0.9860897064208984
vit_b_16,/Users/admin/surface-defect-train/results/chips/validation/patches/patches_300_bb01.png,/Users/admin/surface-defect-train/NEU-DET/validation/images/patches/patches_300.jpg,1,patches,patches,0.9106954336166382
vit_b_16,/Users/admin/surface-defect-train/results/chips/validation/patches/pitted_surface_245_bb02.png,/Users/admin/surface-defect-train/NEU-DET/validation/images/pitted_surface/pitted_surface_245.jpg,2,patches,scratches,0.7227468490600586
vit_b_16,/Users/admin/surface-defect-train/results/chips/validation/patches/pitted_surface_247_bb01.png,/Users/admin/surface-defect-train/NEU-DET/validation/images/pitted_surface/pitted_surface_247.jpg,1,patches,scratches,0.9867182374000549
vit_b_16,/Users/admin/surface-defect-train/results/chips/validation/patches/pitted_surface_258_bb01.png,/Users/admin/surface-defect-train/NEU-DET/validation/images/pitted_surface/pitted_surface_258.jpg,1,patches,pitted_surface,0.6607648730278015
vit_b_16,/Users/admin/surface-defect-train/results/chips/validation/patches/pitted_surface_261_bb01.png,/Users/admin/surface-defect-train/NEU-DET/validation/images/pitted_surface/pitted_surface_261.jpg,1,patches,scratches,0.9892154335975647
vit_b_16,/Users/admin/surface-defect-train/results/chips/validation/patches/pitted_surface_261_bb02.png,/Users/admin/surface-defect-train/NEU-DET/validation/images/pitted_surface/pitted_surface_261.jpg,2,patches,scratches,0.9972870349884033
vit_b_16,/Users/admin/surface-defect-train/results/chips/validation/patches/pitted_surface_272_bb02.png,/Users/admin/surface-defect-train/NEU-DET/validation/images/pitted_surface/pitted_surface_272.jpg,2,patches,pitted_surface,0.5574198365211487
vit_b_16,/Users/admin/surface-defect-train/results/chips/validation/patches/pitted_surface_276_bb01.png,/Users/admin/surface-defect-train/NEU-DET/validation/images/pitted_surface/pitted_surface_276.jpg,1,patches,scratches,0.9658622145652771
vit_b_16,/Users/admin/surface-defect-train/results/chips/validation/patches/pitted_surface_276_bb02.png,/Users/admin/surface-defect-train/NEU-DET/validation/images/pitted_surface/pitted_surface_276.jpg,2,patches,scratches,0.8132909536361694
vit_b_16,/Users/admin/surface-defect-train/results/chips/validation/patches/pitted_surface_277_bb01.png,/Users/admin/surface-defect-train/NEU-DET/validation/images/pitted_surface/pitted_surface_277.jpg,1,patches,pitted_surface,0.7145282030105591
vit_b_16,/Users/admin/surface-defect-train/results/chips/validation/patches/pitted_surface_279_bb02.png,/Users/admin/surface-defect-train/NEU-DET/validation/images/pitted_surface/pitted_surface_279.jpg,2,patches,inclusion,0.9057235717773438
vit_b_16,/Users/admin/surface-defect-train/results/chips/validation/patches/pitted_surface_291_bb01.png,/Users/admin/surface-defect-train/NEU-DET/validation/images/pitted_surface/pitted_surface_291.jpg,1,patches,patches,0.7097825407981873
vit_b_16,/Users/admin/surface-defect-train/results/chips/validation/patches/pitted_surface_292_bb02.png,/Users/admin/surface-defect-train/NEU-DET/validation/images/pitted_surface/pitted_surface_292.jpg,2,patches,scratches,0.48511502146720886
vit_b_16,/Users/admin/surface-defect-train/results/chips/validation/patches/pitted_surface_292_bb03.png,/Users/admin/surface-defect-train/NEU-DET/validation/images/pitted_surface/pitted_surface_292.jpg,3,patches,patches,0.951257586479187
vit_b_16,/Users/admin/surface-defect-train/results/chips/validation/patches/pitted_surface_294_bb02.png,/Users/admin/surface-defect-train/NEU-DET/validation/images/pitted_surface/pitted_surface_294.jpg,2,patches,scratches,0.9685614705085754
vit_b_16,/Users/admin/surface-defect-train/results/chips/validation/patches/pitted_surface_295_bb01.png,/Users/admin/surface-defect-train/NEU-DET/validation/images/pitted_surface/pitted_surface_295.jpg,1,patches,patches,0.5733892321586609
vit_b_16,/Users/admin/surface-defect-train/results/chips/validation/patches/pitted_surface_296_bb02.png,/Users/admin/surface-defect-train/NEU-DET/validation/images/pitted_surface/pitted_surface_296.jpg,2,patches,patches,0.9520214200019836
vit_b_16,/Users/admin/surface-defect-train/results/chips/validation/pitted_surface/pitted_surface_241_bb00.png,/Users/admin/surface-defect-train/NEU-DET/validation/images/pitted_surface/pitted_surface_241.jpg,0,pitted_surface,pitted_surface,0.9446131587028503
vit_b_16,/Users/admin/surface-defect-train/results/chips/validation/pitted_surface/pitted_surface_242_bb00.png,/Users/admin/surface-defect-train/NEU-DET/validation/images/pitted_surface/pitted_surface_242.jpg,0,pitted_surface,pitted_surface,0.9341559410095215
vit_b_16,/Users/admin/surface-defect-train/results/chips/validation/pitted_surface/pitted_surface_242_bb01.png,/Users/admin/surface-defect-train/NEU-DET/validation/images/pitted_surface/pitted_surface_242.jpg,1,pitted_surface,scratches,0.5297285318374634
vit_b_16,/Users/admin/surface-defect-train/results/chips/validation/pitted_surface/pitted_surface_243_bb00.png,/Users/admin/surface-defect-train/NEU-DET/validation/images/pitted_surface/pitted_surface_243.jpg,0,pitted_surface,pitted_surface,0.8536595106124878
vit_b_16,/Users/admin/surface-defect-train/results/chips/validation/pitted_surface/pitted_surface_244_bb00.png,/Users/admin/surface-defect-train/NEU-DET/validation/images/pitted_surface/pitted_surface_244.jpg,0,pitted_surface,patches,0.9146623611450195
vit_b_16,/Users/admin/surface-defect-train/results/chips/validation/pitted_surface/pitted_surface_245_bb00.png,/Users/admin/surface-defect-train/NEU-DET/validation/images/pitted_surface/pitted_surface_245.jpg,0,pitted_surface,patches,0.9206250905990601
vit_b_16,/Users/admin/surface-defect-train/results/chips/validation/pitted_surface/pitted_surface_245_bb01.png,/Users/admin/surface-defect-train/NEU-DET/validation/images/pitted_surface/pitted_surface_245.jpg,1,pitted_surface,rolled-in_scale,0.9076342582702637
vit_b_16,/Users/admin/surface-defect-train/results/chips/validation/pitted_surface/pitted_surface_246_bb00.png,/Users/admin/surface-defect-train/NEU-DET/validation/images/pitted_surface/pitted_surface_246.jpg,0,pitted_surface,rolled-in_scale,0.6052325367927551
vit_b_16,/Users/admin/surface-defect-train/results/chips/validation/pitted_surface/pitted_surface_246_bb01.png,/Users/admin/surface-defect-train/NEU-DET/validation/images/pitted_surface/pitted_surface_246.jpg,1,pitted_surface,pitted_surface,0.6518768668174744
vit_b_16,/Users/admin/surface-defect-train/results/chips/validation/pitted_surface/pitted_surface_247_bb00.png,/Users/admin/surface-defect-train/NEU-DET/validation/images/pitted_surface/pitted_surface_247.jpg,0,pitted_surface,pitted_surface,0.9499784708023071
vit_b_16,/Users/admin/surface-defect-train/results/chips/validation/pitted_surface/pitted_surface_248_bb00.png,/Users/admin/surface-defect-train/NEU-DET/validation/images/pitted_surface/pitted_surface_248.jpg,0,pitted_surface,pitted_surface,0.9133247137069702
vit_b_16,/Users/admin/surface-defect-train/results/chips/validation/pitted_surface/pitted_surface_248_bb01.png,/Users/admin/surface-defect-train/NEU-DET/validation/images/pitted_surface/pitted_surface_248.jpg,1,pitted_surface,pitted_surface,0.9093018770217896
vit_b_16,/Users/admin/surface-defect-train/results/chips/validation/pitted_surface/pitted_surface_249_bb00.png,/Users/admin/surface-defect-train/NEU-DET/validation/images/pitted_surface/pitted_surface_249.jpg,0,pitted_surface,pitted_surface,0.8776261806488037
vit_b_16,/Users/admin/surface-defect-train/results/chips/validation/pitted_surface/pitted_surface_250_bb00.png,/Users/admin/surface-defect-train/NEU-DET/validation/images/pitted_surface/pitted_surface_250.jpg,0,pitted_surface,pitted_surface,0.8217139840126038
vit_b_16,/Users/admin/surface-defect-train/results/chips/validation/pitted_surface/pitted_surface_251_bb00.png,/Users/admin/surface-defect-train/NEU-DET/validation/images/pitted_surface/pitted_surface_251.jpg,0,pitted_surface,pitted_surface,0.9245065450668335
vit_b_16,/Users/admin/surface-defect-train/results/chips/validation/pitted_surface/pitted_surface_252_bb00.png,/Users/admin/surface-defect-train/NEU-DET/validation/images/pitted_surface/pitted_surface_252.jpg,0,pitted_surface,scratches,0.7384992837905884
vit_b_16,/Users/admin/surface-defect-train/results/chips/validation/pitted_surface/pitted_surface_253_bb00.png,/Users/admin/surface-defect-train/NEU-DET/validation/images/pitted_surface/pitted_surface_253.jpg,0,pitted_surface,pitted_surface,0.9356118440628052
vit_b_16,/Users/admin/surface-defect-train/results/chips/validation/pitted_surface/pitted_surface_253_bb01.png,/Users/admin/surface-defect-train/NEU-DET/validation/images/pitted_surface/pitted_surface_253.jpg,1,pitted_surface,pitted_surface,0.907149076461792
vit_b_16,/Users/admin/surface-defect-train/results/chips/validation/pitted_surface/pitted_surface_254_bb00.png,/Users/admin/surface-defect-train/NEU-DET/validation/images/pitted_surface/pitted_surface_254.jpg,0,pitted_surface,pitted_surface,0.9084347486495972
vit_b_16,/Users/admin/surface-defect-train/results/chips/validation/pitted_surface/pitted_surface_255_bb00.png,/Users/admin/surface-defect-train/NEU-DET/validation/images/pitted_surface/pitted_surface_255.jpg,0,pitted_surface,pitted_surface,0.8912262320518494
vit_b_16,/Users/admin/surface-defect-train/results/chips/validation/pitted_surface/pitted_surface_256_bb00.png,/Users/admin/surface-defect-train/NEU-DET/validation/images/pitted_surface/pitted_surface_256.jpg,0,pitted_surface,scratches,0.7682264447212219
vit_b_16,/Users/admin/surface-defect-train/results/chips/validation/pitted_surface/pitted_surface_256_bb01.png,/Users/admin/surface-defect-train/NEU-DET/validation/images/pitted_surface/pitted_surface_256.jpg,1,pitted_surface,pitted_surface,0.9325863718986511
vit_b_16,/Users/admin/surface-defect-train/results/chips/validation/pitted_surface/pitted_surface_257_bb00.png,/Users/admin/surface-defect-train/NEU-DET/validation/images/pitted_surface/pitted_surface_257.jpg,0,pitted_surface,scratches,0.7585766911506653
vit_b_16,/Users/admin/surface-defect-train/results/chips/validation/pitted_surface/pitted_surface_258_bb00.png,/Users/admin/surface-defect-train/NEU-DET/validation/images/pitted_surface/pitted_surface_258.jpg,0,pitted_surface,pitted_surface,0.9308827519416809
vit_b_16,/Users/admin/surface-defect-train/results/chips/validation/pitted_surface/pitted_surface_259_bb00.png,/Users/admin/surface-defect-train/NEU-DET/validation/images/pitted_surface/pitted_surface_259.jpg,0,pitted_surface,pitted_surface,0.7193300724029541
vit_b_16,/Users/admin/surface-defect-train/results/chips/validation/pitted_surface/pitted_surface_260_bb00.png,/Users/admin/surface-defect-train/NEU-DET/validation/images/pitted_surface/pitted_surface_260.jpg,0,pitted_surface,pitted_surface,0.8080272674560547
vit_b_16,/Users/admin/surface-defect-train/results/chips/validation/pitted_surface/pitted_surface_261_bb00.png,/Users/admin/surface-defect-train/NEU-DET/validation/images/pitted_surface/pitted_surface_261.jpg,0,pitted_surface,pitted_surface,0.9541983008384705
vit_b_16,/Users/admin/surface-defect-train/results/chips/validation/pitted_surface/pitted_surface_262_bb00.png,/Users/admin/surface-defect-train/NEU-DET/validation/images/pitted_surface/pitted_surface_262.jpg,0,pitted_surface,pitted_surface,0.9351020455360413
vit_b_16,/Users/admin/surface-defect-train/results/chips/validation/pitted_surface/pitted_surface_263_bb00.png,/Users/admin/surface-defect-train/NEU-DET/validation/images/pitted_surface/pitted_surface_263.jpg,0,pitted_surface,pitted_surface,0.6918685436248779
vit_b_16,/Users/admin/surface-defect-train/results/chips/validation/pitted_surface/pitted_surface_264_bb00.png,/Users/admin/surface-defect-train/NEU-DET/validation/images/pitted_surface/pitted_surface_264.jpg,0,pitted_surface,pitted_surface,0.5177783370018005
vit_b_16,/Users/admin/surface-defect-train/results/chips/validation/pitted_surface/pitted_surface_265_bb00.png,/Users/admin/surface-defect-train/NEU-DET/validation/images/pitted_surface/pitted_surface_265.jpg,0,pitted_surface,pitted_surface,0.491478830575943
vit_b_16,/Users/admin/surface-defect-train/results/chips/validation/pitted_surface/pitted_surface_266_bb00.png,/Users/admin/surface-defect-train/NEU-DET/validation/images/pitted_surface/pitted_surface_266.jpg,0,pitted_surface,scratches,0.8061985373497009
vit_b_16,/Users/admin/surface-defect-train/results/chips/validation/pitted_surface/pitted_surface_266_bb01.png,/Users/admin/surface-defect-train/NEU-DET/validation/images/pitted_surface/pitted_surface_266.jpg,1,pitted_surface,scratches,0.5013995170593262
vit_b_16,/Users/admin/surface-defect-train/results/chips/validation/pitted_surface/pitted_surface_266_bb02.png,/Users/admin/surface-defect-train/NEU-DET/validation/images/pitted_surface/pitted_surface_266.jpg,2,pitted_surface,scratches,0.8512340784072876
vit_b_16,/Users/admin/surface-defect-train/results/chips/validation/pitted_surface/pitted_surface_267_bb00.png,/Users/admin/surface-defect-train/NEU-DET/validation/images/pitted_surface/pitted_surface_267.jpg,0,pitted_surface,scratches,0.944426417350769
vit_b_16,/Users/admin/surface-defect-train/results/chips/validation/pitted_surface/pitted_surface_267_bb01.png,/Users/admin/surface-defect-train/NEU-DET/validation/images/pitted_surface/pitted_surface_267.jpg,1,pitted_surface,scratches,0.9564311504364014
vit_b_16,/Users/admin/surface-defect-train/results/chips/validation/pitted_surface/pitted_surface_268_bb00.png,/Users/admin/surface-defect-train/NEU-DET/validation/images/pitted_surface/pitted_surface_268.jpg,0,pitted_surface,pitted_surface,0.5223215222358704
vit_b_16,/Users/admin/surface-defect-train/results/chips/validation/pitted_surface/pitted_surface_268_bb01.png,/Users/admin/surface-defect-train/NEU-DET/validation/images/pitted_surface/pitted_surface_268.jpg,1,pitted_surface,scratches,0.6339453458786011
vit_b_16,/Users/admin/surface-defect-train/results/chips/validation/pitted_surface/pitted_surface_269_bb00.png,/Users/admin/surface-defect-train/NEU-DET/validation/images/pitted_surface/pitted_surface_269.jpg,0,pitted_surface,pitted_surface,0.9369972944259644
vit_b_16,/Users/admin/surface-defect-train/results/chips/validation/pitted_surface/pitted_surface_269_bb01.png,/Users/admin/surface-defect-train/NEU-DET/validation/images/pitted_surface/pitted_surface_269.jpg,1,pitted_surface,pitted_surface,0.5537596344947815
vit_b_16,/Users/admin/surface-defect-train/results/chips/validation/pitted_surface/pitted_surface_270_bb00.png,/Users/admin/surface-defect-train/NEU-DET/validation/images/pitted_surface/pitted_surface_270.jpg,0,pitted_surface,pitted_surface,0.9102277755737305
vit_b_16,/Users/admin/surface-defect-train/results/chips/validation/pitted_surface/pitted_surface_271_bb00.png,/Users/admin/surface-defect-train/NEU-DET/validation/images/pitted_surface/pitted_surface_271.jpg,0,pitted_surface,pitted_surface,0.9330927133560181
vit_b_16,/Users/admin/surface-defect-train/results/chips/validation/pitted_surface/pitted_surface_271_bb01.png,/Users/admin/surface-defect-train/NEU-DET/validation/images/pitted_surface/pitted_surface_271.jpg,1,pitted_surface,pitted_surface,0.6813532710075378
vit_b_16,/Users/admin/surface-defect-train/results/chips/validation/pitted_surface/pitted_surface_272_bb00.png,/Users/admin/surface-defect-train/NEU-DET/validation/images/pitted_surface/pitted_surface_272.jpg,0,pitted_surface,pitted_surface,0.8968603014945984
vit_b_16,/Users/admin/surface-defect-train/results/chips/validation/pitted_surface/pitted_surface_272_bb01.png,/Users/admin/surface-defect-train/NEU-DET/validation/images/pitted_surface/pitted_surface_272.jpg,1,pitted_surface,rolled-in_scale,0.7944811582565308
vit_b_16,/Users/admin/surface-defect-train/results/chips/validation/pitted_surface/pitted_surface_273_bb00.png,/Users/admin/surface-defect-train/NEU-DET/validation/images/pitted_surface/pitted_surface_273.jpg,0,pitted_surface,scratches,0.9798843860626221
vit_b_16,/Users/admin/surface-defect-train/results/chips/validation/pitted_surface/pitted_surface_274_bb00.png,/Users/admin/surface-defect-train/NEU-DET/validation/images/pitted_surface/pitted_surface_274.jpg,0,pitted_surface,pitted_surface,0.5414388179779053
vit_b_16,/Users/admin/surface-defect-train/results/chips/validation/pitted_surface/pitted_surface_275_bb00.png,/Users/admin/surface-defect-train/NEU-DET/validation/images/pitted_surface/pitted_surface_275.jpg,0,pitted_surface,pitted_surface,0.7986564636230469
vit_b_16,/Users/admin/surface-defect-train/results/chips/validation/pitted_surface/pitted_surface_276_bb00.png,/Users/admin/surface-defect-train/NEU-DET/validation/images/pitted_surface/pitted_surface_276.jpg,0,pitted_surface,pitted_surface,0.8258244395256042
vit_b_16,/Users/admin/surface-defect-train/results/chips/validation/pitted_surface/pitted_surface_277_bb00.png,/Users/admin/surface-defect-train/NEU-DET/validation/images/pitted_surface/pitted_surface_277.jpg,0,pitted_surface,pitted_surface,0.8834450244903564
vit_b_16,/Users/admin/surface-defect-train/results/chips/validation/pitted_surface/pitted_surface_278_bb00.png,/Users/admin/surface-defect-train/NEU-DET/validation/images/pitted_surface/pitted_surface_278.jpg,0,pitted_surface,pitted_surface,0.8947545886039734
vit_b_16,/Users/admin/surface-defect-train/results/chips/validation/pitted_surface/pitted_surface_279_bb00.png,/Users/admin/surface-defect-train/NEU-DET/validation/images/pitted_surface/pitted_surface_279.jpg,0,pitted_surface,patches,0.6201897263526917
vit_b_16,/Users/admin/surface-defect-train/results/chips/validation/pitted_surface/pitted_surface_280_bb00.png,/Users/admin/surface-defect-train/NEU-DET/validation/images/pitted_surface/pitted_surface_280.jpg,0,pitted_surface,scratches,0.9777604937553406
vit_b_16,/Users/admin/surface-defect-train/results/chips/validation/pitted_surface/pitted_surface_280_bb01.png,/Users/admin/surface-defect-train/NEU-DET/validation/images/pitted_surface/pitted_surface_280.jpg,1,pitted_surface,scratches,0.6481862664222717
vit_b_16,/Users/admin/surface-defect-train/results/chips/validation/pitted_surface/pitted_surface_280_bb02.png,/Users/admin/surface-defect-train/NEU-DET/validation/images/pitted_surface/pitted_surface_280.jpg,2,pitted_surface,scratches,0.5740437507629395
vit_b_16,/Users/admin/surface-defect-train/results/chips/validation/pitted_surface/pitted_surface_281_bb00.png,/Users/admin/surface-defect-train/NEU-DET/validation/images/pitted_surface/pitted_surface_281.jpg,0,pitted_surface,scratches,0.6691663265228271
vit_b_16,/Users/admin/surface-defect-train/results/chips/validation/pitted_surface/pitted_surface_282_bb00.png,/Users/admin/surface-defect-train/NEU-DET/validation/images/pitted_surface/pitted_surface_282.jpg,0,pitted_surface,inclusion,0.5441555976867676
vit_b_16,/Users/admin/surface-defect-train/results/chips/validation/pitted_surface/pitted_surface_282_bb01.png,/Users/admin/surface-defect-train/NEU-DET/validation/images/pitted_surface/pitted_surface_282.jpg,1,pitted_surface,scratches,0.6633397936820984
vit_b_16,/Users/admin/surface-defect-train/results/chips/validation/pitted_surface/pitted_surface_283_bb00.png,/Users/admin/surface-defect-train/NEU-DET/validation/images/pitted_surface/pitted_surface_283.jpg,0,pitted_surface,pitted_surface,0.8713822960853577
vit_b_16,/Users/admin/surface-defect-train/results/chips/validation/pitted_surface/pitted_surface_284_bb00.png,/Users/admin/surface-defect-train/NEU-DET/validation/images/pitted_surface/pitted_surface_284.jpg,0,pitted_surface,pitted_surface,0.9241248965263367
vit_b_16,/Users/admin/surface-defect-train/results/chips/validation/pitted_surface/pitted_surface_284_bb01.png,/Users/admin/surface-defect-train/NEU-DET/validation/images/pitted_surface/pitted_surface_284.jpg,1,pitted_surface,pitted_surface,0.9243892431259155
vit_b_16,/Users/admin/surface-defect-train/results/chips/validation/pitted_surface/pitted_surface_285_bb00.png,/Users/admin/surface-defect-train/NEU-DET/validation/images/pitted_surface/pitted_surface_285.jpg,0,pitted_surface,scratches,0.7724990248680115
vit_b_16,/Users/admin/surface-defect-train/results/chips/validation/pitted_surface/pitted_surface_286_bb00.png,/Users/admin/surface-defect-train/NEU-DET/validation/images/pitted_surface/pitted_surface_286.jpg,0,pitted_surface,pitted_surface,0.8702120184898376
vit_b_16,/Users/admin/surface-defect-train/results/chips/validation/pitted_surface/pitted_surface_287_bb00.png,/Users/admin/surface-defect-train/NEU-DET/validation/images/pitted_surface/pitted_surface_287.jpg,0,pitted_surface,pitted_surface,0.520044207572937
vit_b_16,/Users/admin/surface-defect-train/results/chips/validation/pitted_surface/pitted_surface_288_bb00.png,/Users/admin/surface-defect-train/NEU-DET/validation/images/pitted_surface/pitted_surface_288.jpg,0,pitted_surface,pitted_surface,0.6437131762504578
vit_b_16,/Users/admin/surface-defect-train/results/chips/validation/pitted_surface/pitted_surface_289_bb00.png,/Users/admin/surface-defect-train/NEU-DET/validation/images/pitted_surface/pitted_surface_289.jpg,0,pitted_surface,scratches,0.5289154648780823
vit_b_16,/Users/admin/surface-defect-train/results/chips/validation/pitted_surface/pitted_surface_289_bb01.png,/Users/admin/surface-defect-train/NEU-DET/validation/images/pitted_surface/pitted_surface_289.jpg,1,pitted_surface,pitted_surface,0.7947775721549988
vit_b_16,/Users/admin/surface-defect-train/results/chips/validation/pitted_surface/pitted_surface_290_bb00.png,/Users/admin/surface-defect-train/NEU-DET/validation/images/pitted_surface/pitted_surface_290.jpg,0,pitted_surface,pitted_surface,0.9429020285606384
vit_b_16,/Users/admin/surface-defect-train/results/chips/validation/pitted_surface/pitted_surface_290_bb01.png,/Users/admin/surface-defect-train/NEU-DET/validation/images/pitted_surface/pitted_surface_290.jpg,1,pitted_surface,pitted_surface,0.8040912747383118
vit_b_16,/Users/admin/surface-defect-train/results/chips/validation/pitted_surface/pitted_surface_290_bb02.png,/Users/admin/surface-defect-train/NEU-DET/validation/images/pitted_surface/pitted_surface_290.jpg,2,pitted_surface,pitted_surface,0.8928713798522949
vit_b_16,/Users/admin/surface-defect-train/results/chips/validation/pitted_surface/pitted_surface_291_bb00.png,/Users/admin/surface-defect-train/NEU-DET/validation/images/pitted_surface/pitted_surface_291.jpg,0,pitted_surface,crazing,0.6482052206993103
vit_b_16,/Users/admin/surface-defect-train/results/chips/validation/pitted_surface/pitted_surface_292_bb00.png,/Users/admin/surface-defect-train/NEU-DET/validation/images/pitted_surface/pitted_surface_292.jpg,0,pitted_surface,crazing,0.9822461605072021
vit_b_16,/Users/admin/surface-defect-train/results/chips/validation/pitted_surface/pitted_surface_292_bb01.png,/Users/admin/surface-defect-train/NEU-DET/validation/images/pitted_surface/pitted_surface_292.jpg,1,pitted_surface,crazing,0.5850076675415039
vit_b_16,/Users/admin/surface-defect-train/results/chips/validation/pitted_surface/pitted_surface_293_bb00.png,/Users/admin/surface-defect-train/NEU-DET/validation/images/pitted_surface/pitted_surface_293.jpg,0,pitted_surface,pitted_surface,0.9399730563163757
vit_b_16,/Users/admin/surface-defect-train/results/chips/validation/pitted_surface/pitted_surface_294_bb00.png,/Users/admin/surface-defect-train/NEU-DET/validation/images/pitted_surface/pitted_surface_294.jpg,0,pitted_surface,crazing,0.7379008531570435
vit_b_16,/Users/admin/surface-defect-train/results/chips/validation/pitted_surface/pitted_surface_294_bb01.png,/Users/admin/surface-defect-train/NEU-DET/validation/images/pitted_surface/pitted_surface_294.jpg,1,pitted_surface,rolled-in_scale,0.6329945921897888
vit_b_16,/Users/admin/surface-defect-train/results/chips/validation/pitted_surface/pitted_surface_295_bb00.png,/Users/admin/surface-defect-train/NEU-DET/validation/images/pitted_surface/pitted_surface_295.jpg,0,pitted_surface,crazing,0.9473909735679626
vit_b_16,/Users/admin/surface-defect-train/results/chips/validation/pitted_surface/pitted_surface_296_bb00.png,/Users/admin/surface-defect-train/NEU-DET/validation/images/pitted_surface/pitted_surface_296.jpg,0,pitted_surface,pitted_surface,0.5991716980934143
vit_b_16,/Users/admin/surface-defect-train/results/chips/validation/pitted_surface/pitted_surface_296_bb01.png,/Users/admin/surface-defect-train/NEU-DET/validation/images/pitted_surface/pitted_surface_296.jpg,1,pitted_surface,crazing,0.9856577515602112
vit_b_16,/Users/admin/surface-defect-train/results/chips/validation/pitted_surface/pitted_surface_297_bb00.png,/Users/admin/surface-defect-train/NEU-DET/validation/images/pitted_surface/pitted_surface_297.jpg,0,pitted_surface,patches,0.8502007722854614
vit_b_16,/Users/admin/surface-defect-train/results/chips/validation/pitted_surface/pitted_surface_298_bb00.png,/Users/admin/surface-defect-train/NEU-DET/validation/images/pitted_surface/pitted_surface_298.jpg,0,pitted_surface,scratches,0.7395976185798645
vit_b_16,/Users/admin/surface-defect-train/results/chips/validation/pitted_surface/pitted_surface_298_bb01.png,/Users/admin/surface-defect-train/NEU-DET/validation/images/pitted_surface/pitted_surface_298.jpg,1,pitted_surface,pitted_surface,0.6922023892402649
vit_b_16,/Users/admin/surface-defect-train/results/chips/validation/pitted_surface/pitted_surface_299_bb00.png,/Users/admin/surface-defect-train/NEU-DET/validation/images/pitted_surface/pitted_surface_299.jpg,0,pitted_surface,scratches,0.9227164387702942
vit_b_16,/Users/admin/surface-defect-train/results/chips/validation/pitted_surface/pitted_surface_299_bb01.png,/Users/admin/surface-defect-train/NEU-DET/validation/images/pitted_surface/pitted_surface_299.jpg,1,pitted_surface,scratches,0.6327313780784607
vit_b_16,/Users/admin/surface-defect-train/results/chips/validation/pitted_surface/pitted_surface_299_bb02.png,/Users/admin/surface-defect-train/NEU-DET/validation/images/pitted_surface/pitted_surface_299.jpg,2,pitted_surface,rolled-in_scale,0.5803601741790771
vit_b_16,/Users/admin/surface-defect-train/results/chips/validation/pitted_surface/pitted_surface_300_bb00.png,/Users/admin/surface-defect-train/NEU-DET/validation/images/pitted_surface/pitted_surface_300.jpg,0,pitted_surface,pitted_surface,0.9147680997848511
vit_b_16,/Users/admin/surface-defect-train/results/chips/validation/pitted_surface/pitted_surface_300_bb01.png,/Users/admin/surface-defect-train/NEU-DET/validation/images/pitted_surface/pitted_surface_300.jpg,1,pitted_surface,pitted_surface,0.9222379326820374
vit_b_16,/Users/admin/surface-defect-train/results/chips/validation/rolled-in_scale/rolled-in_scale_241_bb00.png,/Users/admin/surface-defect-train/NEU-DET/validation/images/rolled-in_scale/rolled-in_scale_241.jpg,0,rolled-in_scale,rolled-in_scale,0.8484720587730408
vit_b_16,/Users/admin/surface-defect-train/results/chips/validation/rolled-in_scale/rolled-in_scale_241_bb01.png,/Users/admin/surface-defect-train/NEU-DET/validation/images/rolled-in_scale/rolled-in_scale_241.jpg,1,rolled-in_scale,rolled-in_scale,0.6724969148635864
vit_b_16,/Users/admin/surface-defect-train/results/chips/validation/rolled-in_scale/rolled-in_scale_242_bb00.png,/Users/admin/surface-defect-train/NEU-DET/validation/images/rolled-in_scale/rolled-in_scale_242.jpg,0,rolled-in_scale,rolled-in_scale,0.6773158311843872
vit_b_16,/Users/admin/surface-defect-train/results/chips/validation/rolled-in_scale/rolled-in_scale_242_bb01.png,/Users/admin/surface-defect-train/NEU-DET/validation/images/rolled-in_scale/rolled-in_scale_242.jpg,1,rolled-in_scale,rolled-in_scale,0.7960213422775269
vit_b_16,/Users/admin/surface-defect-train/results/chips/validation/rolled-in_scale/rolled-in_scale_243_bb00.png,/Users/admin/surface-defect-train/NEU-DET/validation/images/rolled-in_scale/rolled-in_scale_243.jpg,0,rolled-in_scale,rolled-in_scale,0.8891919255256653
vit_b_16,/Users/admin/surface-defect-train/results/chips/validation/rolled-in_scale/rolled-in_scale_244_bb00.png,/Users/admin/surface-defect-train/NEU-DET/validation/images/rolled-in_scale/rolled-in_scale_244.jpg,0,rolled-in_scale,rolled-in_scale,0.8697633147239685
vit_b_16,/Users/admin/surface-defect-train/results/chips/validation/rolled-in_scale/rolled-in_scale_244_bb01.png,/Users/admin/surface-defect-train/NEU-DET/validation/images/rolled-in_scale/rolled-in_scale_244.jpg,1,rolled-in_scale,rolled-in_scale,0.876806914806366
vit_b_16,/Users/admin/surface-defect-train/results/chips/validation/rolled-in_scale/rolled-in_scale_244_bb02.png,/Users/admin/surface-defect-train/NEU-DET/validation/images/rolled-in_scale/rolled-in_scale_244.jpg,2,rolled-in_scale,rolled-in_scale,0.9108974933624268
vit_b_16,/Users/admin/surface-defect-train/results/chips/validation/rolled-in_scale/rolled-in_scale_245_bb00.png,/Users/admin/surface-defect-train/NEU-DET/validation/images/rolled-in_scale/rolled-in_scale_245.jpg,0,rolled-in_scale,rolled-in_scale,0.7694891095161438
vit_b_16,/Users/admin/surface-defect-train/results/chips/validation/rolled-in_scale/rolled-in_scale_245_bb01.png,/Users/admin/surface-defect-train/NEU-DET/validation/images/rolled-in_scale/rolled-in_scale_245.jpg,1,rolled-in_scale,rolled-in_scale,0.8832293748855591
vit_b_16,/Users/admin/surface-defect-train/results/chips/validation/rolled-in_scale/rolled-in_scale_246_bb00.png,/Users/admin/surface-defect-train/NEU-DET/validation/images/rolled-in_scale/rolled-in_scale_246.jpg,0,rolled-in_scale,rolled-in_scale,0.8764307498931885
vit_b_16,/Users/admin/surface-defect-train/results/chips/validation/rolled-in_scale/rolled-in_scale_246_bb01.png,/Users/admin/surface-defect-train/NEU-DET/validation/images/rolled-in_scale/rolled-in_scale_246.jpg,1,rolled-in_scale,crazing,0.5275582671165466
vit_b_16,/Users/admin/surface-defect-train/results/chips/validation/rolled-in_scale/rolled-in_scale_247_bb00.png,/Users/admin/surface-defect-train/NEU-DET/validation/images/rolled-in_scale/rolled-in_scale_247.jpg,0,rolled-in_scale,rolled-in_scale,0.8279649615287781
vit_b_16,/Users/admin/surface-defect-train/results/chips/validation/rolled-in_scale/rolled-in_scale_247_bb01.png,/Users/admin/surface-defect-train/NEU-DET/validation/images/rolled-in_scale/rolled-in_scale_247.jpg,1,rolled-in_scale,rolled-in_scale,0.8131732940673828
vit_b_16,/Users/admin/surface-defect-train/results/chips/validation/rolled-in_scale/rolled-in_scale_247_bb02.png,/Users/admin/surface-defect-train/NEU-DET/validation/images/rolled-in_scale/rolled-in_scale_247.jpg,2,rolled-in_scale,rolled-in_scale,0.5846184492111206
vit_b_16,/Users/admin/surface-defect-train/results/chips/validation/rolled-in_scale/rolled-in_scale_248_bb00.png,/Users/admin/surface-defect-train/NEU-DET/validation/images/rolled-in_scale/rolled-in_scale_248.jpg,0,rolled-in_scale,rolled-in_scale,0.5704944729804993
vit_b_16,/Users/admin/surface-defect-train/results/chips/validation/rolled-in_scale/rolled-in_scale_248_bb01.png,/Users/admin/surface-defect-train/NEU-DET/validation/images/rolled-in_scale/rolled-in_scale_248.jpg,1,rolled-in_scale,rolled-in_scale,0.852116584777832
vit_b_16,/Users/admin/surface-defect-train/results/chips/validation/rolled-in_scale/rolled-in_scale_249_bb00.png,/Users/admin/surface-defect-train/NEU-DET/validation/images/rolled-in_scale/rolled-in_scale_249.jpg,0,rolled-in_scale,rolled-in_scale,0.8160439729690552
vit_b_16,/Users/admin/surface-defect-train/results/chips/validation/rolled-in_scale/rolled-in_scale_250_bb00.png,/Users/admin/surface-defect-train/NEU-DET/validation/images/rolled-in_scale/rolled-in_scale_250.jpg,0,rolled-in_scale,rolled-in_scale,0.7749238610267639
vit_b_16,/Users/admin/surface-defect-train/results/chips/validation/rolled-in_scale/rolled-in_scale_250_bb01.png,/Users/admin/surface-defect-train/NEU-DET/validation/images/rolled-in_scale/rolled-in_scale_250.jpg,1,rolled-in_scale,rolled-in_scale,0.9277293682098389
vit_b_16,/Users/admin/surface-defect-train/results/chips/validation/rolled-in_scale/rolled-in_scale_250_bb02.png,/Users/admin/surface-defect-train/NEU-DET/validation/images/rolled-in_scale/rolled-in_scale_250.jpg,2,rolled-in_scale,rolled-in_scale,0.6627771854400635
vit_b_16,/Users/admin/surface-defect-train/results/chips/validation/rolled-in_scale/rolled-in_scale_251_bb00.png,/Users/admin/surface-defect-train/NEU-DET/validation/images/rolled-in_scale/rolled-in_scale_251.jpg,0,rolled-in_scale,rolled-in_scale,0.9232466220855713
vit_b_16,/Users/admin/surface-defect-train/results/chips/validation/rolled-in_scale/rolled-in_scale_251_bb01.png,/Users/admin/surface-defect-train/NEU-DET/validation/images/rolled-in_scale/rolled-in_scale_251.jpg,1,rolled-in_scale,rolled-in_scale,0.6386818289756775
vit_b_16,/Users/admin/surface-defect-train/results/chips/validation/rolled-in_scale/rolled-in_scale_252_bb00.png,/Users/admin/surface-defect-train/NEU-DET/validation/images/rolled-in_scale/rolled-in_scale_252.jpg,0,rolled-in_scale,rolled-in_scale,0.7728207111358643
vit_b_16,/Users/admin/surface-defect-train/results/chips/validation/rolled-in_scale/rolled-in_scale_252_bb01.png,/Users/admin/surface-defect-train/NEU-DET/validation/images/rolled-in_scale/rolled-in_scale_252.jpg,1,rolled-in_scale,rolled-in_scale,0.7938269972801208
vit_b_16,/Users/admin/surface-defect-train/results/chips/validation/rolled-in_scale/rolled-in_scale_253_bb00.png,/Users/admin/surface-defect-train/NEU-DET/validation/images/rolled-in_scale/rolled-in_scale_253.jpg,0,rolled-in_scale,rolled-in_scale,0.7018490433692932
vit_b_16,/Users/admin/surface-defect-train/results/chips/validation/rolled-in_scale/rolled-in_scale_254_bb00.png,/Users/admin/surface-defect-train/NEU-DET/validation/images/rolled-in_scale/rolled-in_scale_254.jpg,0,rolled-in_scale,rolled-in_scale,0.8243646621704102
vit_b_16,/Users/admin/surface-defect-train/results/chips/validation/rolled-in_scale/rolled-in_scale_255_bb00.png,/Users/admin/surface-defect-train/NEU-DET/validation/images/rolled-in_scale/rolled-in_scale_255.jpg,0,rolled-in_scale,rolled-in_scale,0.7706182599067688
vit_b_16,/Users/admin/surface-defect-train/results/chips/validation/rolled-in_scale/rolled-in_scale_255_bb01.png,/Users/admin/surface-defect-train/NEU-DET/validation/images/rolled-in_scale/rolled-in_scale_255.jpg,1,rolled-in_scale,rolled-in_scale,0.8766621947288513
vit_b_16,/Users/admin/surface-defect-train/results/chips/validation/rolled-in_scale/rolled-in_scale_255_bb02.png,/Users/admin/surface-defect-train/NEU-DET/validation/images/rolled-in_scale/rolled-in_scale_255.jpg,2,rolled-in_scale,rolled-in_scale,0.8497819304466248
vit_b_16,/Users/admin/surface-defect-train/results/chips/validation/rolled-in_scale/rolled-in_scale_255_bb03.png,/Users/admin/surface-defect-train/NEU-DET/validation/images/rolled-in_scale/rolled-in_scale_255.jpg,3,rolled-in_scale,rolled-in_scale,0.7889812588691711
vit_b_16,/Users/admin/surface-defect-train/results/chips/validation/rolled-in_scale/rolled-in_scale_256_bb00.png,/Users/admin/surface-defect-train/NEU-DET/validation/images/rolled-in_scale/rolled-in_scale_256.jpg,0,rolled-in_scale,rolled-in_scale,0.6827057003974915
vit_b_16,/Users/admin/surface-defect-train/results/chips/validation/rolled-in_scale/rolled-in_scale_257_bb00.png,/Users/admin/surface-defect-train/NEU-DET/validation/images/rolled-in_scale/rolled-in_scale_257.jpg,0,rolled-in_scale,rolled-in_scale,0.8061686754226685
vit_b_16,/Users/admin/surface-defect-train/results/chips/validation/rolled-in_scale/rolled-in_scale_257_bb01.png,/Users/admin/surface-defect-train/NEU-DET/validation/images/rolled-in_scale/rolled-in_scale_257.jpg,1,rolled-in_scale,crazing,0.6419674754142761
vit_b_16,/Users/admin/surface-defect-train/results/chips/validation/rolled-in_scale/rolled-in_scale_257_bb02.png,/Users/admin/surface-defect-train/NEU-DET/validation/images/rolled-in_scale/rolled-in_scale_257.jpg,2,rolled-in_scale,rolled-in_scale,0.9316559433937073
vit_b_16,/Users/admin/surface-defect-train/results/chips/validation/rolled-in_scale/rolled-in_scale_258_bb00.png,/Users/admin/surface-defect-train/NEU-DET/validation/images/rolled-in_scale/rolled-in_scale_258.jpg,0,rolled-in_scale,rolled-in_scale,0.8779293298721313
vit_b_16,/Users/admin/surface-defect-train/results/chips/validation/rolled-in_scale/rolled-in_scale_259_bb00.png,/Users/admin/surface-defect-train/NEU-DET/validation/images/rolled-in_scale/rolled-in_scale_259.jpg,0,rolled-in_scale,rolled-in_scale,0.5185984969139099
vit_b_16,/Users/admin/surface-defect-train/results/chips/validation/rolled-in_scale/rolled-in_scale_259_bb01.png,/Users/admin/surface-defect-train/NEU-DET/validation/images/rolled-in_scale/rolled-in_scale_259.jpg,1,rolled-in_scale,rolled-in_scale,0.8726535439491272
vit_b_16,/Users/admin/surface-defect-train/results/chips/validation/rolled-in_scale/rolled-in_scale_259_bb02.png,/Users/admin/surface-defect-train/NEU-DET/validation/images/rolled-in_scale/rolled-in_scale_259.jpg,2,rolled-in_scale,rolled-in_scale,0.6546752452850342
vit_b_16,/Users/admin/surface-defect-train/results/chips/validation/rolled-in_scale/rolled-in_scale_259_bb03.png,/Users/admin/surface-defect-train/NEU-DET/validation/images/rolled-in_scale/rolled-in_scale_259.jpg,3,rolled-in_scale,rolled-in_scale,0.8693485260009766
vit_b_16,/Users/admin/surface-defect-train/results/chips/validation/rolled-in_scale/rolled-in_scale_260_bb00.png,/Users/admin/surface-defect-train/NEU-DET/validation/images/rolled-in_scale/rolled-in_scale_260.jpg,0,rolled-in_scale,rolled-in_scale,0.9271751642227173
vit_b_16,/Users/admin/surface-defect-train/results/chips/validation/rolled-in_scale/rolled-in_scale_260_bb01.png,/Users/admin/surface-defect-train/NEU-DET/validation/images/rolled-in_scale/rolled-in_scale_260.jpg,1,rolled-in_scale,rolled-in_scale,0.8030151128768921
vit_b_16,/Users/admin/surface-defect-train/results/chips/validation/rolled-in_scale/rolled-in_scale_260_bb02.png,/Users/admin/surface-defect-train/NEU-DET/validation/images/rolled-in_scale/rolled-in_scale_260.jpg,2,rolled-in_scale,rolled-in_scale,0.9109904766082764
vit_b_16,/Users/admin/surface-defect-train/results/chips/validation/rolled-in_scale/rolled-in_scale_261_bb00.png,/Users/admin/surface-defect-train/NEU-DET/validation/images/rolled-in_scale/rolled-in_scale_261.jpg,0,rolled-in_scale,rolled-in_scale,0.8901739716529846
vit_b_16,/Users/admin/surface-defect-train/results/chips/validation/rolled-in_scale/rolled-in_scale_262_bb00.png,/Users/admin/surface-defect-train/NEU-DET/validation/images/rolled-in_scale/rolled-in_scale_262.jpg,0,rolled-in_scale,rolled-in_scale,0.8489197492599487
vit_b_16,/Users/admin/surface-defect-train/results/chips/validation/rolled-in_scale/rolled-in_scale_263_bb00.png,/Users/admin/surface-defect-train/NEU-DET/validation/images/rolled-in_scale/rolled-in_scale_263.jpg,0,rolled-in_scale,rolled-in_scale,0.7312477231025696
vit_b_16,/Users/admin/surface-defect-train/results/chips/validation/rolled-in_scale/rolled-in_scale_263_bb01.png,/Users/admin/surface-defect-train/NEU-DET/validation/images/rolled-in_scale/rolled-in_scale_263.jpg,1,rolled-in_scale,rolled-in_scale,0.7927653789520264
vit_b_16,/Users/admin/surface-defect-train/results/chips/validation/rolled-in_scale/rolled-in_scale_264_bb00.png,/Users/admin/surface-defect-train/NEU-DET/validation/images/rolled-in_scale/rolled-in_scale_264.jpg,0,rolled-in_scale,rolled-in_scale,0.6295570731163025
vit_b_16,/Users/admin/surface-defect-train/results/chips/validation/rolled-in_scale/rolled-in_scale_264_bb01.png,/Users/admin/surface-defect-train/NEU-DET/validation/images/rolled-in_scale/rolled-in_scale_264.jpg,1,rolled-in_scale,rolled-in_scale,0.7267853617668152
vit_b_16,/Users/admin/surface-defect-train/results/chips/validation/rolled-in_scale/rolled-in_scale_264_bb02.png,/Users/admin/surface-defect-train/NEU-DET/validation/images/rolled-in_scale/rolled-in_scale_264.jpg,2,rolled-in_scale,crazing,0.8705635666847229
vit_b_16,/Users/admin/surface-defect-train/results/chips/validation/rolled-in_scale/rolled-in_scale_265_bb00.png,/Users/admin/surface-defect-train/NEU-DET/validation/images/rolled-in_scale/rolled-in_scale_265.jpg,0,rolled-in_scale,rolled-in_scale,0.8448936939239502
vit_b_16,/Users/admin/surface-defect-train/results/chips/validation/rolled-in_scale/rolled-in_scale_265_bb01.png,/Users/admin/surface-defect-train/NEU-DET/validation/images/rolled-in_scale/rolled-in_scale_265.jpg,1,rolled-in_scale,rolled-in_scale,0.8577221035957336
vit_b_16,/Users/admin/surface-defect-train/results/chips/validation/rolled-in_scale/rolled-in_scale_266_bb00.png,/Users/admin/surface-defect-train/NEU-DET/validation/images/rolled-in_scale/rolled-in_scale_266.jpg,0,rolled-in_scale,crazing,0.5105705261230469
vit_b_16,/Users/admin/surface-defect-train/results/chips/validation/rolled-in_scale/rolled-in_scale_266_bb01.png,/Users/admin/surface-defect-train/NEU-DET/validation/images/rolled-in_scale/rolled-in_scale_266.jpg,1,rolled-in_scale,rolled-in_scale,0.8259928226470947
vit_b_16,/Users/admin/surface-defect-train/results/chips/validation/rolled-in_scale/rolled-in_scale_267_bb00.png,/Users/admin/surface-defect-train/NEU-DET/validation/images/rolled-in_scale/rolled-in_scale_267.jpg,0,rolled-in_scale,rolled-in_scale,0.9193257093429565
vit_b_16,/Users/admin/surface-defect-train/results/chips/validation/rolled-in_scale/rolled-in_scale_267_bb01.png,/Users/admin/surface-defect-train/NEU-DET/validation/images/rolled-in_scale/rolled-in_scale_267.jpg,1,rolled-in_scale,crazing,0.5296856164932251
vit_b_16,/Users/admin/surface-defect-train/results/chips/validation/rolled-in_scale/rolled-in_scale_267_bb02.png,/Users/admin/surface-defect-train/NEU-DET/validation/images/rolled-in_scale/rolled-in_scale_267.jpg,2,rolled-in_scale,rolled-in_scale,0.8697086572647095
vit_b_16,/Users/admin/surface-defect-train/results/chips/validation/rolled-in_scale/rolled-in_scale_268_bb00.png,/Users/admin/surface-defect-train/NEU-DET/validation/images/rolled-in_scale/rolled-in_scale_268.jpg,0,rolled-in_scale,rolled-in_scale,0.5407232642173767
vit_b_16,/Users/admin/surface-defect-train/results/chips/validation/rolled-in_scale/rolled-in_scale_268_bb01.png,/Users/admin/surface-defect-train/NEU-DET/validation/images/rolled-in_scale/rolled-in_scale_268.jpg,1,rolled-in_scale,rolled-in_scale,0.8569982051849365
vit_b_16,/Users/admin/surface-defect-train/results/chips/validation/rolled-in_scale/rolled-in_scale_269_bb00.png,/Users/admin/surface-defect-train/NEU-DET/validation/images/rolled-in_scale/rolled-in_scale_269.jpg,0,rolled-in_scale,rolled-in_scale,0.9516241550445557
vit_b_16,/Users/admin/surface-defect-train/results/chips/validation/rolled-in_scale/rolled-in_scale_270_bb00.png,/Users/admin/surface-defect-train/NEU-DET/validation/images/rolled-in_scale/rolled-in_scale_270.jpg,0,rolled-in_scale,crazing,0.5056009292602539
vit_b_16,/Users/admin/surface-defect-train/results/chips/validation/rolled-in_scale/rolled-in_scale_270_bb01.png,/Users/admin/surface-defect-train/NEU-DET/validation/images/rolled-in_scale/rolled-in_scale_270.jpg,1,rolled-in_scale,rolled-in_scale,0.8573528528213501
vit_b_16,/Users/admin/surface-defect-train/results/chips/validation/rolled-in_scale/rolled-in_scale_270_bb02.png,/Users/admin/surface-defect-train/NEU-DET/validation/images/rolled-in_scale/rolled-in_scale_270.jpg,2,rolled-in_scale,rolled-in_scale,0.7979773283004761
vit_b_16,/Users/admin/surface-defect-train/results/chips/validation/rolled-in_scale/rolled-in_scale_271_bb00.png,/Users/admin/surface-defect-train/NEU-DET/validation/images/rolled-in_scale/rolled-in_scale_271.jpg,0,rolled-in_scale,crazing,0.49343550205230713
vit_b_16,/Users/admin/surface-defect-train/results/chips/validation/rolled-in_scale/rolled-in_scale_271_bb01.png,/Users/admin/surface-defect-train/NEU-DET/validation/images/rolled-in_scale/rolled-in_scale_271.jpg,1,rolled-in_scale,rolled-in_scale,0.877287745475769
vit_b_16,/Users/admin/surface-defect-train/results/chips/validation/rolled-in_scale/rolled-in_scale_272_bb00.png,/Users/admin/surface-defect-train/NEU-DET/validation/images/rolled-in_scale/rolled-in_scale_272.jpg,0,rolled-in_scale,crazing,0.8470200300216675
vit_b_16,/Users/admin/surface-defect-train/results/chips/validation/rolled-in_scale/rolled-in_scale_272_bb01.png,/Users/admin/surface-defect-train/NEU-DET/validation/images/rolled-in_scale/rolled-in_scale_272.jpg,1,rolled-in_scale,rolled-in_scale,0.922044038772583
vit_b_16,/Users/admin/surface-defect-train/results/chips/validation/rolled-in_scale/rolled-in_scale_273_bb00.png,/Users/admin/surface-defect-train/NEU-DET/validation/images/rolled-in_scale/rolled-in_scale_273.jpg,0,rolled-in_scale,rolled-in_scale,0.8383401036262512
vit_b_16,/Users/admin/surface-defect-train/results/chips/validation/rolled-in_scale/rolled-in_scale_273_bb01.png,/Users/admin/surface-defect-train/NEU-DET/validation/images/rolled-in_scale/rolled-in_scale_273.jpg,1,rolled-in_scale,crazing,0.7081235647201538
vit_b_16,/Users/admin/surface-defect-train/results/chips/validation/rolled-in_scale/rolled-in_scale_274_bb00.png,/Users/admin/surface-defect-train/NEU-DET/validation/images/rolled-in_scale/rolled-in_scale_274.jpg,0,rolled-in_scale,crazing,0.4524754583835602
vit_b_16,/Users/admin/surface-defect-train/results/chips/validation/rolled-in_scale/rolled-in_scale_274_bb01.png,/Users/admin/surface-defect-train/NEU-DET/validation/images/rolled-in_scale/rolled-in_scale_274.jpg,1,rolled-in_scale,rolled-in_scale,0.8307784795761108
vit_b_16,/Users/admin/surface-defect-train/results/chips/validation/rolled-in_scale/rolled-in_scale_274_bb02.png,/Users/admin/surface-defect-train/NEU-DET/validation/images/rolled-in_scale/rolled-in_scale_274.jpg,2,rolled-in_scale,rolled-in_scale,0.860737681388855
vit_b_16,/Users/admin/surface-defect-train/results/chips/validation/rolled-in_scale/rolled-in_scale_274_bb03.png,/Users/admin/surface-defect-train/NEU-DET/validation/images/rolled-in_scale/rolled-in_scale_274.jpg,3,rolled-in_scale,rolled-in_scale,0.7642868161201477
vit_b_16,/Users/admin/surface-defect-train/results/chips/validation/rolled-in_scale/rolled-in_scale_275_bb00.png,/Users/admin/surface-defect-train/NEU-DET/validation/images/rolled-in_scale/rolled-in_scale_275.jpg,0,rolled-in_scale,rolled-in_scale,0.7824938297271729
vit_b_16,/Users/admin/surface-defect-train/results/chips/validation/rolled-in_scale/rolled-in_scale_275_bb01.png,/Users/admin/surface-defect-train/NEU-DET/validation/images/rolled-in_scale/rolled-in_scale_275.jpg,1,rolled-in_scale,rolled-in_scale,0.6429238319396973
vit_b_16,/Users/admin/surface-defect-train/results/chips/validation/rolled-in_scale/rolled-in_scale_275_bb02.png,/Users/admin/surface-defect-train/NEU-DET/validation/images/rolled-in_scale/rolled-in_scale_275.jpg,2,rolled-in_scale,rolled-in_scale,0.7135036587715149
vit_b_16,/Users/admin/surface-defect-train/results/chips/validation/rolled-in_scale/rolled-in_scale_276_bb00.png,/Users/admin/surface-defect-train/NEU-DET/validation/images/rolled-in_scale/rolled-in_scale_276.jpg,0,rolled-in_scale,rolled-in_scale,0.77008455991745
vit_b_16,/Users/admin/surface-defect-train/results/chips/validation/rolled-in_scale/rolled-in_scale_276_bb01.png,/Users/admin/surface-defect-train/NEU-DET/validation/images/rolled-in_scale/rolled-in_scale_276.jpg,1,rolled-in_scale,rolled-in_scale,0.8568010330200195
vit_b_16,/Users/admin/surface-defect-train/results/chips/validation/rolled-in_scale/rolled-in_scale_277_bb00.png,/Users/admin/surface-defect-train/NEU-DET/validation/images/rolled-in_scale/rolled-in_scale_277.jpg,0,rolled-in_scale,rolled-in_scale,0.8159918785095215
vit_b_16,/Users/admin/surface-defect-train/results/chips/validation/rolled-in_scale/rolled-in_scale_277_bb01.png,/Users/admin/surface-defect-train/NEU-DET/validation/images/rolled-in_scale/rolled-in_scale_277.jpg,1,rolled-in_scale,rolled-in_scale,0.9539918899536133
vit_b_16,/Users/admin/surface-defect-train/results/chips/validation/rolled-in_scale/rolled-in_scale_277_bb02.png,/Users/admin/surface-defect-train/NEU-DET/validation/images/rolled-in_scale/rolled-in_scale_277.jpg,2,rolled-in_scale,rolled-in_scale,0.9045854210853577
vit_b_16,/Users/admin/surface-defect-train/results/chips/validation/rolled-in_scale/rolled-in_scale_278_bb00.png,/Users/admin/surface-defect-train/NEU-DET/validation/images/rolled-in_scale/rolled-in_scale_278.jpg,0,rolled-in_scale,rolled-in_scale,0.8646525144577026
vit_b_16,/Users/admin/surface-defect-train/results/chips/validation/rolled-in_scale/rolled-in_scale_278_bb01.png,/Users/admin/surface-defect-train/NEU-DET/validation/images/rolled-in_scale/rolled-in_scale_278.jpg,1,rolled-in_scale,rolled-in_scale,0.574552059173584
vit_b_16,/Users/admin/surface-defect-train/results/chips/validation/rolled-in_scale/rolled-in_scale_278_bb02.png,/Users/admin/surface-defect-train/NEU-DET/validation/images/rolled-in_scale/rolled-in_scale_278.jpg,2,rolled-in_scale,crazing,0.9004769325256348
vit_b_16,/Users/admin/surface-defect-train/results/chips/validation/rolled-in_scale/rolled-in_scale_279_bb00.png,/Users/admin/surface-defect-train/NEU-DET/validation/images/rolled-in_scale/rolled-in_scale_279.jpg,0,rolled-in_scale,rolled-in_scale,0.6937324404716492
vit_b_16,/Users/admin/surface-defect-train/results/chips/validation/rolled-in_scale/rolled-in_scale_279_bb01.png,/Users/admin/surface-defect-train/NEU-DET/validation/images/rolled-in_scale/rolled-in_scale_279.jpg,1,rolled-in_scale,crazing,0.4932299256324768
vit_b_16,/Users/admin/surface-defect-train/results/chips/validation/rolled-in_scale/rolled-in_scale_279_bb02.png,/Users/admin/surface-defect-train/NEU-DET/validation/images/rolled-in_scale/rolled-in_scale_279.jpg,2,rolled-in_scale,rolled-in_scale,0.581523597240448
vit_b_16,/Users/admin/surface-defect-train/results/chips/validation/rolled-in_scale/rolled-in_scale_280_bb00.png,/Users/admin/surface-defect-train/NEU-DET/validation/images/rolled-in_scale/rolled-in_scale_280.jpg,0,rolled-in_scale,rolled-in_scale,0.42154350876808167
vit_b_16,/Users/admin/surface-defect-train/results/chips/validation/rolled-in_scale/rolled-in_scale_280_bb01.png,/Users/admin/surface-defect-train/NEU-DET/validation/images/rolled-in_scale/rolled-in_scale_280.jpg,1,rolled-in_scale,crazing,0.84866863489151
vit_b_16,/Users/admin/surface-defect-train/results/chips/validation/rolled-in_scale/rolled-in_scale_281_bb00.png,/Users/admin/surface-defect-train/NEU-DET/validation/images/rolled-in_scale/rolled-in_scale_281.jpg,0,rolled-in_scale,rolled-in_scale,0.867088794708252
vit_b_16,/Users/admin/surface-defect-train/results/chips/validation/rolled-in_scale/rolled-in_scale_281_bb01.png,/Users/admin/surface-defect-train/NEU-DET/validation/images/rolled-in_scale/rolled-in_scale_281.jpg,1,rolled-in_scale,rolled-in_scale,0.8947567939758301
vit_b_16,/Users/admin/surface-defect-train/results/chips/validation/rolled-in_scale/rolled-in_scale_281_bb02.png,/Users/admin/surface-defect-train/NEU-DET/validation/images/rolled-in_scale/rolled-in_scale_281.jpg,2,rolled-in_scale,rolled-in_scale,0.8506958484649658
vit_b_16,/Users/admin/surface-defect-train/results/chips/validation/rolled-in_scale/rolled-in_scale_282_bb00.png,/Users/admin/surface-defect-train/NEU-DET/validation/images/rolled-in_scale/rolled-in_scale_282.jpg,0,rolled-in_scale,crazing,0.9852316379547119
vit_b_16,/Users/admin/surface-defect-train/results/chips/validation/rolled-in_scale/rolled-in_scale_282_bb01.png,/Users/admin/surface-defect-train/NEU-DET/validation/images/rolled-in_scale/rolled-in_scale_282.jpg,1,rolled-in_scale,rolled-in_scale,0.9638380408287048
vit_b_16,/Users/admin/surface-defect-train/results/chips/validation/rolled-in_scale/rolled-in_scale_283_bb00.png,/Users/admin/surface-defect-train/NEU-DET/validation/images/rolled-in_scale/rolled-in_scale_283.jpg,0,rolled-in_scale,crazing,0.8327906727790833
vit_b_16,/Users/admin/surface-defect-train/results/chips/validation/rolled-in_scale/rolled-in_scale_283_bb01.png,/Users/admin/surface-defect-train/NEU-DET/validation/images/rolled-in_scale/rolled-in_scale_283.jpg,1,rolled-in_scale,crazing,0.9734544157981873
vit_b_16,/Users/admin/surface-defect-train/results/chips/validation/rolled-in_scale/rolled-in_scale_283_bb02.png,/Users/admin/surface-defect-train/NEU-DET/validation/images/rolled-in_scale/rolled-in_scale_283.jpg,2,rolled-in_scale,rolled-in_scale,0.9189923405647278
vit_b_16,/Users/admin/surface-defect-train/results/chips/validation/rolled-in_scale/rolled-in_scale_284_bb00.png,/Users/admin/surface-defect-train/NEU-DET/validation/images/rolled-in_scale/rolled-in_scale_284.jpg,0,rolled-in_scale,crazing,0.9533236026763916
vit_b_16,/Users/admin/surface-defect-train/results/chips/validation/rolled-in_scale/rolled-in_scale_285_bb00.png,/Users/admin/surface-defect-train/NEU-DET/validation/images/rolled-in_scale/rolled-in_scale_285.jpg,0,rolled-in_scale,crazing,0.9828341007232666
vit_b_16,/Users/admin/surface-defect-train/results/chips/validation/rolled-in_scale/rolled-in_scale_285_bb01.png,/Users/admin/surface-defect-train/NEU-DET/validation/images/rolled-in_scale/rolled-in_scale_285.jpg,1,rolled-in_scale,crazing,0.9439418315887451
vit_b_16,/Users/admin/surface-defect-train/results/chips/validation/rolled-in_scale/rolled-in_scale_286_bb00.png,/Users/admin/surface-defect-train/NEU-DET/validation/images/rolled-in_scale/rolled-in_scale_286.jpg,0,rolled-in_scale,rolled-in_scale,0.8678157925605774
vit_b_16,/Users/admin/surface-defect-train/results/chips/validation/rolled-in_scale/rolled-in_scale_286_bb01.png,/Users/admin/surface-defect-train/NEU-DET/validation/images/rolled-in_scale/rolled-in_scale_286.jpg,1,rolled-in_scale,crazing,0.9405298233032227
vit_b_16,/Users/admin/surface-defect-train/results/chips/validation/rolled-in_scale/rolled-in_scale_287_bb00.png,/Users/admin/surface-defect-train/NEU-DET/validation/images/rolled-in_scale/rolled-in_scale_287.jpg,0,rolled-in_scale,crazing,0.9146120548248291
vit_b_16,/Users/admin/surface-defect-train/results/chips/validation/rolled-in_scale/rolled-in_scale_287_bb01.png,/Users/admin/surface-defect-train/NEU-DET/validation/images/rolled-in_scale/rolled-in_scale_287.jpg,1,rolled-in_scale,crazing,0.6261388659477234
vit_b_16,/Users/admin/surface-defect-train/results/chips/validation/rolled-in_scale/rolled-in_scale_288_bb00.png,/Users/admin/surface-defect-train/NEU-DET/validation/images/rolled-in_scale/rolled-in_scale_288.jpg,0,rolled-in_scale,crazing,0.4806947410106659
vit_b_16,/Users/admin/surface-defect-train/results/chips/validation/rolled-in_scale/rolled-in_scale_288_bb01.png,/Users/admin/surface-defect-train/NEU-DET/validation/images/rolled-in_scale/rolled-in_scale_288.jpg,1,rolled-in_scale,rolled-in_scale,0.6585156917572021
vit_b_16,/Users/admin/surface-defect-train/results/chips/validation/rolled-in_scale/rolled-in_scale_289_bb00.png,/Users/admin/surface-defect-train/NEU-DET/validation/images/rolled-in_scale/rolled-in_scale_289.jpg,0,rolled-in_scale,rolled-in_scale,0.8173449039459229
vit_b_16,/Users/admin/surface-defect-train/results/chips/validation/rolled-in_scale/rolled-in_scale_289_bb01.png,/Users/admin/surface-defect-train/NEU-DET/validation/images/rolled-in_scale/rolled-in_scale_289.jpg,1,rolled-in_scale,rolled-in_scale,0.7935664057731628
vit_b_16,/Users/admin/surface-defect-train/results/chips/validation/rolled-in_scale/rolled-in_scale_290_bb00.png,/Users/admin/surface-defect-train/NEU-DET/validation/images/rolled-in_scale/rolled-in_scale_290.jpg,0,rolled-in_scale,crazing,0.9762250185012817
vit_b_16,/Users/admin/surface-defect-train/results/chips/validation/rolled-in_scale/rolled-in_scale_290_bb01.png,/Users/admin/surface-defect-train/NEU-DET/validation/images/rolled-in_scale/rolled-in_scale_290.jpg,1,rolled-in_scale,crazing,0.9831939935684204
vit_b_16,/Users/admin/surface-defect-train/results/chips/validation/rolled-in_scale/rolled-in_scale_291_bb00.png,/Users/admin/surface-defect-train/NEU-DET/validation/images/rolled-in_scale/rolled-in_scale_291.jpg,0,rolled-in_scale,crazing,0.7411356568336487
vit_b_16,/Users/admin/surface-defect-train/results/chips/validation/rolled-in_scale/rolled-in_scale_291_bb01.png,/Users/admin/surface-defect-train/NEU-DET/validation/images/rolled-in_scale/rolled-in_scale_291.jpg,1,rolled-in_scale,crazing,0.9536037445068359
vit_b_16,/Users/admin/surface-defect-train/results/chips/validation/rolled-in_scale/rolled-in_scale_291_bb02.png,/Users/admin/surface-defect-train/NEU-DET/validation/images/rolled-in_scale/rolled-in_scale_291.jpg,2,rolled-in_scale,crazing,0.8952164649963379
vit_b_16,/Users/admin/surface-defect-train/results/chips/validation/rolled-in_scale/rolled-in_scale_292_bb00.png,/Users/admin/surface-defect-train/NEU-DET/validation/images/rolled-in_scale/rolled-in_scale_292.jpg,0,rolled-in_scale,crazing,0.7706104516983032
vit_b_16,/Users/admin/surface-defect-train/results/chips/validation/rolled-in_scale/rolled-in_scale_292_bb01.png,/Users/admin/surface-defect-train/NEU-DET/validation/images/rolled-in_scale/rolled-in_scale_292.jpg,1,rolled-in_scale,crazing,0.9757014513015747
vit_b_16,/Users/admin/surface-defect-train/results/chips/validation/rolled-in_scale/rolled-in_scale_292_bb02.png,/Users/admin/surface-defect-train/NEU-DET/validation/images/rolled-in_scale/rolled-in_scale_292.jpg,2,rolled-in_scale,rolled-in_scale,0.879004955291748
vit_b_16,/Users/admin/surface-defect-train/results/chips/validation/rolled-in_scale/rolled-in_scale_292_bb03.png,/Users/admin/surface-defect-train/NEU-DET/validation/images/rolled-in_scale/rolled-in_scale_292.jpg,3,rolled-in_scale,rolled-in_scale,0.6468157768249512
vit_b_16,/Users/admin/surface-defect-train/results/chips/validation/rolled-in_scale/rolled-in_scale_293_bb00.png,/Users/admin/surface-defect-train/NEU-DET/validation/images/rolled-in_scale/rolled-in_scale_293.jpg,0,rolled-in_scale,crazing,0.9025323987007141
vit_b_16,/Users/admin/surface-defect-train/results/chips/validation/rolled-in_scale/rolled-in_scale_293_bb01.png,/Users/admin/surface-defect-train/NEU-DET/validation/images/rolled-in_scale/rolled-in_scale_293.jpg,1,rolled-in_scale,crazing,0.9690836668014526
vit_b_16,/Users/admin/surface-defect-train/results/chips/validation/rolled-in_scale/rolled-in_scale_294_bb00.png,/Users/admin/surface-defect-train/NEU-DET/validation/images/rolled-in_scale/rolled-in_scale_294.jpg,0,rolled-in_scale,rolled-in_scale,0.9185904264450073
vit_b_16,/Users/admin/surface-defect-train/results/chips/validation/rolled-in_scale/rolled-in_scale_294_bb01.png,/Users/admin/surface-defect-train/NEU-DET/validation/images/rolled-in_scale/rolled-in_scale_294.jpg,1,rolled-in_scale,rolled-in_scale,0.9607458114624023
vit_b_16,/Users/admin/surface-defect-train/results/chips/validation/rolled-in_scale/rolled-in_scale_295_bb00.png,/Users/admin/surface-defect-train/NEU-DET/validation/images/rolled-in_scale/rolled-in_scale_295.jpg,0,rolled-in_scale,crazing,0.9772237539291382
vit_b_16,/Users/admin/surface-defect-train/results/chips/validation/rolled-in_scale/rolled-in_scale_295_bb01.png,/Users/admin/surface-defect-train/NEU-DET/validation/images/rolled-in_scale/rolled-in_scale_295.jpg,1,rolled-in_scale,rolled-in_scale,0.9622419476509094
vit_b_16,/Users/admin/surface-defect-train/results/chips/validation/rolled-in_scale/rolled-in_scale_295_bb02.png,/Users/admin/surface-defect-train/NEU-DET/validation/images/rolled-in_scale/rolled-in_scale_295.jpg,2,rolled-in_scale,rolled-in_scale,0.8267350196838379
vit_b_16,/Users/admin/surface-defect-train/results/chips/validation/rolled-in_scale/rolled-in_scale_296_bb00.png,/Users/admin/surface-defect-train/NEU-DET/validation/images/rolled-in_scale/rolled-in_scale_296.jpg,0,rolled-in_scale,rolled-in_scale,0.7131866812705994
vit_b_16,/Users/admin/surface-defect-train/results/chips/validation/rolled-in_scale/rolled-in_scale_297_bb00.png,/Users/admin/surface-defect-train/NEU-DET/validation/images/rolled-in_scale/rolled-in_scale_297.jpg,0,rolled-in_scale,rolled-in_scale,0.5478999018669128
vit_b_16,/Users/admin/surface-defect-train/results/chips/validation/rolled-in_scale/rolled-in_scale_297_bb01.png,/Users/admin/surface-defect-train/NEU-DET/validation/images/rolled-in_scale/rolled-in_scale_297.jpg,1,rolled-in_scale,crazing,0.8171535134315491
vit_b_16,/Users/admin/surface-defect-train/results/chips/validation/rolled-in_scale/rolled-in_scale_298_bb00.png,/Users/admin/surface-defect-train/NEU-DET/validation/images/rolled-in_scale/rolled-in_scale_298.jpg,0,rolled-in_scale,crazing,0.9862647652626038
vit_b_16,/Users/admin/surface-defect-train/results/chips/validation/rolled-in_scale/rolled-in_scale_299_bb00.png,/Users/admin/surface-defect-train/NEU-DET/validation/images/rolled-in_scale/rolled-in_scale_299.jpg,0,rolled-in_scale,crazing,0.9804036617279053
vit_b_16,/Users/admin/surface-defect-train/results/chips/validation/rolled-in_scale/rolled-in_scale_299_bb01.png,/Users/admin/surface-defect-train/NEU-DET/validation/images/rolled-in_scale/rolled-in_scale_299.jpg,1,rolled-in_scale,crazing,0.9320902228355408
vit_b_16,/Users/admin/surface-defect-train/results/chips/validation/rolled-in_scale/rolled-in_scale_300_bb00.png,/Users/admin/surface-defect-train/NEU-DET/validation/images/rolled-in_scale/rolled-in_scale_300.jpg,0,rolled-in_scale,rolled-in_scale,0.9163740277290344
vit_b_16,/Users/admin/surface-defect-train/results/chips/validation/rolled-in_scale/rolled-in_scale_300_bb01.png,/Users/admin/surface-defect-train/NEU-DET/validation/images/rolled-in_scale/rolled-in_scale_300.jpg,1,rolled-in_scale,crazing,0.8408056497573853
vit_b_16,/Users/admin/surface-defect-train/results/chips/validation/scratches/scratches_241_bb00.png,/Users/admin/surface-defect-train/NEU-DET/validation/images/scratches/scratches_241.jpg,0,scratches,scratches,0.7518337965011597
vit_b_16,/Users/admin/surface-defect-train/results/chips/validation/scratches/scratches_241_bb01.png,/Users/admin/surface-defect-train/NEU-DET/validation/images/scratches/scratches_241.jpg,1,scratches,scratches,0.6277695298194885
vit_b_16,/Users/admin/surface-defect-train/results/chips/validation/scratches/scratches_242_bb00.png,/Users/admin/surface-defect-train/NEU-DET/validation/images/scratches/scratches_242.jpg,0,scratches,scratches,0.9770853519439697
vit_b_16,/Users/admin/surface-defect-train/results/chips/validation/scratches/scratches_242_bb01.png,/Users/admin/surface-defect-train/NEU-DET/validation/images/scratches/scratches_242.jpg,1,scratches,scratches,0.9745030403137207
vit_b_16,/Users/admin/surface-defect-train/results/chips/validation/scratches/scratches_243_bb00.png,/Users/admin/surface-defect-train/NEU-DET/validation/images/scratches/scratches_243.jpg,0,scratches,patches,0.6941242814064026
vit_b_16,/Users/admin/surface-defect-train/results/chips/validation/scratches/scratches_243_bb01.png,/Users/admin/surface-defect-train/NEU-DET/validation/images/scratches/scratches_243.jpg,1,scratches,scratches,0.9931421279907227
vit_b_16,/Users/admin/surface-defect-train/results/chips/validation/scratches/scratches_243_bb02.png,/Users/admin/surface-defect-train/NEU-DET/validation/images/scratches/scratches_243.jpg,2,scratches,scratches,0.9854398369789124
vit_b_16,/Users/admin/surface-defect-train/results/chips/validation/scratches/scratches_243_bb03.png,/Users/admin/surface-defect-train/NEU-DET/validation/images/scratches/scratches_243.jpg,3,scratches,scratches,0.9918820261955261
vit_b_16,/Users/admin/surface-defect-train/results/chips/validation/scratches/scratches_244_bb00.png,/Users/admin/surface-defect-train/NEU-DET/validation/images/scratches/scratches_244.jpg,0,scratches,scratches,0.8834959864616394
vit_b_16,/Users/admin/surface-defect-train/results/chips/validation/scratches/scratches_244_bb01.png,/Users/admin/surface-defect-train/NEU-DET/validation/images/scratches/scratches_244.jpg,1,scratches,scratches,0.9839990735054016
vit_b_16,/Users/admin/surface-defect-train/results/chips/validation/scratches/scratches_244_bb02.png,/Users/admin/surface-defect-train/NEU-DET/validation/images/scratches/scratches_244.jpg,2,scratches,scratches,0.9058051705360413
vit_b_16,/Users/admin/surface-defect-train/results/chips/validation/scratches/scratches_245_bb00.png,/Users/admin/surface-defect-train/NEU-DET/validation/images/scratches/scratches_245.jpg,0,scratches,scratches,0.7691348791122437
vit_b_16,/Users/admin/surface-defect-train/results/chips/validation/scratches/scratches_245_bb01.png,/Users/admin/surface-defect-train/NEU-DET/validation/images/scratches/scratches_245.jpg,1,scratches,scratches,0.9806025624275208
vit_b_16,/Users/admin/surface-defect-train/results/chips/validation/scratches/scratches_246_bb00.png,/Users/admin/surface-defect-train/NEU-DET/validation/images/scratches/scratches_246.jpg,0,scratches,scratches,0.869917631149292
vit_b_16,/Users/admin/surface-defect-train/results/chips/validation/scratches/scratches_247_bb00.png,/Users/admin/surface-defect-train/NEU-DET/validation/images/scratches/scratches_247.jpg,0,scratches,scratches,0.980237603187561
vit_b_16,/Users/admin/surface-defect-train/results/chips/validation/scratches/scratches_247_bb01.png,/Users/admin/surface-defect-train/NEU-DET/validation/images/scratches/scratches_247.jpg,1,scratches,patches,0.3246949315071106
vit_b_16,/Users/admin/surface-defect-train/results/chips/validation/scratches/scratches_248_bb00.png,/Users/admin/surface-defect-train/NEU-DET/validation/images/scratches/scratches_248.jpg,0,scratches,scratches,0.9665851593017578
vit_b_16,/Users/admin/surface-defect-train/results/chips/validation/scratches/scratches_248_bb01.png,/Users/admin/surface-defect-train/NEU-DET/validation/images/scratches/scratches_248.jpg,1,scratches,scratches,0.9896023869514465
vit_b_16,/Users/admin/surface-defect-train/results/chips/validation/scratches/scratches_249_bb00.png,/Users/admin/surface-defect-train/NEU-DET/validation/images/scratches/scratches_249.jpg,0,scratches,scratches,0.7750610113143921
vit_b_16,/Users/admin/surface-defect-train/results/chips/validation/scratches/scratches_250_bb00.png,/Users/admin/surface-defect-train/NEU-DET/validation/images/scratches/scratches_250.jpg,0,scratches,scratches,0.9576781988143921
vit_b_16,/Users/admin/surface-defect-train/results/chips/validation/scratches/scratches_250_bb01.png,/Users/admin/surface-defect-train/NEU-DET/validation/images/scratches/scratches_250.jpg,1,scratches,pitted_surface,0.3656012713909149
vit_b_16,/Users/admin/surface-defect-train/results/chips/validation/scratches/scratches_251_bb00.png,/Users/admin/surface-defect-train/NEU-DET/validation/images/scratches/scratches_251.jpg,0,scratches,scratches,0.6901573538780212
vit_b_16,/Users/admin/surface-defect-train/results/chips/validation/scratches/scratches_251_bb01.png,/Users/admin/surface-defect-train/NEU-DET/validation/images/scratches/scratches_251.jpg,1,scratches,scratches,0.5487616062164307
vit_b_16,/Users/admin/surface-defect-train/results/chips/validation/scratches/scratches_252_bb00.png,/Users/admin/surface-defect-train/NEU-DET/validation/images/scratches/scratches_252.jpg,0,scratches,scratches,0.8948937654495239
vit_b_16,/Users/admin/surface-defect-train/results/chips/validation/scratches/scratches_252_bb01.png,/Users/admin/surface-defect-train/NEU-DET/validation/images/scratches/scratches_252.jpg,1,scratches,crazing,0.5969393253326416
vit_b_16,/Users/admin/surface-defect-train/results/chips/validation/scratches/scratches_253_bb00.png,/Users/admin/surface-defect-train/NEU-DET/validation/images/scratches/scratches_253.jpg,0,scratches,scratches,0.5598559379577637
vit_b_16,/Users/admin/surface-defect-train/results/chips/validation/scratches/scratches_253_bb01.png,/Users/admin/surface-defect-train/NEU-DET/validation/images/scratches/scratches_253.jpg,1,scratches,scratches,0.7226061820983887
vit_b_16,/Users/admin/surface-defect-train/results/chips/validation/scratches/scratches_254_bb00.png,/Users/admin/surface-defect-train/NEU-DET/validation/images/scratches/scratches_254.jpg,0,scratches,scratches,0.9367328882217407
vit_b_16,/Users/admin/surface-defect-train/results/chips/validation/scratches/scratches_255_bb00.png,/Users/admin/surface-defect-train/NEU-DET/validation/images/scratches/scratches_255.jpg,0,scratches,patches,0.978675901889801
vit_b_16,/Users/admin/surface-defect-train/results/chips/validation/scratches/scratches_256_bb00.png,/Users/admin/surface-defect-train/NEU-DET/validation/images/scratches/scratches_256.jpg,0,scratches,patches,0.9552155137062073
vit_b_16,/Users/admin/surface-defect-train/results/chips/validation/scratches/scratches_257_bb00.png,/Users/admin/surface-defect-train/NEU-DET/validation/images/scratches/scratches_257.jpg,0,scratches,patches,0.9773984551429749
vit_b_16,/Users/admin/surface-defect-train/results/chips/validation/scratches/scratches_258_bb00.png,/Users/admin/surface-defect-train/NEU-DET/validation/images/scratches/scratches_258.jpg,0,scratches,patches,0.648445725440979
vit_b_16,/Users/admin/surface-defect-train/results/chips/validation/scratches/scratches_259_bb00.png,/Users/admin/surface-defect-train/NEU-DET/validation/images/scratches/scratches_259.jpg,0,scratches,patches,0.8676576018333435
vit_b_16,/Users/admin/surface-defect-train/results/chips/validation/scratches/scratches_260_bb00.png,/Users/admin/surface-defect-train/NEU-DET/validation/images/scratches/scratches_260.jpg,0,scratches,patches,0.5225729942321777
vit_b_16,/Users/admin/surface-defect-train/results/chips/validation/scratches/scratches_260_bb01.png,/Users/admin/surface-defect-train/NEU-DET/validation/images/scratches/scratches_260.jpg,1,scratches,scratches,0.5484420657157898
vit_b_16,/Users/admin/surface-defect-train/results/chips/validation/scratches/scratches_260_bb02.png,/Users/admin/surface-defect-train/NEU-DET/validation/images/scratches/scratches_260.jpg,2,scratches,scratches,0.6141408085823059
vit_b_16,/Users/admin/surface-defect-train/results/chips/validation/scratches/scratches_261_bb00.png,/Users/admin/surface-defect-train/NEU-DET/validation/images/scratches/scratches_261.jpg,0,scratches,patches,0.8080991506576538
vit_b_16,/Users/admin/surface-defect-train/results/chips/validation/scratches/scratches_262_bb00.png,/Users/admin/surface-defect-train/NEU-DET/validation/images/scratches/scratches_262.jpg,0,scratches,scratches,0.7627621293067932
vit_b_16,/Users/admin/surface-defect-train/results/chips/validation/scratches/scratches_262_bb01.png,/Users/admin/surface-defect-train/NEU-DET/validation/images/scratches/scratches_262.jpg,1,scratches,scratches,0.991058349609375
vit_b_16,/Users/admin/surface-defect-train/results/chips/validation/scratches/scratches_263_bb00.png,/Users/admin/surface-defect-train/NEU-DET/validation/images/scratches/scratches_263.jpg,0,scratches,patches,0.5080976486206055
vit_b_16,/Users/admin/surface-defect-train/results/chips/validation/scratches/scratches_263_bb01.png,/Users/admin/surface-defect-train/NEU-DET/validation/images/scratches/scratches_263.jpg,1,scratches,scratches,0.9815537929534912
vit_b_16,/Users/admin/surface-defect-train/results/chips/validation/scratches/scratches_264_bb00.png,/Users/admin/surface-defect-train/NEU-DET/validation/images/scratches/scratches_264.jpg,0,scratches,scratches,0.9621998071670532
vit_b_16,/Users/admin/surface-defect-train/results/chips/validation/scratches/scratches_264_bb01.png,/Users/admin/surface-defect-train/NEU-DET/validation/images/scratches/scratches_264.jpg,1,scratches,patches,0.6986352205276489
vit_b_16,/Users/admin/surface-defect-train/results/chips/validation/scratches/scratches_264_bb02.png,/Users/admin/surface-defect-train/NEU-DET/validation/images/scratches/scratches_264.jpg,2,scratches,patches,0.5277228951454163
vit_b_16,/Users/admin/surface-defect-train/results/chips/validation/scratches/scratches_265_bb00.png,/Users/admin/surface-defect-train/NEU-DET/validation/images/scratches/scratches_265.jpg,0,scratches,scratches,0.8690844178199768
vit_b_16,/Users/admin/surface-defect-train/results/chips/validation/scratches/scratches_265_bb01.png,/Users/admin/surface-defect-train/NEU-DET/validation/images/scratches/scratches_265.jpg,1,scratches,scratches,0.6329527497291565
vit_b_16,/Users/admin/surface-defect-train/results/chips/validation/scratches/scratches_266_bb00.png,/Users/admin/surface-defect-train/NEU-DET/validation/images/scratches/scratches_266.jpg,0,scratches,scratches,0.9943639039993286
vit_b_16,/Users/admin/surface-defect-train/results/chips/validation/scratches/scratches_266_bb01.png,/Users/admin/surface-defect-train/NEU-DET/validation/images/scratches/scratches_266.jpg,1,scratches,scratches,0.7180984020233154
vit_b_16,/Users/admin/surface-defect-train/results/chips/validation/scratches/scratches_267_bb00.png,/Users/admin/surface-defect-train/NEU-DET/validation/images/scratches/scratches_267.jpg,0,scratches,patches,0.7934591174125671
vit_b_16,/Users/admin/surface-defect-train/results/chips/validation/scratches/scratches_267_bb01.png,/Users/admin/surface-defect-train/NEU-DET/validation/images/scratches/scratches_267.jpg,1,scratches,scratches,0.9242801070213318
vit_b_16,/Users/admin/surface-defect-train/results/chips/validation/scratches/scratches_268_bb00.png,/Users/admin/surface-defect-train/NEU-DET/validation/images/scratches/scratches_268.jpg,0,scratches,scratches,0.8393934965133667
vit_b_16,/Users/admin/surface-defect-train/results/chips/validation/scratches/scratches_268_bb01.png,/Users/admin/surface-defect-train/NEU-DET/validation/images/scratches/scratches_268.jpg,1,scratches,scratches,0.8402664661407471
vit_b_16,/Users/admin/surface-defect-train/results/chips/validation/scratches/scratches_269_bb00.png,/Users/admin/surface-defect-train/NEU-DET/validation/images/scratches/scratches_269.jpg,0,scratches,scratches,0.5994311571121216
vit_b_16,/Users/admin/surface-defect-train/results/chips/validation/scratches/scratches_269_bb01.png,/Users/admin/surface-defect-train/NEU-DET/validation/images/scratches/scratches_269.jpg,1,scratches,scratches,0.9681124091148376
vit_b_16,/Users/admin/surface-defect-train/results/chips/validation/scratches/scratches_269_bb02.png,/Users/admin/surface-defect-train/NEU-DET/validation/images/scratches/scratches_269.jpg,2,scratches,scratches,0.6249688267707825
vit_b_16,/Users/admin/surface-defect-train/results/chips/validation/scratches/scratches_270_bb00.png,/Users/admin/surface-defect-train/NEU-DET/validation/images/scratches/scratches_270.jpg,0,scratches,patches,0.7818558216094971
vit_b_16,/Users/admin/surface-defect-train/results/chips/validation/scratches/scratches_270_bb01.png,/Users/admin/surface-defect-train/NEU-DET/validation/images/scratches/scratches_270.jpg,1,scratches,patches,0.5047981142997742
vit_b_16,/Users/admin/surface-defect-train/results/chips/validation/scratches/scratches_271_bb00.png,/Users/admin/surface-defect-train/NEU-DET/validation/images/scratches/scratches_271.jpg,0,scratches,patches,0.6069886088371277
vit_b_16,/Users/admin/surface-defect-train/results/chips/validation/scratches/scratches_271_bb01.png,/Users/admin/surface-defect-train/NEU-DET/validation/images/scratches/scratches_271.jpg,1,scratches,scratches,0.9853540658950806
vit_b_16,/Users/admin/surface-defect-train/results/chips/validation/scratches/scratches_271_bb02.png,/Users/admin/surface-defect-train/NEU-DET/validation/images/scratches/scratches_271.jpg,2,scratches,scratches,0.8754252195358276
vit_b_16,/Users/admin/surface-defect-train/results/chips/validation/scratches/scratches_271_bb03.png,/Users/admin/surface-defect-train/NEU-DET/validation/images/scratches/scratches_271.jpg,3,scratches,scratches,0.9064528346061707
vit_b_16,/Users/admin/surface-defect-train/results/chips/validation/scratches/scratches_272_bb00.png,/Users/admin/surface-defect-train/NEU-DET/validation/images/scratches/scratches_272.jpg,0,scratches,scratches,0.9920885562896729
vit_b_16,/Users/admin/surface-defect-train/results/chips/validation/scratches/scratches_272_bb01.png,/Users/admin/surface-defect-train/NEU-DET/validation/images/scratches/scratches_272.jpg,1,scratches,scratches,0.890799880027771
vit_b_16,/Users/admin/surface-defect-train/results/chips/validation/scratches/scratches_273_bb00.png,/Users/admin/surface-defect-train/NEU-DET/validation/images/scratches/scratches_273.jpg,0,scratches,scratches,0.8108702898025513
vit_b_16,/Users/admin/surface-defect-train/results/chips/validation/scratches/scratches_273_bb01.png,/Users/admin/surface-defect-train/NEU-DET/validation/images/scratches/scratches_273.jpg,1,scratches,scratches,0.8219491243362427
vit_b_16,/Users/admin/surface-defect-train/results/chips/validation/scratches/scratches_273_bb02.png,/Users/admin/surface-defect-train/NEU-DET/validation/images/scratches/scratches_273.jpg,2,scratches,scratches,0.9945957064628601
vit_b_16,/Users/admin/surface-defect-train/results/chips/validation/scratches/scratches_274_bb00.png,/Users/admin/surface-defect-train/NEU-DET/validation/images/scratches/scratches_274.jpg,0,scratches,scratches,0.8622539043426514
vit_b_16,/Users/admin/surface-defect-train/results/chips/validation/scratches/scratches_274_bb01.png,/Users/admin/surface-defect-train/NEU-DET/validation/images/scratches/scratches_274.jpg,1,scratches,scratches,0.6988805532455444
vit_b_16,/Users/admin/surface-defect-train/results/chips/validation/scratches/scratches_274_bb02.png,/Users/admin/surface-defect-train/NEU-DET/validation/images/scratches/scratches_274.jpg,2,scratches,scratches,0.4963298738002777
vit_b_16,/Users/admin/surface-defect-train/results/chips/validation/scratches/scratches_275_bb00.png,/Users/admin/surface-defect-train/NEU-DET/validation/images/scratches/scratches_275.jpg,0,scratches,patches,0.5782471895217896
vit_b_16,/Users/admin/surface-defect-train/results/chips/validation/scratches/scratches_275_bb01.png,/Users/admin/surface-defect-train/NEU-DET/validation/images/scratches/scratches_275.jpg,1,scratches,scratches,0.9140071868896484
vit_b_16,/Users/admin/surface-defect-train/results/chips/validation/scratches/scratches_275_bb02.png,/Users/admin/surface-defect-train/NEU-DET/validation/images/scratches/scratches_275.jpg,2,scratches,patches,0.7010842561721802
vit_b_16,/Users/admin/surface-defect-train/results/chips/validation/scratches/scratches_275_bb03.png,/Users/admin/surface-defect-train/NEU-DET/validation/images/scratches/scratches_275.jpg,3,scratches,scratches,0.6199654936790466
vit_b_16,/Users/admin/surface-defect-train/results/chips/validation/scratches/scratches_276_bb00.png,/Users/admin/surface-defect-train/NEU-DET/validation/images/scratches/scratches_276.jpg,0,scratches,scratches,0.9830499291419983
vit_b_16,/Users/admin/surface-defect-train/results/chips/validation/scratches/scratches_276_bb01.png,/Users/admin/surface-defect-train/NEU-DET/validation/images/scratches/scratches_276.jpg,1,scratches,scratches,0.7799549102783203
vit_b_16,/Users/admin/surface-defect-train/results/chips/validation/scratches/scratches_277_bb00.png,/Users/admin/surface-defect-train/NEU-DET/validation/images/scratches/scratches_277.jpg,0,scratches,scratches,0.6151184439659119
vit_b_16,/Users/admin/surface-defect-train/results/chips/validation/scratches/scratches_277_bb01.png,/Users/admin/surface-defect-train/NEU-DET/validation/images/scratches/scratches_277.jpg,1,scratches,scratches,0.9954583644866943
vit_b_16,/Users/admin/surface-defect-train/results/chips/validation/scratches/scratches_278_bb00.png,/Users/admin/surface-defect-train/NEU-DET/validation/images/scratches/scratches_278.jpg,0,scratches,scratches,0.5224301218986511
vit_b_16,/Users/admin/surface-defect-train/results/chips/validation/scratches/scratches_278_bb01.png,/Users/admin/surface-defect-train/NEU-DET/validation/images/scratches/scratches_278.jpg,1,scratches,scratches,0.9961161613464355
vit_b_16,/Users/admin/surface-defect-train/results/chips/validation/scratches/scratches_278_bb02.png,/Users/admin/surface-defect-train/NEU-DET/validation/images/scratches/scratches_278.jpg,2,scratches,scratches,0.698665976524353
vit_b_16,/Users/admin/surface-defect-train/results/chips/validation/scratches/scratches_279_bb00.png,/Users/admin/surface-defect-train/NEU-DET/validation/images/scratches/scratches_279.jpg,0,scratches,crazing,0.49949267506599426
vit_b_16,/Users/admin/surface-defect-train/results/chips/validation/scratches/scratches_279_bb01.png,/Users/admin/surface-defect-train/NEU-DET/validation/images/scratches/scratches_279.jpg,1,scratches,scratches,0.8026335835456848
vit_b_16,/Users/admin/surface-defect-train/results/chips/validation/scratches/scratches_280_bb00.png,/Users/admin/surface-defect-train/NEU-DET/validation/images/scratches/scratches_280.jpg,0,scratches,patches,0.7111262083053589
vit_b_16,/Users/admin/surface-defect-train/results/chips/validation/scratches/scratches_280_bb01.png,/Users/admin/surface-defect-train/NEU-DET/validation/images/scratches/scratches_280.jpg,1,scratches,scratches,0.7643905878067017
vit_b_16,/Users/admin/surface-defect-train/results/chips/validation/scratches/scratches_281_bb00.png,/Users/admin/surface-defect-train/NEU-DET/validation/images/scratches/scratches_281.jpg,0,scratches,scratches,0.7909834980964661
vit_b_16,/Users/admin/surface-defect-train/results/chips/validation/scratches/scratches_282_bb00.png,/Users/admin/surface-defect-train/NEU-DET/validation/images/scratches/scratches_282.jpg,0,scratches,patches,0.9421248435974121
vit_b_16,/Users/admin/surface-defect-train/results/chips/validation/scratches/scratches_283_bb00.png,/Users/admin/surface-defect-train/NEU-DET/validation/images/scratches/scratches_283.jpg,0,scratches,patches,0.9230352640151978
vit_b_16,/Users/admin/surface-defect-train/results/chips/validation/scratches/scratches_283_bb01.png,/Users/admin/surface-defect-train/NEU-DET/validation/images/scratches/scratches_283.jpg,1,scratches,scratches,0.9932295083999634
vit_b_16,/Users/admin/surface-defect-train/results/chips/validation/scratches/scratches_284_bb00.png,/Users/admin/surface-defect-train/NEU-DET/validation/images/scratches/scratches_284.jpg,0,scratches,patches,0.8524159789085388
vit_b_16,/Users/admin/surface-defect-train/results/chips/validation/scratches/scratches_284_bb01.png,/Users/admin/surface-defect-train/NEU-DET/validation/images/scratches/scratches_284.jpg,1,scratches,scratches,0.9950630068778992
vit_b_16,/Users/admin/surface-defect-train/results/chips/validation/scratches/scratches_285_bb00.png,/Users/admin/surface-defect-train/NEU-DET/validation/images/scratches/scratches_285.jpg,0,scratches,patches,0.7204075455665588
vit_b_16,/Users/admin/surface-defect-train/results/chips/validation/scratches/scratches_285_bb01.png,/Users/admin/surface-defect-train/NEU-DET/validation/images/scratches/scratches_285.jpg,1,scratches,scratches,0.9966974258422852
vit_b_16,/Users/admin/surface-defect-train/results/chips/validation/scratches/scratches_286_bb00.png,/Users/admin/surface-defect-train/NEU-DET/validation/images/scratches/scratches_286.jpg,0,scratches,scratches,0.9636402726173401
vit_b_16,/Users/admin/surface-defect-train/results/chips/validation/scratches/scratches_287_bb00.png,/Users/admin/surface-defect-train/NEU-DET/validation/images/scratches/scratches_287.jpg,0,scratches,patches,0.6098111867904663
vit_b_16,/Users/admin/surface-defect-train/results/chips/validation/scratches/scratches_288_bb00.png,/Users/admin/surface-defect-train/NEU-DET/validation/images/scratches/scratches_288.jpg,0,scratches,scratches,0.833135187625885
vit_b_16,/Users/admin/surface-defect-train/results/chips/validation/scratches/scratches_289_bb00.png,/Users/admin/surface-defect-train/NEU-DET/validation/images/scratches/scratches_289.jpg,0,scratches,scratches,0.9732165336608887
vit_b_16,/Users/admin/surface-defect-train/results/chips/validation/scratches/scratches_290_bb00.png,/Users/admin/surface-defect-train/NEU-DET/validation/images/scratches/scratches_290.jpg,0,scratches,scratches,0.9887682795524597
vit_b_16,/Users/admin/surface-defect-train/results/chips/validation/scratches/scratches_290_bb01.png,/Users/admin/surface-defect-train/NEU-DET/validation/images/scratches/scratches_290.jpg,1,scratches,scratches,0.9975069165229797
vit_b_16,/Users/admin/surface-defect-train/results/chips/validation/scratches/scratches_291_bb00.png,/Users/admin/surface-defect-train/NEU-DET/validation/images/scratches/scratches_291.jpg,0,scratches,scratches,0.8632794618606567
vit_b_16,/Users/admin/surface-defect-train/results/chips/validation/scratches/scratches_292_bb00.png,/Users/admin/surface-defect-train/NEU-DET/validation/images/scratches/scratches_292.jpg,0,scratches,scratches,0.8381127119064331
vit_b_16,/Users/admin/surface-defect-train/results/chips/validation/scratches/scratches_292_bb01.png,/Users/admin/surface-defect-train/NEU-DET/validation/images/scratches/scratches_292.jpg,1,scratches,scratches,0.6573337912559509
vit_b_16,/Users/admin/surface-defect-train/results/chips/validation/scratches/scratches_293_bb00.png,/Users/admin/surface-defect-train/NEU-DET/validation/images/scratches/scratches_293.jpg,0,scratches,scratches,0.9932312965393066
vit_b_16,/Users/admin/surface-defect-train/results/chips/validation/scratches/scratches_293_bb01.png,/Users/admin/surface-defect-train/NEU-DET/validation/images/scratches/scratches_293.jpg,1,scratches,scratches,0.9929431080818176
vit_b_16,/Users/admin/surface-defect-train/results/chips/validation/scratches/scratches_294_bb00.png,/Users/admin/surface-defect-train/NEU-DET/validation/images/scratches/scratches_294.jpg,0,scratches,scratches,0.6182494759559631
vit_b_16,/Users/admin/surface-defect-train/results/chips/validation/scratches/scratches_294_bb01.png,/Users/admin/surface-defect-train/NEU-DET/validation/images/scratches/scratches_294.jpg,1,scratches,patches,0.7295647859573364
vit_b_16,/Users/admin/surface-defect-train/results/chips/validation/scratches/scratches_294_bb02.png,/Users/admin/surface-defect-train/NEU-DET/validation/images/scratches/scratches_294.jpg,2,scratches,patches,0.8929286003112793
vit_b_16,/Users/admin/surface-defect-train/results/chips/validation/scratches/scratches_295_bb00.png,/Users/admin/surface-defect-train/NEU-DET/validation/images/scratches/scratches_295.jpg,0,scratches,patches,0.9326357245445251
vit_b_16,/Users/admin/surface-defect-train/results/chips/validation/scratches/scratches_295_bb01.png,/Users/admin/surface-defect-train/NEU-DET/validation/images/scratches/scratches_295.jpg,1,scratches,scratches,0.9730221629142761
vit_b_16,/Users/admin/surface-defect-train/results/chips/validation/scratches/scratches_295_bb02.png,/Users/admin/surface-defect-train/NEU-DET/validation/images/scratches/scratches_295.jpg,2,scratches,patches,0.9028421640396118
vit_b_16,/Users/admin/surface-defect-train/results/chips/validation/scratches/scratches_295_bb03.png,/Users/admin/surface-defect-train/NEU-DET/validation/images/scratches/scratches_295.jpg,3,scratches,scratches,0.9685047268867493
vit_b_16,/Users/admin/surface-defect-train/results/chips/validation/scratches/scratches_296_bb00.png,/Users/admin/surface-defect-train/NEU-DET/validation/images/scratches/scratches_296.jpg,0,scratches,patches,0.9679856300354004
vit_b_16,/Users/admin/surface-defect-train/results/chips/validation/scratches/scratches_296_bb01.png,/Users/admin/surface-defect-train/NEU-DET/validation/images/scratches/scratches_296.jpg,1,scratches,scratches,0.9960377216339111
vit_b_16,/Users/admin/surface-defect-train/results/chips/validation/scratches/scratches_296_bb02.png,/Users/admin/surface-defect-train/NEU-DET/validation/images/scratches/scratches_296.jpg,2,scratches,scratches,0.9704121947288513
vit_b_16,/Users/admin/surface-defect-train/results/chips/validation/scratches/scratches_296_bb03.png,/Users/admin/surface-defect-train/NEU-DET/validation/images/scratches/scratches_296.jpg,3,scratches,scratches,0.9763280749320984
vit_b_16,/Users/admin/surface-defect-train/results/chips/validation/scratches/scratches_296_bb04.png,/Users/admin/surface-defect-train/NEU-DET/validation/images/scratches/scratches_296.jpg,4,scratches,scratches,0.9893531799316406
vit_b_16,/Users/admin/surface-defect-train/results/chips/validation/scratches/scratches_297_bb00.png,/Users/admin/surface-defect-train/NEU-DET/validation/images/scratches/scratches_297.jpg,0,scratches,scratches,0.9927566647529602
vit_b_16,/Users/admin/surface-defect-train/results/chips/validation/scratches/scratches_297_bb01.png,/Users/admin/surface-defect-train/NEU-DET/validation/images/scratches/scratches_297.jpg,1,scratches,patches,0.4272429943084717
vit_b_16,/Users/admin/surface-defect-train/results/chips/validation/scratches/scratches_298_bb00.png,/Users/admin/surface-defect-train/NEU-DET/validation/images/scratches/scratches_298.jpg,0,scratches,crazing,0.5620378851890564
vit_b_16,/Users/admin/surface-defect-train/results/chips/validation/scratches/scratches_299_bb00.png,/Users/admin/surface-defect-train/NEU-DET/validation/images/scratches/scratches_299.jpg,0,scratches,patches,0.7036154866218567
vit_b_16,/Users/admin/surface-defect-train/results/chips/validation/scratches/scratches_300_bb00.png,/Users/admin/surface-defect-train/NEU-DET/validation/images/scratches/scratches_300.jpg,0,scratches,scratches,0.7197872400283813
vit_b_16,/Users/admin/surface-defect-train/results/chips/validation/scratches/scratches_300_bb01.png,/Users/admin/surface-defect-train/NEU-DET/validation/images/scratches/scratches_300.jpg,1,scratches,scratches,0.9888210296630859
