modelName,chipPath,trueLabel,predLabel,confidence,prob_crazing,prob_inclusion,prob_patches,prob_pitted_surface,prob_rolled-in_scale,prob_scratches
vit_b_16,/Users/admin/surface-defect-train/results/chips/validation/crazing/crazing_241_bb00.png,crazing,crazing,0.9908825755119324,0.9908825755119324,0.00010259864939143881,0.0005379267386160791,0.008054789155721664,0.0003144726506434381,0.00010759610449895263
vit_b_16,/Users/admin/surface-defect-train/results/chips/validation/crazing/crazing_241_bb01.png,crazing,crazing,0.9933775067329407,0.9933775067329407,8.348340634256601e-05,0.00044810952385887504,0.005782792344689369,0.00022314379748422652,8.4972198237665e-05
vit_b_16,/Users/admin/surface-defect-train/results/chips/validation/crazing/crazing_241_bb02.png,crazing,crazing,0.989589273929596,0.989589273929596,0.00011203124449821189,0.0005384458345361054,0.009195511229336262,0.00046538779861293733,9.931052045430988e-05
vit_b_16,/Users/admin/surface-defect-train/results/chips/validation/crazing/crazing_242_bb00.png,crazing,crazing,0.9943512678146362,0.9943512678146362,7.76256711105816e-05,0.00038222887087613344,0.004647762980312109,0.00036555793485604227,0.00017549878975842148
vit_b_16,/Users/admin/surface-defect-train/results/chips/validation/crazing/crazing_242_bb01.png,crazing,crazing,0.9811245203018188,0.9811245203018188,0.00010665352601790801,0.0006102910847403109,0.017298374325037003,0.0006763115525245667,0.00018393048958387226
vit_b_16,/Users/admin/surface-defect-train/results/chips/validation/crazing/crazing_242_bb02.png,crazing,crazing,0.9937880635261536,0.9937880635261536,7.836621080059558e-05,0.00037384251481853426,0.005217993166297674,0.00040916987927630544,0.00013244499859865755
vit_b_16,/Users/admin/surface-defect-train/results/chips/validation/crazing/crazing_243_bb00.png,crazing,crazing,0.9927403330802917,0.9927403330802917,0.00011758282198570669,0.000653877155855298,0.006063824985176325,0.00033897714456543326,8.544109005015343e-05
vit_b_16,/Users/admin/surface-defect-train/results/chips/validation/crazing/crazing_243_bb01.png,crazing,crazing,0.9920122027397156,0.9920122027397156,3.535313589964062e-05,0.00017715941066853702,0.006262487731873989,0.0010896732565015554,0.00042320077773183584
vit_b_16,/Users/admin/surface-defect-train/results/chips/validation/crazing/crazing_243_bb02.png,crazing,crazing,0.9873993396759033,0.9873993396759033,6.138828757684678e-05,0.00014015889610163867,0.009014617651700974,0.003194556338712573,0.00018985991482622921
vit_b_16,/Users/admin/surface-defect-train/results/chips/validation/crazing/crazing_243_bb03.png,crazing,crazing,0.9932717680931091,0.9932717680931091,9.509834490017965e-05,0.0003668625431600958,0.005989577621221542,0.00021264716633595526,6.40470752841793e-05
vit_b_16,/Users/admin/surface-defect-train/results/chips/validation/crazing/crazing_244_bb00.png,crazing,crazing,0.9968826770782471,0.9968826770782471,4.348599395598285e-05,0.0004353166150394827,0.0023403263185173273,0.00017648852372076362,0.00012170969421276823
vit_b_16,/Users/admin/surface-defect-train/results/chips/validation/crazing/crazing_244_bb01.png,crazing,crazing,0.9910376071929932,0.9910376071929932,6.877703708596528e-05,0.0004251464270055294,0.008173265494406223,0.00021262947120703757,8.247108053183183e-05
vit_b_16,/Users/admin/surface-defect-train/results/chips/validation/crazing/crazing_244_bb02.png,crazing,crazing,0.9962742328643799,0.9962742328643799,6.266582204261795e-05,0.00042570920777507126,0.002952849492430687,0.00016059839981608093,0.00012401102867443115
vit_b_16,/Users/admin/surface-defect-train/results/chips/validation/crazing/crazing_245_bb00.png,crazing,crazing,0.9952802658081055,0.9952802658081055,0.0001475525787100196,0.0018120378954336047,0.0023321076296269894,0.00031602499075233936,0.00011197537241969258
vit_b_16,/Users/admin/surface-defect-train/results/chips/validation/crazing/crazing_245_bb01.png,crazing,crazing,0.9870736598968506,0.9870736598968506,0.0002130629582097754,0.009169118478894234,0.0025529973208904266,0.0004029340052511543,0.0005883145495317876
vit_b_16,/Users/admin/surface-defect-train/results/chips/validation/crazing/crazing_246_bb00.png,crazing,crazing,0.9928998947143555,0.9928998947143555,0.0001672045764280483,0.0006406004540622234,0.006038073915988207,0.00019577413331717253,5.8541827456792817e-05
vit_b_16,/Users/admin/surface-defect-train/results/chips/validation/crazing/crazing_246_bb01.png,crazing,crazing,0.9943742752075195,0.9943742752075195,9.151340054813772e-05,0.000663253478705883,0.004636651836335659,0.0001592865155544132,7.501922664232552e-05
vit_b_16,/Users/admin/surface-defect-train/results/chips/validation/crazing/crazing_246_bb02.png,crazing,crazing,0.9946876764297485,0.9946876764297485,6.213611777639017e-05,0.0003171882126480341,0.0046319784596562386,0.0001788855588529259,0.00012207476538605988
vit_b_16,/Users/admin/surface-defect-train/results/chips/validation/crazing/crazing_246_bb03.png,crazing,crazing,0.9624462127685547,0.9624462127685547,0.00018810940673574805,0.0009452409576624632,0.03566819801926613,0.0005199075676500797,0.00023236830020323396
vit_b_16,/Users/admin/surface-defect-train/results/chips/validation/crazing/crazing_247_bb00.png,crazing,crazing,0.9900998473167419,0.9900998473167419,0.00012668449198827147,0.0005069849430583417,0.008764314465224743,0.00041394183062948287,8.830097067402676e-05
vit_b_16,/Users/admin/surface-defect-train/results/chips/validation/crazing/crazing_247_bb01.png,crazing,crazing,0.9930602312088013,0.9930602312088013,0.00015422604337800294,0.001013721339404583,0.005434076767414808,0.00023536293883807957,0.00010244952864013612
vit_b_16,/Users/admin/surface-defect-train/results/chips/validation/crazing/crazing_247_bb02.png,crazing,crazing,0.9865294694900513,0.9865294694900513,8.798069757176563e-05,0.0005355280009098351,0.012216303497552872,0.0004958585486747324,0.00013488462718669325
vit_b_16,/Users/admin/surface-defect-train/results/chips/validation/crazing/crazing_248_bb00.png,crazing,crazing,0.992363452911377,0.992363452911377,7.588517473777756e-05,0.0003366395249031484,0.006690572015941143,0.0004201636475045234,0.0001131979443016462
vit_b_16,/Users/admin/surface-defect-train/results/chips/validation/crazing/crazing_248_bb01.png,crazing,crazing,0.9977008700370789,0.9977008700370789,3.8318303268169984e-05,0.0003820021520368755,0.0017001285450533032,9.733704064274207e-05,8.133659139275551e-05
vit_b_16,/Users/admin/surface-defect-train/results/chips/validation/crazing/crazing_248_bb02.png,crazing,crazing,0.995075523853302,0.995075523853302,0.00014242736506275833,0.0009997505694627762,0.003488510847091675,0.0002184309996664524,7.540477236034349e-05
vit_b_16,/Users/admin/surface-defect-train/results/chips/validation/crazing/crazing_249_bb00.png,crazing,crazing,0.9970412850379944,0.9970412850379944,7.264560554176569e-05,0.00047081016236916184,0.0021073592361062765,0.00018510199151933193,0.00012288987636566162
vit_b_16,/Users/admin/surface-defect-train/results/chips/validation/crazing/crazing_249_bb01.png,crazing,crazing,0.9951552152633667,0.9951552152633667,8.059272659011185e-05,0.0007544242544099689,0.0036894488148391247,0.00022770704526919872,9.27479486563243e-05
vit_b_16,/Users/admin/surface-defect-train/results/chips/validation/crazing/crazing_249_bb02.png,crazing,crazing,0.9960474371910095,0.9960474371910095,3.1846364436205477e-05,0.0003486888308543712,0.0032260874286293983,0.00015647131658624858,0.00018939099390991032
vit_b_16,/Users/admin/surface-defect-train/results/chips/validation/crazing/crazing_250_bb00.png,crazing,crazing,0.9946521520614624,0.9946521520614624,0.00010886530071729794,0.0008789015118964016,0.003991910722106695,0.00027453823713585734,9.37469449127093e-05
vit_b_16,/Users/admin/surface-defect-train/results/chips/validation/crazing/crazing_250_bb01.png,crazing,crazing,0.994856595993042,0.994856595993042,7.075927715050057e-05,0.00048644881462678313,0.004013232886791229,0.00046288646990433335,0.00010998979996656999
vit_b_16,/Users/admin/surface-defect-train/results/chips/validation/crazing/crazing_250_bb02.png,crazing,crazing,0.9904037714004517,0.9904037714004517,0.0001359658781439066,0.0006798595422878861,0.008498837240040302,0.00020922721887473017,7.245409506140277e-05
vit_b_16,/Users/admin/surface-defect-train/results/chips/validation/crazing/crazing_251_bb00.png,crazing,crazing,0.9825617074966431,0.9825617074966431,0.00012301679817028344,0.00037394408718682826,0.01596710830926895,0.0008613169775344431,0.00011284425272606313
vit_b_16,/Users/admin/surface-defect-train/results/chips/validation/crazing/crazing_251_bb01.png,crazing,crazing,0.9900654554367065,0.9900654554367065,0.00019250312470830977,0.006378936115652323,0.0026050962042063475,0.0002469348255544901,0.0005111677455715835
vit_b_16,/Users/admin/surface-defect-train/results/chips/validation/crazing/crazing_251_bb02.png,crazing,crazing,0.9698174595832825,0.9698174595832825,0.0007650075131095946,0.002906989539042115,0.011378546245396137,0.014890841208398342,0.0002411173190921545
vit_b_16,/Users/admin/surface-defect-train/results/chips/validation/crazing/crazing_252_bb00.png,crazing,crazing,0.9937916398048401,0.9937916398048401,0.00014170512440614402,0.00219549098983407,0.0034372895024716854,0.0003064131014980376,0.00012754452473018318
vit_b_16,/Users/admin/surface-defect-train/results/chips/validation/crazing/crazing_252_bb01.png,crazing,crazing,0.9946849346160889,0.9946849346160889,8.14303130027838e-05,0.0004941645893268287,0.0045358468778431416,0.00014333381841424853,6.013216625433415e-05
vit_b_16,/Users/admin/surface-defect-train/results/chips/validation/crazing/crazing_252_bb02.png,crazing,crazing,0.9938197731971741,0.9938197731971741,5.818571662530303e-05,0.0003093541890848428,0.00534196849912405,0.0003501758328638971,0.00012057993444614112
vit_b_16,/Users/admin/surface-defect-train/results/chips/validation/crazing/crazing_253_bb00.png,crazing,crazing,0.8798201084136963,0.8798201084136963,0.0017702500335872173,0.1110280454158783,0.0035049531143158674,0.0007240477716550231,0.0031526247039437294
vit_b_16,/Users/admin/surface-defect-train/results/chips/validation/crazing/crazing_253_bb01.png,crazing,crazing,0.8200618028640747,0.8200618028640747,0.0203426294028759,0.022047806531190872,0.06684251874685287,0.06763605028390884,0.0030692662112414837
vit_b_16,/Users/admin/surface-defect-train/results/chips/validation/crazing/crazing_253_bb02.png,crazing,crazing,0.9402622580528259,0.9402622580528259,0.0013465480878949165,0.05056207999587059,0.003242823528125882,0.0007549597066827118,0.003831317415460944
vit_b_16,/Users/admin/surface-defect-train/results/chips/validation/crazing/crazing_254_bb00.png,crazing,crazing,0.9872906804084778,0.9872906804084778,0.00012482402962632477,0.0005056543159298599,0.011408355087041855,0.0005721707129850984,9.830570343183354e-05
vit_b_16,/Users/admin/surface-defect-train/results/chips/validation/crazing/crazing_255_bb00.png,crazing,crazing,0.9782679080963135,0.9782679080963135,7.925140380393714e-05,0.00018515338888391852,0.02017437107861042,0.0007412847480736673,0.0005520496633835137
vit_b_16,/Users/admin/surface-defect-train/results/chips/validation/crazing/crazing_255_bb01.png,crazing,crazing,0.9958721995353699,0.9958721995353699,8.147582411766052e-05,0.000486331176944077,0.0033256958704441786,0.00012852500367444009,0.0001057078770827502
vit_b_16,/Users/admin/surface-defect-train/results/chips/validation/crazing/crazing_255_bb02.png,crazing,crazing,0.9967603087425232,0.9967603087425232,6.586041126865894e-05,0.0004384620115160942,0.002527480712160468,0.0001249661872861907,8.288989192806184e-05
vit_b_16,/Users/admin/surface-defect-train/results/chips/validation/crazing/crazing_256_bb00.png,crazing,crazing,0.9906865954399109,0.9906865954399109,0.00011245761561440304,0.00044368673115968704,0.008455841802060604,0.0001700161083135754,0.00013136873894836754
vit_b_16,/Users/admin/surface-defect-train/results/chips/validation/crazing/crazing_256_bb01.png,crazing,crazing,0.990107536315918,0.990107536315918,4.2007672163890675e-05,0.00018021886353380978,0.00920789409428835,0.00024332043540198356,0.00021893630037084222
vit_b_16,/Users/admin/surface-defect-train/results/chips/validation/crazing/crazing_256_bb02.png,crazing,crazing,0.9962508082389832,0.9962508082389832,4.5927656174171716e-05,0.0002216412831330672,0.0029785113874822855,0.0003273862530477345,0.00017568215844221413
vit_b_16,/Users/admin/surface-defect-train/results/chips/validation/crazing/crazing_257_bb00.png,crazing,crazing,0.9926665425300598,0.9926665425300598,8.271361002698541e-05,0.0003290683380328119,0.006338492501527071,0.000456605019280687,0.00012656139733735472
vit_b_16,/Users/admin/surface-defect-train/results/chips/validation/crazing/crazing_257_bb01.png,crazing,crazing,0.9918157458305359,0.9918157458305359,0.0002942806459031999,0.0012591766426339746,0.0059580495581030846,0.0006096623837947845,6.31748407613486e-05
vit_b_16,/Users/admin/surface-defect-train/results/chips/validation/crazing/crazing_257_bb02.png,crazing,crazing,0.9949327111244202,0.9949327111244202,8.194636029656976e-05,0.0003239366633351892,0.004294745158404112,0.0002994321985170245,6.717357609886676e-05
vit_b_16,/Users/admin/surface-defect-train/results/chips/validation/crazing/crazing_258_bb00.png,crazing,crazing,0.9947150349617004,0.9947150349617004,9.410454367753118e-05,0.000536678300704807,0.004412003327161074,0.0001639533875277266,7.815413846401498e-05
vit_b_16,/Users/admin/surface-defect-train/results/chips/validation/crazing/crazing_258_bb01.png,crazing,crazing,0.9845585227012634,0.9845585227012634,0.00014783044753130525,0.0009155161678791046,0.014016223140060902,0.00023334863362833858,0.0001285951875615865
vit_b_16,/Users/admin/surface-defect-train/results/chips/validation/crazing/crazing_259_bb00.png,crazing,crazing,0.9902223348617554,0.9902223348617554,0.00011765629460569471,0.00054046546574682,0.008678526617586613,0.00033456162782385945,0.00010638883395586163
vit_b_16,/Users/admin/surface-defect-train/results/chips/validation/crazing/crazing_259_bb01.png,crazing,crazing,0.9802587032318115,0.9802587032318115,0.00013309730275068432,0.00041974749183282256,0.01865825243294239,0.00028804782778024673,0.00024215287703555077
vit_b_16,/Users/admin/surface-defect-train/results/chips/validation/crazing/crazing_259_bb02.png,crazing,crazing,0.9951406717300415,0.9951406717300415,5.7312958233524114e-05,0.0004675201198551804,0.003906539641320705,0.0002978123666252941,0.00013016191951464862
vit_b_16,/Users/admin/surface-defect-train/results/chips/validation/crazing/crazing_260_bb00.png,crazing,crazing,0.9882586002349854,0.9882586002349854,9.653968299971893e-05,0.00036507571348920465,0.010040407069027424,0.0011190103832632303,0.00012042318121530116
vit_b_16,/Users/admin/surface-defect-train/results/chips/validation/crazing/crazing_260_bb01.png,crazing,crazing,0.9892041087150574,0.9892041087150574,0.00026000809157267213,0.0007621370605193079,0.008939697407186031,0.0007764247711747885,5.764508750871755e-05
vit_b_16,/Users/admin/surface-defect-train/results/chips/validation/crazing/crazing_261_bb00.png,crazing,crazing,0.9901131391525269,0.9901131391525269,0.00021585094509646297,0.0005756904138252139,0.008269600570201874,0.0007702126749791205,5.5515738495159894e-05
vit_b_16,/Users/admin/surface-defect-train/results/chips/validation/crazing/crazing_261_bb01.png,crazing,crazing,0.9912983179092407,0.9912983179092407,0.00016487315588165075,0.0015113740228116512,0.006203628610819578,0.0007049203850328922,0.00011690901010297239
vit_b_16,/Users/admin/surface-defect-train/results/chips/validation/crazing/crazing_261_bb02.png,crazing,crazing,0.9969202280044556,0.9969202280044556,2.844242044375278e-05,0.0002673023263923824,0.0025215079076588154,0.0001195632285089232,0.00014300704060588032
vit_b_16,/Users/admin/surface-defect-train/results/chips/validation/crazing/crazing_262_bb00.png,crazing,crazing,0.9886400699615479,0.9886400699615479,0.00020410623983480036,0.008448225446045399,0.0019538302440196276,0.0002569580974522978,0.000496869208291173
vit_b_16,/Users/admin/surface-defect-train/results/chips/validation/crazing/crazing_262_bb01.png,crazing,crazing,0.9941468238830566,0.9941468238830566,0.00019948546832893044,0.0018666064133867621,0.003240831196308136,0.00044448679545894265,0.00010178387310588732
vit_b_16,/Users/admin/surface-defect-train/results/chips/validation/crazing/crazing_262_bb02.png,crazing,crazing,0.9856591820716858,0.9856591820716858,0.00038038415368646383,0.009353087283670902,0.002943461062386632,0.0008817726629786193,0.0007821342442184687
vit_b_16,/Users/admin/surface-defect-train/results/chips/validation/crazing/crazing_263_bb00.png,crazing,crazing,0.9929224252700806,0.9929224252700806,0.00011589279893087223,0.0009437449625693262,0.005265350919216871,0.0006387516623362899,0.00011384139361325651
vit_b_16,/Users/admin/surface-defect-train/results/chips/validation/crazing/crazing_263_bb01.png,crazing,crazing,0.992344319820404,0.992344319820404,0.00010725522588472813,0.0008720865589566529,0.0062904953956604,0.00029214442474767566,9.368823521072045e-05
vit_b_16,/Users/admin/surface-defect-train/results/chips/validation/crazing/crazing_264_bb00.png,crazing,crazing,0.9916178584098816,0.9916178584098816,4.7850953706074506e-05,0.00016410871467087418,0.007635513786226511,0.00034271812182851136,0.00019197417714167386
vit_b_16,/Users/admin/surface-defect-train/results/chips/validation/crazing/crazing_264_bb01.png,crazing,crazing,0.9916538596153259,0.9916538596153259,0.00010872567509068176,0.00031446240609511733,0.007496167905628681,0.0003077543806284666,0.0001191190312965773
vit_b_16,/Users/admin/surface-defect-train/results/chips/validation/crazing/crazing_265_bb00.png,crazing,crazing,0.9951174259185791,0.9951174259185791,6.44716783426702e-05,0.0005869499291293323,0.003929185681045055,0.00018021308642346412,0.00012175258598290384
vit_b_16,/Users/admin/surface-defect-train/results/chips/validation/crazing/crazing_265_bb01.png,crazing,crazing,0.9961279034614563,0.9961279034614563,3.8952122849877924e-05,0.0001745280169416219,0.002821217058226466,0.0006424796301871538,0.00019498659821692854
vit_b_16,/Users/admin/surface-defect-train/results/chips/validation/crazing/crazing_266_bb00.png,crazing,crazing,0.9954551458358765,0.9954551458358765,5.6208948080893606e-05,0.0003577223978936672,0.0038070944137871265,0.00023054986377246678,9.334853530162945e-05
vit_b_16,/Users/admin/surface-defect-train/results/chips/validation/crazing/crazing_266_bb01.png,crazing,crazing,0.9886926412582397,0.9886926412582397,0.00018523723701946437,0.000574275094550103,0.010283364914357662,0.00019907939713448286,6.55060721328482e-05
vit_b_16,/Users/admin/surface-defect-train/results/chips/validation/crazing/crazing_267_bb00.png,crazing,crazing,0.9894567131996155,0.9894567131996155,0.00015873476513661444,0.0016802956815809011,0.00787820853292942,0.000649231718853116,0.00017677956202533096
vit_b_16,/Users/admin/surface-defect-train/results/chips/validation/crazing/crazing_267_bb01.png,crazing,crazing,0.9956483244895935,0.9956483244895935,8.510863699484617e-05,0.0017653531394898891,0.0016484687803313136,0.00035216682590544224,0.0005005644052289426
vit_b_16,/Users/admin/surface-defect-train/results/chips/validation/crazing/crazing_267_bb02.png,crazing,crazing,0.9914434552192688,0.9914434552192688,0.00022695967345498502,0.004490231163799763,0.0025096747558563948,0.0009317880030721426,0.00039780462975613773
vit_b_16,/Users/admin/surface-defect-train/results/chips/validation/crazing/crazing_268_bb00.png,crazing,crazing,0.9687032699584961,0.9687032699584961,0.00019169224833603948,0.0006544339703395963,0.02901911921799183,0.0011521036503836513,0.0002794124011415988
vit_b_16,/Users/admin/surface-defect-train/results/chips/validation/crazing/crazing_268_bb01.png,crazing,crazing,0.9925532937049866,0.9925532937049866,9.270001464756206e-05,0.001631811261177063,0.005298339296132326,0.00026198869454674423,0.00016185943968594074
vit_b_16,/Users/admin/surface-defect-train/results/chips/validation/crazing/crazing_268_bb02.png,crazing,crazing,0.9878302216529846,0.9878302216529846,0.0001569394808029756,0.0007550849113613367,0.011039533652365208,0.00014272287080530077,7.543472020188347e-05
vit_b_16,/Users/admin/surface-defect-train/results/chips/validation/crazing/crazing_269_bb00.png,crazing,crazing,0.6887881755828857,0.6887881755828857,0.004460528027266264,0.27992862462997437,0.004902408923953772,0.0010335802799090743,0.020886655896902084
vit_b_16,/Users/admin/surface-defect-train/results/chips/validation/crazing/crazing_269_bb01.png,crazing,crazing,0.9329140186309814,0.9329140186309814,0.002231213264167309,0.052675772458314896,0.006291508674621582,0.0016618733061477542,0.004225587472319603
vit_b_16,/Users/admin/surface-defect-train/results/chips/validation/crazing/crazing_269_bb02.png,crazing,crazing,0.933754026889801,0.933754026889801,0.0019127967534586787,0.05297871679067612,0.00669621117413044,0.0016489023109897971,0.0030093693640083075
vit_b_16,/Users/admin/surface-defect-train/results/chips/validation/crazing/crazing_270_bb00.png,crazing,crazing,0.9942114949226379,0.9942114949226379,6.811987987020984e-05,0.00022612905013374984,0.005077208857983351,0.00030399233219213784,0.00011306091619189829
vit_b_16,/Users/admin/surface-defect-train/results/chips/validation/crazing/crazing_270_bb01.png,crazing,crazing,0.9902790188789368,0.9902790188789368,0.0001345616183243692,0.0004047223774250597,0.008876431733369827,0.00022352574160322547,8.186565537471324e-05
vit_b_16,/Users/admin/surface-defect-train/results/chips/validation/crazing/crazing_270_bb02.png,crazing,crazing,0.9882938861846924,0.9882938861846924,0.00011417480709496886,0.0008905635913833976,0.009840504266321659,0.0005527368048205972,0.00030809477902948856
vit_b_16,/Users/admin/surface-defect-train/results/chips/validation/crazing/crazing_271_bb00.png,crazing,crazing,0.9966133236885071,0.9966133236885071,8.210443775169551e-05,0.0005189243820495903,0.0025030674878507853,0.00019496855384204537,8.760859054746106e-05
vit_b_16,/Users/admin/surface-defect-train/results/chips/validation/crazing/crazing_271_bb01.png,crazing,crazing,0.9864618182182312,0.9864618182182312,0.0002848167496267706,0.006793923210352659,0.004373224917799234,0.0016546472907066345,0.00043154440936632454
vit_b_16,/Users/admin/surface-defect-train/results/chips/validation/crazing/crazing_271_bb02.png,crazing,crazing,0.9927353858947754,0.9927353858947754,3.2405845558969304e-05,0.0003914562985301018,0.005965908989310265,0.00043965422082692385,0.00043513980926945806
vit_b_16,/Users/admin/surface-defect-train/results/chips/validation/crazing/crazing_271_bb03.png,crazing,crazing,0.9781302213668823,0.9781302213668823,0.00013649248285219073,0.0011301118647679687,0.020020145922899246,0.0004364359483588487,0.00014666076458524913
vit_b_16,/Users/admin/surface-defect-train/results/chips/validation/crazing/crazing_272_bb00.png,crazing,crazing,0.9968345761299133,0.9968345761299133,3.797941462835297e-05,0.0003088568919338286,0.0024092933163046837,0.0001856906892498955,0.00022363077732734382
vit_b_16,/Users/admin/surface-defect-train/results/chips/validation/crazing/crazing_272_bb01.png,crazing,crazing,0.9932219982147217,0.9932219982147217,0.00012145915388828143,0.00041470592259429395,0.005840262398123741,0.0003418059495743364,5.9638030506903306e-05
vit_b_16,/Users/admin/surface-defect-train/results/chips/validation/crazing/crazing_272_bb02.png,crazing,crazing,0.7268376350402832,0.7268376350402832,0.0005619739531539381,0.0024765345733612776,0.26740309596061707,0.0004495800822041929,0.002271207282319665
vit_b_16,/Users/admin/surface-defect-train/results/chips/validation/crazing/crazing_273_bb00.png,crazing,crazing,0.9179643392562866,0.9179643392562866,0.00026001734659075737,0.0017802271759137511,0.0786411315202713,0.0005153929232619703,0.0008389240829274058
vit_b_16,/Users/admin/surface-defect-train/results/chips/validation/crazing/crazing_273_bb01.png,crazing,crazing,0.9959471821784973,0.9959471821784973,7.75944790802896e-05,0.0010132043389603496,0.0026761721819639206,0.000166520185302943,0.00011924780847039074
vit_b_16,/Users/admin/surface-defect-train/results/chips/validation/crazing/crazing_273_bb02.png,crazing,crazing,0.9821680784225464,0.9821680784225464,0.0002072245697490871,0.0041246917098760605,0.012113829143345356,0.0007037231116555631,0.0006824462907388806
vit_b_16,/Users/admin/surface-defect-train/results/chips/validation/crazing/crazing_274_bb00.png,crazing,crazing,0.9947920441627502,0.9947920441627502,8.880874520400539e-05,0.000492858060169965,0.0042807795107364655,0.00023387950204778463,0.0001115732520702295
vit_b_16,/Users/admin/surface-defect-train/results/chips/validation/crazing/crazing_274_bb01.png,crazing,crazing,0.9951443076133728,0.9951443076133728,0.0001135556522058323,0.0011986515019088984,0.0031346995383501053,0.00028354048845358193,0.00012519434676505625
vit_b_16,/Users/admin/surface-defect-train/results/chips/validation/crazing/crazing_274_bb02.png,crazing,crazing,0.9840998649597168,0.9840998649597168,0.0001591193868080154,0.00038685876643285155,0.013874736614525318,0.0013637052616104484,0.0001156771759269759
vit_b_16,/Users/admin/surface-defect-train/results/chips/validation/crazing/crazing_274_bb03.png,crazing,crazing,0.9821226596832275,0.9821226596832275,0.00028062963974662125,0.001632705214433372,0.00955068040639162,0.006219539791345596,0.00019386607164051384
vit_b_16,/Users/admin/surface-defect-train/results/chips/validation/crazing/crazing_275_bb00.png,crazing,crazing,0.9941524863243103,0.9941524863243103,4.756427006213926e-05,0.0003732393670361489,0.0048962910659611225,0.00036279784399084747,0.00016771531954873353
vit_b_16,/Users/admin/surface-defect-train/results/chips/validation/crazing/crazing_275_bb01.png,crazing,crazing,0.9959773421287537,0.9959773421287537,7.761044253129512e-05,0.0004685888416133821,0.003258247161284089,0.00014687505608890206,7.128594006644562e-05
vit_b_16,/Users/admin/surface-defect-train/results/chips/validation/crazing/crazing_275_bb02.png,crazing,crazing,0.9771744608879089,0.9771744608879089,0.00021457168622873724,0.000573936733417213,0.02104788087308407,0.0008714699069969356,0.00011773491132771596
vit_b_16,/Users/admin/surface-defect-train/results/chips/validation/crazing/crazing_276_bb00.png,crazing,crazing,0.9198489785194397,0.9198489785194397,0.0011426322162151337,0.06882400810718536,0.0037662566173821688,0.0008362617809325457,0.005581901874393225
vit_b_16,/Users/admin/surface-defect-train/results/chips/validation/crazing/crazing_276_bb01.png,crazing,crazing,0.9735057950019836,0.9735057950019836,0.000674425158649683,0.020460903644561768,0.0025955112650990486,0.0009962767362594604,0.0017670117085799575
vit_b_16,/Users/admin/surface-defect-train/results/chips/validation/crazing/crazing_277_bb00.png,crazing,crazing,0.9881892204284668,0.9881892204284668,7.833585550542921e-05,0.0003671830636449158,0.010745055973529816,0.0003696088388096541,0.0002505526354070753
vit_b_16,/Users/admin/surface-defect-train/results/chips/validation/crazing/crazing_277_bb01.png,crazing,crazing,0.9951202273368835,0.9951202273368835,7.997280772542581e-05,0.000974633963778615,0.0032731799874454737,0.0004006656527053565,0.00015121937030926347
vit_b_16,/Users/admin/surface-defect-train/results/chips/validation/crazing/crazing_278_bb00.png,crazing,crazing,0.9932970404624939,0.9932970404624939,0.00011139717389596626,0.000828367774374783,0.0053373947739601135,0.00033727692789398134,8.857427746988833e-05
vit_b_16,/Users/admin/surface-defect-train/results/chips/validation/crazing/crazing_278_bb01.png,crazing,crazing,0.9856433868408203,0.9856433868408203,0.00019053769938182086,0.001753279473632574,0.011684278026223183,0.0005280104815028608,0.00020047191355843097
vit_b_16,/Users/admin/surface-defect-train/results/chips/validation/crazing/crazing_278_bb02.png,crazing,crazing,0.9907998442649841,0.9907998442649841,0.00010844459029613063,0.0008125370950438082,0.008002974092960358,0.00014116875536274165,0.00013510223652701825
vit_b_16,/Users/admin/surface-defect-train/results/chips/validation/crazing/crazing_278_bb03.png,crazing,crazing,0.9953816533088684,0.9953816533088684,8.412713214056566e-05,0.0011067435843870044,0.0026533235795795918,0.0004479860363062471,0.00032619849662296474
vit_b_16,/Users/admin/surface-defect-train/results/chips/validation/crazing/crazing_279_bb00.png,crazing,crazing,0.9888523817062378,0.9888523817062378,0.0001029391642077826,0.00036054066731594503,0.010106894187629223,0.00048382292152382433,9.343588317278773e-05
vit_b_16,/Users/admin/surface-defect-train/results/chips/validation/crazing/crazing_279_bb01.png,crazing,crazing,0.9958563446998596,0.9958563446998596,5.086481542093679e-05,0.00037998330662958324,0.0034522167406976223,0.00011892020847881213,0.00014160250429995358
vit_b_16,/Users/admin/surface-defect-train/results/chips/validation/crazing/crazing_280_bb00.png,crazing,crazing,0.9743300080299377,0.9743300080299377,0.0012391534401103854,0.01607595384120941,0.00333464820869267,0.001130813965573907,0.0038893797900527716
vit_b_16,/Users/admin/surface-defect-train/results/chips/validation/crazing/crazing_281_bb00.png,crazing,crazing,0.9885796904563904,0.9885796904563904,0.00010894711158471182,0.00039615127025172114,0.010626879520714283,0.00018422833818476647,0.00010406369983684272
vit_b_16,/Users/admin/surface-defect-train/results/chips/validation/crazing/crazing_281_bb01.png,crazing,crazing,0.9943431615829468,0.9943431615829468,8.964578591985628e-05,0.000587228627409786,0.004634466953575611,0.00018042681040242314,0.00016513263108208776
vit_b_16,/Users/admin/surface-defect-train/results/chips/validation/crazing/crazing_282_bb00.png,crazing,crazing,0.9894596338272095,0.9894596338272095,9.578964090906084e-05,0.00041746030910871923,0.009745984338223934,0.00020793364092241973,7.323428872041404e-05
vit_b_16,/Users/admin/surface-defect-train/results/chips/validation/crazing/crazing_282_bb01.png,crazing,crazing,0.9944288730621338,0.9944288730621338,5.265328582026996e-05,0.0009989417158067226,0.003911431413143873,0.0003762424166779965,0.0002317882899660617
vit_b_16,/Users/admin/surface-defect-train/results/chips/validation/crazing/crazing_283_bb00.png,crazing,crazing,0.99349045753479,0.99349045753479,0.00020907640282530338,0.0028131704311817884,0.0026807491667568684,0.0005324218072928488,0.00027407769812271
vit_b_16,/Users/admin/surface-defect-train/results/chips/validation/crazing/crazing_283_bb01.png,crazing,crazing,0.9901859760284424,0.9901859760284424,0.0003014148969668895,0.005941591691225767,0.00266359094530344,0.0006231201114133,0.00028430906240828335
vit_b_16,/Users/admin/surface-defect-train/results/chips/validation/crazing/crazing_283_bb02.png,crazing,crazing,0.9952090382575989,0.9952090382575989,0.00011125676974188536,0.0015259034698829055,0.0026437656488269567,0.00035679677966982126,0.00015330871974583715
vit_b_16,/Users/admin/surface-defect-train/results/chips/validation/crazing/crazing_283_bb03.png,crazing,crazing,0.9927160143852234,0.9927160143852234,0.0002267675445182249,0.0032644253224134445,0.0026920968666672707,0.0008109323098324239,0.00028968736296519637
vit_b_16,/Users/admin/surface-defect-train/results/chips/validation/crazing/crazing_284_bb00.png,crazing,crazing,0.9522536396980286,0.9522536396980286,0.00011883582919836044,0.0014585161115974188,0.03647850453853607,0.00654945382848382,0.0031410374213010073
vit_b_16,/Users/admin/surface-defect-train/results/chips/validation/crazing/crazing_284_bb01.png,crazing,crazing,0.9931220412254333,0.9931220412254333,0.000191503218957223,0.0016107851406559348,0.004273697268217802,0.0007179950480349362,8.395072654820979e-05
vit_b_16,/Users/admin/surface-defect-train/results/chips/validation/crazing/crazing_285_bb00.png,crazing,crazing,0.9940155744552612,0.9940155744552612,9.67315208981745e-05,0.0007064167293719947,0.004369845148175955,0.0006769975298084319,0.00013435466098599136
vit_b_16,/Users/admin/surface-defect-train/results/chips/validation/crazing/crazing_285_bb01.png,crazing,crazing,0.9940265417098999,0.9940265417098999,7.743295282125473e-05,0.00045766725088469684,0.004662379622459412,0.0006674230098724365,0.00010859458416234702
vit_b_16,/Users/admin/surface-defect-train/results/chips/validation/crazing/crazing_285_bb02.png,crazing,crazing,0.9958617687225342,0.9958617687225342,9.727805445436388e-05,0.0005792960873804986,0.0031041582114994526,0.0002612978860270232,9.618609328754246e-05
vit_b_16,/Users/admin/surface-defect-train/results/chips/validation/crazing/crazing_286_bb00.png,crazing,crazing,0.9942337870597839,0.9942337870597839,0.00011561636347323656,0.0015959052834659815,0.0035784547217190266,0.00032177616958506405,0.0001544773840578273
vit_b_16,/Users/admin/surface-defect-train/results/chips/validation/crazing/crazing_286_bb01.png,crazing,crazing,0.9963706731796265,0.9963706731796265,7.33334309188649e-05,0.0012596410233527422,0.002022166969254613,0.00015114971029106528,0.0001229736371897161
vit_b_16,/Users/admin/surface-defect-train/results/chips/validation/crazing/crazing_286_bb02.png,crazing,crazing,0.9918615818023682,0.9918615818023682,0.00016586604760959744,0.0013798713916912675,0.004828119184821844,0.00149815552867949,0.0002663424238562584
vit_b_16,/Users/admin/surface-defect-train/results/chips/validation/crazing/crazing_287_bb00.png,crazing,crazing,0.9923194050788879,0.9923194050788879,0.00017512979684397578,0.0011666276259347796,0.004136356059461832,0.0020730760879814625,0.00012933019024785608
vit_b_16,/Users/admin/surface-defect-train/results/chips/validation/crazing/crazing_287_bb01.png,crazing,crazing,0.9932714104652405,0.9932714104652405,0.00021588026720564812,0.003016894916072488,0.002991179935634136,0.00039969556382857263,0.00010487024701433256
vit_b_16,/Users/admin/surface-defect-train/results/chips/validation/crazing/crazing_288_bb00.png,crazing,crazing,0.986514151096344,0.986514151096344,0.0001458998303860426,0.0009905645856633782,0.011728284880518913,0.0004508951387833804,0.0001702308072708547
vit_b_16,/Users/admin/surface-defect-train/results/chips/validation/crazing/crazing_288_bb01.png,crazing,crazing,0.9906124472618103,0.9906124472618103,0.00011930084292544052,0.00029198077390901744,0.008466924540698528,0.0004081736842636019,0.00010122971434611827
vit_b_16,/Users/admin/surface-defect-train/results/chips/validation/crazing/crazing_289_bb00.png,crazing,crazing,0.9951438903808594,0.9951438903808594,5.1431696192594245e-05,0.000798168359324336,0.00323197478428483,0.0005595717229880393,0.00021497422130778432
vit_b_16,/Users/admin/surface-defect-train/results/chips/validation/crazing/crazing_290_bb00.png,crazing,crazing,0.9926645159721375,0.9926645159721375,6.97171562933363e-05,0.00027105488697998226,0.006569608114659786,0.00030437498935498297,0.00012068673822795972
vit_b_16,/Users/admin/surface-defect-train/results/chips/validation/crazing/crazing_290_bb01.png,crazing,crazing,0.9804367423057556,0.9804367423057556,0.0001348806545138359,0.0005205321940593421,0.018449967727065086,0.0003555943549145013,0.00010227599705103785
vit_b_16,/Users/admin/surface-defect-train/results/chips/validation/crazing/crazing_290_bb02.png,crazing,crazing,0.9900643229484558,0.9900643229484558,0.00025233806809410453,0.0030180758330971003,0.0050466894172132015,0.0012579706963151693,0.000360552134225145
vit_b_16,/Users/admin/surface-defect-train/results/chips/validation/crazing/crazing_291_bb00.png,crazing,crazing,0.9923770427703857,0.9923770427703857,8.381170482607558e-05,0.00041428557597100735,0.0066789425909519196,0.00034699152456596494,9.887136548059061e-05
vit_b_16,/Users/admin/surface-defect-train/results/chips/validation/crazing/crazing_291_bb01.png,crazing,crazing,0.9917798638343811,0.9917798638343811,5.103414514451288e-05,0.0001913265004986897,0.007359286304563284,0.00045826248242519796,0.00016021060582716018
vit_b_16,/Users/admin/surface-defect-train/results/chips/validation/crazing/crazing_291_bb02.png,crazing,crazing,0.9945934414863586,0.9945934414863586,0.0001082683156710118,0.0005543755833059549,0.004450699780136347,0.0002402149693807587,5.297895040712319e-05
vit_b_16,/Users/admin/surface-defect-train/results/chips/validation/crazing/crazing_292_bb00.png,crazing,crazing,0.9948738217353821,0.9948738217353821,7.594643830088899e-05,0.0006709176232106984,0.0041632866486907005,0.00015670110587961972,5.9345922636566684e-05
vit_b_16,/Users/admin/surface-defect-train/results/chips/validation/crazing/crazing_292_bb01.png,crazing,crazing,0.9768933653831482,0.9768933653831482,0.000321575062116608,0.0012641125358641148,0.020210616290569305,0.0012016434920951724,0.00010857781308004633
vit_b_16,/Users/admin/surface-defect-train/results/chips/validation/crazing/crazing_292_bb02.png,crazing,crazing,0.9951556921005249,0.9951556921005249,6.649997521890327e-05,0.00029769615503028035,0.0041276877745985985,0.00025357140111736953,9.894737013382837e-05
vit_b_16,/Users/admin/surface-defect-train/results/chips/validation/crazing/crazing_293_bb00.png,crazing,crazing,0.9958925247192383,0.9958925247192383,9.384889563079923e-05,0.0007085954421199858,0.0029320246540009975,0.0003059340815525502,6.706329440930858e-05
vit_b_16,/Users/admin/surface-defect-train/results/chips/validation/crazing/crazing_293_bb01.png,crazing,crazing,0.9962348341941833,0.9962348341941833,5.726790186599828e-05,0.0007982691749930382,0.0025964209344238043,0.0002172766689909622,9.582468919688836e-05
vit_b_16,/Users/admin/surface-defect-train/results/chips/validation/crazing/crazing_293_bb02.png,crazing,crazing,0.9968451261520386,0.9968451261520386,5.548468470806256e-05,0.0005494199576787651,0.0020423680543899536,0.0003080559254158288,0.00019966630497947335
vit_b_16,/Users/admin/surface-defect-train/results/chips/validation/crazing/crazing_294_bb00.png,crazing,patches,0.6739597320556641,0.3042398691177368,0.009947605431079865,0.6739597320556641,0.006747877225279808,0.0024693564046174288,0.002635576529428363
vit_b_16,/Users/admin/surface-defect-train/results/chips/validation/crazing/crazing_294_bb01.png,crazing,crazing,0.9403098821640015,0.9403098821640015,0.0013917175820097327,0.054218195378780365,0.002819768851622939,0.0004500394861679524,0.000810477533377707
vit_b_16,/Users/admin/surface-defect-train/results/chips/validation/crazing/crazing_295_bb00.png,crazing,crazing,0.9970276951789856,0.9970276951789856,7.818545418558642e-05,0.0008479540119878948,0.0017366254469379783,0.00020225760817993432,0.00010727262997534126
vit_b_16,/Users/admin/surface-defect-train/results/chips/validation/crazing/crazing_295_bb01.png,crazing,crazing,0.9945563077926636,0.9945563077926636,0.00010064640082418919,0.0003824679588433355,0.004440892953425646,0.00041361627518199384,0.00010602676775306463
vit_b_16,/Users/admin/surface-defect-train/results/chips/validation/crazing/crazing_296_bb00.png,crazing,crazing,0.9932730197906494,0.9932730197906494,0.00020725725335069,0.0012589413672685623,0.00498006260022521,0.00020438562205526978,7.634259964106604e-05
vit_b_16,/Users/admin/surface-defect-train/results/chips/validation/crazing/crazing_296_bb01.png,crazing,crazing,0.9945513606071472,0.9945513606071472,7.829367677913979e-05,0.0006139363395050168,0.004443355370312929,0.00020905709243379533,0.00010413458221592009
vit_b_16,/Users/admin/surface-defect-train/results/chips/validation/crazing/crazing_297_bb00.png,crazing,crazing,0.9951938986778259,0.9951938986778259,7.387067307718098e-05,0.0007828716770745814,0.003626330057159066,0.00020761173800565302,0.00011541577259777114
vit_b_16,/Users/admin/surface-defect-train/results/chips/validation/crazing/crazing_297_bb01.png,crazing,crazing,0.9891530275344849,0.9891530275344849,7.194710633484647e-05,0.00026951325708068907,0.009215405210852623,0.0011336433235555887,0.00015646233805455267
vit_b_16,/Users/admin/surface-defect-train/results/chips/validation/crazing/crazing_297_bb02.png,crazing,crazing,0.9673361778259277,0.9673361778259277,0.0002588279021438211,0.0006052482058294117,0.03130543977022171,0.0003311665204819292,0.00016306877660099417
vit_b_16,/Users/admin/surface-defect-train/results/chips/validation/crazing/crazing_298_bb00.png,crazing,crazing,0.9959121942520142,0.9959121942520142,0.00010110919538419694,0.0007665626471862197,0.003022523829713464,0.00012918416177853942,6.841415597591549e-05
vit_b_16,/Users/admin/surface-defect-train/results/chips/validation/crazing/crazing_298_bb01.png,crazing,crazing,0.9950239658355713,0.9950239658355713,9.437412518309429e-05,0.0006417461554519832,0.004044649191200733,0.00014367284893523902,5.1652328693307936e-05
vit_b_16,/Users/admin/surface-defect-train/results/chips/validation/crazing/crazing_299_bb00.png,crazing,crazing,0.9963237047195435,0.9963237047195435,8.737747702980414e-05,0.0005891931359656155,0.00277504650875926,0.0001688603515503928,5.5785381846362725e-05
vit_b_16,/Users/admin/surface-defect-train/results/chips/validation/crazing/crazing_299_bb01.png,crazing,crazing,0.9946235418319702,0.9946235418319702,0.00010831640975084156,0.0010761820012703538,0.003980057314038277,0.00015405984595417976,5.7939068938139826e-05
vit_b_16,/Users/admin/surface-defect-train/results/chips/validation/crazing/crazing_299_bb02.png,crazing,crazing,0.9926767349243164,0.9926767349243164,0.00014077115338295698,0.00032089499291032553,0.0055235582403838634,0.001241290825419128,9.65815270319581e-05
vit_b_16,/Users/admin/surface-defect-train/results/chips/validation/crazing/crazing_299_bb03.png,crazing,crazing,0.9931892156600952,0.9931892156600952,0.00010384330380475149,0.00044109567534178495,0.005854922812432051,0.00033409311436116695,7.67660021665506e-05
vit_b_16,/Users/admin/surface-defect-train/results/chips/validation/crazing/crazing_300_bb00.png,crazing,crazing,0.9925330877304077,0.9925330877304077,6.38312121736817e-05,0.0002439076779410243,0.006829598918557167,0.00017011529416777194,0.00015942446771077812
vit_b_16,/Users/admin/surface-defect-train/results/chips/validation/crazing/crazing_300_bb01.png,crazing,crazing,0.993489146232605,0.993489146232605,5.146461626281962e-05,0.00023938942467793822,0.005763165187090635,0.00016898865578696132,0.0002878541999962181
vit_b_16,/Users/admin/surface-defect-train/results/chips/validation/crazing/crazing_300_bb02.png,crazing,crazing,0.9926885962486267,0.9926885962486267,7.319026190089062e-05,0.00033499422715976834,0.0063096750527620316,0.0005023037665523589,9.113401756621897e-05
vit_b_16,/Users/admin/surface-defect-train/results/chips/validation/inclusion/inclusion_241_bb00.png,inclusion,pitted_surface,0.9154155254364014,0.0010571115417405963,0.012985494919121265,0.0004708410706371069,0.9154155254364014,0.025632521137595177,0.04443846642971039
vit_b_16,/Users/admin/surface-defect-train/results/chips/validation/inclusion/inclusion_241_bb01.png,inclusion,pitted_surface,0.9281501173973083,0.0012933247489854693,0.003584533231332898,0.0004498400667216629,0.9281501173973083,0.003853454953059554,0.06266868859529495
vit_b_16,/Users/admin/surface-defect-train/results/chips/validation/inclusion/inclusion_242_bb00.png,inclusion,pitted_surface,0.9278719425201416,0.001310625928454101,0.0035406900569796562,0.00044317528954707086,0.9278719425201416,0.003801771905273199,0.06303183734416962
vit_b_16,/Users/admin/surface-defect-train/results/chips/validation/inclusion/inclusion_242_bb01.png,inclusion,pitted_surface,0.8852443099021912,0.0013944304082542658,0.003164842491969466,0.0008391934097744524,0.8852443099021912,0.003892607055604458,0.10546467453241348
vit_b_16,/Users/admin/surface-defect-train/results/chips/validation/inclusion/inclusion_243_bb00.png,inclusion,pitted_surface,0.9295290112495422,0.0013168954756110907,0.0042314911261200905,0.00040262078982777894,0.9295290112495422,0.005534217692911625,0.05898576229810715
vit_b_16,/Users/admin/surface-defect-train/results/chips/validation/inclusion/inclusion_243_bb01.png,inclusion,pitted_surface,0.8665127754211426,0.001418944331817329,0.00334348832257092,0.0007946886471472681,0.8665127754211426,0.004874443169683218,0.12305566668510437
vit_b_16,/Users/admin/surface-defect-train/results/chips/validation/inclusion/inclusion_243_bb02.png,inclusion,pitted_surface,0.8517503142356873,0.000458624359453097,0.03733445703983307,0.00252513331361115,0.8517503142356873,0.08468764275312424,0.023243773728609085
vit_b_16,/Users/admin/surface-defect-train/results/chips/validation/inclusion/inclusion_244_bb00.png,inclusion,pitted_surface,0.8482078909873962,0.0016464521177113056,0.0028575013857334852,0.0009282267419621348,0.8482078909873962,0.00426081707701087,0.1420990526676178
vit_b_16,/Users/admin/surface-defect-train/results/chips/validation/inclusion/inclusion_244_bb01.png,inclusion,pitted_surface,0.7825512290000916,0.0002622427127789706,0.08309180289506912,0.003874692600220442,0.7825512290000916,0.11343236267566681,0.01678759604692459
vit_b_16,/Users/admin/surface-defect-train/results/chips/validation/inclusion/inclusion_244_bb02.png,inclusion,scratches,0.4219662845134735,0.00123629963491112,0.029645944014191628,0.0034828409552574158,0.35337087512016296,0.19029772281646729,0.4219662845134735
vit_b_16,/Users/admin/surface-defect-train/results/chips/validation/inclusion/inclusion_245_bb00.png,inclusion,scratches,0.9378274083137512,0.0003106962249148637,0.0013572219759225845,0.002069567795842886,0.052709393203258514,0.005725745111703873,0.9378274083137512
vit_b_16,/Users/admin/surface-defect-train/results/chips/validation/inclusion/inclusion_246_bb00.png,inclusion,pitted_surface,0.8500362038612366,0.0022758941631764174,0.005022022407501936,0.0005127889453433454,0.8500362038612366,0.021340757608413696,0.1208122968673706
vit_b_16,/Users/admin/surface-defect-train/results/chips/validation/inclusion/inclusion_246_bb01.png,inclusion,scratches,0.8746720552444458,0.0003893356188200414,0.0035165741574019194,0.02001926489174366,0.09992112964391708,0.0014816474867984653,0.8746720552444458
vit_b_16,/Users/admin/surface-defect-train/results/chips/validation/inclusion/inclusion_247_bb00.png,inclusion,scratches,0.7291432619094849,0.0004510085564106703,0.005213772412389517,0.00700696837157011,0.24400953948497772,0.014175478368997574,0.7291432619094849
vit_b_16,/Users/admin/surface-defect-train/results/chips/validation/inclusion/inclusion_248_bb00.png,inclusion,pitted_surface,0.9341248273849487,0.001260845921933651,0.0035844261292368174,0.00039472879143431783,0.9341248273849487,0.003283258993178606,0.057351887226104736
vit_b_16,/Users/admin/surface-defect-train/results/chips/validation/inclusion/inclusion_248_bb01.png,inclusion,pitted_surface,0.5144224166870117,0.0012196442112326622,0.006298142019659281,0.0017917583463713527,0.5144224166870117,0.023574326187372208,0.45269376039505005
vit_b_16,/Users/admin/surface-defect-train/results/chips/validation/inclusion/inclusion_249_bb00.png,inclusion,pitted_surface,0.7862446308135986,0.0010752357775345445,0.013453836552798748,0.0009748250595293939,0.7862446308135986,0.026623189449310303,0.17162831127643585
vit_b_16,/Users/admin/surface-defect-train/results/chips/validation/inclusion/inclusion_249_bb01.png,inclusion,pitted_surface,0.9098300933837891,0.0008412610623054206,0.011362500488758087,0.0007060747593641281,0.9098300933837891,0.015790345147252083,0.061469756066799164
vit_b_16,/Users/admin/surface-defect-train/results/chips/validation/inclusion/inclusion_250_bb00.png,inclusion,pitted_surface,0.7557455897331238,0.0006263501127250493,0.010192732326686382,0.0026115961372852325,0.7557455897331238,0.01404027920216322,0.21678347885608673
vit_b_16,/Users/admin/surface-defect-train/results/chips/validation/inclusion/inclusion_251_bb00.png,inclusion,pitted_surface,0.9322996735572815,0.0012784344144165516,0.0035292664542794228,0.0004004510410595685,0.9322996735572815,0.0032789434771984816,0.05921322852373123
vit_b_16,/Users/admin/surface-defect-train/results/chips/validation/inclusion/inclusion_252_bb00.png,inclusion,scratches,0.8995320796966553,0.0002727076644077897,0.0032634849194437265,0.04577498510479927,0.05023348703980446,0.0009231337462551892,0.8995320796966553
vit_b_16,/Users/admin/surface-defect-train/results/chips/validation/inclusion/inclusion_252_bb01.png,inclusion,scratches,0.7579916715621948,0.00017152205691672862,0.18684379756450653,0.0008719501201994717,0.0512479692697525,0.0028731622733175755,0.7579916715621948
vit_b_16,/Users/admin/surface-defect-train/results/chips/validation/inclusion/inclusion_253_bb00.png,inclusion,scratches,0.4961972236633301,0.0005630412488244474,0.007321429438889027,0.01628812402486801,0.45402956008911133,0.025600656867027283,0.4961972236633301
vit_b_16,/Users/admin/surface-defect-train/results/chips/validation/inclusion/inclusion_254_bb00.png,inclusion,pitted_surface,0.7920429706573486,0.0002683620259631425,0.059308625757694244,0.0024901949800550938,0.7920429706573486,0.02776264399290085,0.11812720447778702
vit_b_16,/Users/admin/surface-defect-train/results/chips/validation/inclusion/inclusion_254_bb01.png,inclusion,pitted_surface,0.8316298723220825,0.0005018505617044866,0.034652020782232285,0.0017501862021163106,0.8316298723220825,0.038378603756427765,0.09308744221925735
vit_b_16,/Users/admin/surface-defect-train/results/chips/validation/inclusion/inclusion_255_bb00.png,inclusion,pitted_surface,0.8453710675239563,0.00017678560107015073,0.08214409649372101,0.0025964435189962387,0.8453710675239563,0.020504632964730263,0.049206946045160294
vit_b_16,/Users/admin/surface-defect-train/results/chips/validation/inclusion/inclusion_255_bb01.png,inclusion,pitted_surface,0.8226786851882935,0.0003497206198517233,0.057784222066402435,0.001671503996476531,0.8226786851882935,0.02922847308218479,0.08828729391098022
vit_b_16,/Users/admin/surface-defect-train/results/chips/validation/inclusion/inclusion_256_bb00.png,inclusion,pitted_surface,0.8525857329368591,0.0006147269741632044,0.028565557673573494,0.0012629543198272586,0.8525857329368591,0.03284710645675659,0.08412390202283859
vit_b_16,/Users/admin/surface-defect-train/results/chips/validation/inclusion/inclusion_256_bb01.png,inclusion,pitted_surface,0.8275743126869202,0.00025285518495365977,0.06884828209877014,0.0019433333072811365,0.8275743126869202,0.02336130663752556,0.07801995426416397
vit_b_16,/Users/admin/surface-defect-train/results/chips/validation/inclusion/inclusion_257_bb00.png,inclusion,pitted_surface,0.6548689603805542,0.00023325931397266686,0.2065000832080841,0.0019771764054894447,0.6548689603805542,0.05238768085837364,0.08403284102678299
vit_b_16,/Users/admin/surface-defect-train/results/chips/validation/inclusion/inclusion_257_bb01.png,inclusion,pitted_surface,0.4445539116859436,0.00024733986356295645,0.15433606505393982,0.00158207630738616,0.4445539116859436,0.04115235060453415,0.35812827944755554
vit_b_16,/Users/admin/surface-defect-train/results/chips/validation/inclusion/inclusion_258_bb00.png,inclusion,inclusion,0.7305462956428528,1.4887536963215098e-05,0.7305462956428528,0.009112158790230751,0.0811711922287941,0.003906377591192722,0.17524918913841248
vit_b_16,/Users/admin/surface-defect-train/results/chips/validation/inclusion/inclusion_258_bb01.png,inclusion,scratches,0.5611090660095215,4.7853020078036934e-05,0.302679181098938,0.005801649764180183,0.12406150996685028,0.006300739478319883,0.5611090660095215
vit_b_16,/Users/admin/surface-defect-train/results/chips/validation/inclusion/inclusion_259_bb00.png,inclusion,scratches,0.9639779925346375,4.490633000386879e-05,0.005836287513375282,0.0008377314661629498,0.027101529762148857,0.0022015110589563847,0.9639779925346375
vit_b_16,/Users/admin/surface-defect-train/results/chips/validation/inclusion/inclusion_260_bb00.png,inclusion,inclusion,0.6168263554573059,2.4212788048316725e-05,0.6168263554573059,0.004347057081758976,0.18321925401687622,0.012835472822189331,0.18274767696857452
vit_b_16,/Users/admin/surface-defect-train/results/chips/validation/inclusion/inclusion_260_bb01.png,inclusion,inclusion,0.821445882320404,6.262579063331941e-06,0.821445882320404,0.0057146730832755566,0.05882120877504349,0.0052858637645840645,0.1087261363863945
vit_b_16,/Users/admin/surface-defect-train/results/chips/validation/inclusion/inclusion_261_bb00.png,inclusion,inclusion,0.6415890455245972,1.8043219824903645e-05,0.6415890455245972,0.004822881892323494,0.16133199632167816,0.009255672805011272,0.18298232555389404
vit_b_16,/Users/admin/surface-defect-train/results/chips/validation/inclusion/inclusion_261_bb01.png,inclusion,inclusion,0.9010224342346191,3.5166508496331517e-06,0.9010224342346191,0.004465864505618811,0.033337805420160294,0.0037534618750214577,0.05741703882813454
vit_b_16,/Users/admin/surface-defect-train/results/chips/validation/inclusion/inclusion_262_bb00.png,inclusion,inclusion,0.4939720630645752,0.00010100071085616946,0.4939720630645752,0.0038082862738519907,0.12959980964660645,0.01296768244355917,0.35955122113227844
vit_b_16,/Users/admin/surface-defect-train/results/chips/validation/inclusion/inclusion_262_bb01.png,inclusion,inclusion,0.3879603147506714,6.596752064069733e-05,0.3879603147506714,0.011890801601111889,0.3162529170513153,0.014547095634043217,0.26928284764289856
vit_b_16,/Users/admin/surface-defect-train/results/chips/validation/inclusion/inclusion_262_bb02.png,inclusion,inclusion,0.9908141493797302,3.493064241411048e-06,0.9908141493797302,0.0012452899245545268,0.004418644588440657,0.001469326438382268,0.0020490195602178574
vit_b_16,/Users/admin/surface-defect-train/results/chips/validation/inclusion/inclusion_263_bb00.png,inclusion,inclusion,0.9552022218704224,1.0929353265964892e-05,0.9552022218704224,0.0016656392253935337,0.01761571317911148,0.0032431669533252716,0.022262247279286385
vit_b_16,/Users/admin/surface-defect-train/results/chips/validation/inclusion/inclusion_263_bb01.png,inclusion,inclusion,0.9940584897994995,2.1873445348319365e-06,0.9940584897994995,0.0011556831886991858,0.0029341636691242456,0.0008491449407301843,0.0010002772323787212
vit_b_16,/Users/admin/surface-defect-train/results/chips/validation/inclusion/inclusion_264_bb00.png,inclusion,inclusion,0.3309665620326996,8.477811206830665e-05,0.3309665620326996,0.01239398680627346,0.3305533528327942,0.014263680204749107,0.31173762679100037
vit_b_16,/Users/admin/surface-defect-train/results/chips/validation/inclusion/inclusion_264_bb01.png,inclusion,scratches,0.963897705078125,0.0002656411088537425,0.0029555847868323326,0.001566352671943605,0.029879506677389145,0.0014352448051795363,0.963897705078125
vit_b_16,/Users/admin/surface-defect-train/results/chips/validation/inclusion/inclusion_264_bb02.png,inclusion,inclusion,0.9048891067504883,4.2383576328575145e-06,0.9048891067504883,0.005046933423727751,0.04272443428635597,0.002598757855594158,0.044736556708812714
vit_b_16,/Users/admin/surface-defect-train/results/chips/validation/inclusion/inclusion_264_bb03.png,inclusion,inclusion,0.9620857238769531,2.6979771064361557e-05,0.9620857238769531,0.0011466899886727333,0.01646573469042778,0.004076694138348103,0.01619815081357956
vit_b_16,/Users/admin/surface-defect-train/results/chips/validation/inclusion/inclusion_265_bb00.png,inclusion,inclusion,0.9755426049232483,9.504622539679985e-06,0.9755426049232483,0.0017845692345872521,0.012574922293424606,0.0031498558819293976,0.006938504986464977
vit_b_16,/Users/admin/surface-defect-train/results/chips/validation/inclusion/inclusion_265_bb01.png,inclusion,inclusion,0.9436855912208557,3.201363142579794e-05,0.9436855912208557,0.000928341643884778,0.02395232766866684,0.004126358311623335,0.02727533131837845
vit_b_16,/Users/admin/surface-defect-train/results/chips/validation/inclusion/inclusion_265_bb02.png,inclusion,scratches,0.9705190658569336,0.0005484654102474451,0.019282374531030655,0.0001861008640844375,0.0083213672041893,0.0011426361743360758,0.9705190658569336
vit_b_16,/Users/admin/surface-defect-train/results/chips/validation/inclusion/inclusion_265_bb03.png,inclusion,inclusion,0.9766699075698853,8.706731023266912e-06,0.9766699075698853,0.00036558625288307667,0.005067853257060051,0.0008149591158144176,0.017072994261980057
vit_b_16,/Users/admin/surface-defect-train/results/chips/validation/inclusion/inclusion_266_bb00.png,inclusion,inclusion,0.7517461180686951,1.4979418665461708e-05,0.7517461180686951,0.0058773173950612545,0.0754680410027504,0.011141456663608551,0.1557520478963852
vit_b_16,/Users/admin/surface-defect-train/results/chips/validation/inclusion/inclusion_266_bb01.png,inclusion,scratches,0.6979799866676331,0.00021455829846672714,0.13815425336360931,0.0029630104545503855,0.1494385153055191,0.011249719187617302,0.6979799866676331
vit_b_16,/Users/admin/surface-defect-train/results/chips/validation/inclusion/inclusion_266_bb02.png,inclusion,inclusion,0.953059196472168,2.611577428979217e-06,0.953059196472168,0.00258469907566905,0.01699048839509487,0.002849406795576215,0.02451361157000065
vit_b_16,/Users/admin/surface-defect-train/results/chips/validation/inclusion/inclusion_267_bb00.png,inclusion,inclusion,0.9811011552810669,8.876604056240467e-07,0.9811011552810669,0.002370897913351655,0.00785023532807827,0.0014051299076527357,0.007271814160048962
vit_b_16,/Users/admin/surface-defect-train/results/chips/validation/inclusion/inclusion_267_bb01.png,inclusion,inclusion,0.9617488384246826,3.153527813992696e-06,0.9617488384246826,0.0038402925711125135,0.020492682233452797,0.0025971131399273872,0.011317935772240162
vit_b_16,/Users/admin/surface-defect-train/results/chips/validation/inclusion/inclusion_267_bb02.png,inclusion,inclusion,0.9898630380630493,7.14530244749767e-07,0.9898630380630493,0.0014565675519406796,0.00476027699187398,0.0006747649749740958,0.0032446468248963356
vit_b_16,/Users/admin/surface-defect-train/results/chips/validation/inclusion/inclusion_268_bb00.png,inclusion,scratches,0.6414647102355957,8.050727046793327e-05,0.25944826006889343,0.0023949563037604094,0.09306162595748901,0.0035499753430485725,0.6414647102355957
vit_b_16,/Users/admin/surface-defect-train/results/chips/validation/inclusion/inclusion_269_bb00.png,inclusion,inclusion,0.7121479511260986,0.00027275632601231337,0.7121479511260986,0.00047608307795599103,0.024465695023536682,0.003354445332661271,0.2592830955982208
vit_b_16,/Users/admin/surface-defect-train/results/chips/validation/inclusion/inclusion_269_bb01.png,inclusion,inclusion,0.8390823006629944,7.818488666089252e-05,0.8390823006629944,0.00046025365008972585,0.012425106018781662,0.0012042411835864186,0.14674992859363556
vit_b_16,/Users/admin/surface-defect-train/results/chips/validation/inclusion/inclusion_269_bb02.png,inclusion,scratches,0.5381914973258972,0.0020621928852051497,0.42372846603393555,0.0016593961045145988,0.03252074867486954,0.0018376759253442287,0.5381914973258972
vit_b_16,/Users/admin/surface-defect-train/results/chips/validation/inclusion/inclusion_270_bb00.png,inclusion,inclusion,0.9203147292137146,1.0502662007638719e-05,0.9203147292137146,0.0038011199794709682,0.03600175678730011,0.004515369422733784,0.035356491804122925
vit_b_16,/Users/admin/surface-defect-train/results/chips/validation/inclusion/inclusion_271_bb00.png,inclusion,scratches,0.5501255989074707,0.000270294927759096,0.41181477904319763,0.0003927406796719879,0.03299810364842415,0.004398423712700605,0.5501255989074707
vit_b_16,/Users/admin/surface-defect-train/results/chips/validation/inclusion/inclusion_271_bb01.png,inclusion,inclusion,0.8311905860900879,6.02369436819572e-05,0.8311905860900879,0.000376858253730461,0.01334657333791256,0.0015697000781074166,0.15345610678195953
vit_b_16,/Users/admin/surface-defect-train/results/chips/validation/inclusion/inclusion_271_bb02.png,inclusion,inclusion,0.631044328212738,0.00038254025275819004,0.631044328212738,0.0006814836524426937,0.01832709088921547,0.0016939810011535883,0.3478705585002899
vit_b_16,/Users/admin/surface-defect-train/results/chips/validation/inclusion/inclusion_272_bb00.png,inclusion,inclusion,0.9718844890594482,1.4781821846554521e-06,0.9718844890594482,0.003021972021088004,0.014695954509079456,0.00280022737570107,0.0075958785600960255
vit_b_16,/Users/admin/surface-defect-train/results/chips/validation/inclusion/inclusion_272_bb01.png,inclusion,inclusion,0.9911105632781982,7.636280656697636e-07,0.9911105632781982,0.0012340928660705686,0.003986062481999397,0.00047769726370461285,0.0031909123063087463
vit_b_16,/Users/admin/surface-defect-train/results/chips/validation/inclusion/inclusion_272_bb02.png,inclusion,inclusion,0.9902708530426025,6.794500109208457e-07,0.9902708530426025,0.0013619126984849572,0.004724725149571896,0.0007251919596455991,0.0029166333843022585
vit_b_16,/Users/admin/surface-defect-train/results/chips/validation/inclusion/inclusion_273_bb00.png,inclusion,inclusion,0.980171799659729,1.4973580846344703e-06,0.980171799659729,0.0022772185038775206,0.008822474628686905,0.0008718322496861219,0.007855272851884365
vit_b_16,/Users/admin/surface-defect-train/results/chips/validation/inclusion/inclusion_273_bb01.png,inclusion,inclusion,0.9873113632202148,7.720386179244088e-07,0.9873113632202148,0.0017031589522957802,0.0058541856706142426,0.0009805004810914397,0.0041499389335513115
vit_b_16,/Users/admin/surface-defect-train/results/chips/validation/inclusion/inclusion_274_bb00.png,inclusion,inclusion,0.6868786215782166,0.00035331136314198375,0.6868786215782166,0.0006150258705019951,0.024509625509381294,0.002486308803781867,0.2851572036743164
vit_b_16,/Users/admin/surface-defect-train/results/chips/validation/inclusion/inclusion_274_bb01.png,inclusion,inclusion,0.9262986779212952,4.039076156914234e-05,0.9262986779212952,0.00032226365874521434,0.0107341967523098,0.0021518885623663664,0.06045256927609444
vit_b_16,/Users/admin/surface-defect-train/results/chips/validation/inclusion/inclusion_274_bb02.png,inclusion,inclusion,0.9635497331619263,1.973105827346444e-05,0.9635497331619263,0.0003175630699843168,0.006882249377667904,0.001537221483886242,0.02769364044070244
vit_b_16,/Users/admin/surface-defect-train/results/chips/validation/inclusion/inclusion_274_bb03.png,inclusion,inclusion,0.6815515756607056,0.0002672398404683918,0.6815515756607056,0.0006045244517736137,0.016819024458527565,0.0016001706244423985,0.29915744066238403
vit_b_16,/Users/admin/surface-defect-train/results/chips/validation/inclusion/inclusion_275_bb00.png,inclusion,inclusion,0.993148148059845,3.899018793163123e-06,0.993148148059845,0.0007805299246683717,0.0033770124427974224,0.0010645564179867506,0.0016259063268080354
vit_b_16,/Users/admin/surface-defect-train/results/chips/validation/inclusion/inclusion_275_bb01.png,inclusion,inclusion,0.870642900466919,1.2566865734697785e-05,0.870642900466919,0.0050927200354635715,0.05021413788199425,0.00468839518725872,0.0693492591381073
vit_b_16,/Users/admin/surface-defect-train/results/chips/validation/inclusion/inclusion_275_bb02.png,inclusion,inclusion,0.8961037397384644,5.444325506687164e-05,0.8961037397384644,0.00035983850830234587,0.013495039194822311,0.0023104867432266474,0.087676502764225
vit_b_16,/Users/admin/surface-defect-train/results/chips/validation/inclusion/inclusion_275_bb03.png,inclusion,inclusion,0.8848370909690857,0.00014454084157478064,0.8848370909690857,0.0005920699913986027,0.03295431658625603,0.011555720120668411,0.0699162557721138
vit_b_16,/Users/admin/surface-defect-train/results/chips/validation/inclusion/inclusion_275_bb04.png,inclusion,inclusion,0.9919135570526123,2.604781911941245e-06,0.9919135570526123,0.0013343486934900284,0.00454378267750144,0.000915421056561172,0.0012902572052553296
vit_b_16,/Users/admin/surface-defect-train/results/chips/validation/inclusion/inclusion_275_bb05.png,inclusion,inclusion,0.905849277973175,6.171454879222438e-05,0.905849277973175,0.0008787988335825503,0.03143893927335739,0.005821102298796177,0.055950142443180084
vit_b_16,/Users/admin/surface-defect-train/results/chips/validation/inclusion/inclusion_276_bb00.png,inclusion,scratches,0.9484717845916748,8.746601088205352e-05,0.015049195848405361,0.0007119266083464026,0.03474665805697441,0.0009329752065241337,0.9484717845916748
vit_b_16,/Users/admin/surface-defect-train/results/chips/validation/inclusion/inclusion_276_bb01.png,inclusion,inclusion,0.9570184946060181,3.602485548981349e-06,0.9570184946060181,0.0029027925338596106,0.015863679349422455,0.001726375543512404,0.02248496003448963
vit_b_16,/Users/admin/surface-defect-train/results/chips/validation/inclusion/inclusion_277_bb00.png,inclusion,scratches,0.36397942900657654,8.349117706529796e-05,0.34112465381622314,0.005027598235756159,0.2524275481700897,0.03735723719000816,0.36397942900657654
vit_b_16,/Users/admin/surface-defect-train/results/chips/validation/inclusion/inclusion_278_bb00.png,inclusion,inclusion,0.9958147406578064,1.548486352476175e-06,0.9958147406578064,0.0006401673308573663,0.0019871375989168882,0.00030779032385908067,0.001248551532626152
vit_b_16,/Users/admin/surface-defect-train/results/chips/validation/inclusion/inclusion_278_bb01.png,inclusion,inclusion,0.5805326700210571,3.56237287633121e-05,0.5805326700210571,0.006602834910154343,0.1256299912929535,0.0055971406400203705,0.2816016674041748
vit_b_16,/Users/admin/surface-defect-train/results/chips/validation/inclusion/inclusion_278_bb02.png,inclusion,inclusion,0.9874162077903748,4.144754257140448e-06,0.9874162077903748,0.000388265703804791,0.003210919676348567,0.00044484605314210057,0.008535648696124554
vit_b_16,/Users/admin/surface-defect-train/results/chips/validation/inclusion/inclusion_279_bb00.png,inclusion,inclusion,0.9880090951919556,8.627887382317567e-07,0.9880090951919556,0.0015231668949127197,0.005555105395615101,0.0010774641996249557,0.0038343241903930902
vit_b_16,/Users/admin/surface-defect-train/results/chips/validation/inclusion/inclusion_279_bb01.png,inclusion,inclusion,0.7094022631645203,4.391356196720153e-05,0.7094022631645203,0.0033706710673868656,0.10295112431049347,0.04857362434267998,0.13565847277641296
vit_b_16,/Users/admin/surface-defect-train/results/chips/validation/inclusion/inclusion_280_bb00.png,inclusion,scratches,0.7046117186546326,0.00011000940867234021,0.1411200314760208,0.0034390799701213837,0.13452939689159393,0.01618977077305317,0.7046117186546326
vit_b_16,/Users/admin/surface-defect-train/results/chips/validation/inclusion/inclusion_280_bb01.png,inclusion,inclusion,0.9190811514854431,5.995533228997374e-06,0.9190811514854431,0.00345916417427361,0.035320136696100235,0.008493542671203613,0.03363995626568794
vit_b_16,/Users/admin/surface-defect-train/results/chips/validation/inclusion/inclusion_281_bb00.png,inclusion,inclusion,0.9746329188346863,1.1782327419496141e-05,0.9746329188346863,0.0015207225224003196,0.014701087027788162,0.0034719854593276978,0.005661548115313053
vit_b_16,/Users/admin/surface-defect-train/results/chips/validation/inclusion/inclusion_281_bb01.png,inclusion,inclusion,0.8835243582725525,0.00035436381585896015,0.8835243582725525,0.0005959880072623491,0.03328045830130577,0.03577631711959839,0.04646848142147064
vit_b_16,/Users/admin/surface-defect-train/results/chips/validation/inclusion/inclusion_282_bb00.png,inclusion,inclusion,0.9682300686836243,3.5090902201773133e-06,0.9682300686836243,0.002474202774465084,0.017908917739987373,0.002777552930638194,0.008605798706412315
vit_b_16,/Users/admin/surface-defect-train/results/chips/validation/inclusion/inclusion_282_bb01.png,inclusion,inclusion,0.9757025837898254,2.260509972984437e-06,0.9757025837898254,0.002151192631572485,0.012586686760187149,0.0017781247152015567,0.007779157254844904
vit_b_16,/Users/admin/surface-defect-train/results/chips/validation/inclusion/inclusion_283_bb00.png,inclusion,pitted_surface,0.48456764221191406,0.0036557065322995186,0.037234190851449966,0.0010914746671915054,0.48456764221191406,0.29787111282348633,0.17557978630065918
vit_b_16,/Users/admin/surface-defect-train/results/chips/validation/inclusion/inclusion_284_bb00.png,inclusion,inclusion,0.9375051856040955,1.2509225598478224e-05,0.9375051856040955,0.0023973684292286634,0.030384976416826248,0.003911581821739674,0.0257883220911026
vit_b_16,/Users/admin/surface-defect-train/results/chips/validation/inclusion/inclusion_284_bb01.png,inclusion,inclusion,0.9680864810943604,4.9135291192214936e-05,0.9680864810943604,0.0005036532529629767,0.010750963352620602,0.006955103017389774,0.013654584065079689
vit_b_16,/Users/admin/surface-defect-train/results/chips/validation/inclusion/inclusion_284_bb02.png,inclusion,scratches,0.9282156825065613,0.0032439909409731627,0.02648514322936535,0.00020426380797289312,0.031908150762319565,0.009942803531885147,0.9282156825065613
vit_b_16,/Users/admin/surface-defect-train/results/chips/validation/inclusion/inclusion_285_bb00.png,inclusion,scratches,0.7857048511505127,0.000476215616799891,0.10780520737171173,0.0012980770552530885,0.09535277634859085,0.00936287734657526,0.7857048511505127
vit_b_16,/Users/admin/surface-defect-train/results/chips/validation/inclusion/inclusion_286_bb00.png,inclusion,inclusion,0.9803697466850281,1.498903543506458e-06,0.9803697466850281,0.0019432584522292018,0.009927313774824142,0.0014891239115968347,0.006269063334912062
vit_b_16,/Users/admin/surface-defect-train/results/chips/validation/inclusion/inclusion_286_bb01.png,inclusion,inclusion,0.6996588706970215,5.6380449677817523e-05,0.6996588706970215,0.004773315507918596,0.16681066155433655,0.01565898209810257,0.11304186284542084
vit_b_16,/Users/admin/surface-defect-train/results/chips/validation/inclusion/inclusion_287_bb00.png,inclusion,inclusion,0.9677817225456238,3.190278948750347e-05,0.9677817225456238,0.00047367968363687396,0.012049781158566475,0.004850761964917183,0.014812178909778595
vit_b_16,/Users/admin/surface-defect-train/results/chips/validation/inclusion/inclusion_287_bb01.png,inclusion,inclusion,0.9776996374130249,1.043313204718288e-05,0.9776996374130249,0.00031494410359300673,0.005146968178451061,0.0008629208896309137,0.015964984893798828
vit_b_16,/Users/admin/surface-defect-train/results/chips/validation/inclusion/inclusion_287_bb02.png,inclusion,inclusion,0.9264266490936279,3.0264871384133585e-05,0.9264266490936279,0.0021672192960977554,0.021652966737747192,0.0050153485499322414,0.04470750689506531
vit_b_16,/Users/admin/surface-defect-train/results/chips/validation/inclusion/inclusion_287_bb03.png,inclusion,inclusion,0.8162872195243835,1.706524744804483e-05,0.8162872195243835,0.002684725448489189,0.027112632989883423,0.002386564388871193,0.1515117585659027
vit_b_16,/Users/admin/surface-defect-train/results/chips/validation/inclusion/inclusion_287_bb04.png,inclusion,inclusion,0.6203746795654297,0.0006050234660506248,0.6203746795654297,0.0007757002022117376,0.10135404020547867,0.0165404099971056,0.2603501081466675
vit_b_16,/Users/admin/surface-defect-train/results/chips/validation/inclusion/inclusion_287_bb05.png,inclusion,inclusion,0.9116370677947998,7.484231900889426e-05,0.9116370677947998,0.00045769463758915663,0.018514230847358704,0.004406990949064493,0.06490917503833771
vit_b_16,/Users/admin/surface-defect-train/results/chips/validation/inclusion/inclusion_287_bb06.png,inclusion,inclusion,0.9266729950904846,5.8033801906276494e-05,0.9266729950904846,0.000571570941247046,0.021840505301952362,0.004574011545628309,0.04628290608525276
vit_b_16,/Users/admin/surface-defect-train/results/chips/validation/inclusion/inclusion_287_bb07.png,inclusion,inclusion,0.9909777641296387,1.0230681255052332e-05,0.9909777641296387,0.000355602300260216,0.003492740448564291,0.002039760584011674,0.0031239737290889025
vit_b_16,/Users/admin/surface-defect-train/results/chips/validation/inclusion/inclusion_288_bb00.png,inclusion,scratches,0.6681901216506958,0.004376459866762161,0.10754140466451645,0.0007088800193741918,0.18159477412700653,0.03758838400244713,0.6681901216506958
vit_b_16,/Users/admin/surface-defect-train/results/chips/validation/inclusion/inclusion_288_bb01.png,inclusion,inclusion,0.5769143104553223,0.00039335552719421685,0.5769143104553223,0.00045196598512120545,0.03968934714794159,0.006607464049011469,0.37594354152679443
vit_b_16,/Users/admin/surface-defect-train/results/chips/validation/inclusion/inclusion_289_bb00.png,inclusion,inclusion,0.8203805685043335,5.513717405847274e-05,0.8203805685043335,0.006785580422729254,0.12496266514062881,0.012915798462927341,0.03490027040243149
vit_b_16,/Users/admin/surface-defect-train/results/chips/validation/inclusion/inclusion_289_bb01.png,inclusion,inclusion,0.9396080374717712,3.828623812296428e-05,0.9396080374717712,0.0026073302142322063,0.03426924720406532,0.018036430701613426,0.005440715700387955
vit_b_16,/Users/admin/surface-defect-train/results/chips/validation/inclusion/inclusion_289_bb02.png,inclusion,scratches,0.6608489751815796,0.0011127784382551908,0.127556711435318,0.0009490639204159379,0.19785939157009125,0.011673151515424252,0.6608489751815796
vit_b_16,/Users/admin/surface-defect-train/results/chips/validation/inclusion/inclusion_289_bb03.png,inclusion,inclusion,0.9775373935699463,1.911654726427514e-05,0.9775373935699463,0.001127750612795353,0.011028705164790154,0.007210112176835537,0.0030770550947636366
vit_b_16,/Users/admin/surface-defect-train/results/chips/validation/inclusion/inclusion_290_bb00.png,inclusion,inclusion,0.6756362915039062,4.291367076802999e-05,0.6756362915039062,0.004559044726192951,0.17368550598621368,0.013043276034295559,0.1330329328775406
vit_b_16,/Users/admin/surface-defect-train/results/chips/validation/inclusion/inclusion_291_bb00.png,inclusion,inclusion,0.9562260508537292,3.85999419449945e-06,0.9562260508537292,0.002112997928634286,0.022063864395022392,0.00522987637668848,0.014363293536007404
vit_b_16,/Users/admin/surface-defect-train/results/chips/validation/inclusion/inclusion_291_bb01.png,inclusion,inclusion,0.43090319633483887,0.00016900750051718205,0.43090319633483887,0.003781118430197239,0.2954234182834625,0.03267178311944008,0.23705139756202698
vit_b_16,/Users/admin/surface-defect-train/results/chips/validation/inclusion/inclusion_291_bb02.png,inclusion,inclusion,0.9373360872268677,2.8178130833111936e-06,0.9373360872268677,0.00354645773768425,0.02614252269268036,0.0026589506305754185,0.03031317889690399
vit_b_16,/Users/admin/surface-defect-train/results/chips/validation/inclusion/inclusion_291_bb03.png,inclusion,inclusion,0.6832868456840515,3.4481963666621596e-05,0.6832868456840515,0.0030673909932374954,0.05737314745783806,0.01454291120171547,0.24169525504112244
vit_b_16,/Users/admin/surface-defect-train/results/chips/validation/inclusion/inclusion_292_bb00.png,inclusion,inclusion,0.8254572749137878,1.0880828085646499e-05,0.8254572749137878,0.0040241507813334465,0.07435242831707001,0.01093215774744749,0.08522316813468933
vit_b_16,/Users/admin/surface-defect-train/results/chips/validation/inclusion/inclusion_292_bb01.png,inclusion,inclusion,0.5556491613388062,4.5356897317105904e-05,0.5556491613388062,0.004733401816338301,0.17138585448265076,0.030013717710971832,0.2381725311279297
vit_b_16,/Users/admin/surface-defect-train/results/chips/validation/inclusion/inclusion_292_bb02.png,inclusion,inclusion,0.9738177061080933,2.0635388864320703e-06,0.9738177061080933,0.002590078627690673,0.014369113370776176,0.0018753389595076442,0.007345614023506641
vit_b_16,/Users/admin/surface-defect-train/results/chips/validation/inclusion/inclusion_292_bb03.png,inclusion,inclusion,0.8236808776855469,1.0806112186401151e-05,0.8236808776855469,0.00468216510489583,0.07264990359544754,0.010714098811149597,0.08826218545436859
vit_b_16,/Users/admin/surface-defect-train/results/chips/validation/inclusion/inclusion_292_bb04.png,inclusion,inclusion,0.8535622954368591,6.2246590459835716e-06,0.8535622954368591,0.003588153515011072,0.03983177989721298,0.00385488523170352,0.09915660321712494
vit_b_16,/Users/admin/surface-defect-train/results/chips/validation/inclusion/inclusion_292_bb05.png,inclusion,inclusion,0.9689543843269348,3.1913905331748538e-06,0.9689543843269348,0.0024159098975360394,0.012207751162350178,0.0011808035196736455,0.015237942337989807
vit_b_16,/Users/admin/surface-defect-train/results/chips/validation/inclusion/inclusion_292_bb06.png,inclusion,inclusion,0.9808416366577148,1.4709956985825556e-06,0.9808416366577148,0.0018381268018856645,0.00879173818975687,0.0029870150610804558,0.005540101323276758
vit_b_16,/Users/admin/surface-defect-train/results/chips/validation/inclusion/inclusion_293_bb00.png,inclusion,inclusion,0.5803744196891785,0.00036696711322292686,0.5803744196891785,0.002017852384597063,0.263162225484848,0.06892164796590805,0.08515696227550507
vit_b_16,/Users/admin/surface-defect-train/results/chips/validation/inclusion/inclusion_293_bb01.png,inclusion,pitted_surface,0.3874973654747009,0.0038799657486379147,0.19998401403427124,0.002535948297008872,0.3874973654747009,0.32860058546066284,0.07750214636325836
vit_b_16,/Users/admin/surface-defect-train/results/chips/validation/inclusion/inclusion_293_bb02.png,inclusion,inclusion,0.9875263571739197,2.695875537028769e-06,0.9875263571739197,0.0014125232119113207,0.005423186346888542,0.001036754110828042,0.004598456900566816
vit_b_16,/Users/admin/surface-defect-train/results/chips/validation/inclusion/inclusion_294_bb00.png,inclusion,inclusion,0.9346672892570496,6.242344534257427e-05,0.9346672892570496,0.0013979794457554817,0.03709005191922188,0.014422963373363018,0.012359252199530602
vit_b_16,/Users/admin/surface-defect-train/results/chips/validation/inclusion/inclusion_294_bb01.png,inclusion,inclusion,0.8935397863388062,0.00022506150708068162,0.8935397863388062,0.0006003964226692915,0.03515683487057686,0.022380053997039795,0.04809776693582535
vit_b_16,/Users/admin/surface-defect-train/results/chips/validation/inclusion/inclusion_295_bb00.png,inclusion,inclusion,0.7049365639686584,0.00036330416332930326,0.7049365639686584,0.002204683842137456,0.15160098671913147,0.0733972042798996,0.06749725341796875
vit_b_16,/Users/admin/surface-defect-train/results/chips/validation/inclusion/inclusion_295_bb01.png,inclusion,inclusion,0.91538405418396,8.86520283529535e-05,0.91538405418396,0.001213685842230916,0.0499526746571064,0.017072394490242004,0.016288461163640022
vit_b_16,/Users/admin/surface-defect-train/results/chips/validation/inclusion/inclusion_296_bb00.png,inclusion,scratches,0.6686971187591553,0.0024307770654559135,0.24045148491859436,0.00045265708467923105,0.07073843479156494,0.01722952164709568,0.6686971187591553
vit_b_16,/Users/admin/surface-defect-train/results/chips/validation/inclusion/inclusion_296_bb01.png,inclusion,inclusion,0.6865599155426025,0.0004012813442386687,0.6865599155426025,0.0006136518786661327,0.030965769663453102,0.0034483473282307386,0.2780109643936157
vit_b_16,/Users/admin/surface-defect-train/results/chips/validation/inclusion/inclusion_297_bb00.png,inclusion,pitted_surface,0.7901121973991394,0.0028788207564502954,0.0018076665000990033,0.0006783263524994254,0.7901121973991394,0.005324036814272404,0.19919899106025696
vit_b_16,/Users/admin/surface-defect-train/results/chips/validation/inclusion/inclusion_298_bb00.png,inclusion,pitted_surface,0.5044694542884827,0.00011674113920889795,0.33114588260650635,0.009780936874449253,0.5044694542884827,0.10022380203008652,0.054263267666101456
vit_b_16,/Users/admin/surface-defect-train/results/chips/validation/inclusion/inclusion_298_bb01.png,inclusion,inclusion,0.7779994606971741,3.264523911639117e-05,0.7779994606971741,0.003057415597140789,0.1255834847688675,0.07880128175020218,0.0145258205011487
vit_b_16,/Users/admin/surface-defect-train/results/chips/validation/inclusion/inclusion_298_bb02.png,inclusion,pitted_surface,0.8482413291931152,0.00025246909353882074,0.03372688218951225,0.00813596323132515,0.8482413291931152,0.030746949836611748,0.07889636605978012
vit_b_16,/Users/admin/surface-defect-train/results/chips/validation/inclusion/inclusion_298_bb03.png,inclusion,pitted_surface,0.5211305022239685,0.0005242569022811949,0.007415451109409332,0.02265852876007557,0.5211305022239685,0.004707031883299351,0.44356414675712585
vit_b_16,/Users/admin/surface-defect-train/results/chips/validation/inclusion/inclusion_298_bb04.png,inclusion,pitted_surface,0.6909336447715759,0.00014904209820088,0.16603311896324158,0.006513602565973997,0.6909336447715759,0.04705582931637764,0.08931469917297363
vit_b_16,/Users/admin/surface-defect-train/results/chips/validation/inclusion/inclusion_299_bb00.png,inclusion,pitted_surface,0.8633805513381958,0.00023895125195849687,0.033483851701021194,0.017044080421328545,0.8633805513381958,0.026330143213272095,0.05952238664031029
vit_b_16,/Users/admin/surface-defect-train/results/chips/validation/inclusion/inclusion_299_bb01.png,inclusion,inclusion,0.48278698325157166,0.0001337745925411582,0.48278698325157166,0.0025677450466901064,0.21574647724628448,0.09324291348457336,0.2055220603942871
vit_b_16,/Users/admin/surface-defect-train/results/chips/validation/inclusion/inclusion_300_bb00.png,inclusion,inclusion,0.937818169593811,6.8927461143175606e-06,0.937818169593811,0.002657191827893257,0.03560616448521614,0.01536334864795208,0.008548324927687645
vit_b_16,/Users/admin/surface-defect-train/results/chips/validation/inclusion/inclusion_300_bb01.png,inclusion,pitted_surface,0.7098182439804077,7.260608254000545e-05,0.17002491652965546,0.011350308544933796,0.7098182439804077,0.020585035905241966,0.08814883232116699
vit_b_16,/Users/admin/surface-defect-train/results/chips/validation/inclusion/inclusion_300_bb02.png,inclusion,inclusion,0.7423664927482605,1.843047357397154e-05,0.7423664927482605,0.010068188421428204,0.1849011480808258,0.0316818542778492,0.03096381388604641
vit_b_16,/Users/admin/surface-defect-train/results/chips/validation/inclusion/patches_245_bb06.png,inclusion,inclusion,0.9674056172370911,4.8577079724054784e-05,0.9674056172370911,0.029661446809768677,0.0006512164254672825,0.001965754199773073,0.00026747348601929843
vit_b_16,/Users/admin/surface-defect-train/results/chips/validation/inclusion/patches_249_bb02.png,inclusion,inclusion,0.9719946980476379,0.00011866682325489819,0.9719946980476379,0.021984731778502464,0.0008962435531429946,0.004883794579654932,0.0001218047909787856
vit_b_16,/Users/admin/surface-defect-train/results/chips/validation/inclusion/patches_259_bb03.png,inclusion,patches,0.85331130027771,0.00010628008749336004,0.14445841312408447,0.85331130027771,0.0005331268184818327,0.00042419126839376986,0.0011666540522128344
vit_b_16,/Users/admin/surface-defect-train/results/chips/validation/inclusion/patches_259_bb04.png,inclusion,inclusion,0.9781526923179626,6.70785375405103e-05,0.9781526923179626,0.017665058374404907,0.0014381177024915814,0.002545618684962392,0.00013155880151316524
vit_b_16,/Users/admin/surface-defect-train/results/chips/validation/inclusion/patches_260_bb01.png,inclusion,crazing,0.874690055847168,0.874690055847168,0.014982025139033794,0.08779795467853546,0.014473245479166508,0.005601903423666954,0.002454821951687336
vit_b_16,/Users/admin/surface-defect-train/results/chips/validation/inclusion/patches_265_bb03.png,inclusion,patches,0.7623328566551208,0.0010185358114540577,0.23371760547161102,0.7623328566551208,0.0015354841016232967,0.0007889422704465687,0.0006065982161089778
vit_b_16,/Users/admin/surface-defect-train/results/chips/validation/inclusion/patches_274_bb01.png,inclusion,patches,0.5365309715270996,0.0003123655042145401,0.45613622665405273,0.5365309715270996,0.0014873642940074205,0.0011535265948623419,0.004379551857709885
vit_b_16,/Users/admin/surface-defect-train/results/chips/validation/inclusion/pitted_surface_279_bb01.png,inclusion,scratches,0.45595455169677734,5.509767652256414e-05,0.20253150165081024,0.012397480197250843,0.3248933255672455,0.004168044310063124,0.45595455169677734
vit_b_16,/Users/admin/surface-defect-train/results/chips/validation/inclusion/pitted_surface_281_bb01.png,inclusion,scratches,0.8692724704742432,0.00045433995546773076,0.0008723888895474374,0.037017468363046646,0.08997897058725357,0.0024043135344982147,0.8692724704742432
vit_b_16,/Users/admin/surface-defect-train/results/chips/validation/inclusion/scratches_242_bb02.png,inclusion,scratches,0.955293595790863,0.00037635292392224073,0.033988624811172485,0.0002101692953146994,0.009181245230138302,0.0009501061285845935,0.955293595790863
vit_b_16,/Users/admin/surface-defect-train/results/chips/validation/inclusion/scratches_244_bb03.png,inclusion,scratches,0.7858760356903076,0.006874446291476488,0.08073028177022934,0.11522317677736282,0.010496564209461212,0.0007994634215719998,0.7858760356903076
vit_b_16,/Users/admin/surface-defect-train/results/chips/validation/inclusion/scratches_290_bb02.png,inclusion,pitted_surface,0.5326896905899048,0.00018628510588314384,0.2864481508731842,0.006991683971136808,0.5326896905899048,0.11478029191493988,0.05890392139554024
vit_b_16,/Users/admin/surface-defect-train/results/chips/validation/patches/patches_241_bb00.png,patches,patches,0.979762852191925,9.471765224589035e-05,0.0012065547052770853,0.979762852191925,0.00010916438623098657,1.901217910926789e-05,0.018807651475071907
vit_b_16,/Users/admin/surface-defect-train/results/chips/validation/patches/patches_242_bb00.png,patches,patches,0.9930292963981628,0.00017526627925690264,0.0008626052876934409,0.9930292963981628,0.00010171852773055434,1.9032695490750484e-05,0.00581216998398304
vit_b_16,/Users/admin/surface-defect-train/results/chips/validation/patches/patches_242_bb01.png,patches,patches,0.9820485711097717,0.0010129965376108885,0.003863397054374218,0.9820485711097717,0.0002579356078058481,0.00010209954780293629,0.012715011835098267
vit_b_16,/Users/admin/surface-defect-train/results/chips/validation/patches/patches_242_bb02.png,patches,patches,0.992866039276123,0.0012615437153726816,0.002383632818236947,0.992866039276123,0.00023880413209553808,5.077799141872674e-05,0.0031991915311664343
vit_b_16,/Users/admin/surface-defect-train/results/chips/validation/patches/patches_243_bb00.png,patches,patches,0.993403971195221,7.817329606041312e-05,0.0007096457993611693,0.993403971195221,7.844753417884931e-05,1.0888240467465948e-05,0.005718883126974106
vit_b_16,/Users/admin/surface-defect-train/results/chips/validation/patches/patches_243_bb01.png,patches,patches,0.9943870306015015,0.000490304664708674,0.0016123484820127487,0.9943870306015015,0.00018349218589719385,3.991000630776398e-05,0.003286942606791854
vit_b_16,/Users/admin/surface-defect-train/results/chips/validation/patches/patches_243_bb02.png,patches,patches,0.99406898021698,0.00013394160487223417,0.0006814465159550309,0.99406898021698,9.097172733163461e-05,1.224807056132704e-05,0.0050123645924031734
vit_b_16,/Users/admin/surface-defect-train/results/chips/validation/patches/patches_243_bb03.png,patches,patches,0.9387252330780029,0.03757648915052414,0.0031407419592142105,0.9387252330780029,0.0019512453582137823,0.0006749512976966798,0.017931371927261353
vit_b_16,/Users/admin/surface-defect-train/results/chips/validation/patches/patches_243_bb04.png,patches,patches,0.9946873188018799,0.0001956115593202412,0.0011621410958468914,0.9946873188018799,0.00011888475273735821,2.1750707674073055e-05,0.0038143189158290625
vit_b_16,/Users/admin/surface-defect-train/results/chips/validation/patches/patches_244_bb00.png,patches,patches,0.8011635541915894,0.009980583563446999,0.04250355437397957,0.8011635541915894,0.005068756174296141,0.0002720397897064686,0.14101149141788483
vit_b_16,/Users/admin/surface-defect-train/results/chips/validation/patches/patches_244_bb01.png,patches,patches,0.9746212363243103,0.0018488948699086905,0.00362229673191905,0.9746212363243103,0.0006279345834627748,5.1027865993091837e-05,0.019228577613830566
vit_b_16,/Users/admin/surface-defect-train/results/chips/validation/patches/patches_245_bb00.png,patches,patches,0.9846341013908386,0.0003898184222634882,0.0033533938694745302,0.9846341013908386,0.00022518858895637095,4.093588358955458e-05,0.011356492526829243
vit_b_16,/Users/admin/surface-defect-train/results/chips/validation/patches/patches_245_bb01.png,patches,patches,0.9704276919364929,0.0003447493363637477,0.0020192828960716724,0.9704276919364929,0.00015064387116581202,3.221731094527058e-05,0.027025394141674042
vit_b_16,/Users/admin/surface-defect-train/results/chips/validation/patches/patches_245_bb02.png,patches,patches,0.9804375767707825,0.000496466236654669,0.0016082332003861666,0.9804375767707825,0.00015633137081749737,3.364807344041765e-05,0.017267683520913124
vit_b_16,/Users/admin/surface-defect-train/results/chips/validation/patches/patches_245_bb03.png,patches,patches,0.9858357906341553,0.001495358650572598,0.006231434177607298,0.9858357906341553,0.00042494243825785816,0.00021519328583963215,0.005797334015369415
vit_b_16,/Users/admin/surface-defect-train/results/chips/validation/patches/patches_245_bb04.png,patches,patches,0.9930310845375061,0.0010560104856267571,0.0017506730509921908,0.9930310845375061,0.00034507448435761034,3.333591666887514e-05,0.003783892374485731
vit_b_16,/Users/admin/surface-defect-train/results/chips/validation/patches/patches_245_bb05.png,patches,crazing,0.871026337146759,0.871026337146759,0.0032158740796148777,0.1012922003865242,0.018879499286413193,0.002735948422923684,0.0028500999324023724
vit_b_16,/Users/admin/surface-defect-train/results/chips/validation/patches/patches_246_bb00.png,patches,patches,0.9897052645683289,0.00189811026211828,0.0023781757336109877,0.9897052645683289,0.0004520412185229361,4.470993735594675e-05,0.005521688144654036
vit_b_16,/Users/admin/surface-defect-train/results/chips/validation/patches/patches_246_bb01.png,patches,patches,0.9967589974403381,6.060905798221938e-05,0.0006494804983958602,0.9967589974403381,6.238366040633991e-05,1.1588099368964322e-05,0.0024569304659962654
vit_b_16,/Users/admin/surface-defect-train/results/chips/validation/patches/patches_246_bb02.png,patches,patches,0.9480478763580322,0.032818038016557693,0.007351186126470566,0.9480478763580322,0.0039140162989497185,0.00034143083030357957,0.007527502719312906
vit_b_16,/Users/admin/surface-defect-train/results/chips/validation/patches/patches_246_bb03.png,patches,patches,0.9831268191337585,0.002068142406642437,0.004541052971035242,0.9831268191337585,0.0004169875173829496,0.00013495553866960108,0.0097120376303792
vit_b_16,/Users/admin/surface-defect-train/results/chips/validation/patches/patches_246_bb04.png,patches,patches,0.9942060112953186,0.000387439300538972,0.0011048464803025126,0.9942060112953186,0.00011844108666991815,2.3281454559764825e-05,0.0041600847616791725
vit_b_16,/Users/admin/surface-defect-train/results/chips/validation/patches/patches_247_bb00.png,patches,patches,0.9920877814292908,0.00039108010241761804,0.002173664281144738,0.9920877814292908,0.00015847651229705662,5.478374077938497e-05,0.0051342155784368515
vit_b_16,/Users/admin/surface-defect-train/results/chips/validation/patches/patches_247_bb01.png,patches,patches,0.9964954257011414,7.178773375926539e-05,0.0007525371038354933,0.9964954257011414,5.632830288959667e-05,1.6130450603668578e-05,0.0026078391820192337
vit_b_16,/Users/admin/surface-defect-train/results/chips/validation/patches/patches_248_bb00.png,patches,patches,0.9814450144767761,0.00010967077105306089,0.0011827138951048255,0.9814450144767761,9.257152123609558e-05,2.179278635594528e-05,0.01714821346104145
vit_b_16,/Users/admin/surface-defect-train/results/chips/validation/patches/patches_248_bb01.png,patches,patches,0.9870822429656982,8.136391261359677e-05,0.0010204518912360072,0.9870822429656982,8.99328151717782e-05,1.665083436819259e-05,0.011709360405802727
vit_b_16,/Users/admin/surface-defect-train/results/chips/validation/patches/patches_248_bb02.png,patches,patches,0.971473217010498,0.0013120529474690557,0.013829623349010944,0.971473217010498,0.0011446494609117508,0.00013376495917327702,0.012106661684811115
vit_b_16,/Users/admin/surface-defect-train/results/chips/validation/patches/patches_248_bb03.png,patches,patches,0.9832873344421387,0.007637693081051111,0.004949397873133421,0.9832873344421387,0.0012837301474064589,0.0003601032658480108,0.0024817618541419506
vit_b_16,/Users/admin/surface-defect-train/results/chips/validation/patches/patches_248_bb04.png,patches,patches,0.8827881813049316,0.0032325033098459244,0.05308438464999199,0.8827881813049316,0.0016420906176790595,0.001153718912974,0.058099087327718735
vit_b_16,/Users/admin/surface-defect-train/results/chips/validation/patches/patches_249_bb00.png,patches,patches,0.9941422343254089,0.0001425114751327783,0.0006986907101236284,0.9941422343254089,6.986729567870498e-05,1.5726554920547642e-05,0.004930988885462284
vit_b_16,/Users/admin/surface-defect-train/results/chips/validation/patches/patches_249_bb01.png,patches,patches,0.9755281805992126,0.0002765674435067922,0.001991584664210677,0.9755281805992126,0.00014095082588028163,3.610628118622117e-05,0.02202659472823143
vit_b_16,/Users/admin/surface-defect-train/results/chips/validation/patches/patches_250_bb00.png,patches,patches,0.9812787771224976,0.002262134337797761,0.006715880241245031,0.9812787771224976,0.0007115976768545806,0.00012075507402187213,0.008910941891372204
vit_b_16,/Users/admin/surface-defect-train/results/chips/validation/patches/patches_250_bb01.png,patches,patches,0.9910333752632141,0.00018570377142168581,0.0012050498044118285,0.9910333752632141,0.00011402786185499281,2.5662569896667264e-05,0.0074362242594361305
vit_b_16,/Users/admin/surface-defect-train/results/chips/validation/patches/patches_250_bb02.png,patches,patches,0.9790242910385132,0.0003604829544201493,0.0025315647944808006,0.9790242910385132,0.00038380493060685694,2.898016646213364e-05,0.01767086237668991
vit_b_16,/Users/admin/surface-defect-train/results/chips/validation/patches/patches_250_bb03.png,patches,patches,0.9345968961715698,0.002070124028250575,0.05236067622900009,0.9345968961715698,0.002160963835194707,0.00031185688567347825,0.008499459363520145
vit_b_16,/Users/admin/surface-defect-train/results/chips/validation/patches/patches_251_bb00.png,patches,patches,0.9919033646583557,0.0004908289993181825,0.0016536405310034752,0.9919033646583557,0.00019068139954470098,2.683480670384597e-05,0.00573464622721076
vit_b_16,/Users/admin/surface-defect-train/results/chips/validation/patches/patches_252_bb00.png,patches,patches,0.9905603528022766,0.0005764507222920656,0.001868721330538392,0.9905603528022766,0.00026714385603554547,3.235177791793831e-05,0.0066948868334293365
vit_b_16,/Users/admin/surface-defect-train/results/chips/validation/patches/patches_252_bb01.png,patches,patches,0.9580880403518677,0.00359107437543571,0.005702854134142399,0.9580880403518677,0.0007853223360143602,8.593504753662273e-05,0.031746841967105865
vit_b_16,/Users/admin/surface-defect-train/results/chips/validation/patches/patches_252_bb02.png,patches,patches,0.7456958889961243,0.03886767104268074,0.0422731451690197,0.7456958889961243,0.005736900493502617,0.0006779340328648686,0.16674847900867462
vit_b_16,/Users/admin/surface-defect-train/results/chips/validation/patches/patches_253_bb00.png,patches,patches,0.32152241468429565,0.25509214401245117,0.17309749126434326,0.32152241468429565,0.04300786182284355,0.003417884698137641,0.20386219024658203
vit_b_16,/Users/admin/surface-defect-train/results/chips/validation/patches/patches_253_bb01.png,patches,scratches,0.32156074047088623,0.034262318164110184,0.2685059905052185,0.32109585404396057,0.053699564188718796,0.0008754671434871852,0.32156074047088623
vit_b_16,/Users/admin/surface-defect-train/results/chips/validation/patches/patches_253_bb02.png,patches,patches,0.7699529528617859,0.02345532365143299,0.050282396376132965,0.7699529528617859,0.005827027373015881,0.000566623464692384,0.14991571009159088
vit_b_16,/Users/admin/surface-defect-train/results/chips/validation/patches/patches_254_bb00.png,patches,patches,0.9166707396507263,0.03202302008867264,0.010112514719367027,0.9166707396507263,0.0018381610279902816,0.00040593251469545066,0.03894965723156929
vit_b_16,/Users/admin/surface-defect-train/results/chips/validation/patches/patches_254_bb01.png,patches,patches,0.9929888844490051,0.001913287676870823,0.0012812711065635085,0.9929888844490051,0.00032841949723660946,2.9357423045439646e-05,0.003458877792581916
vit_b_16,/Users/admin/surface-defect-train/results/chips/validation/patches/patches_255_bb00.png,patches,patches,0.8299990892410278,0.14640210568904877,0.004981336183845997,0.8299990892410278,0.0028354255482554436,0.00043562185601331294,0.015346433967351913
vit_b_16,/Users/admin/surface-defect-train/results/chips/validation/patches/patches_255_bb01.png,patches,patches,0.9914668798446655,0.0017348250839859247,0.003919233568012714,0.9914668798446655,0.0008545091841369867,6.828321784269065e-05,0.001956242835149169
vit_b_16,/Users/admin/surface-defect-train/results/chips/validation/patches/patches_255_bb02.png,patches,scratches,0.7126844525337219,0.03409586474299431,0.12824071943759918,0.10832705348730087,0.015413389541208744,0.0012385743902996182,0.7126844525337219
vit_b_16,/Users/admin/surface-defect-train/results/chips/validation/patches/patches_256_bb00.png,patches,patches,0.9923192858695984,0.00030060470453463495,0.0011047989828512073,0.9923192858695984,9.295166819356382e-05,2.2148751668282785e-05,0.006160216871649027
vit_b_16,/Users/admin/surface-defect-train/results/chips/validation/patches/patches_256_bb01.png,patches,patches,0.9850600361824036,0.008783441036939621,0.004010106436908245,0.9850600361824036,0.0009020305005833507,0.00017801547073759139,0.0010663855355232954
vit_b_16,/Users/admin/surface-defect-train/results/chips/validation/patches/patches_257_bb00.png,patches,patches,0.9935548901557922,0.0005520888371393085,0.002975241746753454,0.9935548901557922,0.00020769602269865572,4.7471756261074916e-05,0.0026626118924468756
vit_b_16,/Users/admin/surface-defect-train/results/chips/validation/patches/patches_257_bb01.png,patches,patches,0.9752162098884583,0.0012324861017987132,0.004164456855505705,0.9752162098884583,0.0003323986893519759,8.29980563139543e-05,0.018971333280205727
vit_b_16,/Users/admin/surface-defect-train/results/chips/validation/patches/patches_257_bb02.png,patches,patches,0.9435011148452759,0.007873741909861565,0.030146323144435883,0.9435011148452759,0.0019173725740984082,0.0012016933178529143,0.015359819866716862
vit_b_16,/Users/admin/surface-defect-train/results/chips/validation/patches/patches_257_bb03.png,patches,patches,0.9625834822654724,0.009691006503999233,0.02101718634366989,0.9625834822654724,0.0017294194549322128,0.00042317010229453444,0.004555737599730492
vit_b_16,/Users/admin/surface-defect-train/results/chips/validation/patches/patches_258_bb00.png,patches,patches,0.9873775839805603,0.006619134917855263,0.003517253790050745,0.9873775839805603,0.00138002575840801,0.00010729028144851327,0.0009987041121348739
vit_b_16,/Users/admin/surface-defect-train/results/chips/validation/patches/patches_258_bb01.png,patches,patches,0.9124743938446045,0.03616384044289589,0.028736954554915428,0.9124743938446045,0.011240090243518353,0.0013219461543485522,0.01006284262984991
vit_b_16,/Users/admin/surface-defect-train/results/chips/validation/patches/patches_258_bb02.png,patches,crazing,0.36538735032081604,0.36538735032081604,0.2520279586315155,0.12025872617959976,0.12183362990617752,0.009006667882204056,0.13148562610149384
vit_b_16,/Users/admin/surface-defect-train/results/chips/validation/patches/patches_259_bb00.png,patches,patches,0.9928365349769592,0.00015556745347566903,0.0015957506839185953,0.9928365349769592,0.00012129629612900317,2.4027214749366976e-05,0.005266811233013868
vit_b_16,/Users/admin/surface-defect-train/results/chips/validation/patches/patches_259_bb01.png,patches,patches,0.9912140965461731,0.00012207207328174263,0.003840494202449918,0.9912140965461731,0.0002140499564120546,3.4854732803069055e-05,0.004574447404593229
vit_b_16,/Users/admin/surface-defect-train/results/chips/validation/patches/patches_259_bb02.png,patches,patches,0.876756489276886,0.0003237754281144589,0.11255236715078354,0.876756489276886,0.000541437417268753,0.0005283183418214321,0.009297524578869343
vit_b_16,/Users/admin/surface-defect-train/results/chips/validation/patches/patches_260_bb00.png,patches,patches,0.9928486347198486,0.0006537557346746325,0.002280250657349825,0.9928486347198486,0.00016905843222048134,4.115044430363923e-05,0.004007205367088318
vit_b_16,/Users/admin/surface-defect-train/results/chips/validation/patches/patches_261_bb00.png,patches,patches,0.6373496055603027,0.01391709502786398,0.10837582498788834,0.6373496055603027,0.019337771460413933,0.0004022077191621065,0.22061751782894135
vit_b_16,/Users/admin/surface-defect-train/results/chips/validation/patches/patches_261_bb01.png,patches,patches,0.7287222743034363,0.013525791466236115,0.05623645335435867,0.7287222743034363,0.007295588031411171,0.0003770402108784765,0.19384287297725677
vit_b_16,/Users/admin/surface-defect-train/results/chips/validation/patches/patches_261_bb02.png,patches,patches,0.5589835047721863,0.05493202060461044,0.14586395025253296,0.5589835047721863,0.025373656302690506,0.0010783378966152668,0.21376857161521912
vit_b_16,/Users/admin/surface-defect-train/results/chips/validation/patches/patches_261_bb03.png,patches,scratches,0.686987578868866,0.041646625846624374,0.1282549351453781,0.12370308488607407,0.016947396099567413,0.0024603940546512604,0.686987578868866
vit_b_16,/Users/admin/surface-defect-train/results/chips/validation/patches/patches_262_bb00.png,patches,patches,0.9859813451766968,0.004172794055193663,0.003737041726708412,0.9859813451766968,0.0007886668900027871,7.454524893546477e-05,0.005245644133538008
vit_b_16,/Users/admin/surface-defect-train/results/chips/validation/patches/patches_262_bb01.png,patches,patches,0.6715499758720398,0.019309455528855324,0.06268417090177536,0.6715499758720398,0.007077470887452364,0.0004654852382373065,0.23891344666481018
vit_b_16,/Users/admin/surface-defect-train/results/chips/validation/patches/patches_262_bb02.png,patches,patches,0.49393564462661743,0.10661716759204865,0.13886705040931702,0.49393564462661743,0.03194339573383331,0.0027900459244847298,0.22584672272205353
vit_b_16,/Users/admin/surface-defect-train/results/chips/validation/patches/patches_263_bb00.png,patches,patches,0.8784733414649963,0.07570122927427292,0.009047364816069603,0.8784733414649963,0.0024407366290688515,0.0003476669662632048,0.03398963436484337
vit_b_16,/Users/admin/surface-defect-train/results/chips/validation/patches/patches_263_bb01.png,patches,patches,0.9962005019187927,0.0013121053343638778,0.0008937559323385358,0.9962005019187927,0.00020575892995111644,2.4715513063711114e-05,0.0013631569454446435
vit_b_16,/Users/admin/surface-defect-train/results/chips/validation/patches/patches_264_bb00.png,patches,patches,0.6177089214324951,0.022013382986187935,0.10321630537509918,0.6177089214324951,0.018744388595223427,0.0005087901372462511,0.23780815303325653
vit_b_16,/Users/admin/surface-defect-train/results/chips/validation/patches/patches_264_bb01.png,patches,patches,0.8435018062591553,0.03260692581534386,0.06226707994937897,0.8435018062591553,0.011778238229453564,0.0005348169361241162,0.049311086535453796
vit_b_16,/Users/admin/surface-defect-train/results/chips/validation/patches/patches_265_bb00.png,patches,patches,0.9886544942855835,0.00016407581279054284,0.0010794736444950104,0.9886544942855835,0.0001122864632634446,1.8999387975782156e-05,0.009970653802156448
vit_b_16,/Users/admin/surface-defect-train/results/chips/validation/patches/patches_265_bb01.png,patches,patches,0.9170376062393188,0.00241298321634531,0.07572874426841736,0.9170376062393188,0.0009797613602131605,0.0007121542585082352,0.003128733951598406
vit_b_16,/Users/admin/surface-defect-train/results/chips/validation/patches/patches_265_bb02.png,patches,patches,0.8054819703102112,0.0012641687644645572,0.04304545372724533,0.8054819703102112,0.0012275991030037403,0.000585791829507798,0.14839507639408112
vit_b_16,/Users/admin/surface-defect-train/results/chips/validation/patches/patches_266_bb00.png,patches,patches,0.9839432239532471,0.008366068825125694,0.0025664838030934334,0.9839432239532471,0.0007042494835332036,8.064332359936088e-05,0.0043393699452281
vit_b_16,/Users/admin/surface-defect-train/results/chips/validation/patches/patches_266_bb01.png,patches,patches,0.849826455116272,0.015129941515624523,0.032300014048814774,0.849826455116272,0.0037903140764683485,0.0002822278474923223,0.0986710861325264
vit_b_16,/Users/admin/surface-defect-train/results/chips/validation/patches/patches_266_bb02.png,patches,patches,0.6458532214164734,0.10769245773553848,0.14849026501178741,0.6458532214164734,0.022864930331707,0.00201586470939219,0.07308326661586761
vit_b_16,/Users/admin/surface-defect-train/results/chips/validation/patches/patches_267_bb00.png,patches,patches,0.9952601790428162,5.026532380725257e-05,0.000573996570892632,0.9952601790428162,6.91022360115312e-05,1.1117311260022689e-05,0.004035402089357376
vit_b_16,/Users/admin/surface-defect-train/results/chips/validation/patches/patches_267_bb01.png,patches,patches,0.990985631942749,9.346017031930387e-05,0.0010333487298339605,0.990985631942749,8.413513569394127e-05,1.9110992070636712e-05,0.0077843754552304745
vit_b_16,/Users/admin/surface-defect-train/results/chips/validation/patches/patches_267_bb02.png,patches,patches,0.9215567111968994,0.004650377668440342,0.0677788108587265,0.9215567111968994,0.0011672158725559711,0.0008605689508840442,0.0039863502606749535
vit_b_16,/Users/admin/surface-defect-train/results/chips/validation/patches/patches_267_bb03.png,patches,patches,0.8722501993179321,0.0011773905716836452,0.12326572835445404,0.8722501993179321,0.0008712720591574907,0.0006858790293335915,0.0017496219370514154
vit_b_16,/Users/admin/surface-defect-train/results/chips/validation/patches/patches_268_bb00.png,patches,patches,0.9961767196655273,9.467242489336058e-05,0.0006941066239960492,0.9961767196655273,7.563031977042556e-05,1.5972500477801077e-05,0.002942845458164811
vit_b_16,/Users/admin/surface-defect-train/results/chips/validation/patches/patches_268_bb01.png,patches,patches,0.687531590461731,0.0014398818602785468,0.2999939024448395,0.687531590461731,0.0013981172814965248,0.0021044225431978703,0.007532094605267048
vit_b_16,/Users/admin/surface-defect-train/results/chips/validation/patches/patches_268_bb02.png,patches,patches,0.8279311060905457,0.0020950380712747574,0.08034660667181015,0.8279311060905457,0.004837583284825087,0.002247803146019578,0.08254185318946838
vit_b_16,/Users/admin/surface-defect-train/results/chips/validation/patches/patches_269_bb00.png,patches,patches,0.9781769514083862,0.008582125417888165,0.0035373102873563766,0.9781769514083862,0.000722976925317198,0.0001590556639712304,0.008821548894047737
vit_b_16,/Users/admin/surface-defect-train/results/chips/validation/patches/patches_269_bb01.png,patches,patches,0.9804186224937439,0.00235415599308908,0.009673920460045338,0.9804186224937439,0.0007600598619319499,0.00011143297888338566,0.006681832950562239
vit_b_16,/Users/admin/surface-defect-train/results/chips/validation/patches/patches_269_bb02.png,patches,patches,0.9828625321388245,0.0025182415265589952,0.004403065424412489,0.9828625321388245,0.0006962526822462678,6.186516839079559e-05,0.009457975625991821
vit_b_16,/Users/admin/surface-defect-train/results/chips/validation/patches/patches_270_bb00.png,patches,patches,0.9885290265083313,0.00012187463289592415,0.0009019218850880861,0.9885290265083313,7.906353130238131e-05,1.837595846154727e-05,0.010349790565669537
vit_b_16,/Users/admin/surface-defect-train/results/chips/validation/patches/patches_270_bb01.png,patches,patches,0.9775261878967285,0.0006493632099591196,0.0019096178002655506,0.9775261878967285,0.00015255795733537525,3.207381450920366e-05,0.01973017118871212
vit_b_16,/Users/admin/surface-defect-train/results/chips/validation/patches/patches_271_bb00.png,patches,patches,0.9966860413551331,0.00021189435210544616,0.0008898339001461864,0.9966860413551331,0.00015060622536111623,1.4774287592445035e-05,0.0020468735601752996
vit_b_16,/Users/admin/surface-defect-train/results/chips/validation/patches/patches_271_bb01.png,patches,patches,0.9951268434524536,0.00036959306453354657,0.002177527640014887,0.9951268434524536,0.00028717253007926047,2.6050125597976148e-05,0.002012817421928048
vit_b_16,/Users/admin/surface-defect-train/results/chips/validation/patches/patches_272_bb00.png,patches,patches,0.9921936988830566,0.0007870931876823306,0.0025389622896909714,0.9921936988830566,0.0004014848673250526,3.120557448710315e-05,0.00404762290418148
vit_b_16,/Users/admin/surface-defect-train/results/chips/validation/patches/patches_273_bb00.png,patches,patches,0.9900894165039062,0.00014141545398160815,0.003217895282432437,0.9900894165039062,0.00012277007044758648,4.2045900045195594e-05,0.006386531982570887
vit_b_16,/Users/admin/surface-defect-train/results/chips/validation/patches/patches_273_bb01.png,patches,patches,0.9848104119300842,0.0005238029989413917,0.0021358439698815346,0.9848104119300842,0.00017562956782057881,3.961519178119488e-05,0.012314737774431705
vit_b_16,/Users/admin/surface-defect-train/results/chips/validation/patches/patches_273_bb02.png,patches,patches,0.9671258926391602,0.0005826716078445315,0.0016173959011211991,0.9671258926391602,0.0001898485643323511,4.0267266740556806e-05,0.03044399805366993
vit_b_16,/Users/admin/surface-defect-train/results/chips/validation/patches/patches_274_bb00.png,patches,patches,0.9833667278289795,0.00014742102939635515,0.0018770423484966159,0.9833667278289795,0.0001680252025835216,2.2804977561463602e-05,0.014417939819395542
vit_b_16,/Users/admin/surface-defect-train/results/chips/validation/patches/patches_275_bb00.png,patches,patches,0.8537948727607727,0.02344982698559761,0.036180414259433746,0.8537948727607727,0.006713631562888622,0.0002989732311107218,0.079562246799469
vit_b_16,/Users/admin/surface-defect-train/results/chips/validation/patches/patches_275_bb01.png,patches,patches,0.939898669719696,0.015315202064812183,0.02434670552611351,0.939898669719696,0.005238628014922142,0.00021074374672025442,0.014990018680691719
vit_b_16,/Users/admin/surface-defect-train/results/chips/validation/patches/patches_276_bb00.png,patches,patches,0.9975058436393738,6.815326196374372e-05,0.0007018523756414652,0.9975058436393738,8.160479774232954e-05,1.04369892142131e-05,0.0016320672584697604
vit_b_16,/Users/admin/surface-defect-train/results/chips/validation/patches/patches_276_bb01.png,patches,patches,0.9917845726013184,0.00018489309877622873,0.000985572929494083,0.9917845726013184,0.00010231987835140899,1.832272027968429e-05,0.006924266926944256
vit_b_16,/Users/admin/surface-defect-train/results/chips/validation/patches/patches_276_bb02.png,patches,patches,0.9924544095993042,0.00048156248521991074,0.004246099852025509,0.9924544095993042,0.00017784658120945096,7.803604239597917e-05,0.0025619741063565016
vit_b_16,/Users/admin/surface-defect-train/results/chips/validation/patches/patches_276_bb03.png,patches,patches,0.8821834325790405,0.0007167952717281878,0.014595656655728817,0.8821834325790405,0.0006062824977561831,0.00016403375775553286,0.10173382610082626
vit_b_16,/Users/admin/surface-defect-train/results/chips/validation/patches/patches_277_bb00.png,patches,patches,0.9935959577560425,0.00021669371926691383,0.0013652652269229293,0.9935959577560425,0.00013818375009577721,2.284540460095741e-05,0.004661084618419409
vit_b_16,/Users/admin/surface-defect-train/results/chips/validation/patches/patches_277_bb01.png,patches,patches,0.9915251135826111,0.0006141758058220148,0.0020700294990092516,0.9915251135826111,0.00028874140116386116,2.9909171644249e-05,0.0054719895124435425
vit_b_16,/Users/admin/surface-defect-train/results/chips/validation/patches/patches_277_bb02.png,patches,patches,0.9125312566757202,0.0010205504950135946,0.013326916843652725,0.9125312566757202,0.0007616747752763331,0.00015195320884231478,0.07220771908760071
vit_b_16,/Users/admin/surface-defect-train/results/chips/validation/patches/patches_277_bb03.png,patches,scratches,0.8547745943069458,0.001357660279609263,0.02127787284553051,0.118709996342659,0.0031564889941364527,0.000723508361261338,0.8547745943069458
vit_b_16,/Users/admin/surface-defect-train/results/chips/validation/patches/patches_278_bb00.png,patches,patches,0.7294824123382568,0.04545702040195465,0.08040596544742584,0.7294824123382568,0.015745362266898155,0.0005860988167114556,0.12832309305667877
vit_b_16,/Users/admin/surface-defect-train/results/chips/validation/patches/patches_278_bb01.png,patches,patches,0.5400198698043823,0.02445528656244278,0.20042148232460022,0.5400198698043823,0.03644270449876785,0.0005574651877395809,0.19810321927070618
vit_b_16,/Users/admin/surface-defect-train/results/chips/validation/patches/patches_279_bb00.png,patches,patches,0.9664773941040039,0.011795924976468086,0.004480506293475628,0.9664773941040039,0.0012233186280354857,0.00011294157593511045,0.015909887850284576
vit_b_16,/Users/admin/surface-defect-train/results/chips/validation/patches/patches_279_bb01.png,patches,patches,0.9930405616760254,0.0010735832620412111,0.002055651741102338,0.9930405616760254,0.0003667135024443269,3.3898817491717637e-05,0.00342964637093246
vit_b_16,/Users/admin/surface-defect-train/results/chips/validation/patches/patches_279_bb02.png,patches,patches,0.9944203495979309,0.00010701455175876617,0.0012601690832525492,0.9944203495979309,0.00015263365639839321,1.7130721971625462e-05,0.004042689222842455
vit_b_16,/Users/admin/surface-defect-train/results/chips/validation/patches/patches_280_bb00.png,patches,patches,0.9605416655540466,0.001665989519096911,0.0030334950424730778,0.9605416655540466,0.00034816935658454895,6.740822573192418e-05,0.034343354403972626
vit_b_16,/Users/admin/surface-defect-train/results/chips/validation/patches/patches_280_bb01.png,patches,patches,0.9844852685928345,5.5772623454686254e-05,0.0010952575830742717,0.9844852685928345,0.00012909799988847226,1.4268935046857223e-05,0.014220324344933033
vit_b_16,/Users/admin/surface-defect-train/results/chips/validation/patches/patches_281_bb00.png,patches,patches,0.9865282773971558,0.0002488853351678699,0.0021111255045980215,0.9865282773971558,0.00025294555234722793,2.600443440314848e-05,0.01083278562873602
vit_b_16,/Users/admin/surface-defect-train/results/chips/validation/patches/patches_281_bb01.png,patches,patches,0.9744447469711304,0.000316054152790457,0.002829292556270957,0.9744447469711304,0.0004766012716572732,2.7985588531009853e-05,0.021905234083533287
vit_b_16,/Users/admin/surface-defect-train/results/chips/validation/patches/patches_281_bb02.png,patches,patches,0.859926164150238,0.009947937913239002,0.0702388733625412,0.859926164150238,0.01604938693344593,0.005056168418377638,0.03878144547343254
vit_b_16,/Users/admin/surface-defect-train/results/chips/validation/patches/patches_282_bb00.png,patches,patches,0.9824564456939697,0.00011966068268520758,0.0009752926416695118,0.9824564456939697,9.503179171588272e-05,1.7350184862152673e-05,0.016336191445589066
vit_b_16,/Users/admin/surface-defect-train/results/chips/validation/patches/patches_282_bb01.png,patches,patches,0.9854575395584106,0.0017369161359965801,0.0026525482535362244,0.9854575395584106,0.0003139549517072737,6.613480945816264e-05,0.009772935882210732
vit_b_16,/Users/admin/surface-defect-train/results/chips/validation/patches/patches_282_bb02.png,patches,patches,0.7044516801834106,0.08163750171661377,0.0335368812084198,0.7044516801834106,0.007055660709738731,0.0009294750052504241,0.17238879203796387
vit_b_16,/Users/admin/surface-defect-train/results/chips/validation/patches/patches_283_bb00.png,patches,patches,0.6553796529769897,0.020082581788301468,0.13555331528186798,0.6553796529769897,0.026513928547501564,0.000469766091555357,0.16200073063373566
vit_b_16,/Users/admin/surface-defect-train/results/chips/validation/patches/patches_283_bb01.png,patches,patches,0.8722879886627197,0.013778953813016415,0.054881006479263306,0.8722879886627197,0.012754312716424465,0.0002555058745201677,0.046042248606681824
vit_b_16,/Users/admin/surface-defect-train/results/chips/validation/patches/patches_283_bb02.png,patches,patches,0.6592803597450256,0.02256573550403118,0.12502405047416687,0.6592803597450256,0.02469729259610176,0.0005045334692113101,0.1679280400276184
vit_b_16,/Users/admin/surface-defect-train/results/chips/validation/patches/patches_283_bb03.png,patches,crazing,0.3004365563392639,0.3004365563392639,0.2655922770500183,0.10492623597383499,0.13334578275680542,0.009332792833447456,0.18636630475521088
vit_b_16,/Users/admin/surface-defect-train/results/chips/validation/patches/patches_284_bb00.png,patches,patches,0.9713403582572937,0.00024617495364509523,0.001616917783394456,0.9713403582572937,0.00015667542174924165,2.670650792424567e-05,0.026613151654601097
vit_b_16,/Users/admin/surface-defect-train/results/chips/validation/patches/patches_284_bb01.png,patches,patches,0.9479469060897827,0.03130007162690163,0.009144406765699387,0.9479469060897827,0.003206642810255289,0.000236128646065481,0.008165841922163963
vit_b_16,/Users/admin/surface-defect-train/results/chips/validation/patches/patches_285_bb00.png,patches,patches,0.988911509513855,0.00029208743944764137,0.0023964729625731707,0.988911509513855,0.00020434168982319534,3.665178155642934e-05,0.00815893616527319
vit_b_16,/Users/admin/surface-defect-train/results/chips/validation/patches/patches_285_bb01.png,patches,patches,0.9846009612083435,0.0016419406747445464,0.002633125986903906,0.9846009612083435,0.0005186038324609399,3.9308702980633825e-05,0.010566106997430325
vit_b_16,/Users/admin/surface-defect-train/results/chips/validation/patches/patches_285_bb02.png,patches,patches,0.9935126900672913,0.0009597425814718008,0.0028047054074704647,0.9935126900672913,0.0002818478096742183,4.332630123826675e-05,0.0023977370001375675
vit_b_16,/Users/admin/surface-defect-train/results/chips/validation/patches/patches_286_bb00.png,patches,patches,0.9943318367004395,0.00014489921159110963,0.0008657514699734747,0.9943318367004395,0.00013532677257899195,1.5670768334530294e-05,0.004506480880081654
vit_b_16,/Users/admin/surface-defect-train/results/chips/validation/patches/patches_286_bb01.png,patches,scratches,0.5481475591659546,0.00042042159475386143,0.01807093434035778,0.4311336576938629,0.0021078281570225954,0.00011957739479839802,0.5481475591659546
vit_b_16,/Users/admin/surface-defect-train/results/chips/validation/patches/patches_286_bb02.png,patches,patches,0.9876313805580139,0.0001867828395916149,0.001248405547812581,0.9876313805580139,0.0001782525359885767,1.7103082427638583e-05,0.01073802076280117
vit_b_16,/Users/admin/surface-defect-train/results/chips/validation/patches/patches_286_bb03.png,patches,patches,0.817176103591919,0.0009069339721463621,0.03621616214513779,0.817176103591919,0.001486908528022468,0.00033308795536868274,0.14388076961040497
vit_b_16,/Users/admin/surface-defect-train/results/chips/validation/patches/patches_287_bb00.png,patches,patches,0.9777736067771912,0.0003279198717791587,0.0014795174356549978,0.9777736067771912,0.00016434841381851584,2.934364056272898e-05,0.020225252956151962
vit_b_16,/Users/admin/surface-defect-train/results/chips/validation/patches/patches_287_bb01.png,patches,scratches,0.9909378290176392,5.256064105196856e-05,0.003990389872342348,0.004318293649703264,0.000662336009554565,3.852154259220697e-05,0.9909378290176392
vit_b_16,/Users/admin/surface-defect-train/results/chips/validation/patches/patches_288_bb00.png,patches,patches,0.9926152229309082,0.00015591667033731937,0.00087091198656708,0.9926152229309082,0.00010252460197079927,1.6686239177943207e-05,0.006238752044737339
vit_b_16,/Users/admin/surface-defect-train/results/chips/validation/patches/patches_288_bb01.png,patches,scratches,0.9808676838874817,0.0005000165547244251,0.006747119128704071,0.0017629984067752957,0.009630975313484669,0.0004912644508294761,0.9808676838874817
vit_b_16,/Users/admin/surface-defect-train/results/chips/validation/patches/patches_289_bb00.png,patches,patches,0.6648569107055664,0.008708263747394085,0.11030884087085724,0.6648569107055664,0.018292412161827087,0.0003325876023154706,0.19750097393989563
vit_b_16,/Users/admin/surface-defect-train/results/chips/validation/patches/patches_289_bb01.png,patches,patches,0.8154602646827698,0.008727053180336952,0.050860561430454254,0.8154602646827698,0.009762504138052464,0.00024087828933261335,0.11494867503643036
vit_b_16,/Users/admin/surface-defect-train/results/chips/validation/patches/patches_289_bb02.png,patches,patches,0.988819420337677,0.001871607732027769,0.005611577071249485,0.988819420337677,0.0013808348448947072,5.591429362539202e-05,0.002260692650452256
vit_b_16,/Users/admin/surface-defect-train/results/chips/validation/patches/patches_289_bb03.png,patches,scratches,0.8987587690353394,0.006181214936077595,0.03282893821597099,0.03270978480577469,0.02754494547843933,0.001976422732695937,0.8987587690353394
vit_b_16,/Users/admin/surface-defect-train/results/chips/validation/patches/patches_289_bb04.png,patches,patches,0.7777888774871826,0.010572516359388828,0.038469232618808746,0.7777888774871826,0.004866981413215399,0.0002527318720240146,0.1680496633052826
vit_b_16,/Users/admin/surface-defect-train/results/chips/validation/patches/patches_290_bb00.png,patches,patches,0.9507749080657959,0.0004539441433735192,0.002818795619532466,0.9507749080657959,0.00024330179439857602,4.6112676500342786e-05,0.045662954449653625
vit_b_16,/Users/admin/surface-defect-train/results/chips/validation/patches/patches_290_bb01.png,patches,patches,0.9984114170074463,0.00010369891970185563,0.00047926028491929173,0.9984114170074463,7.795504643581808e-05,9.50255707721226e-06,0.0009181802743114531
vit_b_16,/Users/admin/surface-defect-train/results/chips/validation/patches/patches_290_bb02.png,patches,patches,0.9841734170913696,0.002422490157186985,0.004744669888168573,0.9841734170913696,0.000479631096823141,0.00011687781807268038,0.008062900975346565
vit_b_16,/Users/admin/surface-defect-train/results/chips/validation/patches/patches_290_bb03.png,patches,patches,0.8060052990913391,0.058706287294626236,0.009758693166077137,0.8060052990913391,0.0027801322285085917,0.00047913368325680494,0.12227047979831696
vit_b_16,/Users/admin/surface-defect-train/results/chips/validation/patches/patches_290_bb04.png,patches,patches,0.991703987121582,0.0022318572737276554,0.002051029819995165,0.991703987121582,0.000333869771566242,4.727972554974258e-05,0.003631971310824156
vit_b_16,/Users/admin/surface-defect-train/results/chips/validation/patches/patches_291_bb00.png,patches,patches,0.9926974177360535,3.69475492334459e-05,0.0008956712554208934,0.9926974177360535,9.075320849660784e-05,1.3368442523642443e-05,0.006265819072723389
vit_b_16,/Users/admin/surface-defect-train/results/chips/validation/patches/patches_291_bb01.png,patches,patches,0.9950371384620667,6.899851723574102e-05,0.0009004031307995319,0.9950371384620667,7.7504497312475e-05,1.3758676686848048e-05,0.003902095602825284
vit_b_16,/Users/admin/surface-defect-train/results/chips/validation/patches/patches_291_bb02.png,patches,patches,0.9897604584693909,0.00032599683618173003,0.0017031627940014005,0.9897604584693909,0.00021494226530194283,2.3218259229906835e-05,0.007972164079546928
vit_b_16,/Users/admin/surface-defect-train/results/chips/validation/patches/patches_291_bb03.png,patches,scratches,0.5161107778549194,0.002823671791702509,0.007558051031082869,0.4684264361858368,0.003352284897118807,0.001728820614516735,0.5161107778549194
vit_b_16,/Users/admin/surface-defect-train/results/chips/validation/patches/patches_292_bb00.png,patches,patches,0.9477459192276001,0.00010167799337068573,0.0018656201427802444,0.9477459192276001,0.00018838292453438044,2.4699953428353183e-05,0.05007362365722656
vit_b_16,/Users/admin/surface-defect-train/results/chips/validation/patches/patches_292_bb01.png,patches,patches,0.8248523473739624,0.0010161722311750054,0.005271890200674534,0.8248523473739624,0.0003424308088142425,8.999434066936374e-05,0.16842709481716156
vit_b_16,/Users/admin/surface-defect-train/results/chips/validation/patches/patches_292_bb02.png,patches,patches,0.992294430732727,0.00021939181897323579,0.0048554567620158195,0.992294430732727,0.00015975150745362043,6.604591908399016e-05,0.002404928905889392
vit_b_16,/Users/admin/surface-defect-train/results/chips/validation/patches/patches_292_bb03.png,patches,patches,0.9937239289283752,0.00021300870866980404,0.0029177966061979532,0.9937239289283752,0.0002659890742506832,2.5673265554360114e-05,0.0028535835444927216
vit_b_16,/Users/admin/surface-defect-train/results/chips/validation/patches/patches_292_bb04.png,patches,patches,0.8526493906974792,0.0010036806343123317,0.005597202572971582,0.8526493906974792,0.00043333868961781263,0.00012241532385814935,0.14019393920898438
vit_b_16,/Users/admin/surface-defect-train/results/chips/validation/patches/patches_293_bb00.png,patches,patches,0.9844804406166077,6.276719796005636e-05,0.0008421007660217583,0.9844804406166077,7.580526289530098e-05,1.603081909706816e-05,0.014522908255457878
vit_b_16,/Users/admin/surface-defect-train/results/chips/validation/patches/patches_293_bb01.png,patches,patches,0.9315919280052185,0.00037534505827352405,0.0077028521336615086,0.9315919280052185,0.0002545719617046416,0.00010448149259900674,0.05997076258063316
vit_b_16,/Users/admin/surface-defect-train/results/chips/validation/patches/patches_294_bb00.png,patches,patches,0.99512779712677,9.247840353054926e-05,0.0010219999821856618,0.99512779712677,7.066243415465578e-05,2.1371268303482793e-05,0.0036656358279287815
vit_b_16,/Users/admin/surface-defect-train/results/chips/validation/patches/patches_294_bb01.png,patches,patches,0.9164161086082458,0.012795754708349705,0.006848623510450125,0.9164161086082458,0.000986127881333232,0.00017412823217455298,0.06277923285961151
vit_b_16,/Users/admin/surface-defect-train/results/chips/validation/patches/patches_295_bb00.png,patches,patches,0.9970032572746277,6.377626414177939e-05,0.0005013610352762043,0.9970032572746277,5.6457764003425837e-05,9.102467629418243e-06,0.0023660112638026476
vit_b_16,/Users/admin/surface-defect-train/results/chips/validation/patches/patches_295_bb01.png,patches,patches,0.9850416779518127,0.0006469403742812574,0.009884142316877842,0.9850416779518127,0.000328103982610628,0.0001135965358116664,0.003985472954809666
vit_b_16,/Users/admin/surface-defect-train/results/chips/validation/patches/patches_295_bb02.png,patches,patches,0.9320671558380127,0.0041551063768565655,0.012790349312126637,0.9320671558380127,0.0010108007118105888,0.0002465551078785211,0.0497300885617733
vit_b_16,/Users/admin/surface-defect-train/results/chips/validation/patches/patches_296_bb00.png,patches,patches,0.9916003942489624,0.0020230659283697605,0.0022590155713260174,0.9916003942489624,0.0006269246805459261,3.82714752049651e-05,0.0034523766953498125
vit_b_16,/Users/admin/surface-defect-train/results/chips/validation/patches/patches_296_bb01.png,patches,patches,0.8013432025909424,0.002346153138205409,0.007207152433693409,0.8013432025909424,0.00042753323214128613,0.00013897931785322726,0.18853700160980225
vit_b_16,/Users/admin/surface-defect-train/results/chips/validation/patches/patches_296_bb02.png,patches,patches,0.9793264865875244,0.001820685458369553,0.006787145510315895,0.9793264865875244,0.0006778797251172364,0.0004244142910465598,0.01096338126808405
vit_b_16,/Users/admin/surface-defect-train/results/chips/validation/patches/patches_297_bb00.png,patches,patches,0.9937012195587158,0.00010134856711374596,0.0038016987964510918,0.9937012195587158,9.921178570948541e-05,4.3440617446321994e-05,0.002253136597573757
vit_b_16,/Users/admin/surface-defect-train/results/chips/validation/patches/patches_297_bb01.png,patches,patches,0.9934740662574768,0.0015405954327434301,0.0027965290937572718,0.9934740662574768,0.00037783634616062045,4.869399344897829e-05,0.0017621826846152544
vit_b_16,/Users/admin/surface-defect-train/results/chips/validation/patches/patches_297_bb02.png,patches,patches,0.9905984997749329,0.0009648356353864074,0.0035264550242573023,0.9905984997749329,0.0004487292026169598,4.5958979171700776e-05,0.004415465518832207
vit_b_16,/Users/admin/surface-defect-train/results/chips/validation/patches/patches_298_bb00.png,patches,patches,0.7040454149246216,0.038098327815532684,0.0805966854095459,0.7040454149246216,0.015453300438821316,0.0006114393472671509,0.16119487583637238
vit_b_16,/Users/admin/surface-defect-train/results/chips/validation/patches/patches_298_bb01.png,patches,patches,0.9807431697845459,0.0038759002927690744,0.002670189132913947,0.9807431697845459,0.0004899115883745253,6.015149483573623e-05,0.012160697020590305
vit_b_16,/Users/admin/surface-defect-train/results/chips/validation/patches/patches_298_bb02.png,patches,patches,0.8953626751899719,0.007803766056895256,0.022800294682383537,0.8953626751899719,0.0030931781511753798,0.00038101401878520846,0.07055903226137161
vit_b_16,/Users/admin/surface-defect-train/results/chips/validation/patches/patches_298_bb03.png,patches,patches,0.7156665921211243,0.04259815439581871,0.10038866102695465,0.7156665921211243,0.01313011720776558,0.0009102012263610959,0.12730629742145538
vit_b_16,/Users/admin/surface-defect-train/results/chips/validation/patches/patches_299_bb00.png,patches,patches,0.9915884137153625,0.0014054012717679143,0.0027348059229552746,0.9915884137153625,0.0006842973525635898,3.9196896977955475e-05,0.0035478933714330196
vit_b_16,/Users/admin/surface-defect-train/results/chips/validation/patches/patches_299_bb01.png,patches,patches,0.6345959901809692,0.012514225207269192,0.1460324078798294,0.6345959901809692,0.025621864944696426,0.00039425079012289643,0.18084122240543365
vit_b_16,/Users/admin/surface-defect-train/results/chips/validation/patches/patches_299_bb02.png,patches,patches,0.9229865074157715,0.003932348918169737,0.023644885048270226,0.9229865074157715,0.004647981841117144,0.00013436573499348015,0.04465387761592865
vit_b_16,/Users/admin/surface-defect-train/results/chips/validation/patches/patches_300_bb00.png,patches,patches,0.9860897064208984,0.0038546565920114517,0.003985776100307703,0.9860897064208984,0.0009700243826955557,5.6324533943552524e-05,0.00504355737939477
vit_b_16,/Users/admin/surface-defect-train/results/chips/validation/patches/patches_300_bb01.png,patches,patches,0.9106954336166382,0.0016122976085171103,0.011884273961186409,0.9106954336166382,0.0016846179496496916,8.52665034472011e-05,0.07403802871704102
vit_b_16,/Users/admin/surface-defect-train/results/chips/validation/patches/pitted_surface_245_bb02.png,patches,scratches,0.7227468490600586,0.0006353915086947381,0.026727454736828804,0.008323629386723042,0.23481488227844238,0.00675180135294795,0.7227468490600586
vit_b_16,/Users/admin/surface-defect-train/results/chips/validation/patches/pitted_surface_247_bb01.png,patches,scratches,0.9867182374000549,7.547097629867494e-05,0.0008034120546653867,0.011374963447451591,0.0008915794896893203,0.00013631547335535288,0.9867182374000549
vit_b_16,/Users/admin/surface-defect-train/results/chips/validation/patches/pitted_surface_258_bb01.png,patches,pitted_surface,0.6607648730278015,0.002960615325719118,0.001045525656081736,0.012361408211290836,0.6607648730278015,0.004001804161816835,0.3188658058643341
vit_b_16,/Users/admin/surface-defect-train/results/chips/validation/patches/pitted_surface_261_bb01.png,patches,scratches,0.9892154335975647,0.0002341353101655841,0.00031996244797483087,0.002602208172902465,0.006579491309821606,0.0010488664265722036,0.9892154335975647
vit_b_16,/Users/admin/surface-defect-train/results/chips/validation/patches/pitted_surface_261_bb02.png,patches,scratches,0.9972870349884033,2.3402160877594724e-05,0.0002749910345301032,0.0015859701670706272,0.0007642257842235267,6.442727317335084e-05,0.9972870349884033
vit_b_16,/Users/admin/surface-defect-train/results/chips/validation/patches/pitted_surface_272_bb02.png,patches,pitted_surface,0.5574198365211487,0.0005486342124640942,0.10405714064836502,0.005991950631141663,0.5574198365211487,0.02286665514111519,0.30911579728126526
vit_b_16,/Users/admin/surface-defect-train/results/chips/validation/patches/pitted_surface_276_bb01.png,patches,scratches,0.9658622145652771,0.0013421764597296715,0.0007893180008977652,0.022380534559488297,0.007581956218928099,0.002043840242549777,0.9658622145652771
vit_b_16,/Users/admin/surface-defect-train/results/chips/validation/patches/pitted_surface_276_bb02.png,patches,scratches,0.8132909536361694,0.0006178803159855306,0.003348464146256447,0.17934516072273254,0.0020072832703590393,0.0013902598293498158,0.8132909536361694
vit_b_16,/Users/admin/surface-defect-train/results/chips/validation/patches/pitted_surface_277_bb01.png,patches,pitted_surface,0.7145282030105591,0.002734638284891844,0.0015996171860024333,0.0010195020586252213,0.7145282030105591,0.004413838032633066,0.27570420503616333
vit_b_16,/Users/admin/surface-defect-train/results/chips/validation/patches/pitted_surface_279_bb02.png,patches,inclusion,0.9057235717773438,5.316910574038047e-06,0.9057235717773438,0.00519403675571084,0.04799212887883186,0.003063931129872799,0.03802099451422691
vit_b_16,/Users/admin/surface-defect-train/results/chips/validation/patches/pitted_surface_291_bb01.png,patches,patches,0.7097825407981873,0.00030823194538243115,0.01293531246483326,0.7097825407981873,0.0010641464032232761,9.590881381882355e-05,0.27581387758255005
vit_b_16,/Users/admin/surface-defect-train/results/chips/validation/patches/pitted_surface_292_bb02.png,patches,scratches,0.48511502146720886,0.006031317170709372,0.03750625252723694,0.44422104954719543,0.022274024784564972,0.004852293059229851,0.48511502146720886
vit_b_16,/Users/admin/surface-defect-train/results/chips/validation/patches/pitted_surface_292_bb03.png,patches,patches,0.951257586479187,0.015848012641072273,0.009683080948889256,0.951257586479187,0.0053923181258141994,0.001661596354097128,0.01615745760500431
vit_b_16,/Users/admin/surface-defect-train/results/chips/validation/patches/pitted_surface_294_bb02.png,patches,scratches,0.9685614705085754,0.00010623320849845186,0.005721475929021835,0.01773029938340187,0.007663687225431204,0.00021692707377951592,0.9685614705085754
vit_b_16,/Users/admin/surface-defect-train/results/chips/validation/patches/pitted_surface_295_bb01.png,patches,patches,0.5733892321586609,0.0084424102678895,0.038492072373628616,0.5733892321586609,0.019982682541012764,0.0042070625349879265,0.35548651218414307
vit_b_16,/Users/admin/surface-defect-train/results/chips/validation/patches/pitted_surface_296_bb02.png,patches,patches,0.9520214200019836,0.0064052497036755085,0.017696348950266838,0.9520214200019836,0.005395782645791769,0.0010146752465516329,0.0174664705991745
vit_b_16,/Users/admin/surface-defect-train/results/chips/validation/pitted_surface/pitted_surface_241_bb00.png,pitted_surface,pitted_surface,0.9446131587028503,0.01515621691942215,0.001232294482178986,0.0003106167714577168,0.9446131587028503,0.0014743226347491145,0.037213437259197235
vit_b_16,/Users/admin/surface-defect-train/results/chips/validation/pitted_surface/pitted_surface_242_bb00.png,pitted_surface,pitted_surface,0.9341559410095215,0.0078122918494045734,0.0012367160525172949,0.0005569315399043262,0.9341559410095215,0.0022055762819945812,0.0540325827896595
vit_b_16,/Users/admin/surface-defect-train/results/chips/validation/pitted_surface/pitted_surface_242_bb01.png,pitted_surface,scratches,0.5297285318374634,0.0100703788921237,0.0005404073162935674,0.004520731046795845,0.4441327452659607,0.011007152497768402,0.5297285318374634
vit_b_16,/Users/admin/surface-defect-train/results/chips/validation/pitted_surface/pitted_surface_243_bb00.png,pitted_surface,pitted_surface,0.8536595106124878,0.011589866131544113,0.0015131980180740356,0.0007314103422686458,0.8536595106124878,0.058560434728860855,0.07394566386938095
vit_b_16,/Users/admin/surface-defect-train/results/chips/validation/pitted_surface/pitted_surface_244_bb00.png,pitted_surface,patches,0.9146623611450195,0.008222644217312336,0.026999393478035927,0.9146623611450195,0.0060357265174388885,0.00035448771086521447,0.0437253937125206
vit_b_16,/Users/admin/surface-defect-train/results/chips/validation/pitted_surface/pitted_surface_245_bb00.png,pitted_surface,patches,0.9206250905990601,0.01145372074097395,0.020427754148840904,0.9206250905990601,0.010722549632191658,0.0007347496575675905,0.036036040633916855
vit_b_16,/Users/admin/surface-defect-train/results/chips/validation/pitted_surface/pitted_surface_245_bb01.png,pitted_surface,rolled-in_scale,0.9076342582702637,0.007251358591020107,0.0018556747818365693,9.377995593240485e-05,0.08284689486026764,0.9076342582702637,0.0003180484054610133
vit_b_16,/Users/admin/surface-defect-train/results/chips/validation/pitted_surface/pitted_surface_246_bb00.png,pitted_surface,rolled-in_scale,0.6052325367927551,0.017041485756635666,0.003047774313017726,0.0003952477709390223,0.3730998933315277,0.6052325367927551,0.001183137996122241
vit_b_16,/Users/admin/surface-defect-train/results/chips/validation/pitted_surface/pitted_surface_246_bb01.png,pitted_surface,pitted_surface,0.6518768668174744,0.007934153079986572,0.001705031841993332,0.0042542642913758755,0.6518768668174744,0.10571569949388504,0.22851397097110748
vit_b_16,/Users/admin/surface-defect-train/results/chips/validation/pitted_surface/pitted_surface_247_bb00.png,pitted_surface,pitted_surface,0.9499784708023071,0.006025512702763081,0.001306232181377709,0.0007699302514083683,0.9499784708023071,0.0013646130682900548,0.040555283427238464
vit_b_16,/Users/admin/surface-defect-train/results/chips/validation/pitted_surface/pitted_surface_248_bb00.png,pitted_surface,pitted_surface,0.9133247137069702,0.009707045741379261,0.0012115953722968698,0.00036853484925813973,0.9133247137069702,0.0024630797561258078,0.07292497158050537
vit_b_16,/Users/admin/surface-defect-train/results/chips/validation/pitted_surface/pitted_surface_248_bb01.png,pitted_surface,pitted_surface,0.9093018770217896,0.013486016541719437,0.0010797582799568772,0.001948992139659822,0.9093018770217896,0.0036610541865229607,0.07052240520715714
vit_b_16,/Users/admin/surface-defect-train/results/chips/validation/pitted_surface/pitted_surface_249_bb00.png,pitted_surface,pitted_surface,0.8776261806488037,0.010011039674282074,0.001117308740504086,0.0005396749475039542,0.8776261806488037,0.003350726095959544,0.10735512524843216
vit_b_16,/Users/admin/surface-defect-train/results/chips/validation/pitted_surface/pitted_surface_250_bb00.png,pitted_surface,pitted_surface,0.8217139840126038,0.07277180254459381,0.0007289155619218946,0.0004112748720217496,0.8217139840126038,0.009148859418928623,0.09522508829832077
vit_b_16,/Users/admin/surface-defect-train/results/chips/validation/pitted_surface/pitted_surface_251_bb00.png,pitted_surface,pitted_surface,0.9245065450668335,0.001864137127995491,0.003925781697034836,0.0017593720695003867,0.9245065450668335,0.015824921429157257,0.052119288593530655
vit_b_16,/Users/admin/surface-defect-train/results/chips/validation/pitted_surface/pitted_surface_252_bb00.png,pitted_surface,scratches,0.7384992837905884,0.002295590005815029,0.034464213997125626,0.20286785066127777,0.020803062245249748,0.001069959020242095,0.7384992837905884
vit_b_16,/Users/admin/surface-defect-train/results/chips/validation/pitted_surface/pitted_surface_253_bb00.png,pitted_surface,pitted_surface,0.9356118440628052,0.004529428202658892,0.0016050883568823338,0.0003742561093531549,0.9356118440628052,0.00259112985804677,0.055288165807724
vit_b_16,/Users/admin/surface-defect-train/results/chips/validation/pitted_surface/pitted_surface_253_bb01.png,pitted_surface,pitted_surface,0.907149076461792,0.014619284309446812,0.0009772471385076642,0.006090391892939806,0.907149076461792,0.018634460866451263,0.052529577165842056
vit_b_16,/Users/admin/surface-defect-train/results/chips/validation/pitted_surface/pitted_surface_254_bb00.png,pitted_surface,pitted_surface,0.9084347486495972,0.007017369382083416,0.0013314157258719206,0.00043882994214072824,0.9084347486495972,0.0024148691445589066,0.08036280423402786
vit_b_16,/Users/admin/surface-defect-train/results/chips/validation/pitted_surface/pitted_surface_255_bb00.png,pitted_surface,pitted_surface,0.8912262320518494,0.04077005386352539,0.0008260220056399703,0.0006592146819457412,0.8912262320518494,0.008651127107441425,0.057867370545864105
vit_b_16,/Users/admin/surface-defect-train/results/chips/validation/pitted_surface/pitted_surface_256_bb00.png,pitted_surface,scratches,0.7682264447212219,0.00504152150824666,0.0030886963941156864,0.0002256410225527361,0.15283924341201782,0.07057847827672958,0.7682264447212219
vit_b_16,/Users/admin/surface-defect-train/results/chips/validation/pitted_surface/pitted_surface_256_bb01.png,pitted_surface,pitted_surface,0.9325863718986511,0.012951637618243694,0.0026201491709798574,0.00029210897628217936,0.9325863718986511,0.023650608956813812,0.02789919823408127
vit_b_16,/Users/admin/surface-defect-train/results/chips/validation/pitted_surface/pitted_surface_257_bb00.png,pitted_surface,scratches,0.7585766911506653,0.001495144097134471,0.0045963977463543415,0.007588530424982309,0.22276940941810608,0.00497372867539525,0.7585766911506653
vit_b_16,/Users/admin/surface-defect-train/results/chips/validation/pitted_surface/pitted_surface_258_bb00.png,pitted_surface,pitted_surface,0.9308827519416809,0.00737473601475358,0.0013629788300022483,0.00031551116262562573,0.9308827519416809,0.0020817203912883997,0.05798231437802315
vit_b_16,/Users/admin/surface-defect-train/results/chips/validation/pitted_surface/pitted_surface_259_bb00.png,pitted_surface,pitted_surface,0.7193300724029541,0.010330749675631523,0.0008865568088367581,0.0016387574141845107,0.7193300724029541,0.008722573518753052,0.259091317653656
vit_b_16,/Users/admin/surface-defect-train/results/chips/validation/pitted_surface/pitted_surface_260_bb00.png,pitted_surface,pitted_surface,0.8080272674560547,0.12828856706619263,0.0013873196439817548,0.00036463892320171,0.8080272674560547,0.05608545243740082,0.005846746731549501
vit_b_16,/Users/admin/surface-defect-train/results/chips/validation/pitted_surface/pitted_surface_261_bb00.png,pitted_surface,pitted_surface,0.9541983008384705,0.0063155172392725945,0.00133962940890342,0.0006094443961046636,0.9541983008384705,0.0018313180189579725,0.0357058122754097
vit_b_16,/Users/admin/surface-defect-train/results/chips/validation/pitted_surface/pitted_surface_262_bb00.png,pitted_surface,pitted_surface,0.9351020455360413,0.0358295664191246,0.0010031601414084435,0.0004942501545883715,0.9351020455360413,0.0024704639799892902,0.02510039694607258
vit_b_16,/Users/admin/surface-defect-train/results/chips/validation/pitted_surface/pitted_surface_263_bb00.png,pitted_surface,pitted_surface,0.6918685436248779,0.00665803998708725,0.0014997393591329455,0.028573907911777496,0.6918685436248779,0.02218656614422798,0.24921312928199768
vit_b_16,/Users/admin/surface-defect-train/results/chips/validation/pitted_surface/pitted_surface_264_bb00.png,pitted_surface,pitted_surface,0.5177783370018005,0.047832880169153214,0.0006145477527752519,0.0018724604742601514,0.5177783370018005,0.1276964694261551,0.30420535802841187
vit_b_16,/Users/admin/surface-defect-train/results/chips/validation/pitted_surface/pitted_surface_265_bb00.png,pitted_surface,pitted_surface,0.491478830575943,0.004479401744902134,0.0012466948246583343,0.008741851896047592,0.491478830575943,0.02320059947669506,0.4708525538444519
vit_b_16,/Users/admin/surface-defect-train/results/chips/validation/pitted_surface/pitted_surface_266_bb00.png,pitted_surface,scratches,0.8061985373497009,0.0029144284781068563,0.0011110943742096424,0.033166296780109406,0.14190559089183807,0.01470407098531723,0.8061985373497009
vit_b_16,/Users/admin/surface-defect-train/results/chips/validation/pitted_surface/pitted_surface_266_bb01.png,pitted_surface,scratches,0.5013995170593262,0.001067500445060432,0.002969555091112852,0.023394258692860603,0.4531615078449249,0.01800762116909027,0.5013995170593262
vit_b_16,/Users/admin/surface-defect-train/results/chips/validation/pitted_surface/pitted_surface_266_bb02.png,pitted_surface,scratches,0.8512340784072876,0.0018957227002829313,0.0007651321939192712,0.0053817578591406345,0.11119281500577927,0.029530467465519905,0.8512340784072876
vit_b_16,/Users/admin/surface-defect-train/results/chips/validation/pitted_surface/pitted_surface_267_bb00.png,pitted_surface,scratches,0.944426417350769,0.0010867115342989564,0.001964939059689641,0.03541192039847374,0.01606019400060177,0.001049865153618157,0.944426417350769
vit_b_16,/Users/admin/surface-defect-train/results/chips/validation/pitted_surface/pitted_surface_267_bb01.png,pitted_surface,scratches,0.9564311504364014,0.0009944583289325237,0.0005109244375489652,0.014334691688418388,0.025740571320056915,0.0019882190972566605,0.9564311504364014
vit_b_16,/Users/admin/surface-defect-train/results/chips/validation/pitted_surface/pitted_surface_268_bb00.png,pitted_surface,pitted_surface,0.5223215222358704,0.027600422501564026,0.0006972739938646555,0.007189514115452766,0.5223215222358704,0.06222615763545036,0.3799650967121124
vit_b_16,/Users/admin/surface-defect-train/results/chips/validation/pitted_surface/pitted_surface_268_bb01.png,pitted_surface,scratches,0.6339453458786011,0.008252600207924843,0.0006859962013550103,0.012006024830043316,0.3100501298904419,0.03505997732281685,0.6339453458786011
vit_b_16,/Users/admin/surface-defect-train/results/chips/validation/pitted_surface/pitted_surface_269_bb00.png,pitted_surface,pitted_surface,0.9369972944259644,0.020113619044423103,0.001032693893648684,0.00036326234112493694,0.9369972944259644,0.0029981867410242558,0.03849496319890022
vit_b_16,/Users/admin/surface-defect-train/results/chips/validation/pitted_surface/pitted_surface_269_bb01.png,pitted_surface,pitted_surface,0.5537596344947815,0.27664104104042053,0.0004283630405552685,0.0004028703842777759,0.5537596344947815,0.07744484394788742,0.09132327139377594
vit_b_16,/Users/admin/surface-defect-train/results/chips/validation/pitted_surface/pitted_surface_270_bb00.png,pitted_surface,pitted_surface,0.9102277755737305,0.006411166395992041,0.0013865060172975063,0.0006367379683069885,0.9102277755737305,0.003891433123499155,0.07744649797677994
vit_b_16,/Users/admin/surface-defect-train/results/chips/validation/pitted_surface/pitted_surface_271_bb00.png,pitted_surface,pitted_surface,0.9330927133560181,0.006426128558814526,0.001425442867912352,0.00032824272057041526,0.9330927133560181,0.0023628417402505875,0.05636461451649666
vit_b_16,/Users/admin/surface-defect-train/results/chips/validation/pitted_surface/pitted_surface_271_bb01.png,pitted_surface,pitted_surface,0.6813532710075378,0.01191066112369299,0.0007460202905349433,0.0016602990217506886,0.6813532710075378,0.005363258998841047,0.29896652698516846
vit_b_16,/Users/admin/surface-defect-train/results/chips/validation/pitted_surface/pitted_surface_272_bb00.png,pitted_surface,pitted_surface,0.8968603014945984,0.004033559001982212,0.0012655972968786955,0.00523650087416172,0.8968603014945984,0.048615507781505585,0.04398851841688156
vit_b_16,/Users/admin/surface-defect-train/results/chips/validation/pitted_surface/pitted_surface_272_bb01.png,pitted_surface,rolled-in_scale,0.7944811582565308,0.0036752731539309025,0.005384281277656555,0.00017426529666408896,0.19508755207061768,0.7944811582565308,0.0011974567314609885
vit_b_16,/Users/admin/surface-defect-train/results/chips/validation/pitted_surface/pitted_surface_273_bb00.png,pitted_surface,scratches,0.9798843860626221,0.0005285023362375796,0.001375209423713386,0.007710353937000036,0.009865003637969494,0.000636615848634392,0.9798843860626221
vit_b_16,/Users/admin/surface-defect-train/results/chips/validation/pitted_surface/pitted_surface_274_bb00.png,pitted_surface,pitted_surface,0.5414388179779053,0.018366919830441475,0.0035075328778475523,0.012631509453058243,0.5414388179779053,0.03647707775235176,0.3875781297683716
vit_b_16,/Users/admin/surface-defect-train/results/chips/validation/pitted_surface/pitted_surface_275_bb00.png,pitted_surface,pitted_surface,0.7986564636230469,0.029907332733273506,0.002440823009237647,0.000496721244417131,0.7986564636230469,0.1616377830505371,0.006860934663563967
vit_b_16,/Users/admin/surface-defect-train/results/chips/validation/pitted_surface/pitted_surface_276_bb00.png,pitted_surface,pitted_surface,0.8258244395256042,0.002688620239496231,0.0011682504555210471,0.0009673330932855606,0.8258244395256042,0.0027124066837131977,0.16663894057273865
vit_b_16,/Users/admin/surface-defect-train/results/chips/validation/pitted_surface/pitted_surface_277_bb00.png,pitted_surface,pitted_surface,0.8834450244903564,0.007528316229581833,0.0010934148449450731,0.0009941508760675788,0.8834450244903564,0.0046905046328902245,0.10224857926368713
vit_b_16,/Users/admin/surface-defect-train/results/chips/validation/pitted_surface/pitted_surface_278_bb00.png,pitted_surface,pitted_surface,0.8947545886039734,0.006265024654567242,0.0013561180094256997,0.0004818497400265187,0.8947545886039734,0.003504821565002203,0.09363752603530884
vit_b_16,/Users/admin/surface-defect-train/results/chips/validation/pitted_surface/pitted_surface_279_bb00.png,pitted_surface,patches,0.6201897263526917,0.04259558767080307,0.08929069340229034,0.6201897263526917,0.08842907100915909,0.008363550528883934,0.15113139152526855
vit_b_16,/Users/admin/surface-defect-train/results/chips/validation/pitted_surface/pitted_surface_280_bb00.png,pitted_surface,scratches,0.9777604937553406,0.0009303364204242826,0.013319986872375011,0.00038950543967075646,0.006675700191408396,0.0009238614002242684,0.9777604937553406
vit_b_16,/Users/admin/surface-defect-train/results/chips/validation/pitted_surface/pitted_surface_280_bb01.png,pitted_surface,scratches,0.6481862664222717,0.0021395725198090076,0.3103690445423126,0.001095456420443952,0.03563481196761131,0.0025747756008058786,0.6481862664222717
vit_b_16,/Users/admin/surface-defect-train/results/chips/validation/pitted_surface/pitted_surface_280_bb02.png,pitted_surface,scratches,0.5740437507629395,0.011159085668623447,0.34564200043678284,0.014191427268087864,0.05383147671818733,0.0011322508798912168,0.5740437507629395
vit_b_16,/Users/admin/surface-defect-train/results/chips/validation/pitted_surface/pitted_surface_281_bb00.png,pitted_surface,scratches,0.6691663265228271,0.001005487865768373,0.0012371757766231894,0.045176953077316284,0.2789112627506256,0.004502817057073116,0.6691663265228271
vit_b_16,/Users/admin/surface-defect-train/results/chips/validation/pitted_surface/pitted_surface_282_bb00.png,pitted_surface,inclusion,0.5441555976867676,0.00021421861310955137,0.5441555976867676,0.0030997672583907843,0.28914663195610046,0.14095363020896912,0.022430134937167168
vit_b_16,/Users/admin/surface-defect-train/results/chips/validation/pitted_surface/pitted_surface_282_bb01.png,pitted_surface,scratches,0.6633397936820984,0.0022275662049651146,0.015529733151197433,0.0027715398464351892,0.2961105406284332,0.020020831376314163,0.6633397936820984
vit_b_16,/Users/admin/surface-defect-train/results/chips/validation/pitted_surface/pitted_surface_283_bb00.png,pitted_surface,pitted_surface,0.8713822960853577,0.0032896960619837046,0.0015938559081405401,0.0006438593845814466,0.8713822960853577,0.003343158634379506,0.11974718421697617
vit_b_16,/Users/admin/surface-defect-train/results/chips/validation/pitted_surface/pitted_surface_284_bb00.png,pitted_surface,pitted_surface,0.9241248965263367,0.0021690111607313156,0.0020890969317406416,0.0003857979900203645,0.9241248965263367,0.002157733775675297,0.06907351315021515
vit_b_16,/Users/admin/surface-defect-train/results/chips/validation/pitted_surface/pitted_surface_284_bb01.png,pitted_surface,pitted_surface,0.9243892431259155,0.001952656195499003,0.0021541949827224016,0.00043650876614265144,0.9243892431259155,0.0021118423901498318,0.06895551830530167
vit_b_16,/Users/admin/surface-defect-train/results/chips/validation/pitted_surface/pitted_surface_285_bb00.png,pitted_surface,scratches,0.7724990248680115,0.002842183457687497,0.036170028150081635,0.11136078089475632,0.07498598843812943,0.0021420205011963844,0.7724990248680115
vit_b_16,/Users/admin/surface-defect-train/results/chips/validation/pitted_surface/pitted_surface_286_bb00.png,pitted_surface,pitted_surface,0.8702120184898376,0.0031567991245537996,0.0017685331404209137,0.0005923369317315519,0.8702120184898376,0.003995949402451515,0.12027435004711151
vit_b_16,/Users/admin/surface-defect-train/results/chips/validation/pitted_surface/pitted_surface_287_bb00.png,pitted_surface,pitted_surface,0.520044207572937,0.02155914343893528,0.0013477409956976771,0.005635873414576054,0.520044207572937,0.3698640465736389,0.08154898136854172
vit_b_16,/Users/admin/surface-defect-train/results/chips/validation/pitted_surface/pitted_surface_288_bb00.png,pitted_surface,pitted_surface,0.6437131762504578,0.006522103678435087,0.0011802325025200844,0.0009707591962069273,0.6437131762504578,0.009168831631541252,0.33844491839408875
vit_b_16,/Users/admin/surface-defect-train/results/chips/validation/pitted_surface/pitted_surface_289_bb00.png,pitted_surface,scratches,0.5289154648780823,0.00789958331733942,0.00041347023216076195,0.0038411624263972044,0.4522678554058075,0.006662388797849417,0.5289154648780823
vit_b_16,/Users/admin/surface-defect-train/results/chips/validation/pitted_surface/pitted_surface_289_bb01.png,pitted_surface,pitted_surface,0.7947775721549988,0.005955860018730164,0.0010684344451874495,0.0009353178320452571,0.7947775721549988,0.004047544207423925,0.1932152956724167
vit_b_16,/Users/admin/surface-defect-train/results/chips/validation/pitted_surface/pitted_surface_290_bb00.png,pitted_surface,pitted_surface,0.9429020285606384,0.002601136453449726,0.0019183738622814417,0.0004035371239297092,0.9429020285606384,0.0018589980900287628,0.0503159761428833
vit_b_16,/Users/admin/surface-defect-train/results/chips/validation/pitted_surface/pitted_surface_290_bb01.png,pitted_surface,pitted_surface,0.8040912747383118,0.0060801515355706215,0.001017467468045652,0.0007677951361984015,0.8040912747383118,0.0025358356069773436,0.18550753593444824
vit_b_16,/Users/admin/surface-defect-train/results/chips/validation/pitted_surface/pitted_surface_290_bb02.png,pitted_surface,pitted_surface,0.8928713798522949,0.011990425176918507,0.0011209700023755431,0.00098280212841928,0.8928713798522949,0.0027156893629580736,0.09031873941421509
vit_b_16,/Users/admin/surface-defect-train/results/chips/validation/pitted_surface/pitted_surface_291_bb00.png,pitted_surface,crazing,0.6482052206993103,0.6482052206993103,0.000727601523976773,0.0020786121021956205,0.3372189402580261,0.007612519897520542,0.004157037939876318
vit_b_16,/Users/admin/surface-defect-train/results/chips/validation/pitted_surface/pitted_surface_292_bb00.png,pitted_surface,crazing,0.9822461605072021,0.9822461605072021,0.0007011907873675227,0.011752757243812084,0.004406664054840803,0.000613745185546577,0.0002794830361381173
vit_b_16,/Users/admin/surface-defect-train/results/chips/validation/pitted_surface/pitted_surface_292_bb01.png,pitted_surface,crazing,0.5850076675415039,0.5850076675415039,0.010713215917348862,0.3661993741989136,0.02278994582593441,0.006368367467075586,0.00892138946801424
vit_b_16,/Users/admin/surface-defect-train/results/chips/validation/pitted_surface/pitted_surface_293_bb00.png,pitted_surface,pitted_surface,0.9399730563163757,0.013465344905853271,0.0010444781510159373,0.0005522610154002905,0.9399730563163757,0.0018757034558802843,0.04308914765715599
vit_b_16,/Users/admin/surface-defect-train/results/chips/validation/pitted_surface/pitted_surface_294_bb00.png,pitted_surface,crazing,0.7379008531570435,0.7379008531570435,0.011728480458259583,0.214119553565979,0.02503739297389984,0.006090036127716303,0.005123710259795189
vit_b_16,/Users/admin/surface-defect-train/results/chips/validation/pitted_surface/pitted_surface_294_bb01.png,pitted_surface,rolled-in_scale,0.6329945921897888,0.2075747400522232,0.014220893383026123,0.0028844987973570824,0.1421365886926651,0.6329945921897888,0.0001886644895421341
vit_b_16,/Users/admin/surface-defect-train/results/chips/validation/pitted_surface/pitted_surface_295_bb00.png,pitted_surface,crazing,0.9473909735679626,0.9473909735679626,0.0011871017049998045,0.042544204741716385,0.007250340189784765,0.0008869338780641556,0.0007404835196211934
vit_b_16,/Users/admin/surface-defect-train/results/chips/validation/pitted_surface/pitted_surface_296_bb00.png,pitted_surface,pitted_surface,0.5991716980934143,0.2873207926750183,0.0011276524746790528,0.0045927842147648335,0.5991716980934143,0.05926966667175293,0.048517439514398575
vit_b_16,/Users/admin/surface-defect-train/results/chips/validation/pitted_surface/pitted_surface_296_bb01.png,pitted_surface,crazing,0.9856577515602112,0.9856577515602112,0.000641572114545852,0.004826488438993692,0.007843979634344578,0.0009160091867670417,0.00011408385762479156
vit_b_16,/Users/admin/surface-defect-train/results/chips/validation/pitted_surface/pitted_surface_297_bb00.png,pitted_surface,patches,0.8502007722854614,0.09083821624517441,0.012142913416028023,0.8502007722854614,0.0055849915370345116,0.0007171766483224928,0.04051591828465462
vit_b_16,/Users/admin/surface-defect-train/results/chips/validation/pitted_surface/pitted_surface_298_bb00.png,pitted_surface,scratches,0.7395976185798645,0.0016432389384135604,0.0004728386993519962,0.005212170071899891,0.25045594573020935,0.0026181417051702738,0.7395976185798645
vit_b_16,/Users/admin/surface-defect-train/results/chips/validation/pitted_surface/pitted_surface_298_bb01.png,pitted_surface,pitted_surface,0.6922023892402649,0.002809676108881831,0.0017157114343717694,0.007872487418353558,0.6922023892402649,0.02142982929944992,0.27397000789642334
vit_b_16,/Users/admin/surface-defect-train/results/chips/validation/pitted_surface/pitted_surface_299_bb00.png,pitted_surface,scratches,0.9227164387702942,0.0008430301095359027,0.05133805051445961,0.0002558243868406862,0.021959559991955757,0.002887063194066286,0.9227164387702942
vit_b_16,/Users/admin/surface-defect-train/results/chips/validation/pitted_surface/pitted_surface_299_bb01.png,pitted_surface,scratches,0.6327313780784607,0.005059732124209404,0.3144128918647766,0.004045211244374514,0.04234418645501137,0.0014066604198887944,0.6327313780784607
vit_b_16,/Users/admin/surface-defect-train/results/chips/validation/pitted_surface/pitted_surface_299_bb02.png,pitted_surface,rolled-in_scale,0.5803601741790771,0.0028847099747508764,0.37057194113731384,0.0005980114219710231,0.03982768580317497,0.5803601741790771,0.005757514853030443
vit_b_16,/Users/admin/surface-defect-train/results/chips/validation/pitted_surface/pitted_surface_300_bb00.png,pitted_surface,pitted_surface,0.9147680997848511,0.0020585882011801004,0.003232345450669527,0.00039905193261802197,0.9147680997848511,0.005397729109972715,0.07414420694112778
vit_b_16,/Users/admin/surface-defect-train/results/chips/validation/pitted_surface/pitted_surface_300_bb01.png,pitted_surface,pitted_surface,0.9222379326820374,0.0020970788318663836,0.0023800472263246775,0.000370303459931165,0.9222379326820374,0.002961585996672511,0.06995311379432678
vit_b_16,/Users/admin/surface-defect-train/results/chips/validation/rolled-in_scale/rolled-in_scale_241_bb00.png,rolled-in_scale,rolled-in_scale,0.8484720587730408,0.0759376659989357,0.017896654084324837,0.00042028192547149956,0.05532936006784439,0.8484720587730408,0.0019439848838374019
vit_b_16,/Users/admin/surface-defect-train/results/chips/validation/rolled-in_scale/rolled-in_scale_241_bb01.png,rolled-in_scale,rolled-in_scale,0.6724969148635864,0.2501262128353119,0.00839958805590868,0.0007578816148452461,0.06725449860095978,0.6724969148635864,0.0009648790583014488
vit_b_16,/Users/admin/surface-defect-train/results/chips/validation/rolled-in_scale/rolled-in_scale_242_bb00.png,rolled-in_scale,rolled-in_scale,0.6773158311843872,0.23381757736206055,0.01341821625828743,0.0009707640274427831,0.07145916670560837,0.6773158311843872,0.003018492367118597
vit_b_16,/Users/admin/surface-defect-train/results/chips/validation/rolled-in_scale/rolled-in_scale_242_bb01.png,rolled-in_scale,rolled-in_scale,0.7960213422775269,0.10305353999137878,0.02184346131980419,0.0008122933213599026,0.07660633325576782,0.7960213422775269,0.0016630515456199646
vit_b_16,/Users/admin/surface-defect-train/results/chips/validation/rolled-in_scale/rolled-in_scale_243_bb00.png,rolled-in_scale,rolled-in_scale,0.8891919255256653,0.033742040395736694,0.030906248837709427,0.00035679206484928727,0.044107720255851746,0.8891919255256653,0.0016952850855886936
vit_b_16,/Users/admin/surface-defect-train/results/chips/validation/rolled-in_scale/rolled-in_scale_244_bb00.png,rolled-in_scale,rolled-in_scale,0.8697633147239685,0.08232753723859787,0.009794888086616993,0.00037093815626576543,0.036890868097543716,0.8697633147239685,0.0008523131837137043
vit_b_16,/Users/admin/surface-defect-train/results/chips/validation/rolled-in_scale/rolled-in_scale_244_bb01.png,rolled-in_scale,rolled-in_scale,0.876806914806366,0.03340692073106766,0.03466453775763512,0.0004894410958513618,0.05316818132996559,0.876806914806366,0.0014639629516750574
vit_b_16,/Users/admin/surface-defect-train/results/chips/validation/rolled-in_scale/rolled-in_scale_244_bb02.png,rolled-in_scale,rolled-in_scale,0.9108974933624268,0.028935926035046577,0.019359612837433815,0.0003072596446145326,0.03870190307497978,0.9108974933624268,0.0017977692186832428
vit_b_16,/Users/admin/surface-defect-train/results/chips/validation/rolled-in_scale/rolled-in_scale_245_bb00.png,rolled-in_scale,rolled-in_scale,0.7694891095161438,0.14990824460983276,0.012401881627738476,0.0005769748822785914,0.06509624421596527,0.7694891095161438,0.0025275214575231075
vit_b_16,/Users/admin/surface-defect-train/results/chips/validation/rolled-in_scale/rolled-in_scale_245_bb01.png,rolled-in_scale,rolled-in_scale,0.8832293748855591,0.06116967275738716,0.01284615695476532,0.0006164184887893498,0.04178839549422264,0.8832293748855591,0.0003499576705507934
vit_b_16,/Users/admin/surface-defect-train/results/chips/validation/rolled-in_scale/rolled-in_scale_246_bb00.png,rolled-in_scale,rolled-in_scale,0.8764307498931885,0.04972106218338013,0.023489568382501602,0.00047096124035306275,0.04848257452249527,0.8764307498931885,0.0014049849705770612
vit_b_16,/Users/admin/surface-defect-train/results/chips/validation/rolled-in_scale/rolled-in_scale_246_bb01.png,rolled-in_scale,crazing,0.5275582671165466,0.5275582671165466,0.008121374994516373,0.001286925165913999,0.06520251929759979,0.39400315284729004,0.003827805398032069
vit_b_16,/Users/admin/surface-defect-train/results/chips/validation/rolled-in_scale/rolled-in_scale_247_bb00.png,rolled-in_scale,rolled-in_scale,0.8279649615287781,0.11077496409416199,0.010655869729816914,0.00046244345139712095,0.04876091703772545,0.8279649615287781,0.0013809717493131757
vit_b_16,/Users/admin/surface-defect-train/results/chips/validation/rolled-in_scale/rolled-in_scale_247_bb01.png,rolled-in_scale,rolled-in_scale,0.8131732940673828,0.14723925292491913,0.0036857370287179947,0.00029627434560097754,0.03473770618438721,0.8131732940673828,0.0008678034064359963
vit_b_16,/Users/admin/surface-defect-train/results/chips/validation/rolled-in_scale/rolled-in_scale_247_bb02.png,rolled-in_scale,rolled-in_scale,0.5846184492111206,0.01881076954305172,0.05985458940267563,0.0012456150725483894,0.32045361399650574,0.5846184492111206,0.015016995370388031
vit_b_16,/Users/admin/surface-defect-train/results/chips/validation/rolled-in_scale/rolled-in_scale_248_bb00.png,rolled-in_scale,rolled-in_scale,0.5704944729804993,0.08860356360673904,0.07943003624677658,0.0007525429828092456,0.20207346975803375,0.5704944729804993,0.058645956218242645
vit_b_16,/Users/admin/surface-defect-train/results/chips/validation/rolled-in_scale/rolled-in_scale_248_bb01.png,rolled-in_scale,rolled-in_scale,0.852116584777832,0.06516354531049728,0.023767611011862755,0.0010258015245199203,0.055952709168195724,0.852116584777832,0.0019738252740353346
vit_b_16,/Users/admin/surface-defect-train/results/chips/validation/rolled-in_scale/rolled-in_scale_249_bb00.png,rolled-in_scale,rolled-in_scale,0.8160439729690552,0.10533241182565689,0.017409494146704674,0.0004876167804468423,0.05876990035176277,0.8160439729690552,0.001956573221832514
vit_b_16,/Users/admin/surface-defect-train/results/chips/validation/rolled-in_scale/rolled-in_scale_250_bb00.png,rolled-in_scale,rolled-in_scale,0.7749238610267639,0.019323570653796196,0.13084262609481812,0.00046595794265158474,0.0652535930275917,0.7749238610267639,0.009190358221530914
vit_b_16,/Users/admin/surface-defect-train/results/chips/validation/rolled-in_scale/rolled-in_scale_250_bb01.png,rolled-in_scale,rolled-in_scale,0.9277293682098389,0.018820367753505707,0.02003464847803116,0.000266586517682299,0.03233785554766655,0.9277293682098389,0.000811230216640979
vit_b_16,/Users/admin/surface-defect-train/results/chips/validation/rolled-in_scale/rolled-in_scale_250_bb02.png,rolled-in_scale,rolled-in_scale,0.6627771854400635,0.03573685511946678,0.11709105223417282,0.000965108338277787,0.15912090241909027,0.6627771854400635,0.02430891804397106
vit_b_16,/Users/admin/surface-defect-train/results/chips/validation/rolled-in_scale/rolled-in_scale_251_bb00.png,rolled-in_scale,rolled-in_scale,0.9232466220855713,0.018376549705863,0.025702103972434998,0.0003448271017987281,0.03160909190773964,0.9232466220855713,0.0007207380840554833
vit_b_16,/Users/admin/surface-defect-train/results/chips/validation/rolled-in_scale/rolled-in_scale_251_bb01.png,rolled-in_scale,rolled-in_scale,0.6386818289756775,0.08578713983297348,0.05153660103678703,0.0007513968157581985,0.18316657841205597,0.6386818289756775,0.04007646068930626
vit_b_16,/Users/admin/surface-defect-train/results/chips/validation/rolled-in_scale/rolled-in_scale_252_bb00.png,rolled-in_scale,rolled-in_scale,0.7728207111358643,0.07177512347698212,0.04885074868798256,0.0005627542268484831,0.09570116549730301,0.7728207111358643,0.010289555415511131
vit_b_16,/Users/admin/surface-defect-train/results/chips/validation/rolled-in_scale/rolled-in_scale_252_bb01.png,rolled-in_scale,rolled-in_scale,0.7938269972801208,0.061764732003211975,0.04205591604113579,0.0005414634943008423,0.09564844518899918,0.7938269972801208,0.006162428297102451
vit_b_16,/Users/admin/surface-defect-train/results/chips/validation/rolled-in_scale/rolled-in_scale_253_bb00.png,rolled-in_scale,rolled-in_scale,0.7018490433692932,0.14161472022533417,0.04788897931575775,0.001356732565909624,0.1044856533408165,0.7018490433692932,0.0028048441745340824
vit_b_16,/Users/admin/surface-defect-train/results/chips/validation/rolled-in_scale/rolled-in_scale_254_bb00.png,rolled-in_scale,rolled-in_scale,0.8243646621704102,0.1052495539188385,0.014150997623801231,0.0008805834804661572,0.05406748875975609,0.8243646621704102,0.001286662183701992
vit_b_16,/Users/admin/surface-defect-train/results/chips/validation/rolled-in_scale/rolled-in_scale_255_bb00.png,rolled-in_scale,rolled-in_scale,0.7706182599067688,0.12755528092384338,0.018531136214733124,0.00044525141129270196,0.07802450656890869,0.7706182599067688,0.004825602751225233
vit_b_16,/Users/admin/surface-defect-train/results/chips/validation/rolled-in_scale/rolled-in_scale_255_bb01.png,rolled-in_scale,rolled-in_scale,0.8766621947288513,0.03802720457315445,0.029050292447209358,0.00022536684991791844,0.048176586627960205,0.8766621947288513,0.007858356460928917
vit_b_16,/Users/admin/surface-defect-train/results/chips/validation/rolled-in_scale/rolled-in_scale_255_bb02.png,rolled-in_scale,rolled-in_scale,0.8497819304466248,0.0769471675157547,0.011078146286308765,0.00048563259770162404,0.059337638318538666,0.8497819304466248,0.002369428751990199
vit_b_16,/Users/admin/surface-defect-train/results/chips/validation/rolled-in_scale/rolled-in_scale_255_bb03.png,rolled-in_scale,rolled-in_scale,0.7889812588691711,0.05063165724277496,0.00794945191591978,0.0008846280397847295,0.14690610766410828,0.7889812588691711,0.004646856803447008
vit_b_16,/Users/admin/surface-defect-train/results/chips/validation/rolled-in_scale/rolled-in_scale_256_bb00.png,rolled-in_scale,rolled-in_scale,0.6827057003974915,0.024923160672187805,0.182297945022583,0.000912429706659168,0.10178527235984802,0.6827057003974915,0.007375486195087433
vit_b_16,/Users/admin/surface-defect-train/results/chips/validation/rolled-in_scale/rolled-in_scale_257_bb00.png,rolled-in_scale,rolled-in_scale,0.8061686754226685,0.057218682020902634,0.054233700037002563,0.0005675926804542542,0.07437458634376526,0.8061686754226685,0.0074368370696902275
vit_b_16,/Users/admin/surface-defect-train/results/chips/validation/rolled-in_scale/rolled-in_scale_257_bb01.png,rolled-in_scale,crazing,0.6419674754142761,0.6419674754142761,0.0021328001748770475,0.0018403870053589344,0.025347892194986343,0.11900182068347931,0.20970968902111053
vit_b_16,/Users/admin/surface-defect-train/results/chips/validation/rolled-in_scale/rolled-in_scale_257_bb02.png,rolled-in_scale,rolled-in_scale,0.9316559433937073,0.00895440299063921,0.009557262063026428,0.00031744810985401273,0.04868147894740105,0.9316559433937073,0.0008334509911946952
vit_b_16,/Users/admin/surface-defect-train/results/chips/validation/rolled-in_scale/rolled-in_scale_258_bb00.png,rolled-in_scale,rolled-in_scale,0.8779293298721313,0.040320925414562225,0.03269689530134201,0.00046888203360140324,0.04739825055003166,0.8779293298721313,0.0011856917990371585
vit_b_16,/Users/admin/surface-defect-train/results/chips/validation/rolled-in_scale/rolled-in_scale_259_bb00.png,rolled-in_scale,rolled-in_scale,0.5185984969139099,0.392322301864624,0.01241452805697918,0.0014464453561231494,0.07025396823883057,0.5185984969139099,0.0049642836675047874
vit_b_16,/Users/admin/surface-defect-train/results/chips/validation/rolled-in_scale/rolled-in_scale_259_bb01.png,rolled-in_scale,rolled-in_scale,0.8726535439491272,0.044335927814245224,0.014811365865170956,0.0006973871495574713,0.06513439863920212,0.8726535439491272,0.0023673370014876127
vit_b_16,/Users/admin/surface-defect-train/results/chips/validation/rolled-in_scale/rolled-in_scale_259_bb02.png,rolled-in_scale,rolled-in_scale,0.6546752452850342,0.019965900108218193,0.13426201045513153,0.0010894087608903646,0.17757046222686768,0.6546752452850342,0.01243690773844719
vit_b_16,/Users/admin/surface-defect-train/results/chips/validation/rolled-in_scale/rolled-in_scale_259_bb03.png,rolled-in_scale,rolled-in_scale,0.8693485260009766,0.014116955921053886,0.061514079570770264,0.0005756038008257747,0.05356976017355919,0.8693485260009766,0.0008750465931370854
vit_b_16,/Users/admin/surface-defect-train/results/chips/validation/rolled-in_scale/rolled-in_scale_260_bb00.png,rolled-in_scale,rolled-in_scale,0.9271751642227173,0.023991137742996216,0.004774352535605431,0.0002838790533132851,0.042926739901304245,0.9271751642227173,0.0008486740989610553
vit_b_16,/Users/admin/surface-defect-train/results/chips/validation/rolled-in_scale/rolled-in_scale_260_bb01.png,rolled-in_scale,rolled-in_scale,0.8030151128768921,0.12911099195480347,0.00909265223890543,0.000730539090000093,0.057419244199991226,0.8030151128768921,0.0006314775091595948
vit_b_16,/Users/admin/surface-defect-train/results/chips/validation/rolled-in_scale/rolled-in_scale_260_bb02.png,rolled-in_scale,rolled-in_scale,0.9109904766082764,0.053113918751478195,0.001957058673724532,0.00021411939815152436,0.033196840435266495,0.9109904766082764,0.0005275289877317846
vit_b_16,/Users/admin/surface-defect-train/results/chips/validation/rolled-in_scale/rolled-in_scale_261_bb00.png,rolled-in_scale,rolled-in_scale,0.8901739716529846,0.06064879521727562,0.010556922294199467,0.0004720751312561333,0.03769764304161072,0.8901739716529846,0.00045046405284665525
vit_b_16,/Users/admin/surface-defect-train/results/chips/validation/rolled-in_scale/rolled-in_scale_262_bb00.png,rolled-in_scale,rolled-in_scale,0.8489197492599487,0.04147874563932419,0.03616410493850708,0.00044516450725495815,0.06999057531356812,0.8489197492599487,0.0030015825759619474
vit_b_16,/Users/admin/surface-defect-train/results/chips/validation/rolled-in_scale/rolled-in_scale_263_bb00.png,rolled-in_scale,rolled-in_scale,0.7312477231025696,0.18090426921844482,0.01565686985850334,0.0008823921671137214,0.06937835365533829,0.7312477231025696,0.0019303926965221763
vit_b_16,/Users/admin/surface-defect-train/results/chips/validation/rolled-in_scale/rolled-in_scale_263_bb01.png,rolled-in_scale,rolled-in_scale,0.7927653789520264,0.09826839715242386,0.027157330885529518,0.001622929354198277,0.07911981642246246,0.7927653789520264,0.0010661411797627807
vit_b_16,/Users/admin/surface-defect-train/results/chips/validation/rolled-in_scale/rolled-in_scale_264_bb00.png,rolled-in_scale,rolled-in_scale,0.6295570731163025,0.27031373977661133,0.011784631758928299,0.0006928400252945721,0.08267246931791306,0.6295570731163025,0.004979241639375687
vit_b_16,/Users/admin/surface-defect-train/results/chips/validation/rolled-in_scale/rolled-in_scale_264_bb01.png,rolled-in_scale,rolled-in_scale,0.7267853617668152,0.15312814712524414,0.021790068596601486,0.0015061862068250775,0.09502600133419037,0.7267853617668152,0.0017641945742070675
vit_b_16,/Users/admin/surface-defect-train/results/chips/validation/rolled-in_scale/rolled-in_scale_264_bb02.png,rolled-in_scale,crazing,0.8705635666847229,0.8705635666847229,0.0028282380662858486,0.0010863427305594087,0.024235600605607033,0.06772907078266144,0.03355712071061134
vit_b_16,/Users/admin/surface-defect-train/results/chips/validation/rolled-in_scale/rolled-in_scale_265_bb00.png,rolled-in_scale,rolled-in_scale,0.8448936939239502,0.08921875059604645,0.014949371106922626,0.00047943301615305245,0.048621766269207,0.8448936939239502,0.0018369442550465465
vit_b_16,/Users/admin/surface-defect-train/results/chips/validation/rolled-in_scale/rolled-in_scale_265_bb01.png,rolled-in_scale,rolled-in_scale,0.8577221035957336,0.0797528624534607,0.005789461545646191,0.0006722838734276593,0.055526137351989746,0.8577221035957336,0.0005371849983930588
vit_b_16,/Users/admin/surface-defect-train/results/chips/validation/rolled-in_scale/rolled-in_scale_266_bb00.png,rolled-in_scale,crazing,0.5105705261230469,0.5105705261230469,0.00639255391433835,0.0023676950950175524,0.07176191359758377,0.3693673610687256,0.039539940655231476
vit_b_16,/Users/admin/surface-defect-train/results/chips/validation/rolled-in_scale/rolled-in_scale_266_bb01.png,rolled-in_scale,rolled-in_scale,0.8259928226470947,0.0900372639298439,0.0037849214859306812,0.0009555151918902993,0.07867860794067383,0.8259928226470947,0.0005509323673322797
vit_b_16,/Users/admin/surface-defect-train/results/chips/validation/rolled-in_scale/rolled-in_scale_267_bb00.png,rolled-in_scale,rolled-in_scale,0.9193257093429565,0.023385344073176384,0.020080799236893654,0.00033595511922612786,0.03626973181962967,0.9193257093429565,0.0006024247850291431
vit_b_16,/Users/admin/surface-defect-train/results/chips/validation/rolled-in_scale/rolled-in_scale_267_bb01.png,rolled-in_scale,crazing,0.5296856164932251,0.5296856164932251,0.008860389702022076,0.0033835098147392273,0.08232090622186661,0.37158429622650146,0.004165372345596552
vit_b_16,/Users/admin/surface-defect-train/results/chips/validation/rolled-in_scale/rolled-in_scale_267_bb02.png,rolled-in_scale,rolled-in_scale,0.8697086572647095,0.04632427170872688,0.021215038374066353,0.0005150288343429565,0.06124713644385338,0.8697086572647095,0.0009898017160594463
vit_b_16,/Users/admin/surface-defect-train/results/chips/validation/rolled-in_scale/rolled-in_scale_268_bb00.png,rolled-in_scale,rolled-in_scale,0.5407232642173767,0.3679201602935791,0.01372553315013647,0.002118018688634038,0.07453205436468124,0.5407232642173767,0.0009809733601287007
vit_b_16,/Users/admin/surface-defect-train/results/chips/validation/rolled-in_scale/rolled-in_scale_268_bb01.png,rolled-in_scale,rolled-in_scale,0.8569982051849365,0.057914335280656815,0.024474233388900757,0.0004455766174942255,0.058159615844488144,0.8569982051849365,0.0020081214606761932
vit_b_16,/Users/admin/surface-defect-train/results/chips/validation/rolled-in_scale/rolled-in_scale_269_bb00.png,rolled-in_scale,rolled-in_scale,0.9516241550445557,0.004973549861460924,0.00884606596082449,0.00026092000189237297,0.034067582339048386,0.9516241550445557,0.0002276941668242216
vit_b_16,/Users/admin/surface-defect-train/results/chips/validation/rolled-in_scale/rolled-in_scale_270_bb00.png,rolled-in_scale,crazing,0.5056009292602539,0.5056009292602539,0.004661522340029478,0.0009064794867299497,0.0562664270401001,0.43049153685569763,0.002073087031021714
vit_b_16,/Users/admin/surface-defect-train/results/chips/validation/rolled-in_scale/rolled-in_scale_270_bb01.png,rolled-in_scale,rolled-in_scale,0.8573528528213501,0.07160336524248123,0.010937082581222057,0.0003011028456967324,0.0569835864007473,0.8573528528213501,0.0028219360392540693
vit_b_16,/Users/admin/surface-defect-train/results/chips/validation/rolled-in_scale/rolled-in_scale_270_bb02.png,rolled-in_scale,rolled-in_scale,0.7979773283004761,0.09756787121295929,0.013709508813917637,0.00048105628229677677,0.08415703475475311,0.7979773283004761,0.006107236258685589
vit_b_16,/Users/admin/surface-defect-train/results/chips/validation/rolled-in_scale/rolled-in_scale_271_bb00.png,rolled-in_scale,crazing,0.49343550205230713,0.49343550205230713,0.006036474369466305,0.0010424001375213265,0.06421469897031784,0.43212711811065674,0.0031437857542186975
vit_b_16,/Users/admin/surface-defect-train/results/chips/validation/rolled-in_scale/rolled-in_scale_271_bb01.png,rolled-in_scale,rolled-in_scale,0.877287745475769,0.02136639691889286,0.03260074183344841,0.0005962964496575296,0.06539001315832138,0.877287745475769,0.002758771413937211
vit_b_16,/Users/admin/surface-defect-train/results/chips/validation/rolled-in_scale/rolled-in_scale_272_bb00.png,rolled-in_scale,crazing,0.8470200300216675,0.8470200300216675,0.0028263109270483255,0.0030597953591495752,0.03646843880414963,0.10689432919025421,0.003731090109795332
vit_b_16,/Users/admin/surface-defect-train/results/chips/validation/rolled-in_scale/rolled-in_scale_272_bb01.png,rolled-in_scale,rolled-in_scale,0.922044038772583,0.027477044612169266,0.002157708629965782,0.00030242663342505693,0.04713161289691925,0.922044038772583,0.0008872158359736204
vit_b_16,/Users/admin/surface-defect-train/results/chips/validation/rolled-in_scale/rolled-in_scale_273_bb00.png,rolled-in_scale,rolled-in_scale,0.8383401036262512,0.0669112280011177,0.01392537634819746,0.0009423818555660546,0.07647589594125748,0.8383401036262512,0.003404976101592183
vit_b_16,/Users/admin/surface-defect-train/results/chips/validation/rolled-in_scale/rolled-in_scale_273_bb01.png,rolled-in_scale,crazing,0.7081235647201538,0.7081235647201538,0.005252139642834663,0.003555999370291829,0.07015374302864075,0.2087515890598297,0.004163030069321394
vit_b_16,/Users/admin/surface-defect-train/results/chips/validation/rolled-in_scale/rolled-in_scale_274_bb00.png,rolled-in_scale,crazing,0.4524754583835602,0.4524754583835602,0.018214702606201172,0.004148255102336407,0.09027498215436935,0.4336181581020355,0.0012684548273682594
vit_b_16,/Users/admin/surface-defect-train/results/chips/validation/rolled-in_scale/rolled-in_scale_274_bb01.png,rolled-in_scale,rolled-in_scale,0.8307784795761108,0.01607483997941017,0.007790090050548315,0.0014305816730484366,0.13780426979064941,0.8307784795761108,0.006121775601059198
vit_b_16,/Users/admin/surface-defect-train/results/chips/validation/rolled-in_scale/rolled-in_scale_274_bb02.png,rolled-in_scale,rolled-in_scale,0.860737681388855,0.0821586400270462,0.007360246963799,0.0003074610431212932,0.04792293906211853,0.860737681388855,0.0015130304964259267
vit_b_16,/Users/admin/surface-defect-train/results/chips/validation/rolled-in_scale/rolled-in_scale_274_bb03.png,rolled-in_scale,rolled-in_scale,0.7642868161201477,0.1598040610551834,0.013449420221149921,0.0009881441947072744,0.05954548344016075,0.7642868161201477,0.0019260096596553922
vit_b_16,/Users/admin/surface-defect-train/results/chips/validation/rolled-in_scale/rolled-in_scale_275_bb00.png,rolled-in_scale,rolled-in_scale,0.7824938297271729,0.12246204912662506,0.004555122926831245,0.00043663146789185703,0.07942957431077957,0.7824938297271729,0.010622771456837654
vit_b_16,/Users/admin/surface-defect-train/results/chips/validation/rolled-in_scale/rolled-in_scale_275_bb01.png,rolled-in_scale,rolled-in_scale,0.6429238319396973,0.3019174337387085,0.0016557418275624514,0.0006235328037291765,0.051817409694194794,0.6429238319396973,0.0010619909735396504
vit_b_16,/Users/admin/surface-defect-train/results/chips/validation/rolled-in_scale/rolled-in_scale_275_bb02.png,rolled-in_scale,rolled-in_scale,0.7135036587715149,0.1361500471830368,0.009847861714661121,0.0007278507109731436,0.11437392979860306,0.7135036587715149,0.025396710261702538
vit_b_16,/Users/admin/surface-defect-train/results/chips/validation/rolled-in_scale/rolled-in_scale_276_bb00.png,rolled-in_scale,rolled-in_scale,0.77008455991745,0.12005788087844849,0.005160477478057146,0.0010416029253974557,0.0981145054101944,0.77008455991745,0.005541006103157997
vit_b_16,/Users/admin/surface-defect-train/results/chips/validation/rolled-in_scale/rolled-in_scale_276_bb01.png,rolled-in_scale,rolled-in_scale,0.8568010330200195,0.017501965165138245,0.07085762172937393,0.00040889313095249236,0.05138278007507324,0.8568010330200195,0.003047776408493519
vit_b_16,/Users/admin/surface-defect-train/results/chips/validation/rolled-in_scale/rolled-in_scale_277_bb00.png,rolled-in_scale,rolled-in_scale,0.8159918785095215,0.06706661731004715,0.009571223519742489,0.0007788201910443604,0.10367733985185623,0.8159918785095215,0.002914193319156766
vit_b_16,/Users/admin/surface-defect-train/results/chips/validation/rolled-in_scale/rolled-in_scale_277_bb01.png,rolled-in_scale,rolled-in_scale,0.9539918899536133,0.0018521687015891075,0.015208849683403969,0.00019301511929370463,0.02819768711924553,0.9539918899536133,0.0005564572056755424
vit_b_16,/Users/admin/surface-defect-train/results/chips/validation/rolled-in_scale/rolled-in_scale_277_bb02.png,rolled-in_scale,rolled-in_scale,0.9045854210853577,0.005978542845696211,0.031084254384040833,0.00032426498364657164,0.05610772222280502,0.9045854210853577,0.0019197111250832677
vit_b_16,/Users/admin/surface-defect-train/results/chips/validation/rolled-in_scale/rolled-in_scale_278_bb00.png,rolled-in_scale,rolled-in_scale,0.8646525144577026,0.024068346247076988,0.039980001747608185,0.0005445434362627566,0.0673847496509552,0.8646525144577026,0.0033698000479489565
vit_b_16,/Users/admin/surface-defect-train/results/chips/validation/rolled-in_scale/rolled-in_scale_278_bb01.png,rolled-in_scale,rolled-in_scale,0.574552059173584,0.3121640980243683,0.0036926548928022385,0.002040236722677946,0.105292409658432,0.574552059173584,0.0022585559636354446
vit_b_16,/Users/admin/surface-defect-train/results/chips/validation/rolled-in_scale/rolled-in_scale_278_bb02.png,rolled-in_scale,crazing,0.9004769325256348,0.9004769325256348,0.0021377955563366413,0.0033529489301145077,0.02342083305120468,0.06607671827077866,0.004534880630671978
vit_b_16,/Users/admin/surface-defect-train/results/chips/validation/rolled-in_scale/rolled-in_scale_279_bb00.png,rolled-in_scale,rolled-in_scale,0.6937324404716492,0.21572670340538025,0.00736821535974741,0.001639893976971507,0.07867832481861115,0.6937324404716492,0.0028543882071971893
vit_b_16,/Users/admin/surface-defect-train/results/chips/validation/rolled-in_scale/rolled-in_scale_279_bb01.png,rolled-in_scale,crazing,0.4932299256324768,0.4932299256324768,0.004185942467302084,0.0014521809061989188,0.08133853226900101,0.39556702971458435,0.02422644942998886
vit_b_16,/Users/admin/surface-defect-train/results/chips/validation/rolled-in_scale/rolled-in_scale_279_bb02.png,rolled-in_scale,rolled-in_scale,0.581523597240448,0.347913533449173,0.003855637740343809,0.001335382112301886,0.06110493466258049,0.581523597240448,0.004266959149390459
vit_b_16,/Users/admin/surface-defect-train/results/chips/validation/rolled-in_scale/rolled-in_scale_280_bb00.png,rolled-in_scale,rolled-in_scale,0.42154350876808167,0.3994605541229248,0.007563233841210604,0.004940017592161894,0.152083620429039,0.42154350876808167,0.014409055933356285
vit_b_16,/Users/admin/surface-defect-train/results/chips/validation/rolled-in_scale/rolled-in_scale_280_bb01.png,rolled-in_scale,crazing,0.84866863489151,0.84866863489151,0.004741625860333443,0.005906915757805109,0.06207839027047157,0.07207772135734558,0.006526706274598837
vit_b_16,/Users/admin/surface-defect-train/results/chips/validation/rolled-in_scale/rolled-in_scale_281_bb00.png,rolled-in_scale,rolled-in_scale,0.867088794708252,0.07160351425409317,0.0034928536042571068,0.0005479160463437438,0.05666843056678772,0.867088794708252,0.0005984178860671818
vit_b_16,/Users/admin/surface-defect-train/results/chips/validation/rolled-in_scale/rolled-in_scale_281_bb01.png,rolled-in_scale,rolled-in_scale,0.8947567939758301,0.01823459565639496,0.005277325864881277,0.0001856679009506479,0.07615777105093002,0.8947567939758301,0.005387797486037016
vit_b_16,/Users/admin/surface-defect-train/results/chips/validation/rolled-in_scale/rolled-in_scale_281_bb02.png,rolled-in_scale,rolled-in_scale,0.8506958484649658,0.0159916952252388,0.0032537593506276608,0.00045486094313673675,0.1227206364274025,0.8506958484649658,0.006883204914629459
vit_b_16,/Users/admin/surface-defect-train/results/chips/validation/rolled-in_scale/rolled-in_scale_282_bb00.png,rolled-in_scale,crazing,0.9852316379547119,0.9852316379547119,0.0005254505667835474,0.005705618765205145,0.0052292682230472565,0.0023245711345225573,0.000983414240181446
vit_b_16,/Users/admin/surface-defect-train/results/chips/validation/rolled-in_scale/rolled-in_scale_282_bb01.png,rolled-in_scale,rolled-in_scale,0.9638380408287048,0.004881270695477724,0.006223789416253567,0.00013693975051864982,0.0244719460606575,0.9638380408287048,0.00044805125799030066
vit_b_16,/Users/admin/surface-defect-train/results/chips/validation/rolled-in_scale/rolled-in_scale_283_bb00.png,rolled-in_scale,crazing,0.8327906727790833,0.8327906727790833,0.0012552938424050808,0.0019498205510899425,0.026468148455023766,0.1364658921957016,0.0010701802093535662
vit_b_16,/Users/admin/surface-defect-train/results/chips/validation/rolled-in_scale/rolled-in_scale_283_bb01.png,rolled-in_scale,crazing,0.9734544157981873,0.9734544157981873,0.0009745370480231941,0.0049459547735750675,0.009812923148274422,0.00914887897670269,0.0016633848426863551
vit_b_16,/Users/admin/surface-defect-train/results/chips/validation/rolled-in_scale/rolled-in_scale_283_bb02.png,rolled-in_scale,rolled-in_scale,0.9189923405647278,0.027264194563031197,0.014257467351853848,0.00029330558027140796,0.03803450986742973,0.9189923405647278,0.0011582481674849987
vit_b_16,/Users/admin/surface-defect-train/results/chips/validation/rolled-in_scale/rolled-in_scale_284_bb00.png,rolled-in_scale,crazing,0.9533236026763916,0.9533236026763916,0.0016478034667670727,0.004419796168804169,0.018465526401996613,0.02145233377814293,0.0006909469375386834
vit_b_16,/Users/admin/surface-defect-train/results/chips/validation/rolled-in_scale/rolled-in_scale_285_bb00.png,rolled-in_scale,crazing,0.9828341007232666,0.9828341007232666,0.0007041647331789136,0.0043918355368077755,0.006320359650999308,0.004564098082482815,0.0011854778276756406
vit_b_16,/Users/admin/surface-defect-train/results/chips/validation/rolled-in_scale/rolled-in_scale_285_bb01.png,rolled-in_scale,crazing,0.9439418315887451,0.9439418315887451,0.0010797155555337667,0.0022958104964345694,0.016467105597257614,0.03332029655575752,0.002895352430641651
vit_b_16,/Users/admin/surface-defect-train/results/chips/validation/rolled-in_scale/rolled-in_scale_286_bb00.png,rolled-in_scale,rolled-in_scale,0.8678157925605774,0.016643043607473373,0.009390187449753284,0.0006135165458545089,0.1039530336856842,0.8678157925605774,0.0015844983281567693
vit_b_16,/Users/admin/surface-defect-train/results/chips/validation/rolled-in_scale/rolled-in_scale_286_bb01.png,rolled-in_scale,crazing,0.9405298233032227,0.9405298233032227,0.0011019312078133225,0.0023175752721726894,0.01783987134695053,0.03127189725637436,0.0069387927651405334
vit_b_16,/Users/admin/surface-defect-train/results/chips/validation/rolled-in_scale/rolled-in_scale_287_bb00.png,rolled-in_scale,crazing,0.9146120548248291,0.9146120548248291,0.001956935040652752,0.004445898346602917,0.030260512605309486,0.0479406900703907,0.0007837854791432619
vit_b_16,/Users/admin/surface-defect-train/results/chips/validation/rolled-in_scale/rolled-in_scale_287_bb01.png,rolled-in_scale,crazing,0.6261388659477234,0.6261388659477234,0.003454399760812521,0.0029428217094391584,0.06761224567890167,0.29901278018951416,0.0008388853748328984
vit_b_16,/Users/admin/surface-defect-train/results/chips/validation/rolled-in_scale/rolled-in_scale_288_bb00.png,rolled-in_scale,crazing,0.4806947410106659,0.4806947410106659,0.0029205966275185347,0.0019934591837227345,0.061069294810295105,0.45217081904411316,0.0011510994518175721
vit_b_16,/Users/admin/surface-defect-train/results/chips/validation/rolled-in_scale/rolled-in_scale_288_bb01.png,rolled-in_scale,rolled-in_scale,0.6585156917572021,0.2526519000530243,0.006998143624514341,0.0034895078279078007,0.07783371210098267,0.6585156917572021,0.0005109934136271477
vit_b_16,/Users/admin/surface-defect-train/results/chips/validation/rolled-in_scale/rolled-in_scale_289_bb00.png,rolled-in_scale,rolled-in_scale,0.8173449039459229,0.12575829029083252,0.0024066257756203413,0.0007029342232272029,0.05266505107283592,0.8173449039459229,0.0011221426539123058
vit_b_16,/Users/admin/surface-defect-train/results/chips/validation/rolled-in_scale/rolled-in_scale_289_bb01.png,rolled-in_scale,rolled-in_scale,0.7935664057731628,0.13721074163913727,0.0032051654998213053,0.0009310778696089983,0.0643581971526146,0.7935664057731628,0.0007284587481990457
vit_b_16,/Users/admin/surface-defect-train/results/chips/validation/rolled-in_scale/rolled-in_scale_290_bb00.png,rolled-in_scale,crazing,0.9762250185012817,0.9762250185012817,0.0010410003596916795,0.005132678896188736,0.00981650035828352,0.007187770679593086,0.0005968983168713748
vit_b_16,/Users/admin/surface-defect-train/results/chips/validation/rolled-in_scale/rolled-in_scale_290_bb01.png,rolled-in_scale,crazing,0.9831939935684204,0.9831939935684204,0.00037540518678724766,0.001676237559877336,0.005028360523283482,0.006989247631281614,0.0027367703150957823
vit_b_16,/Users/admin/surface-defect-train/results/chips/validation/rolled-in_scale/rolled-in_scale_291_bb00.png,rolled-in_scale,crazing,0.7411356568336487,0.7411356568336487,0.001276689232327044,0.002017929684370756,0.02700204588472843,0.22717233002185822,0.0013953190064057708
vit_b_16,/Users/admin/surface-defect-train/results/chips/validation/rolled-in_scale/rolled-in_scale_291_bb01.png,rolled-in_scale,crazing,0.9536037445068359,0.9536037445068359,0.002816340420395136,0.011069574393332005,0.019292157143354416,0.010818788781762123,0.002399387303739786
vit_b_16,/Users/admin/surface-defect-train/results/chips/validation/rolled-in_scale/rolled-in_scale_291_bb02.png,rolled-in_scale,crazing,0.8952164649963379,0.8952164649963379,0.0015748928999528289,0.002390138106420636,0.03766360878944397,0.06143217906355858,0.0017227252246811986
vit_b_16,/Users/admin/surface-defect-train/results/chips/validation/rolled-in_scale/rolled-in_scale_292_bb00.png,rolled-in_scale,crazing,0.7706104516983032,0.7706104516983032,0.003743552602827549,0.008079798892140388,0.05811474844813347,0.15825800597667694,0.0011934599606320262
vit_b_16,/Users/admin/surface-defect-train/results/chips/validation/rolled-in_scale/rolled-in_scale_292_bb01.png,rolled-in_scale,crazing,0.9757014513015747,0.9757014513015747,0.00043536530574783683,0.0025676023215055466,0.008488415740430355,0.011832939460873604,0.0009742039837874472
vit_b_16,/Users/admin/surface-defect-train/results/chips/validation/rolled-in_scale/rolled-in_scale_292_bb02.png,rolled-in_scale,rolled-in_scale,0.879004955291748,0.07854926586151123,0.0011843953980132937,0.0002744210360106081,0.04038223996758461,0.879004955291748,0.0006046776543371379
vit_b_16,/Users/admin/surface-defect-train/results/chips/validation/rolled-in_scale/rolled-in_scale_292_bb03.png,rolled-in_scale,rolled-in_scale,0.6468157768249512,0.24711710214614868,0.0052084424532949924,0.00194861413910985,0.08903326094150543,0.6468157768249512,0.00987681932747364
vit_b_16,/Users/admin/surface-defect-train/results/chips/validation/rolled-in_scale/rolled-in_scale_293_bb00.png,rolled-in_scale,crazing,0.9025323987007141,0.9025323987007141,0.0018316396744921803,0.0030968829523772,0.03262468799948692,0.05948107689619064,0.00043334337533451617
vit_b_16,/Users/admin/surface-defect-train/results/chips/validation/rolled-in_scale/rolled-in_scale_293_bb01.png,rolled-in_scale,crazing,0.9690836668014526,0.9690836668014526,0.0009269437869079411,0.003827638691291213,0.01388656534254551,0.011898977681994438,0.00037624771357513964
vit_b_16,/Users/admin/surface-defect-train/results/chips/validation/rolled-in_scale/rolled-in_scale_294_bb00.png,rolled-in_scale,rolled-in_scale,0.9185904264450073,0.030429530888795853,0.006449587643146515,0.0007163912523537874,0.04313875734806061,0.9185904264450073,0.0006753443158231676
vit_b_16,/Users/admin/surface-defect-train/results/chips/validation/rolled-in_scale/rolled-in_scale_294_bb01.png,rolled-in_scale,rolled-in_scale,0.9607458114624023,0.018658164888620377,0.0011501468252390623,0.0001566977152833715,0.019083188846707344,0.9607458114624023,0.00020602811127901077
vit_b_16,/Users/admin/surface-defect-train/results/chips/validation/rolled-in_scale/rolled-in_scale_295_bb00.png,rolled-in_scale,crazing,0.9772237539291382,0.9772237539291382,0.000689276959747076,0.0036364300176501274,0.00928693637251854,0.008607737720012665,0.0005558319971896708
vit_b_16,/Users/admin/surface-defect-train/results/chips/validation/rolled-in_scale/rolled-in_scale_295_bb01.png,rolled-in_scale,rolled-in_scale,0.9622419476509094,0.011990241706371307,0.002144237281754613,0.00019071677525062114,0.023288801312446594,0.9622419476509094,0.00014405822730623186
vit_b_16,/Users/admin/surface-defect-train/results/chips/validation/rolled-in_scale/rolled-in_scale_295_bb02.png,rolled-in_scale,rolled-in_scale,0.8267350196838379,0.10855723172426224,0.0068887025117874146,0.0005048726452514529,0.05648815259337425,0.8267350196838379,0.0008260812610387802
vit_b_16,/Users/admin/surface-defect-train/results/chips/validation/rolled-in_scale/rolled-in_scale_296_bb00.png,rolled-in_scale,rolled-in_scale,0.7131866812705994,0.19095152616500854,0.005764622241258621,0.0027350541204214096,0.08690635859966278,0.7131866812705994,0.00045582238817587495
vit_b_16,/Users/admin/surface-defect-train/results/chips/validation/rolled-in_scale/rolled-in_scale_297_bb00.png,rolled-in_scale,rolled-in_scale,0.5478999018669128,0.3871808648109436,0.0033207822125405073,0.0009824212174862623,0.057495247572660446,0.5478999018669128,0.003120752749964595
vit_b_16,/Users/admin/surface-defect-train/results/chips/validation/rolled-in_scale/rolled-in_scale_297_bb01.png,rolled-in_scale,crazing,0.8171535134315491,0.8171535134315491,0.0010881590424105525,0.001931592938490212,0.025764044374227524,0.1534242182970047,0.00063851079903543
vit_b_16,/Users/admin/surface-defect-train/results/chips/validation/rolled-in_scale/rolled-in_scale_298_bb00.png,rolled-in_scale,crazing,0.9862647652626038,0.9862647652626038,0.0005509311449714005,0.004300315864384174,0.00549708865582943,0.002537873573601246,0.00084892992163077
vit_b_16,/Users/admin/surface-defect-train/results/chips/validation/rolled-in_scale/rolled-in_scale_299_bb00.png,rolled-in_scale,crazing,0.9804036617279053,0.9804036617279053,0.00036212150007486343,0.002158369403332472,0.006796175613999367,0.009295469149947166,0.000984132755547762
vit_b_16,/Users/admin/surface-defect-train/results/chips/validation/rolled-in_scale/rolled-in_scale_299_bb01.png,rolled-in_scale,crazing,0.9320902228355408,0.9320902228355408,0.0022118601482361555,0.010056148283183575,0.02153751440346241,0.02918209508061409,0.004922161344438791
vit_b_16,/Users/admin/surface-defect-train/results/chips/validation/rolled-in_scale/rolled-in_scale_300_bb00.png,rolled-in_scale,rolled-in_scale,0.9163740277290344,0.014578549191355705,0.02829609252512455,0.0002648421796038747,0.03935256972908974,0.9163740277290344,0.001133929705247283
vit_b_16,/Users/admin/surface-defect-train/results/chips/validation/rolled-in_scale/rolled-in_scale_300_bb01.png,rolled-in_scale,crazing,0.8408056497573853,0.8408056497573853,0.0030857587698847055,0.001982601825147867,0.045757830142974854,0.10508584976196289,0.003282279008999467
vit_b_16,/Users/admin/surface-defect-train/results/chips/validation/scratches/scratches_241_bb00.png,scratches,scratches,0.7518337965011597,0.019063808023929596,0.009261945262551308,0.21715451776981354,0.0021224331576377153,0.0005635731504298747,0.7518337965011597
vit_b_16,/Users/admin/surface-defect-train/results/chips/validation/scratches/scratches_241_bb01.png,scratches,scratches,0.6277695298194885,0.01737337000668049,0.033624015748500824,0.31508970260620117,0.005225127562880516,0.0009182592038996518,0.6277695298194885
vit_b_16,/Users/admin/surface-defect-train/results/chips/validation/scratches/scratches_242_bb00.png,scratches,scratches,0.9770853519439697,0.00011474786879261956,0.0038802495691925287,0.018587371334433556,0.0002826793643180281,4.957240162184462e-05,0.9770853519439697
vit_b_16,/Users/admin/surface-defect-train/results/chips/validation/scratches/scratches_242_bb01.png,scratches,scratches,0.9745030403137207,0.00041673172381706536,0.010079437866806984,0.013947959989309311,0.0008876475621946156,0.00016514242452103645,0.9745030403137207
vit_b_16,/Users/admin/surface-defect-train/results/chips/validation/scratches/scratches_243_bb00.png,scratches,patches,0.6941242814064026,0.0029845130629837513,0.01651289500296116,0.6941242814064026,0.0022000144235789776,0.0001316351117566228,0.2840466797351837
vit_b_16,/Users/admin/surface-defect-train/results/chips/validation/scratches/scratches_243_bb01.png,scratches,scratches,0.9931421279907227,0.00020867965940851718,0.004088579211384058,0.001959561137482524,0.0005448271404020488,5.6190012401202694e-05,0.9931421279907227
vit_b_16,/Users/admin/surface-defect-train/results/chips/validation/scratches/scratches_243_bb02.png,scratches,scratches,0.9854398369789124,0.000489327241666615,0.008957398124039173,0.0006281450041569769,0.004029261413961649,0.0004560300731100142,0.9854398369789124
vit_b_16,/Users/admin/surface-defect-train/results/chips/validation/scratches/scratches_243_bb03.png,scratches,scratches,0.9918820261955261,0.00011941421689698473,0.006278196349740028,0.00017395323084201664,0.0013879716861993074,0.00015857454854995012,0.9918820261955261
vit_b_16,/Users/admin/surface-defect-train/results/chips/validation/scratches/scratches_244_bb00.png,scratches,scratches,0.8834959864616394,0.0028163259848952293,0.012529376894235611,0.09947273880243301,0.001422083587385714,0.00026352578424848616,0.8834959864616394
vit_b_16,/Users/admin/surface-defect-train/results/chips/validation/scratches/scratches_244_bb01.png,scratches,scratches,0.9839990735054016,0.0007945806137286127,0.009870145469903946,0.0021616797894239426,0.002782887779176235,0.0003916592395398766,0.9839990735054016
vit_b_16,/Users/admin/surface-defect-train/results/chips/validation/scratches/scratches_244_bb02.png,scratches,scratches,0.9058051705360413,0.0013305200263857841,0.02766161970794201,0.0010964983375743032,0.06099496781826019,0.0031111689750105143,0.9058051705360413
vit_b_16,/Users/admin/surface-defect-train/results/chips/validation/scratches/scratches_245_bb00.png,scratches,scratches,0.7691348791122437,0.009519683197140694,0.03641204908490181,0.0008875245694071054,0.1586403250694275,0.025405485183000565,0.7691348791122437
vit_b_16,/Users/admin/surface-defect-train/results/chips/validation/scratches/scratches_245_bb01.png,scratches,scratches,0.9806025624275208,0.00013294036034494638,0.005240234546363354,0.013538671657443047,0.0004288173804525286,5.6782748288242146e-05,0.9806025624275208
vit_b_16,/Users/admin/surface-defect-train/results/chips/validation/scratches/scratches_246_bb00.png,scratches,scratches,0.869917631149292,0.014445547014474869,0.04222353175282478,0.05541308969259262,0.015923194587230682,0.00207702349871397,0.869917631149292
vit_b_16,/Users/admin/surface-defect-train/results/chips/validation/scratches/scratches_247_bb00.png,scratches,scratches,0.980237603187561,0.0009233987075276673,0.014876543544232845,0.0007690675556659698,0.002834336133673787,0.0003591196145862341,0.980237603187561
vit_b_16,/Users/admin/surface-defect-train/results/chips/validation/scratches/scratches_247_bb01.png,scratches,patches,0.3246949315071106,0.29790133237838745,0.08357301354408264,0.3246949315071106,0.028205998241901398,0.0033837731461972,0.2622409760951996
vit_b_16,/Users/admin/surface-defect-train/results/chips/validation/scratches/scratches_248_bb00.png,scratches,scratches,0.9665851593017578,0.00016126144328154624,0.00630235904827714,0.026481730863451958,0.00040890745003707707,6.055083213141188e-05,0.9665851593017578
vit_b_16,/Users/admin/surface-defect-train/results/chips/validation/scratches/scratches_248_bb01.png,scratches,scratches,0.9896023869514465,0.00011960857955273241,0.004197601228952408,0.0006904905312694609,0.005192627664655447,0.00019719124247785658,0.9896023869514465
vit_b_16,/Users/admin/surface-defect-train/results/chips/validation/scratches/scratches_249_bb00.png,scratches,scratches,0.7750610113143921,0.0004577102663461119,0.006514324340969324,0.21752820909023285,0.0003555550647433847,8.308698306791484e-05,0.7750610113143921
vit_b_16,/Users/admin/surface-defect-train/results/chips/validation/scratches/scratches_250_bb00.png,scratches,scratches,0.9576781988143921,5.8521651226328686e-05,0.002273807767778635,0.03982474282383919,0.00013774489343632013,2.695922739803791e-05,0.9576781988143921
vit_b_16,/Users/admin/surface-defect-train/results/chips/validation/scratches/scratches_250_bb01.png,scratches,pitted_surface,0.3656012713909149,0.14675013720989227,0.04741742089390755,0.001790383132174611,0.3656012713909149,0.3028489649295807,0.13559181988239288
vit_b_16,/Users/admin/surface-defect-train/results/chips/validation/scratches/scratches_251_bb00.png,scratches,scratches,0.6901573538780212,0.02328457124531269,0.009855227544903755,0.273155152797699,0.0025821682065725327,0.0009654927998781204,0.6901573538780212
vit_b_16,/Users/admin/surface-defect-train/results/chips/validation/scratches/scratches_251_bb01.png,scratches,scratches,0.5487616062164307,0.3636440634727478,0.008663393557071686,0.07232040166854858,0.0033933355007320642,0.0032172526698559523,0.5487616062164307
vit_b_16,/Users/admin/surface-defect-train/results/chips/validation/scratches/scratches_252_bb00.png,scratches,scratches,0.8948937654495239,0.00888262502849102,0.00799450371414423,0.08632581681013107,0.0012450065696612,0.0006582665373571217,0.8948937654495239
vit_b_16,/Users/admin/surface-defect-train/results/chips/validation/scratches/scratches_252_bb01.png,scratches,crazing,0.5969393253326416,0.5969393253326416,0.006428308319300413,0.029081270098686218,0.005276033189147711,0.00341060571372509,0.35886457562446594
vit_b_16,/Users/admin/surface-defect-train/results/chips/validation/scratches/scratches_253_bb00.png,scratches,scratches,0.5598559379577637,0.0004851578560192138,0.0057570477947592735,0.4334709942340851,0.00033394849742762744,9.686625708127394e-05,0.5598559379577637
vit_b_16,/Users/admin/surface-defect-train/results/chips/validation/scratches/scratches_253_bb01.png,scratches,scratches,0.7226061820983887,0.10039599984884262,0.032272547483444214,0.13295994699001312,0.007831710390746593,0.003933596424758434,0.7226061820983887
vit_b_16,/Users/admin/surface-defect-train/results/chips/validation/scratches/scratches_254_bb00.png,scratches,scratches,0.9367328882217407,7.048955012578517e-05,0.002611086703836918,0.06037648022174835,0.00018005682795774192,2.896421756304335e-05,0.9367328882217407
vit_b_16,/Users/admin/surface-defect-train/results/chips/validation/scratches/scratches_255_bb00.png,scratches,patches,0.978675901889801,0.0006092511466704309,0.004557150881737471,0.978675901889801,0.0006054930854588747,4.64471013401635e-05,0.015505729243159294
vit_b_16,/Users/admin/surface-defect-train/results/chips/validation/scratches/scratches_256_bb00.png,scratches,patches,0.9552155137062073,0.00019609619630500674,0.0036542583256959915,0.9552155137062073,0.0005304356454871595,2.736158603511285e-05,0.04037640243768692
vit_b_16,/Users/admin/surface-defect-train/results/chips/validation/scratches/scratches_257_bb00.png,scratches,patches,0.9773984551429749,0.00010186836152570322,0.0023393866140395403,0.9773984551429749,0.000275604659691453,1.9374065232113935e-05,0.019865263253450394
vit_b_16,/Users/admin/surface-defect-train/results/chips/validation/scratches/scratches_258_bb00.png,scratches,patches,0.648445725440979,0.00018104362243320793,0.0046800472773611546,0.648445725440979,0.0004040583153255284,5.1419599913060665e-05,0.3462376892566681
vit_b_16,/Users/admin/surface-defect-train/results/chips/validation/scratches/scratches_259_bb00.png,scratches,patches,0.8676576018333435,8.02051872597076e-05,0.0032121981494128704,0.8676576018333435,0.00034447445068508387,3.1142895750235766e-05,0.12867438793182373
vit_b_16,/Users/admin/surface-defect-train/results/chips/validation/scratches/scratches_260_bb00.png,scratches,patches,0.5225729942321777,0.001023287302814424,0.004237656015902758,0.5225729942321777,0.002848160220310092,0.0002640244201757014,0.46905380487442017
vit_b_16,/Users/admin/surface-defect-train/results/chips/validation/scratches/scratches_260_bb01.png,scratches,scratches,0.5484420657157898,0.0039640809409320354,0.1490476280450821,0.0015256345504894853,0.2717897295951843,0.02523089572787285,0.5484420657157898
vit_b_16,/Users/admin/surface-defect-train/results/chips/validation/scratches/scratches_260_bb02.png,scratches,scratches,0.6141408085823059,0.02425805851817131,0.054896146059036255,0.005874244961887598,0.240245059132576,0.06058572232723236,0.6141408085823059
vit_b_16,/Users/admin/surface-defect-train/results/chips/validation/scratches/scratches_261_bb00.png,scratches,patches,0.8080991506576538,0.0023954238276928663,0.010649684816598892,0.8080991506576538,0.0025885682553052902,0.0002202253817813471,0.17604698240756989
vit_b_16,/Users/admin/surface-defect-train/results/chips/validation/scratches/scratches_262_bb00.png,scratches,scratches,0.7627621293067932,0.002270229859277606,0.02140575833618641,0.2109939306974411,0.0020201781298965216,0.0005477226222865283,0.7627621293067932
vit_b_16,/Users/admin/surface-defect-train/results/chips/validation/scratches/scratches_262_bb01.png,scratches,scratches,0.991058349609375,0.00010882548667723313,0.0038922263775020838,0.00044873717706650496,0.004324439913034439,0.00016750485519878566,0.991058349609375
vit_b_16,/Users/admin/surface-defect-train/results/chips/validation/scratches/scratches_263_bb00.png,scratches,patches,0.5080976486206055,0.007005550432950258,0.013332224451005459,0.5080976486206055,0.0029062062967568636,0.0005996283725835383,0.4680587947368622
vit_b_16,/Users/admin/surface-defect-train/results/chips/validation/scratches/scratches_263_bb01.png,scratches,scratches,0.9815537929534912,0.0006646704277954996,0.005179090425372124,0.0006174111622385681,0.011464100331068039,0.0005209605442360044,0.9815537929534912
vit_b_16,/Users/admin/surface-defect-train/results/chips/validation/scratches/scratches_264_bb00.png,scratches,scratches,0.9621998071670532,0.0006679251091554761,0.003167102811858058,0.03230658173561096,0.0013387996004894376,0.0003197836922481656,0.9621998071670532
vit_b_16,/Users/admin/surface-defect-train/results/chips/validation/scratches/scratches_264_bb01.png,scratches,patches,0.6986352205276489,0.002071552677080035,0.008780675008893013,0.6986352205276489,0.0007028764812275767,0.00013529595162253827,0.28967443108558655
vit_b_16,/Users/admin/surface-defect-train/results/chips/validation/scratches/scratches_264_bb02.png,scratches,patches,0.5277228951454163,0.05587654560804367,0.04656054452061653,0.5277228951454163,0.026703841984272003,0.007455276325345039,0.33568090200424194
vit_b_16,/Users/admin/surface-defect-train/results/chips/validation/scratches/scratches_265_bb00.png,scratches,scratches,0.8690844178199768,0.0013889411929994822,0.00561803113669157,0.12307271361351013,0.0005651525571011007,0.0002706927771214396,0.8690844178199768
vit_b_16,/Users/admin/surface-defect-train/results/chips/validation/scratches/scratches_265_bb01.png,scratches,scratches,0.6329527497291565,0.004720086697489023,0.003256164025515318,0.35603007674217224,0.002571715507656336,0.0004693061055149883,0.6329527497291565
vit_b_16,/Users/admin/surface-defect-train/results/chips/validation/scratches/scratches_266_bb00.png,scratches,scratches,0.9943639039993286,4.875188096775673e-05,0.0010006699012592435,0.004350245930254459,0.0002022023982135579,3.4236163628520444e-05,0.9943639039993286
vit_b_16,/Users/admin/surface-defect-train/results/chips/validation/scratches/scratches_266_bb01.png,scratches,scratches,0.7180984020233154,0.0022361979354172945,0.0033094738610088825,0.2749166786670685,0.0011829073773697019,0.00025637730141170323,0.7180984020233154
vit_b_16,/Users/admin/surface-defect-train/results/chips/validation/scratches/scratches_267_bb00.png,scratches,patches,0.7934591174125671,0.0038370643742382526,0.0022144000977277756,0.7934591174125671,0.004117471631616354,0.00042203618795610964,0.19594989717006683
vit_b_16,/Users/admin/surface-defect-train/results/chips/validation/scratches/scratches_267_bb01.png,scratches,scratches,0.9242801070213318,0.0002468879974912852,0.005575427319854498,0.06944038718938828,0.0003735214122571051,8.370129216928035e-05,0.9242801070213318
vit_b_16,/Users/admin/surface-defect-train/results/chips/validation/scratches/scratches_268_bb00.png,scratches,scratches,0.8393934965133667,0.00027664858498610556,0.009687156416475773,0.15000323951244354,0.0005288732354529202,0.00011062044359277934,0.8393934965133667
vit_b_16,/Users/admin/surface-defect-train/results/chips/validation/scratches/scratches_268_bb01.png,scratches,scratches,0.8402664661407471,0.0007246903842315078,0.00929275806993246,0.14897805452346802,0.0006316420622169971,0.00010637513332767412,0.8402664661407471
vit_b_16,/Users/admin/surface-defect-train/results/chips/validation/scratches/scratches_269_bb00.png,scratches,scratches,0.5994311571121216,0.004031371790915728,0.00391518184915185,0.3886829912662506,0.0033951520454138517,0.0005441461689770222,0.5994311571121216
vit_b_16,/Users/admin/surface-defect-train/results/chips/validation/scratches/scratches_269_bb01.png,scratches,scratches,0.9681124091148376,0.00015891817747615278,0.0034923898056149483,0.02779313363134861,0.00038049265276640654,6.262357055675238e-05,0.9681124091148376
vit_b_16,/Users/admin/surface-defect-train/results/chips/validation/scratches/scratches_269_bb02.png,scratches,scratches,0.6249688267707825,0.005370378028601408,0.012987328693270683,0.35515904426574707,0.0011593794915825129,0.00035500177182257175,0.6249688267707825
vit_b_16,/Users/admin/surface-defect-train/results/chips/validation/scratches/scratches_270_bb00.png,scratches,patches,0.7818558216094971,0.006184970494359732,0.003133099991828203,0.7818558216094971,0.002110131084918976,0.0003708672011271119,0.20634505152702332
vit_b_16,/Users/admin/surface-defect-train/results/chips/validation/scratches/scratches_270_bb01.png,scratches,patches,0.5047981142997742,0.047472111880779266,0.010480374097824097,0.5047981142997742,0.012836374342441559,0.0039350176230072975,0.4204780161380768
vit_b_16,/Users/admin/surface-defect-train/results/chips/validation/scratches/scratches_271_bb00.png,scratches,patches,0.6069886088371277,0.006865060422569513,0.009021516889333725,0.6069886088371277,0.002817458240315318,0.0007619846728630364,0.373545378446579
vit_b_16,/Users/admin/surface-defect-train/results/chips/validation/scratches/scratches_271_bb01.png,scratches,scratches,0.9853540658950806,0.0002626666391734034,0.0028555961325764656,0.009811704978346825,0.0015131046529859304,0.00020272695110179484,0.9853540658950806
vit_b_16,/Users/admin/surface-defect-train/results/chips/validation/scratches/scratches_271_bb02.png,scratches,scratches,0.8754252195358276,0.0005042693810537457,0.004353371914476156,0.11782461404800415,0.0014729752438142896,0.00041960179805755615,0.8754252195358276
vit_b_16,/Users/admin/surface-defect-train/results/chips/validation/scratches/scratches_271_bb03.png,scratches,scratches,0.9064528346061707,0.0012517604045569897,0.004998556338250637,0.08659385144710541,0.0005109832272864878,0.00019205825810786337,0.9064528346061707
vit_b_16,/Users/admin/surface-defect-train/results/chips/validation/scratches/scratches_272_bb00.png,scratches,scratches,0.9920885562896729,0.0004944707616232336,0.0012546449434012175,0.004807557910680771,0.0011731042759492993,0.00018157102749682963,0.9920885562896729
vit_b_16,/Users/admin/surface-defect-train/results/chips/validation/scratches/scratches_272_bb01.png,scratches,scratches,0.890799880027771,0.0002726403472479433,0.00691204471513629,0.1015440821647644,0.00039353774627670646,7.78764660935849e-05,0.890799880027771
vit_b_16,/Users/admin/surface-defect-train/results/chips/validation/scratches/scratches_273_bb00.png,scratches,scratches,0.8108702898025513,0.003107249503955245,0.009111509658396244,0.17583127319812775,0.0007449920522049069,0.0003347619203850627,0.8108702898025513
vit_b_16,/Users/admin/surface-defect-train/results/chips/validation/scratches/scratches_273_bb01.png,scratches,scratches,0.8219491243362427,0.0018895060056820512,0.009670261293649673,0.15701287984848022,0.008925695903599262,0.000552619167137891,0.8219491243362427
vit_b_16,/Users/admin/surface-defect-train/results/chips/validation/scratches/scratches_273_bb02.png,scratches,scratches,0.9945957064628601,0.00018582536722533405,0.0011675120331346989,0.003282037563621998,0.0006073290132917464,0.00016161732492037117,0.9945957064628601
vit_b_16,/Users/admin/surface-defect-train/results/chips/validation/scratches/scratches_274_bb00.png,scratches,scratches,0.8622539043426514,0.030555611476302147,0.008486232720315456,0.09300070255994797,0.0033491579815745354,0.0023543413262814283,0.8622539043426514
vit_b_16,/Users/admin/surface-defect-train/results/chips/validation/scratches/scratches_274_bb01.png,scratches,scratches,0.6988805532455444,0.11247938871383667,0.002489832928404212,0.14176757633686066,0.0347159281373024,0.009666706435382366,0.6988805532455444
vit_b_16,/Users/admin/surface-defect-train/results/chips/validation/scratches/scratches_274_bb02.png,scratches,scratches,0.4963298738002777,0.040093597024679184,0.005158228799700737,0.44733408093452454,0.008950152434408665,0.0021340050734579563,0.4963298738002777
vit_b_16,/Users/admin/surface-defect-train/results/chips/validation/scratches/scratches_275_bb00.png,scratches,patches,0.5782471895217896,0.006485814228653908,0.0046542431227862835,0.5782471895217896,0.002903008833527565,0.0005976445972919464,0.40711215138435364
vit_b_16,/Users/admin/surface-defect-train/results/chips/validation/scratches/scratches_275_bb01.png,scratches,scratches,0.9140071868896484,0.00020852193119935691,0.006672904826700687,0.07850555330514908,0.0005074939108453691,9.830125054577366e-05,0.9140071868896484
vit_b_16,/Users/admin/surface-defect-train/results/chips/validation/scratches/scratches_275_bb02.png,scratches,patches,0.7010842561721802,0.018795525655150414,0.01117826160043478,0.7010842561721802,0.0018395071383565664,0.0004908606642857194,0.26661163568496704
vit_b_16,/Users/admin/surface-defect-train/results/chips/validation/scratches/scratches_275_bb03.png,scratches,scratches,0.6199654936790466,0.012416730634868145,0.007581848651170731,0.35112887620925903,0.007224756292998791,0.0016824024496600032,0.6199654936790466
vit_b_16,/Users/admin/surface-defect-train/results/chips/validation/scratches/scratches_276_bb00.png,scratches,scratches,0.9830499291419983,0.00014827423729002476,0.004750723019242287,0.0007959033828228712,0.01085306704044342,0.0004021147615276277,0.9830499291419983
vit_b_16,/Users/admin/surface-defect-train/results/chips/validation/scratches/scratches_276_bb01.png,scratches,scratches,0.7799549102783203,0.0012351758778095245,0.01776409149169922,0.19909635186195374,0.0016939184861257672,0.00025546044344082475,0.7799549102783203
vit_b_16,/Users/admin/surface-defect-train/results/chips/validation/scratches/scratches_277_bb00.png,scratches,scratches,0.6151184439659119,0.0006460457807406783,0.011843928135931492,0.3713379502296448,0.0008950539049692452,0.00015859068662393838,0.6151184439659119
vit_b_16,/Users/admin/surface-defect-train/results/chips/validation/scratches/scratches_277_bb01.png,scratches,scratches,0.9954583644866943,6.7188884713687e-05,0.002542132278904319,0.0008110739290714264,0.0010428806999698281,7.838578312657773e-05,0.9954583644866943
vit_b_16,/Users/admin/surface-defect-train/results/chips/validation/scratches/scratches_278_bb00.png,scratches,scratches,0.5224301218986511,0.0014761417405679822,0.018671546131372452,0.4554907977581024,0.0016372116515412927,0.0002942014834843576,0.5224301218986511
vit_b_16,/Users/admin/surface-defect-train/results/chips/validation/scratches/scratches_278_bb01.png,scratches,scratches,0.9961161613464355,5.722652349504642e-05,0.0019673495553433895,0.00021476561960298568,0.001567057566717267,7.734489918220788e-05,0.9961161613464355
vit_b_16,/Users/admin/surface-defect-train/results/chips/validation/scratches/scratches_278_bb02.png,scratches,scratches,0.698665976524353,0.055940765887498856,0.012653782963752747,0.2174777388572693,0.013292121700942516,0.001969618257135153,0.698665976524353
vit_b_16,/Users/admin/surface-defect-train/results/chips/validation/scratches/scratches_279_bb00.png,scratches,crazing,0.49949267506599426,0.49949267506599426,0.0025712877977639437,0.3234553039073944,0.025468695908784866,0.008571148850023746,0.14044088125228882
vit_b_16,/Users/admin/surface-defect-train/results/chips/validation/scratches/scratches_279_bb01.png,scratches,scratches,0.8026335835456848,0.00964868813753128,0.00905377697199583,0.1757650077342987,0.002364703454077244,0.000534247956238687,0.8026335835456848
vit_b_16,/Users/admin/surface-defect-train/results/chips/validation/scratches/scratches_280_bb00.png,scratches,patches,0.7111262083053589,0.011096013709902763,0.008230062201619148,0.7111262083053589,0.026298275217413902,0.003600512398406863,0.2396489381790161
vit_b_16,/Users/admin/surface-defect-train/results/chips/validation/scratches/scratches_280_bb01.png,scratches,scratches,0.7643905878067017,0.0016544401878491044,0.009114611893892288,0.22339220345020294,0.0012009888887405396,0.0002471500774845481,0.7643905878067017
vit_b_16,/Users/admin/surface-defect-train/results/chips/validation/scratches/scratches_281_bb00.png,scratches,scratches,0.7909834980964661,0.004203923512250185,0.012334919534623623,0.19047193229198456,0.001555779715999961,0.00044999923557043076,0.7909834980964661
vit_b_16,/Users/admin/surface-defect-train/results/chips/validation/scratches/scratches_282_bb00.png,scratches,patches,0.9421248435974121,0.005338167306035757,0.01287029031664133,0.9421248435974121,0.0027991184033453465,0.00010499301424715668,0.036762598901987076
vit_b_16,/Users/admin/surface-defect-train/results/chips/validation/scratches/scratches_283_bb00.png,scratches,patches,0.9230352640151978,0.003376823151484132,0.010720907710492611,0.9230352640151978,0.0015864252345636487,9.092786785913631e-05,0.0611896812915802
vit_b_16,/Users/admin/surface-defect-train/results/chips/validation/scratches/scratches_283_bb01.png,scratches,scratches,0.9932295083999634,0.0002265845105284825,0.0034640838857740164,0.0018971895333379507,0.0010730494977906346,0.00010953201854135841,0.9932295083999634
vit_b_16,/Users/admin/surface-defect-train/results/chips/validation/scratches/scratches_284_bb00.png,scratches,patches,0.8524159789085388,0.0017661398742347956,0.012291212566196918,0.8524159789085388,0.001763015752658248,8.072004857240245e-05,0.1316828727722168
vit_b_16,/Users/admin/surface-defect-train/results/chips/validation/scratches/scratches_284_bb01.png,scratches,scratches,0.9950630068778992,7.033921428956091e-05,0.003843197599053383,0.00034341018181294203,0.0006237556808628142,5.636240530293435e-05,0.9950630068778992
vit_b_16,/Users/admin/surface-defect-train/results/chips/validation/scratches/scratches_285_bb00.png,scratches,patches,0.7204075455665588,0.004415588453412056,0.03219267353415489,0.7204075455665588,0.0063020712696015835,0.0002195034030592069,0.2364625781774521
vit_b_16,/Users/admin/surface-defect-train/results/chips/validation/scratches/scratches_285_bb01.png,scratches,scratches,0.9966974258422852,3.96451614506077e-05,0.0021182545460760593,0.000557450286578387,0.0005533163785003126,3.398644912522286e-05,0.9966974258422852
vit_b_16,/Users/admin/surface-defect-train/results/chips/validation/scratches/scratches_286_bb00.png,scratches,scratches,0.9636402726173401,0.0007143772090785205,0.014882546849548817,0.01903592050075531,0.001596843940205872,0.0001301092270296067,0.9636402726173401
vit_b_16,/Users/admin/surface-defect-train/results/chips/validation/scratches/scratches_287_bb00.png,scratches,patches,0.6098111867904663,0.00017543167632538825,0.010443250648677349,0.6098111867904663,0.0005845297127962112,0.00011511927004903555,0.37887048721313477
vit_b_16,/Users/admin/surface-defect-train/results/chips/validation/scratches/scratches_288_bb00.png,scratches,scratches,0.833135187625885,0.00019474308646749705,0.008366165682673454,0.15740343928337097,0.0008357058395631611,6.482673052232713e-05,0.833135187625885
vit_b_16,/Users/admin/surface-defect-train/results/chips/validation/scratches/scratches_289_bb00.png,scratches,scratches,0.9732165336608887,7.477204053429887e-05,0.0018590110121294856,0.024430548772215843,0.00035064356052316725,6.850693171145394e-05,0.9732165336608887
vit_b_16,/Users/admin/surface-defect-train/results/chips/validation/scratches/scratches_290_bb00.png,scratches,scratches,0.9887682795524597,0.00013532358570955694,0.00016349143697880208,0.0009876085678115487,0.009497915394604206,0.00044745224295184016,0.9887682795524597
vit_b_16,/Users/admin/surface-defect-train/results/chips/validation/scratches/scratches_290_bb01.png,scratches,scratches,0.9975069165229797,5.2666422561742365e-05,0.0001416034938301891,0.0008112043724395335,0.001339518465101719,0.00014811259461566806,0.9975069165229797
vit_b_16,/Users/admin/surface-defect-train/results/chips/validation/scratches/scratches_291_bb00.png,scratches,scratches,0.8632794618606567,0.0007621338590979576,0.000717317161615938,0.018979152664542198,0.11305712163448334,0.0032048881985247135,0.8632794618606567
vit_b_16,/Users/admin/surface-defect-train/results/chips/validation/scratches/scratches_292_bb00.png,scratches,scratches,0.8381127119064331,0.00113298324868083,0.0016878695460036397,0.15682196617126465,0.0019263385329395533,0.0003180108324158937,0.8381127119064331
vit_b_16,/Users/admin/surface-defect-train/results/chips/validation/scratches/scratches_292_bb01.png,scratches,scratches,0.6573337912559509,0.16599243879318237,0.001609264058060944,0.14140014350414276,0.014445213600993156,0.01921910233795643,0.6573337912559509
vit_b_16,/Users/admin/surface-defect-train/results/chips/validation/scratches/scratches_293_bb00.png,scratches,scratches,0.9932312965393066,0.00025759459822438657,0.0002281571796629578,0.0013948733685538173,0.004192773252725601,0.0006952799158170819,0.9932312965393066
vit_b_16,/Users/admin/surface-defect-train/results/chips/validation/scratches/scratches_293_bb01.png,scratches,scratches,0.9929431080818176,6.058565850253217e-05,0.0007614920032210648,0.005839984398335218,0.00031935670995153487,7.54377615521662e-05,0.9929431080818176
vit_b_16,/Users/admin/surface-defect-train/results/chips/validation/scratches/scratches_294_bb00.png,scratches,scratches,0.6182494759559631,0.005638536531478167,0.0024010410998016596,0.37128281593322754,0.0019445772049948573,0.00048351066652685404,0.6182494759559631
vit_b_16,/Users/admin/surface-defect-train/results/chips/validation/scratches/scratches_294_bb01.png,scratches,patches,0.7295647859573364,0.05944397673010826,0.003129382850602269,0.7295647859573364,0.005484872497618198,0.0015346300788223743,0.20084238052368164
vit_b_16,/Users/admin/surface-defect-train/results/chips/validation/scratches/scratches_294_bb02.png,scratches,patches,0.8929286003112793,0.04185289517045021,0.0021379191894084215,0.8929286003112793,0.009239325299859047,0.0010936440667137504,0.05274755135178566
vit_b_16,/Users/admin/surface-defect-train/results/chips/validation/scratches/scratches_295_bb00.png,scratches,patches,0.9326357245445251,0.005007416475564241,0.0012242282973602414,0.9326357245445251,0.0020080222748219967,0.0003566443338058889,0.05876794829964638
vit_b_16,/Users/admin/surface-defect-train/results/chips/validation/scratches/scratches_295_bb01.png,scratches,scratches,0.9730221629142761,0.00035640987334772944,0.0017154644010588527,0.02412392757833004,0.000564833520911634,0.0002171757078031078,0.9730221629142761
vit_b_16,/Users/admin/surface-defect-train/results/chips/validation/scratches/scratches_295_bb02.png,scratches,patches,0.9028421640396118,0.005323054268956184,0.0020233863033354282,0.9028421640396118,0.004604808520525694,0.0004486852849368006,0.0847579687833786
vit_b_16,/Users/admin/surface-defect-train/results/chips/validation/scratches/scratches_295_bb03.png,scratches,scratches,0.9685047268867493,8.852688188198954e-05,0.0022775433026254177,0.028216538950800896,0.0008045968716032803,0.00010804986231960356,0.9685047268867493
vit_b_16,/Users/admin/surface-defect-train/results/chips/validation/scratches/scratches_296_bb00.png,scratches,patches,0.9679856300354004,0.0012387679889798164,0.001523440470919013,0.9679856300354004,0.0011236424325034022,9.934983972925693e-05,0.02802916429936886
vit_b_16,/Users/admin/surface-defect-train/results/chips/validation/scratches/scratches_296_bb01.png,scratches,scratches,0.9960377216339111,6.068696893635206e-05,0.0007064231322146952,0.002594857709482312,0.0005290958215482533,7.123181421775371e-05,0.9960377216339111
vit_b_16,/Users/admin/surface-defect-train/results/chips/validation/scratches/scratches_296_bb02.png,scratches,scratches,0.9704121947288513,0.0006540659815073013,0.0007682813447900116,0.010646951384842396,0.015818053856492043,0.0017005401896312833,0.9704121947288513
vit_b_16,/Users/admin/surface-defect-train/results/chips/validation/scratches/scratches_296_bb03.png,scratches,scratches,0.9763280749320984,0.0008490282343700528,0.0003899755538441241,0.00601342786103487,0.01476261205971241,0.0016568920109421015,0.9763280749320984
vit_b_16,/Users/admin/surface-defect-train/results/chips/validation/scratches/scratches_296_bb04.png,scratches,scratches,0.9893531799316406,5.670728933182545e-05,0.0008066336740739644,0.009390612132847309,0.0003164357040077448,7.647227903362364e-05,0.9893531799316406
vit_b_16,/Users/admin/surface-defect-train/results/chips/validation/scratches/scratches_297_bb00.png,scratches,scratches,0.9927566647529602,4.79898153571412e-05,0.0006492783431895077,0.006131693255156279,0.0003324875724501908,8.197029092116281e-05,0.9927566647529602
vit_b_16,/Users/admin/surface-defect-train/results/chips/validation/scratches/scratches_297_bb01.png,scratches,patches,0.4272429943084717,0.0445018894970417,0.003818199271336198,0.4272429943084717,0.2978942096233368,0.021901000291109085,0.20464172959327698
vit_b_16,/Users/admin/surface-defect-train/results/chips/validation/scratches/scratches_298_bb00.png,scratches,crazing,0.5620378851890564,0.5620378851890564,0.0018443595618009567,0.24050311744213104,0.008430656045675278,0.003477873047813773,0.1837061196565628
vit_b_16,/Users/admin/surface-defect-train/results/chips/validation/scratches/scratches_299_bb00.png,scratches,patches,0.7036154866218567,0.00593333737924695,0.0021144477650523186,0.7036154866218567,0.002885682974010706,0.0008576753898523748,0.2845934331417084
vit_b_16,/Users/admin/surface-defect-train/results/chips/validation/scratches/scratches_300_bb00.png,scratches,scratches,0.7197872400283813,0.0009943346958607435,0.0033085576724261045,0.270375519990921,0.004988947883248329,0.0005453465855680406,0.7197872400283813
vit_b_16,/Users/admin/surface-defect-train/results/chips/validation/scratches/scratches_300_bb01.png,scratches,scratches,0.9888210296630859,0.00016386903007514775,0.001198683981783688,0.00913149118423462,0.0005829180008731782,0.00010203807323705405,0.9888210296630859
