chip_path,true_label,pred_label,confidence,prob_crazing,prob_inclusion,prob_patches,prob_pitted_surface,prob_rolled-in_scale,prob_scratches
/Users/christopherbrantner/local/work/projects/toyVisionModel/outputs/chips/validation/crazing/crazing_241_bb00.png,crazing,crazing,0.9990530610084534,0.9990530610084534,0.000395354931242764,0.0005365004763007164,1.6129531559272436e-06,1.803850068426982e-06,1.1635702321655117e-05
/Users/christopherbrantner/local/work/projects/toyVisionModel/outputs/chips/validation/crazing/crazing_241_bb01.png,crazing,crazing,0.9996180534362793,0.9996180534362793,6.188558472786099e-05,0.000319634098559618,5.9250620410011834e-08,6.449430856036997e-08,2.2672961108582967e-07
/Users/christopherbrantner/local/work/projects/toyVisionModel/outputs/chips/validation/crazing/crazing_241_bb02.png,crazing,crazing,0.998829185962677,0.998829185962677,0.0005646536592394114,0.00043597407056950033,0.0001361264439765364,2.3055086785461754e-05,1.086835254682228e-05
/Users/christopherbrantner/local/work/projects/toyVisionModel/outputs/chips/validation/crazing/crazing_242_bb00.png,crazing,crazing,0.9930559992790222,0.9930559992790222,0.00466763274744153,0.0006540017202496529,5.630249870591797e-05,3.553711576387286e-05,0.0015304642729461193
/Users/christopherbrantner/local/work/projects/toyVisionModel/outputs/chips/validation/crazing/crazing_242_bb01.png,crazing,crazing,0.9997405409812927,0.9997405409812927,6.292620673775673e-05,0.00019564430112950504,3.621237283368828e-07,2.0172701908904855e-07,2.756040373697033e-07
/Users/christopherbrantner/local/work/projects/toyVisionModel/outputs/chips/validation/crazing/crazing_242_bb02.png,crazing,crazing,0.9993391633033752,0.9993391633033752,0.0003710382734425366,0.0002694595023058355,4.308180450607324e-06,4.9461414164397866e-06,1.104882812796859e-05
/Users/christopherbrantner/local/work/projects/toyVisionModel/outputs/chips/validation/crazing/crazing_243_bb00.png,crazing,crazing,0.9982619881629944,0.9982619881629944,0.000616147299297154,0.0011002800893038511,1.7032987216225592e-06,1.7533211575937457e-06,1.8126360373571515e-05
/Users/christopherbrantner/local/work/projects/toyVisionModel/outputs/chips/validation/crazing/crazing_243_bb01.png,crazing,crazing,0.999798595905304,0.999798595905304,9.164120274363086e-05,0.00010859956819331273,1.9407259799208987e-07,2.786722461678437e-07,7.66844721056259e-07
/Users/christopherbrantner/local/work/projects/toyVisionModel/outputs/chips/validation/crazing/crazing_243_bb02.png,crazing,crazing,0.999413013458252,0.999413013458252,0.00021437735995277762,0.0003518963640090078,9.219828825735021e-06,8.20125569589436e-06,3.2563748391112313e-06
/Users/christopherbrantner/local/work/projects/toyVisionModel/outputs/chips/validation/crazing/crazing_243_bb03.png,crazing,crazing,0.991985559463501,0.991985559463501,0.004066199529916048,0.0029999036341905594,2.6951063773594797e-05,1.585681820870377e-05,0.0009055706323124468
/Users/christopherbrantner/local/work/projects/toyVisionModel/outputs/chips/validation/crazing/crazing_244_bb00.png,crazing,crazing,0.9988616704940796,0.9988616704940796,0.0009393504587933421,0.0001114205369958654,2.169140861951746e-05,1.6614891137578525e-05,4.922430889564566e-05
/Users/christopherbrantner/local/work/projects/toyVisionModel/outputs/chips/validation/crazing/crazing_244_bb01.png,crazing,crazing,0.9997836947441101,0.9997836947441101,0.0001399937755195424,7.323925819946453e-05,1.6325688534379879e-07,2.9431225812004413e-07,2.6023731152235996e-06
/Users/christopherbrantner/local/work/projects/toyVisionModel/outputs/chips/validation/crazing/crazing_244_bb02.png,crazing,crazing,0.9984310269355774,0.9984310269355774,0.0012039110297337174,0.00020082182891201228,3.973734055762179e-05,3.4792788937920704e-05,8.970624185167253e-05
/Users/christopherbrantner/local/work/projects/toyVisionModel/outputs/chips/validation/crazing/crazing_245_bb00.png,crazing,crazing,0.9999595880508423,0.9999595880508423,8.903925845515914e-06,3.1440973543794826e-05,2.6999366298241512e-08,5.0355996705775397e-08,9.71631486379465e-09
/Users/christopherbrantner/local/work/projects/toyVisionModel/outputs/chips/validation/crazing/crazing_245_bb01.png,crazing,crazing,0.9981178045272827,0.9981178045272827,0.001320613082498312,0.00028154317988082767,0.00014383590314537287,1.791883187252097e-05,0.00011827173148049042
/Users/christopherbrantner/local/work/projects/toyVisionModel/outputs/chips/validation/crazing/crazing_246_bb00.png,crazing,crazing,0.9959388971328735,0.9959388971328735,0.0027160425670444965,0.0007361111347563565,4.430207991390489e-05,3.76822536054533e-05,0.0005270167021080852
/Users/christopherbrantner/local/work/projects/toyVisionModel/outputs/chips/validation/crazing/crazing_246_bb01.png,crazing,crazing,0.9987732768058777,0.9987732768058777,0.0005412374739535153,0.0006665861001238227,5.702958105757716e-07,7.01311364537105e-07,1.751493437041063e-05
/Users/christopherbrantner/local/work/projects/toyVisionModel/outputs/chips/validation/crazing/crazing_246_bb02.png,crazing,crazing,0.9852088689804077,0.9852088689804077,0.007444001734256744,0.0007440548506565392,3.9918519178172573e-05,5.2882791351294145e-05,0.006510335952043533
/Users/christopherbrantner/local/work/projects/toyVisionModel/outputs/chips/validation/crazing/crazing_246_bb03.png,crazing,crazing,0.9955588579177856,0.9955588579177856,0.0029782457277178764,0.000460644718259573,0.00017391952860634774,7.657784590264782e-05,0.000751794723328203
/Users/christopherbrantner/local/work/projects/toyVisionModel/outputs/chips/validation/crazing/crazing_247_bb00.png,crazing,crazing,0.9995853304862976,0.9995853304862976,0.00013937205949332565,0.00027316546766087413,1.1748021933044583e-07,3.2960241469481844e-07,1.7410943655704614e-06
/Users/christopherbrantner/local/work/projects/toyVisionModel/outputs/chips/validation/crazing/crazing_247_bb01.png,crazing,crazing,0.9985211491584778,0.9985211491584778,0.00029715639539062977,0.001168589573353529,6.541878065036144e-06,2.6268889996572398e-06,4.0059094317257404e-06
/Users/christopherbrantner/local/work/projects/toyVisionModel/outputs/chips/validation/crazing/crazing_247_bb02.png,crazing,crazing,0.9993639588356018,0.9993639588356018,0.0002863284316845238,0.00033363825059495866,5.405225692811655e-06,4.7074408939806744e-06,5.8577561503625475e-06
/Users/christopherbrantner/local/work/projects/toyVisionModel/outputs/chips/validation/crazing/crazing_248_bb00.png,crazing,crazing,0.9997902512550354,0.9997902512550354,8.949155744630843e-05,0.00011690703831845894,1.456691961720935e-06,9.627851795812603e-07,9.004965590975189e-07
/Users/christopherbrantner/local/work/projects/toyVisionModel/outputs/chips/validation/crazing/crazing_248_bb01.png,crazing,crazing,0.999405026435852,0.999405026435852,0.0001335359556833282,0.0004595406062435359,3.788947111615926e-08,1.5611152548444807e-07,1.8095122413797071e-06
/Users/christopherbrantner/local/work/projects/toyVisionModel/outputs/chips/validation/crazing/crazing_248_bb02.png,crazing,crazing,0.9996488094329834,0.9996488094329834,0.0002753067819867283,6.708635919494554e-05,6.66878690935846e-07,1.0388130249339156e-06,7.019793429208221e-06
/Users/christopherbrantner/local/work/projects/toyVisionModel/outputs/chips/validation/crazing/crazing_249_bb00.png,crazing,crazing,0.9964141249656677,0.9964141249656677,0.0016260320553556085,0.0018237234326079488,9.462623893341515e-06,4.492626885621576e-06,0.00012215912283863872
/Users/christopherbrantner/local/work/projects/toyVisionModel/outputs/chips/validation/crazing/crazing_249_bb01.png,crazing,crazing,0.9999356269836426,0.9999356269836426,2.9400320272543468e-05,3.3170457754749805e-05,5.286014470584632e-07,1.161779778158234e-06,9.872689332723894e-08
/Users/christopherbrantner/local/work/projects/toyVisionModel/outputs/chips/validation/crazing/crazing_249_bb02.png,crazing,crazing,0.9989763498306274,0.9989763498306274,0.0004256481770426035,0.000528582138940692,5.801940642413683e-05,3.3819785585365025e-06,8.023413101909682e-06
/Users/christopherbrantner/local/work/projects/toyVisionModel/outputs/chips/validation/crazing/crazing_250_bb00.png,crazing,crazing,0.9901219010353088,0.9901219010353088,0.006100219674408436,0.0008163065649569035,4.724217069451697e-05,5.504250293597579e-05,0.0028593293391168118
/Users/christopherbrantner/local/work/projects/toyVisionModel/outputs/chips/validation/crazing/crazing_250_bb01.png,crazing,crazing,0.9998660087585449,0.9998660087585449,8.280409383587539e-05,4.768544386024587e-05,1.3285085742609226e-06,1.5733727423139499e-06,6.489661927844281e-07
/Users/christopherbrantner/local/work/projects/toyVisionModel/outputs/chips/validation/crazing/crazing_250_bb02.png,crazing,crazing,0.9967231154441833,0.9967231154441833,0.0018936923006549478,0.001264167483896017,1.1905395695066545e-05,4.774844001076417e-06,0.00010246169404126704
/Users/christopherbrantner/local/work/projects/toyVisionModel/outputs/chips/validation/crazing/crazing_251_bb00.png,crazing,crazing,0.9979202151298523,0.9979202151298523,0.000198361900402233,0.0004723056626971811,0.0013460954651236534,5.9115391195518896e-05,3.954415660700761e-06
/Users/christopherbrantner/local/work/projects/toyVisionModel/outputs/chips/validation/crazing/crazing_251_bb01.png,crazing,crazing,0.9995332956314087,0.9995332956314087,0.00010358214058214799,0.00036223590723238885,1.2215437550366914e-08,3.170045559386381e-08,9.087149805964145e-07
/Users/christopherbrantner/local/work/projects/toyVisionModel/outputs/chips/validation/crazing/crazing_251_bb02.png,crazing,crazing,0.9998452663421631,0.9998452663421631,2.2635722416453063e-05,3.047180871362798e-05,1.984018672374077e-05,8.164491009665653e-05,7.433722259975184e-08
/Users/christopherbrantner/local/work/projects/toyVisionModel/outputs/chips/validation/crazing/crazing_252_bb00.png,crazing,crazing,0.9996024966239929,0.9996024966239929,7.39856404834427e-05,0.00032302842009812593,4.8091173709963186e-08,9.34086301640491e-08,3.7059186297483393e-07
/Users/christopherbrantner/local/work/projects/toyVisionModel/outputs/chips/validation/crazing/crazing_252_bb01.png,crazing,crazing,0.9984704852104187,0.9984704852104187,0.0007679962436668575,0.000724464189261198,3.3522082958370447e-06,1.814672600630729e-06,3.189361814293079e-05
/Users/christopherbrantner/local/work/projects/toyVisionModel/outputs/chips/validation/crazing/crazing_252_bb02.png,crazing,crazing,0.9997615218162537,0.9997615218162537,7.152894977480173e-05,0.0001650264166528359,1.050230821419973e-06,3.5555206068238476e-07,4.482373583414301e-07
/Users/christopherbrantner/local/work/projects/toyVisionModel/outputs/chips/validation/crazing/crazing_253_bb00.png,crazing,crazing,0.999902606010437,0.999902606010437,3.66917229257524e-05,5.807857451145537e-05,1.2832795164285926e-06,1.1621359590208158e-06,1.880253961417111e-07
/Users/christopherbrantner/local/work/projects/toyVisionModel/outputs/chips/validation/crazing/crazing_253_bb01.png,crazing,crazing,0.999822199344635,0.999822199344635,1.598658309376333e-05,3.1326730095315725e-05,1.6120851796586066e-05,0.00011431783059379086,1.110551082206257e-07
/Users/christopherbrantner/local/work/projects/toyVisionModel/outputs/chips/validation/crazing/crazing_253_bb02.png,crazing,crazing,0.9997565150260925,0.9997565150260925,3.3793094189604744e-05,0.00019791572412941605,1.0393134743935661e-06,1.0655284313543234e-05,8.92828779797128e-08
/Users/christopherbrantner/local/work/projects/toyVisionModel/outputs/chips/validation/crazing/crazing_254_bb00.png,crazing,crazing,0.9990078806877136,0.9990078806877136,0.00028300427948124707,0.0005477790255099535,0.00011568970512598753,3.9669288526056334e-05,6.028920324752107e-06
/Users/christopherbrantner/local/work/projects/toyVisionModel/outputs/chips/validation/crazing/crazing_255_bb00.png,crazing,crazing,0.9977509379386902,0.9977509379386902,0.0016315850662067533,0.00037007551873102784,2.524090450606309e-05,1.2174918992968742e-05,0.00021005290909670293
/Users/christopherbrantner/local/work/projects/toyVisionModel/outputs/chips/validation/crazing/crazing_255_bb01.png,crazing,crazing,0.9976701140403748,0.9976701140403748,0.0008449740125797689,0.0014310015831142664,2.8889273835375207e-06,2.4653766104165697e-06,4.851620178669691e-05
/Users/christopherbrantner/local/work/projects/toyVisionModel/outputs/chips/validation/crazing/crazing_255_bb02.png,crazing,crazing,0.9984826445579529,0.9984826445579529,0.0008739912300370634,0.0005936254747211933,6.386312179529341e-06,3.2496441235707607e-06,4.023541259812191e-05
/Users/christopherbrantner/local/work/projects/toyVisionModel/outputs/chips/validation/crazing/crazing_256_bb00.png,crazing,crazing,0.9971556663513184,0.9971556663513184,0.0017220653826370835,0.0008288106182590127,3.6478745641943533e-06,5.472365046443883e-06,0.0002843409893102944
/Users/christopherbrantner/local/work/projects/toyVisionModel/outputs/chips/validation/crazing/crazing_256_bb01.png,crazing,crazing,0.9981739521026611,0.9981739521026611,0.0007740385481156409,0.0009850349742919207,1.0345966984459665e-05,4.12294275520253e-06,5.253043491393328e-05
/Users/christopherbrantner/local/work/projects/toyVisionModel/outputs/chips/validation/crazing/crazing_256_bb02.png,crazing,crazing,0.9989665746688843,0.9989665746688843,0.00045643033809028566,0.0005501076229847968,7.504720088036265e-06,1.8659287661648705e-06,1.758331745804753e-05
/Users/christopherbrantner/local/work/projects/toyVisionModel/outputs/chips/validation/crazing/crazing_257_bb00.png,crazing,crazing,0.9988382458686829,0.9988382458686829,0.00039563971222378314,0.0005367008270695806,0.00020823211525566876,1.1058296877308749e-05,1.0190917237196118e-05
/Users/christopherbrantner/local/work/projects/toyVisionModel/outputs/chips/validation/crazing/crazing_257_bb01.png,crazing,crazing,0.4657546281814575,0.4657546281814575,0.088261678814888,0.007004966028034687,0.0015248270938172936,0.0009055832051672041,0.4365483820438385
/Users/christopherbrantner/local/work/projects/toyVisionModel/outputs/chips/validation/crazing/crazing_257_bb02.png,crazing,crazing,0.9693478941917419,0.9693478941917419,0.013918677344918251,0.002571774646639824,0.0002526890311855823,0.00010224887228105217,0.013806614093482494
/Users/christopherbrantner/local/work/projects/toyVisionModel/outputs/chips/validation/crazing/crazing_258_bb00.png,crazing,crazing,0.9989941716194153,0.9989941716194153,0.0003255665360484272,0.0006513249827548862,1.428873019904131e-05,3.259644927311456e-06,1.1471740435808897e-05
/Users/christopherbrantner/local/work/projects/toyVisionModel/outputs/chips/validation/crazing/crazing_258_bb01.png,crazing,crazing,0.9998319149017334,0.9998319149017334,5.962825889582746e-05,0.0001078172426787205,9.186602767385921e-08,1.7005316976792528e-07,3.138740680697083e-07
/Users/christopherbrantner/local/work/projects/toyVisionModel/outputs/chips/validation/crazing/crazing_259_bb00.png,crazing,crazing,0.9983939528465271,0.9983939528465271,0.0006675474578514695,0.0008452307083643973,4.2611216485966e-05,6.91216746417922e-06,4.368195004644804e-05
/Users/christopherbrantner/local/work/projects/toyVisionModel/outputs/chips/validation/crazing/crazing_259_bb01.png,crazing,crazing,0.9977545142173767,0.9977545142173767,0.0016575668705627322,0.0003371765778865665,9.092891559703276e-05,1.7069076420739293e-05,0.00014271060354076326
/Users/christopherbrantner/local/work/projects/toyVisionModel/outputs/chips/validation/crazing/crazing_259_bb02.png,crazing,crazing,0.9984305500984192,0.9984305500984192,0.00020304076315369457,0.001359852496534586,2.802911012622644e-06,1.3407816368271597e-06,2.404183760518208e-06
/Users/christopherbrantner/local/work/projects/toyVisionModel/outputs/chips/validation/crazing/crazing_260_bb00.png,crazing,crazing,0.9996398687362671,0.9996398687362671,0.00017900850798469037,0.00011577658005990088,3.418695996515453e-05,2.7872689315699972e-05,3.2606726563244592e-06
/Users/christopherbrantner/local/work/projects/toyVisionModel/outputs/chips/validation/crazing/crazing_260_bb01.png,crazing,crazing,0.9988678693771362,0.9988678693771362,0.0006892558885738254,0.0003730255994014442,3.462809763732366e-05,4.8923097892839e-06,3.0317700293380767e-05
/Users/christopherbrantner/local/work/projects/toyVisionModel/outputs/chips/validation/crazing/crazing_261_bb00.png,crazing,crazing,0.9992844462394714,0.9992844462394714,0.00032872907468117774,0.0003757479425985366,1.370453674098826e-06,6.463996555794438e-07,9.13684198167175e-06
/Users/christopherbrantner/local/work/projects/toyVisionModel/outputs/chips/validation/crazing/crazing_261_bb01.png,crazing,crazing,0.9997668862342834,0.9997668862342834,5.6054988817777485e-05,0.00016935085295699537,2.0821532871195814e-06,5.128595148562454e-06,4.709349923359696e-07
/Users/christopherbrantner/local/work/projects/toyVisionModel/outputs/chips/validation/crazing/crazing_261_bb02.png,crazing,crazing,0.998039186000824,0.998039186000824,0.0012744496343657374,0.0005610164953395724,5.776347279606853e-06,7.371661922661588e-06,0.0001122913381550461
/Users/christopherbrantner/local/work/projects/toyVisionModel/outputs/chips/validation/crazing/crazing_262_bb00.png,crazing,crazing,0.9995985627174377,0.9995985627174377,0.00024454935919493437,3.874165486195125e-05,7.805696805007756e-05,3.386611570022069e-05,6.322219178400701e-06
/Users/christopherbrantner/local/work/projects/toyVisionModel/outputs/chips/validation/crazing/crazing_262_bb01.png,crazing,crazing,0.9986615180969238,0.9986615180969238,0.0006952833500690758,0.0003619622439146042,0.00017167703481391072,9.7756324976217e-05,1.1859866390295792e-05
/Users/christopherbrantner/local/work/projects/toyVisionModel/outputs/chips/validation/crazing/crazing_262_bb02.png,crazing,crazing,0.9998868703842163,0.9998868703842163,3.3309108403045684e-05,1.96864584722789e-05,8.145438187057152e-06,5.167800554772839e-05,2.500822802176117e-07
/Users/christopherbrantner/local/work/projects/toyVisionModel/outputs/chips/validation/crazing/crazing_263_bb00.png,crazing,crazing,0.9994396567344666,0.9994396567344666,0.00045656986185349524,5.020831304136664e-05,2.1251715224934742e-05,1.2905142284580506e-05,1.9529808923834935e-05
/Users/christopherbrantner/local/work/projects/toyVisionModel/outputs/chips/validation/crazing/crazing_263_bb01.png,crazing,crazing,0.9987824559211731,0.9987824559211731,0.0007439476903527975,0.0002429624437354505,0.0001415049482602626,4.4471082219388336e-05,4.452387656783685e-05
/Users/christopherbrantner/local/work/projects/toyVisionModel/outputs/chips/validation/crazing/crazing_264_bb00.png,crazing,crazing,0.9998565912246704,0.9998565912246704,7.602387631777674e-05,6.637860496994108e-05,2.0078363149877987e-07,2.9440610660458333e-07,4.808360927199828e-07
/Users/christopherbrantner/local/work/projects/toyVisionModel/outputs/chips/validation/crazing/crazing_264_bb01.png,crazing,crazing,0.9983312487602234,0.9983312487602234,0.0010352631798014045,0.0004980181693099439,3.294860289315693e-05,1.0350588127039373e-05,9.212770237354562e-05
/Users/christopherbrantner/local/work/projects/toyVisionModel/outputs/chips/validation/crazing/crazing_265_bb00.png,crazing,crazing,0.9978864789009094,0.9978864789009094,0.0014390882570296526,0.00023877332569099963,0.00012655241880565882,0.00018676961190067232,0.00012237032933626324
/Users/christopherbrantner/local/work/projects/toyVisionModel/outputs/chips/validation/crazing/crazing_265_bb01.png,crazing,crazing,0.9997290968894958,0.9997290968894958,0.00013539781502913684,0.0001264206221094355,3.982277121394873e-06,3.7897241327300435e-06,1.2004231848550262e-06
/Users/christopherbrantner/local/work/projects/toyVisionModel/outputs/chips/validation/crazing/crazing_266_bb00.png,crazing,crazing,0.9989370703697205,0.9989370703697205,0.0007107173441909254,0.00024165828654076904,5.35196450073272e-05,1.4236472452466842e-05,4.275789615348913e-05
/Users/christopherbrantner/local/work/projects/toyVisionModel/outputs/chips/validation/crazing/crazing_266_bb01.png,crazing,crazing,0.9991760849952698,0.9991760849952698,0.00029442456434480846,0.0004950262373313308,2.8533027943922207e-05,3.3134153909486486e-06,2.6285417789040366e-06
/Users/christopherbrantner/local/work/projects/toyVisionModel/outputs/chips/validation/crazing/crazing_267_bb00.png,crazing,crazing,0.9983750581741333,0.9983750581741333,0.001294317888095975,0.00010705535532906651,6.213433516677469e-05,4.87910547235515e-05,0.00011250409443164244
/Users/christopherbrantner/local/work/projects/toyVisionModel/outputs/chips/validation/crazing/crazing_267_bb01.png,crazing,crazing,0.9995062351226807,0.9995062351226807,0.0003568567626643926,0.00011614249524427578,3.431563300182461e-06,3.4063070870615775e-06,1.3829701856593601e-05
/Users/christopherbrantner/local/work/projects/toyVisionModel/outputs/chips/validation/crazing/crazing_267_bb02.png,crazing,crazing,0.9999299049377441,0.9999299049377441,2.2989413992036134e-05,2.8630469387280755e-05,6.024306458130013e-06,1.2338437954895198e-05,1.1023216472949571e-07
/Users/christopherbrantner/local/work/projects/toyVisionModel/outputs/chips/validation/crazing/crazing_268_bb00.png,crazing,crazing,0.9989932179450989,0.9989932179450989,0.00032369475229643285,0.00036585130146704614,0.0002746255195233971,3.594043664634228e-05,6.681777904304909e-06
/Users/christopherbrantner/local/work/projects/toyVisionModel/outputs/chips/validation/crazing/crazing_268_bb01.png,crazing,crazing,0.9987806677818298,0.9987806677818298,0.00024768643197603524,0.0009154672152362764,4.9295009375782683e-05,4.938108759233728e-06,1.9335550405230606e-06
/Users/christopherbrantner/local/work/projects/toyVisionModel/outputs/chips/validation/crazing/crazing_268_bb02.png,crazing,crazing,0.998763918876648,0.998763918876648,0.0005693453131243587,0.0006337667582556605,4.533847004495328e-06,3.2866876154002966e-06,2.5150558940367773e-05
/Users/christopherbrantner/local/work/projects/toyVisionModel/outputs/chips/validation/crazing/crazing_269_bb00.png,crazing,crazing,0.9998251795768738,0.9998251795768738,3.026966987818014e-05,5.830153895658441e-05,1.865769263531547e-05,6.742933328496292e-05,2.1618669165945903e-07
/Users/christopherbrantner/local/work/projects/toyVisionModel/outputs/chips/validation/crazing/crazing_269_bb01.png,crazing,crazing,0.998451828956604,0.998451828956604,0.0006581933703273535,0.00015240811626426876,0.0005123737500980496,0.00019531814905349165,2.9975612051202916e-05
/Users/christopherbrantner/local/work/projects/toyVisionModel/outputs/chips/validation/crazing/crazing_269_bb02.png,crazing,crazing,0.9998086094856262,0.9998086094856262,4.715362229035236e-05,3.6919605918228626e-05,1.2767412954417523e-05,9.418603440281004e-05,3.4858442177210236e-07
/Users/christopherbrantner/local/work/projects/toyVisionModel/outputs/chips/validation/crazing/crazing_270_bb00.png,crazing,crazing,0.9976856708526611,0.9976856708526611,0.0006689717411063612,0.001622605137526989,2.8480267246777657e-06,1.2721818620775593e-06,1.862771387095563e-05
/Users/christopherbrantner/local/work/projects/toyVisionModel/outputs/chips/validation/crazing/crazing_270_bb01.png,crazing,crazing,0.999409556388855,0.999409556388855,0.00035776899312622845,0.0001903213415062055,2.5745259335963055e-05,4.775961315317545e-06,1.187640373245813e-05
/Users/christopherbrantner/local/work/projects/toyVisionModel/outputs/chips/validation/crazing/crazing_270_bb02.png,crazing,crazing,0.9996852874755859,0.9996852874755859,2.935441443696618e-05,0.0002853277837857604,1.254498283032035e-08,1.5381168338990392e-08,6.359504567399199e-08
/Users/christopherbrantner/local/work/projects/toyVisionModel/outputs/chips/validation/crazing/crazing_271_bb00.png,crazing,crazing,0.9924448132514954,0.9924448132514954,0.004927449859678745,0.00046896381536498666,0.0010429113171994686,0.00015165422519203275,0.0009642161894589663
/Users/christopherbrantner/local/work/projects/toyVisionModel/outputs/chips/validation/crazing/crazing_271_bb01.png,crazing,crazing,0.9998173117637634,0.9998173117637634,6.917141581652686e-05,0.00010449843102833256,4.14320584241068e-06,4.1092662286246195e-06,7.979169822647236e-07
/Users/christopherbrantner/local/work/projects/toyVisionModel/outputs/chips/validation/crazing/crazing_271_bb02.png,crazing,crazing,0.9965032339096069,0.9965032339096069,0.0027125803753733635,0.0002274163271067664,3.452612872933969e-05,2.926566594396718e-05,0.0004931319854222238
/Users/christopherbrantner/local/work/projects/toyVisionModel/outputs/chips/validation/crazing/crazing_271_bb03.png,crazing,crazing,0.9982654452323914,0.9982654452323914,0.000670053472276777,0.0007229437469504774,0.0002705143124330789,5.449818854685873e-05,1.658971632423345e-05
/Users/christopherbrantner/local/work/projects/toyVisionModel/outputs/chips/validation/crazing/crazing_272_bb00.png,crazing,crazing,0.9993439316749573,0.9993439316749573,0.00021893011580687016,0.00043177601764909923,1.0600073210298433e-06,4.6388825580834236e-07,3.8035225315979915e-06
/Users/christopherbrantner/local/work/projects/toyVisionModel/outputs/chips/validation/crazing/crazing_272_bb01.png,crazing,crazing,0.9991182684898376,0.9991182684898376,0.000263543042819947,0.0006115752039477229,1.3725622238780488e-07,3.0014675189704576e-07,6.10046345173032e-06
/Users/christopherbrantner/local/work/projects/toyVisionModel/outputs/chips/validation/crazing/crazing_272_bb02.png,crazing,crazing,0.9914972186088562,0.9914972186088562,0.0032211418729275465,0.001236644689925015,0.003472033655270934,0.00021068107162136585,0.0003622656222432852
/Users/christopherbrantner/local/work/projects/toyVisionModel/outputs/chips/validation/crazing/crazing_273_bb00.png,crazing,crazing,0.9905905723571777,0.9905905723571777,0.0007246257737278938,0.00044387817615643144,0.0077927084639668465,0.0004081348888576031,4.0101262129610404e-05
/Users/christopherbrantner/local/work/projects/toyVisionModel/outputs/chips/validation/crazing/crazing_273_bb01.png,crazing,crazing,0.9429820775985718,0.9429820775985718,0.016996629536151886,0.002498483285307884,0.00018468925554770976,9.924460755428299e-05,0.03723888471722603
/Users/christopherbrantner/local/work/projects/toyVisionModel/outputs/chips/validation/crazing/crazing_273_bb02.png,crazing,crazing,0.999776303768158,0.999776303768158,0.00014157283294480294,7.839194586267695e-05,6.971246762077499e-07,6.755262802471407e-07,2.3160100681707263e-06
/Users/christopherbrantner/local/work/projects/toyVisionModel/outputs/chips/validation/crazing/crazing_274_bb00.png,crazing,crazing,0.9984671473503113,0.9984671473503113,0.0004936231998726726,0.0010145223932340741,1.3587991816166323e-05,1.8595612800709205e-06,9.302738362748642e-06
/Users/christopherbrantner/local/work/projects/toyVisionModel/outputs/chips/validation/crazing/crazing_274_bb01.png,crazing,crazing,0.9969894289970398,0.9969894289970398,0.00218540383502841,0.0003993544087279588,5.3189800382824615e-05,1.9614966731751338e-05,0.0003530254471115768
/Users/christopherbrantner/local/work/projects/toyVisionModel/outputs/chips/validation/crazing/crazing_274_bb02.png,crazing,crazing,0.9953592419624329,0.9953592419624329,0.0027971232775598764,0.0012309984304010868,0.00014653410471510142,3.261072561144829e-05,0.00043342032586224377
/Users/christopherbrantner/local/work/projects/toyVisionModel/outputs/chips/validation/crazing/crazing_274_bb03.png,crazing,crazing,0.9725140929222107,0.9725140929222107,0.002805652329698205,0.023754706606268883,0.0003105545765720308,0.0004689797933679074,0.00014599609130527824
/Users/christopherbrantner/local/work/projects/toyVisionModel/outputs/chips/validation/crazing/crazing_275_bb00.png,crazing,crazing,0.9996050000190735,0.9996050000190735,2.9429642381728627e-05,0.00036522833397611976,1.4509079448998818e-07,7.134529056429528e-08,1.0293826591123434e-07
/Users/christopherbrantner/local/work/projects/toyVisionModel/outputs/chips/validation/crazing/crazing_275_bb01.png,crazing,crazing,0.9954535961151123,0.9954535961151123,0.002938536461442709,0.0010257785907015204,2.753324224613607e-05,1.824596074584406e-05,0.0005362844676710665
/Users/christopherbrantner/local/work/projects/toyVisionModel/outputs/chips/validation/crazing/crazing_275_bb02.png,crazing,crazing,0.9992840886116028,0.9992840886116028,0.00040220769005827606,0.00026390800485387444,2.6602436264511198e-05,5.512108145921957e-06,1.7826934708864428e-05
/Users/christopherbrantner/local/work/projects/toyVisionModel/outputs/chips/validation/crazing/crazing_276_bb00.png,crazing,crazing,0.9952660799026489,0.9952660799026489,0.0011817790800705552,0.00012928912474308163,0.0030435235239565372,0.00029239998548291624,8.700041507836431e-05
/Users/christopherbrantner/local/work/projects/toyVisionModel/outputs/chips/validation/crazing/crazing_276_bb01.png,crazing,crazing,0.9993579983711243,0.9993579983711243,0.00039209777605719864,0.0001392732810927555,5.39824141014833e-05,4.440984776010737e-05,1.2196494935778901e-05
/Users/christopherbrantner/local/work/projects/toyVisionModel/outputs/chips/validation/crazing/crazing_277_bb00.png,crazing,crazing,0.9992145299911499,0.9992145299911499,0.0005777202313765883,0.00015778500528540462,1.8053335224976763e-05,1.3827327165927272e-05,1.801187318051234e-05
/Users/christopherbrantner/local/work/projects/toyVisionModel/outputs/chips/validation/crazing/crazing_277_bb01.png,crazing,crazing,0.9996732473373413,0.9996732473373413,0.0001228417531820014,0.00018511088273953646,4.634116066881688e-06,1.2478401913540438e-05,1.7140409909188747e-06
/Users/christopherbrantner/local/work/projects/toyVisionModel/outputs/chips/validation/crazing/crazing_278_bb00.png,crazing,crazing,0.9931892156600952,0.9931892156600952,0.004027781076729298,0.001526288571767509,2.8513395591289736e-05,6.615642632823437e-05,0.001162048545666039
/Users/christopherbrantner/local/work/projects/toyVisionModel/outputs/chips/validation/crazing/crazing_278_bb01.png,crazing,crazing,0.9980977177619934,0.9980977177619934,0.0009290109155699611,0.00017407744599040598,0.0006632414879277349,7.329363870667294e-05,6.262731767492369e-05
/Users/christopherbrantner/local/work/projects/toyVisionModel/outputs/chips/validation/crazing/crazing_278_bb02.png,crazing,crazing,0.9943832159042358,0.9943832159042358,0.003818746190518141,0.0006306167342700064,2.370853144384455e-05,1.9068389519816265e-05,0.0011246033245697618
/Users/christopherbrantner/local/work/projects/toyVisionModel/outputs/chips/validation/crazing/crazing_278_bb03.png,crazing,crazing,0.9376224279403687,0.9376224279403687,0.02385689690709114,0.013270827941596508,0.0007489363197237253,0.0005487739108502865,0.023952104151248932
/Users/christopherbrantner/local/work/projects/toyVisionModel/outputs/chips/validation/crazing/crazing_279_bb00.png,crazing,crazing,0.9989326596260071,0.9989326596260071,0.0004386111977510154,0.0003392432408872992,0.00026257120771333575,1.2460729521990288e-05,1.4385732356458902e-05
/Users/christopherbrantner/local/work/projects/toyVisionModel/outputs/chips/validation/crazing/crazing_279_bb01.png,crazing,crazing,0.9983285069465637,0.9983285069465637,0.0008922136039473116,0.0007233856595121324,3.1743061299494e-06,2.522365775803337e-06,5.0206814194098115e-05
/Users/christopherbrantner/local/work/projects/toyVisionModel/outputs/chips/validation/crazing/crazing_280_bb00.png,crazing,crazing,0.9996862411499023,0.9996862411499023,0.00010084573295898736,3.365481097716838e-05,0.00014388823183253407,3.362555071362294e-05,1.8744668750514393e-06
/Users/christopherbrantner/local/work/projects/toyVisionModel/outputs/chips/validation/crazing/crazing_281_bb00.png,crazing,crazing,0.9993999004364014,0.9993999004364014,0.00025814108084887266,0.00033161998726427555,1.3681074051419273e-06,1.0318244676454924e-06,7.817325240466744e-06
/Users/christopherbrantner/local/work/projects/toyVisionModel/outputs/chips/validation/crazing/crazing_281_bb01.png,crazing,crazing,0.9989328980445862,0.9989328980445862,0.0006649381830357015,0.00035080171073786914,4.9910972848010715e-06,4.527488727035234e-06,4.1854960727505386e-05
/Users/christopherbrantner/local/work/projects/toyVisionModel/outputs/chips/validation/crazing/crazing_282_bb00.png,crazing,crazing,0.9988724589347839,0.9988724589347839,0.0006845718598924577,0.00038619208498857915,4.125080067751696e-06,4.858400643570349e-06,4.7777826694073156e-05
/Users/christopherbrantner/local/work/projects/toyVisionModel/outputs/chips/validation/crazing/crazing_282_bb01.png,crazing,crazing,0.9992154836654663,0.9992154836654663,0.00047886287211440504,0.0002693279820960015,1.1566305147425737e-05,1.0124791515409015e-05,1.456852533010533e-05
/Users/christopherbrantner/local/work/projects/toyVisionModel/outputs/chips/validation/crazing/crazing_283_bb00.png,crazing,crazing,0.999373733997345,0.999373733997345,0.00033310739672742784,0.00028439221205189824,2.52927350175014e-07,3.269423132223892e-07,8.213096407416742e-06
/Users/christopherbrantner/local/work/projects/toyVisionModel/outputs/chips/validation/crazing/crazing_283_bb01.png,crazing,crazing,0.9998123049736023,0.9998123049736023,4.139925295021385e-05,0.00014345665113069117,9.758294936546008e-07,1.6856993170222268e-06,2.3034944263145007e-07
/Users/christopherbrantner/local/work/projects/toyVisionModel/outputs/chips/validation/crazing/crazing_283_bb02.png,crazing,crazing,0.9998069405555725,0.9998069405555725,0.00012584103387780488,6.507641955977306e-05,1.1126414989348632e-07,7.168906108745432e-07,1.3665347751157242e-06
/Users/christopherbrantner/local/work/projects/toyVisionModel/outputs/chips/validation/crazing/crazing_283_bb03.png,crazing,crazing,0.9995136260986328,0.9995136260986328,0.00021457200637087226,0.00023878457432147115,1.4941623703634832e-05,1.1438673027441837e-05,6.6012635215884075e-06
/Users/christopherbrantner/local/work/projects/toyVisionModel/outputs/chips/validation/crazing/crazing_284_bb00.png,crazing,crazing,0.9859077334403992,0.9859077334403992,0.0012413308722898364,0.00010420491162221879,0.012043027207255363,0.0006319859530776739,7.16837021172978e-05
/Users/christopherbrantner/local/work/projects/toyVisionModel/outputs/chips/validation/crazing/crazing_284_bb01.png,crazing,crazing,0.9992558360099792,0.9992558360099792,0.00023744150530546904,0.00017046011635102332,0.00031473711715079844,1.590270403539762e-05,5.496131507243263e-06
/Users/christopherbrantner/local/work/projects/toyVisionModel/outputs/chips/validation/crazing/crazing_285_bb00.png,crazing,crazing,0.9996663331985474,0.9996663331985474,9.20165766729042e-05,0.00023247170611284673,6.678683348582126e-06,1.4067696838537813e-06,1.093428522835893e-06
/Users/christopherbrantner/local/work/projects/toyVisionModel/outputs/chips/validation/crazing/crazing_285_bb01.png,crazing,crazing,0.9995673298835754,0.9995673298835754,0.00012885199976153672,0.0003027310885954648,2.908176668370288e-07,2.8479757929744665e-07,5.536863341149001e-07
/Users/christopherbrantner/local/work/projects/toyVisionModel/outputs/chips/validation/crazing/crazing_285_bb02.png,crazing,crazing,0.9974084496498108,0.9974084496498108,0.0009524800698272884,0.0015327951405197382,6.252232560655102e-05,5.2516511459543835e-06,3.859223943436518e-05
/Users/christopherbrantner/local/work/projects/toyVisionModel/outputs/chips/validation/crazing/crazing_286_bb00.png,crazing,crazing,0.49551084637641907,0.49551084637641907,0.06688261032104492,0.0017750686965882778,0.008380641229450703,0.001511419308371842,0.42593932151794434
/Users/christopherbrantner/local/work/projects/toyVisionModel/outputs/chips/validation/crazing/crazing_286_bb01.png,crazing,crazing,0.7957108616828918,0.7957108616828918,0.04235425591468811,0.0006896874401718378,0.002034583827480674,0.0004053245356772095,0.15880532562732697
/Users/christopherbrantner/local/work/projects/toyVisionModel/outputs/chips/validation/crazing/crazing_286_bb02.png,crazing,crazing,0.9975925087928772,0.9975925087928772,0.001040809671394527,0.0007102008094079792,0.0005412512691691518,7.608457235619426e-05,3.914467015420087e-05
/Users/christopherbrantner/local/work/projects/toyVisionModel/outputs/chips/validation/crazing/crazing_287_bb00.png,crazing,crazing,0.9997625946998596,0.9997625946998596,9.448370838072151e-05,0.00012224803504068404,1.1110008017567452e-05,8.293703103845473e-06,1.1803099368989933e-06
/Users/christopherbrantner/local/work/projects/toyVisionModel/outputs/chips/validation/crazing/crazing_287_bb01.png,crazing,crazing,0.9996639490127563,0.9996639490127563,0.000195097949472256,9.66228690231219e-05,3.491058305371553e-05,4.574374543153681e-06,4.861870365857612e-06
/Users/christopherbrantner/local/work/projects/toyVisionModel/outputs/chips/validation/crazing/crazing_288_bb00.png,crazing,crazing,0.9996939897537231,0.9996939897537231,0.00012038271961500868,0.0001754724798956886,6.911201580805937e-06,1.514109158051724e-06,1.7838422081695171e-06
/Users/christopherbrantner/local/work/projects/toyVisionModel/outputs/chips/validation/crazing/crazing_288_bb01.png,crazing,crazing,0.9949093461036682,0.9949093461036682,0.0029711441602557898,0.001397007261402905,0.0002628451038617641,0.00011900068784598261,0.00034068769309669733
/Users/christopherbrantner/local/work/projects/toyVisionModel/outputs/chips/validation/crazing/crazing_289_bb00.png,crazing,crazing,0.9650613069534302,0.9650613069534302,0.0015321897808462381,0.0013633818598464131,0.030912015587091446,0.0009920441079884768,0.0001391483674524352
/Users/christopherbrantner/local/work/projects/toyVisionModel/outputs/chips/validation/crazing/crazing_290_bb00.png,crazing,crazing,0.9979130625724792,0.9979130625724792,0.0012109960662201047,0.0007286248728632927,6.176318129291758e-05,1.363278443022864e-05,7.18458613846451e-05
/Users/christopherbrantner/local/work/projects/toyVisionModel/outputs/chips/validation/crazing/crazing_290_bb01.png,crazing,crazing,0.9994627833366394,0.9994627833366394,0.00025202514370903373,0.00027921528089791536,1.879459290421437e-07,2.625776573950134e-07,5.593315563601209e-06
/Users/christopherbrantner/local/work/projects/toyVisionModel/outputs/chips/validation/crazing/crazing_290_bb02.png,crazing,crazing,0.9594049453735352,0.9594049453735352,0.005173804704099894,0.028069227933883667,0.006354645825922489,0.0008819283684715629,0.00011542386346263811
/Users/christopherbrantner/local/work/projects/toyVisionModel/outputs/chips/validation/crazing/crazing_291_bb00.png,crazing,crazing,0.9964972138404846,0.9964972138404846,0.0023126767482608557,0.0006602993817068636,3.783432475756854e-06,4.5339702410274185e-06,0.0005215645069256425
/Users/christopherbrantner/local/work/projects/toyVisionModel/outputs/chips/validation/crazing/crazing_291_bb01.png,crazing,crazing,0.9960924983024597,0.9960924983024597,0.00215139240026474,0.0013646536972373724,6.952392868697643e-05,2.612635762488935e-05,0.00029584538424387574
/Users/christopherbrantner/local/work/projects/toyVisionModel/outputs/chips/validation/crazing/crazing_291_bb02.png,crazing,crazing,0.9979215264320374,0.9979215264320374,0.0012757147196680307,0.0006635039462707937,3.294658017694019e-05,8.381677616853267e-06,9.806462185224518e-05
/Users/christopherbrantner/local/work/projects/toyVisionModel/outputs/chips/validation/crazing/crazing_292_bb00.png,crazing,crazing,0.9993007183074951,0.9993007183074951,0.0003479431616142392,0.00034254815545864403,1.1038596881007834e-07,2.1356777324399445e-07,8.377515769097954e-06
/Users/christopherbrantner/local/work/projects/toyVisionModel/outputs/chips/validation/crazing/crazing_292_bb01.png,crazing,crazing,0.9986079335212708,0.9986079335212708,0.0008129471098072827,0.0005066111334599555,1.0917703548329882e-05,6.5274894041067455e-06,5.5018503189785406e-05
/Users/christopherbrantner/local/work/projects/toyVisionModel/outputs/chips/validation/crazing/crazing_292_bb02.png,crazing,crazing,0.9979522228240967,0.9979522228240967,0.0010508191771805286,0.0008887506555765867,1.9738217815756798e-05,9.498322469880804e-06,7.893833389971405e-05
/Users/christopherbrantner/local/work/projects/toyVisionModel/outputs/chips/validation/crazing/crazing_293_bb00.png,crazing,crazing,0.9998583793640137,0.9998583793640137,3.2663767342455685e-05,0.0001085667172446847,8.949845664574241e-08,9.294747371768608e-08,1.302800995972575e-07
/Users/christopherbrantner/local/work/projects/toyVisionModel/outputs/chips/validation/crazing/crazing_293_bb01.png,crazing,crazing,0.9999349117279053,0.9999349117279053,1.689428427198436e-05,4.818833258468658e-05,3.4462495079878863e-09,9.615873430846023e-09,4.1594546473788796e-08
/Users/christopherbrantner/local/work/projects/toyVisionModel/outputs/chips/validation/crazing/crazing_293_bb02.png,crazing,crazing,0.9992352724075317,0.9992352724075317,0.00031513129943050444,0.0004394002608023584,7.191285931185121e-07,8.500510944031703e-07,8.684176464157645e-06
/Users/christopherbrantner/local/work/projects/toyVisionModel/outputs/chips/validation/crazing/crazing_294_bb00.png,crazing,crazing,0.9999114274978638,0.9999114274978638,5.2803345170104876e-05,2.1812480554217473e-05,6.257574113988085e-06,7.53252152208006e-06,1.675086451768948e-07
/Users/christopherbrantner/local/work/projects/toyVisionModel/outputs/chips/validation/crazing/crazing_294_bb01.png,crazing,crazing,0.9996709823608398,0.9996709823608398,3.0539773433702067e-05,0.0002973811642732471,3.102979064806277e-07,7.668536454730202e-07,7.884976582772651e-08
/Users/christopherbrantner/local/work/projects/toyVisionModel/outputs/chips/validation/crazing/crazing_295_bb00.png,crazing,crazing,0.9997336268424988,0.9997336268424988,0.00012168571993242949,0.0001420074695488438,1.1470726803963771e-06,5.268787504064676e-07,1.016562237055041e-06
/Users/christopherbrantner/local/work/projects/toyVisionModel/outputs/chips/validation/crazing/crazing_295_bb01.png,crazing,crazing,0.9993778467178345,0.9993778467178345,0.00040307026938535273,0.00020219699945300817,1.6049174291765667e-06,1.4064576134842355e-06,1.3860272702004295e-05
/Users/christopherbrantner/local/work/projects/toyVisionModel/outputs/chips/validation/crazing/crazing_296_bb00.png,crazing,crazing,0.9942750334739685,0.9942750334739685,0.0014223945327103138,0.004172188229858875,4.273098238627426e-05,1.1478819942567497e-05,7.62053532525897e-05
/Users/christopherbrantner/local/work/projects/toyVisionModel/outputs/chips/validation/crazing/crazing_296_bb01.png,crazing,crazing,0.995640754699707,0.995640754699707,0.0011760711204260588,0.003084440715610981,1.5403952602355275e-06,4.325608188082697e-06,9.297275391872972e-05
/Users/christopherbrantner/local/work/projects/toyVisionModel/outputs/chips/validation/crazing/crazing_297_bb00.png,crazing,crazing,0.9993482232093811,0.9993482232093811,0.00032644844031892717,0.0003135665610898286,2.2479221115645487e-06,3.982552243542159e-06,5.5728901315887924e-06
/Users/christopherbrantner/local/work/projects/toyVisionModel/outputs/chips/validation/crazing/crazing_297_bb01.png,crazing,crazing,0.9976902008056641,0.9976902008056641,0.0002208293735748157,0.002082688966766,6.708331738991546e-07,1.680684704297164e-06,3.969943008996779e-06
/Users/christopherbrantner/local/work/projects/toyVisionModel/outputs/chips/validation/crazing/crazing_297_bb02.png,crazing,crazing,0.9883367419242859,0.9883367419242859,0.006981236394494772,0.0006873284582979977,0.00012401296407915652,5.188249269849621e-05,0.0038188244216144085
/Users/christopherbrantner/local/work/projects/toyVisionModel/outputs/chips/validation/crazing/crazing_298_bb00.png,crazing,crazing,0.9990666508674622,0.9990666508674622,0.0006585833034478128,0.0002262427587993443,2.040094614130794e-06,3.7740205698355567e-06,4.270744466339238e-05
/Users/christopherbrantner/local/work/projects/toyVisionModel/outputs/chips/validation/crazing/crazing_298_bb01.png,crazing,crazing,0.9995445609092712,0.9995445609092712,0.0002711705747060478,0.00017605116590857506,1.1764972214223235e-06,1.4217816897144075e-06,5.643019449053099e-06
/Users/christopherbrantner/local/work/projects/toyVisionModel/outputs/chips/validation/crazing/crazing_299_bb00.png,crazing,crazing,0.9641753435134888,0.9641753435134888,0.01722768507897854,0.0013649057364091277,0.0001382907066727057,0.00012799535761587322,0.016965707764029503
/Users/christopherbrantner/local/work/projects/toyVisionModel/outputs/chips/validation/crazing/crazing_299_bb01.png,crazing,crazing,0.9994046688079834,0.9994046688079834,0.000361294747563079,0.0002179653092753142,2.5484569050604478e-06,1.6973906440398423e-06,1.174997760244878e-05
/Users/christopherbrantner/local/work/projects/toyVisionModel/outputs/chips/validation/crazing/crazing_299_bb02.png,crazing,crazing,0.9967978596687317,0.9967978596687317,0.0001493816962465644,0.0030509880743920803,4.765704773035395e-07,3.478861856365256e-07,9.541281542624347e-07
/Users/christopherbrantner/local/work/projects/toyVisionModel/outputs/chips/validation/crazing/crazing_299_bb03.png,crazing,crazing,0.9907476902008057,0.9907476902008057,0.004828532226383686,0.002419759053736925,5.894308560527861e-05,2.7464982849778607e-05,0.0019175221677869558
/Users/christopherbrantner/local/work/projects/toyVisionModel/outputs/chips/validation/crazing/crazing_300_bb00.png,crazing,crazing,0.9976897239685059,0.9976897239685059,0.0017231100937351584,0.0002733626461122185,2.9214852474979125e-05,2.7492698791320436e-05,0.0002571859513409436
/Users/christopherbrantner/local/work/projects/toyVisionModel/outputs/chips/validation/crazing/crazing_300_bb01.png,crazing,crazing,0.9952008724212646,0.9952008724212646,0.0031403861939907074,0.0009157449239864945,0.00011298329627607018,0.0001786040811566636,0.0004514249158091843
/Users/christopherbrantner/local/work/projects/toyVisionModel/outputs/chips/validation/crazing/crazing_300_bb02.png,crazing,crazing,0.9991880059242249,0.9991880059242249,0.00022793923562858254,0.00040294972131960094,0.0001574607886141166,1.707012597762514e-05,6.597728770429967e-06
/Users/christopherbrantner/local/work/projects/toyVisionModel/outputs/chips/validation/inclusion/inclusion_241_bb00.png,inclusion,inclusion,0.9999463558197021,2.743554115716782e-15,0.9999463558197021,1.020871422952041e-07,6.512304935313296e-07,2.243947215541109e-12,5.298280666465871e-05
/Users/christopherbrantner/local/work/projects/toyVisionModel/outputs/chips/validation/inclusion/inclusion_241_bb01.png,inclusion,inclusion,0.999984860420227,3.0908781493236155e-17,0.999984860420227,1.0717612575206203e-08,3.0507944615010274e-08,5.6048031206413704e-14,1.5131125110201538e-05
/Users/christopherbrantner/local/work/projects/toyVisionModel/outputs/chips/validation/inclusion/inclusion_242_bb00.png,inclusion,inclusion,0.9999834299087524,3.5593421351292395e-15,0.9999834299087524,2.2203811056442646e-07,6.292829084486584e-07,2.040945971254482e-12,1.5685825928812847e-05
/Users/christopherbrantner/local/work/projects/toyVisionModel/outputs/chips/validation/inclusion/inclusion_242_bb01.png,inclusion,inclusion,0.9999852180480957,2.188294399108214e-17,0.9999852180480957,8.8281533194845e-09,6.321145384902138e-09,2.409562417757423e-14,1.479465117881773e-05
/Users/christopherbrantner/local/work/projects/toyVisionModel/outputs/chips/validation/inclusion/inclusion_243_bb00.png,inclusion,inclusion,0.9999744892120361,4.204577105996728e-15,0.9999744892120361,8.980795485058479e-08,1.0279435400661896e-06,1.998500106722978e-12,2.4374785425607115e-05
/Users/christopherbrantner/local/work/projects/toyVisionModel/outputs/chips/validation/inclusion/inclusion_243_bb01.png,inclusion,inclusion,0.9999858140945435,2.1962406269446434e-17,0.9999858140945435,1.396639692785584e-08,8.871077206151767e-10,3.493065618654853e-14,1.413458176102722e-05
/Users/christopherbrantner/local/work/projects/toyVisionModel/outputs/chips/validation/inclusion/inclusion_243_bb02.png,inclusion,inclusion,0.9994999170303345,6.965152760107785e-11,0.9994999170303345,7.398337402264588e-06,0.0003909065271727741,1.242301728154871e-08,0.00010176290379604325
/Users/christopherbrantner/local/work/projects/toyVisionModel/outputs/chips/validation/inclusion/inclusion_244_bb00.png,inclusion,inclusion,0.9999878406524658,1.8939542880553868e-16,0.9999878406524658,7.916639788163593e-08,8.737731427288509e-09,1.019050769874956e-13,1.207687000714941e-05
/Users/christopherbrantner/local/work/projects/toyVisionModel/outputs/chips/validation/inclusion/inclusion_244_bb01.png,inclusion,inclusion,0.999981164932251,4.3761649577526984e-13,0.999981164932251,8.076273729784589e-07,6.228045094758272e-06,2.728543224694846e-10,1.1839872058772016e-05
/Users/christopherbrantner/local/work/projects/toyVisionModel/outputs/chips/validation/inclusion/inclusion_244_bb02.png,inclusion,inclusion,0.9999644756317139,5.6086860850124154e-11,0.9999644756317139,1.386406324854761e-06,2.262014095322229e-05,3.7119605167390546e-08,1.1501108929223847e-05
/Users/christopherbrantner/local/work/projects/toyVisionModel/outputs/chips/validation/inclusion/inclusion_245_bb00.png,inclusion,inclusion,0.9999855756759644,1.6701544314212668e-10,0.9999855756759644,2.4352598302357364e-06,1.0163875231228303e-05,5.196317829359032e-07,1.3651127801495022e-06
/Users/christopherbrantner/local/work/projects/toyVisionModel/outputs/chips/validation/inclusion/inclusion_246_bb00.png,inclusion,inclusion,0.9999966621398926,1.1749260185813404e-16,0.9999966621398926,2.0345485296502375e-08,7.451415484638346e-08,3.717739007272347e-13,3.203558208042523e-06
/Users/christopherbrantner/local/work/projects/toyVisionModel/outputs/chips/validation/inclusion/inclusion_246_bb01.png,inclusion,inclusion,0.9997369647026062,1.5437144618157816e-10,0.9997369647026062,8.930791955208406e-05,0.00013272392970975488,1.7482456371453736e-08,4.086397893843241e-05
/Users/christopherbrantner/local/work/projects/toyVisionModel/outputs/chips/validation/inclusion/inclusion_247_bb00.png,inclusion,inclusion,0.9997532963752747,1.705823676756424e-10,0.9997532963752747,7.355228444794193e-05,0.0001718942221486941,2.813025901104993e-08,1.3219540733189206e-06
/Users/christopherbrantner/local/work/projects/toyVisionModel/outputs/chips/validation/inclusion/inclusion_248_bb00.png,inclusion,inclusion,0.999575674533844,2.676900457822631e-16,0.999575674533844,2.3352622946504198e-08,2.9784732191728835e-07,1.4552356715491488e-13,0.0004241279966663569
/Users/christopherbrantner/local/work/projects/toyVisionModel/outputs/chips/validation/inclusion/inclusion_248_bb01.png,inclusion,inclusion,0.9992645382881165,4.018313112807981e-11,0.9992645382881165,0.0006560261244885623,7.076499605318531e-05,1.0915248704890246e-09,8.643372893857304e-06
/Users/christopherbrantner/local/work/projects/toyVisionModel/outputs/chips/validation/inclusion/inclusion_249_bb00.png,inclusion,inclusion,0.9999954700469971,2.1296757963368794e-14,0.9999954700469971,8.779144877735234e-07,3.5900643524655607e-07,8.098937319400701e-12,3.3564060686330777e-06
/Users/christopherbrantner/local/work/projects/toyVisionModel/outputs/chips/validation/inclusion/inclusion_249_bb01.png,inclusion,inclusion,0.9999722242355347,2.5757781324520224e-13,0.9999722242355347,3.632152925092669e-07,3.472128582870937e-06,2.6808735786865157e-10,2.401338679192122e-05
/Users/christopherbrantner/local/work/projects/toyVisionModel/outputs/chips/validation/inclusion/inclusion_250_bb00.png,inclusion,inclusion,0.999988317489624,3.079020870731808e-13,0.999988317489624,4.5570479301204614e-07,6.0225788729439955e-06,2.5974625228464276e-10,5.138014785188716e-06
/Users/christopherbrantner/local/work/projects/toyVisionModel/outputs/chips/validation/inclusion/inclusion_251_bb00.png,inclusion,inclusion,0.9996745586395264,3.672616572467051e-18,0.9996745586395264,1.96578153754956e-09,3.00455234025776e-08,5.9891531296006606e-15,0.00032544112764298916
/Users/christopherbrantner/local/work/projects/toyVisionModel/outputs/chips/validation/inclusion/inclusion_252_bb00.png,inclusion,inclusion,0.9999895095825195,9.512088015181677e-17,0.9999895095825195,9.38802902084035e-09,1.0784533266416929e-08,4.51883024272029e-13,1.0431234841234982e-05
/Users/christopherbrantner/local/work/projects/toyVisionModel/outputs/chips/validation/inclusion/inclusion_252_bb01.png,inclusion,inclusion,0.9998201727867126,2.0731695521226762e-17,0.9998201727867126,2.1284796147824636e-09,1.0023365248912341e-08,7.677776329203384e-14,0.0001798929733922705
/Users/christopherbrantner/local/work/projects/toyVisionModel/outputs/chips/validation/inclusion/inclusion_253_bb00.png,inclusion,inclusion,0.9999994039535522,1.9659228094802453e-19,0.9999994039535522,2.2364839147304139e-10,3.4745745169928455e-10,6.017325021909865e-15,6.048775276212837e-07
/Users/christopherbrantner/local/work/projects/toyVisionModel/outputs/chips/validation/inclusion/inclusion_254_bb00.png,inclusion,inclusion,0.9999731779098511,2.2994670403897466e-12,0.9999731779098511,9.434462299395818e-06,1.2467786291381344e-05,1.0855881749094465e-09,4.865869868808659e-06
/Users/christopherbrantner/local/work/projects/toyVisionModel/outputs/chips/validation/inclusion/inclusion_254_bb01.png,inclusion,inclusion,0.9999668598175049,1.7655650162359815e-12,0.9999668598175049,2.645047970872838e-05,1.347831812381628e-06,4.367894934631522e-10,5.383045390772168e-06
/Users/christopherbrantner/local/work/projects/toyVisionModel/outputs/chips/validation/inclusion/inclusion_255_bb00.png,inclusion,inclusion,0.9999865293502808,4.476057111763021e-12,0.9999865293502808,9.90756325336406e-06,2.8946606107638218e-06,3.2856759535349056e-09,6.963163627915492e-07
/Users/christopherbrantner/local/work/projects/toyVisionModel/outputs/chips/validation/inclusion/inclusion_255_bb01.png,inclusion,inclusion,0.9999978542327881,5.473143622748656e-16,0.9999978542327881,8.49054941909344e-08,2.033972812398588e-08,7.688701021343891e-13,1.967211574083194e-06
/Users/christopherbrantner/local/work/projects/toyVisionModel/outputs/chips/validation/inclusion/inclusion_256_bb00.png,inclusion,inclusion,0.9999991655349731,2.0905405024814784e-14,0.9999991655349731,1.7619430536797154e-07,1.8731509499048116e-07,2.7879379360662426e-11,4.6764932903897716e-07
/Users/christopherbrantner/local/work/projects/toyVisionModel/outputs/chips/validation/inclusion/inclusion_256_bb01.png,inclusion,inclusion,0.9999982118606567,7.749730089300698e-17,0.9999982118606567,1.477278299688578e-08,1.5511153250713505e-08,3.240288083423276e-13,1.803257532628777e-06
/Users/christopherbrantner/local/work/projects/toyVisionModel/outputs/chips/validation/inclusion/inclusion_257_bb00.png,inclusion,inclusion,0.9999885559082031,6.361041793127853e-13,0.9999885559082031,4.857600970353815e-07,3.1351682991953567e-06,2.698760936947764e-10,7.827736226317938e-06
/Users/christopherbrantner/local/work/projects/toyVisionModel/outputs/chips/validation/inclusion/inclusion_257_bb01.png,inclusion,inclusion,0.9999915361404419,1.457868893694255e-14,0.9999915361404419,4.839501244191524e-08,2.463702060140349e-07,2.9353013075716916e-11,8.257738045358565e-06
/Users/christopherbrantner/local/work/projects/toyVisionModel/outputs/chips/validation/inclusion/inclusion_258_bb00.png,inclusion,inclusion,0.9999701976776123,6.222997811500264e-11,0.9999701976776123,1.725793299556244e-05,1.065139349520905e-05,2.5553738680628157e-08,1.9227961729484377e-06
/Users/christopherbrantner/local/work/projects/toyVisionModel/outputs/chips/validation/inclusion/inclusion_258_bb01.png,inclusion,inclusion,0.9997681975364685,1.186460374391629e-10,0.9997681975364685,0.0002199885348090902,9.951872016245034e-06,2.4110601515303642e-08,1.8349850279264501e-06
/Users/christopherbrantner/local/work/projects/toyVisionModel/outputs/chips/validation/inclusion/inclusion_259_bb00.png,inclusion,inclusion,0.9999481439590454,8.849069914329544e-12,0.9999481439590454,3.518596713547595e-05,1.4561935131496284e-05,1.8756669550867855e-09,2.1128178104845574e-06
/Users/christopherbrantner/local/work/projects/toyVisionModel/outputs/chips/validation/inclusion/inclusion_260_bb00.png,inclusion,inclusion,0.9999979734420776,8.130182724969126e-14,0.9999979734420776,6.175549174258776e-07,4.601009493399033e-07,1.3787733454950768e-10,9.072120974451536e-07
/Users/christopherbrantner/local/work/projects/toyVisionModel/outputs/chips/validation/inclusion/inclusion_260_bb01.png,inclusion,inclusion,0.9999938011169434,8.367804604607343e-14,0.9999938011169434,2.3851464447943727e-07,4.255399232988566e-07,1.432390317468446e-10,5.504750788531965e-06
/Users/christopherbrantner/local/work/projects/toyVisionModel/outputs/chips/validation/inclusion/inclusion_261_bb00.png,inclusion,inclusion,0.9999971389770508,3.89547525096387e-13,0.9999971389770508,5.068839641353406e-07,1.1669739024000592e-06,1.3238150575745067e-09,1.1841984814964235e-06
/Users/christopherbrantner/local/work/projects/toyVisionModel/outputs/chips/validation/inclusion/inclusion_261_bb01.png,inclusion,inclusion,0.9999719858169556,1.5889591346244375e-13,0.9999719858169556,3.087106961174868e-07,4.187376418940403e-07,1.864592230615969e-10,2.7164185667061247e-05
/Users/christopherbrantner/local/work/projects/toyVisionModel/outputs/chips/validation/inclusion/inclusion_262_bb00.png,inclusion,inclusion,0.9997478127479553,5.9402793795015896e-09,0.9997478127479553,5.64805741305463e-05,0.00019065631204284728,3.0353453439602163e-06,2.0436457361938665e-06
/Users/christopherbrantner/local/work/projects/toyVisionModel/outputs/chips/validation/inclusion/inclusion_262_bb01.png,inclusion,inclusion,0.9994516968727112,4.334454323240422e-11,0.9994516968727112,0.0005455764476209879,1.923662239278201e-06,1.0541301165289951e-08,8.358825311916007e-07
/Users/christopherbrantner/local/work/projects/toyVisionModel/outputs/chips/validation/inclusion/inclusion_262_bb02.png,inclusion,inclusion,0.9999995231628418,2.6818054138619436e-14,0.9999995231628418,4.7553288595736376e-07,9.099610842611128e-09,1.0583684623144407e-10,2.761723827404694e-08
/Users/christopherbrantner/local/work/projects/toyVisionModel/outputs/chips/validation/inclusion/inclusion_263_bb00.png,inclusion,inclusion,0.9998975992202759,1.8101307164550192e-16,0.9998975992202759,1.459993104191426e-08,2.5461540431592766e-08,1.2480741266862605e-12,0.00010241629934171215
/Users/christopherbrantner/local/work/projects/toyVisionModel/outputs/chips/validation/inclusion/inclusion_263_bb01.png,inclusion,inclusion,0.9999046325683594,8.696408176911419e-12,0.9999046325683594,1.1424894182709977e-05,3.0202015750546707e-06,1.161391982584803e-09,8.095411612885073e-05
/Users/christopherbrantner/local/work/projects/toyVisionModel/outputs/chips/validation/inclusion/inclusion_264_bb00.png,inclusion,inclusion,0.9999502897262573,1.8220256900458587e-11,0.9999502897262573,4.5402266550809145e-05,1.8842598592527793e-06,5.039412886986838e-09,2.4246785415016348e-06
/Users/christopherbrantner/local/work/projects/toyVisionModel/outputs/chips/validation/inclusion/inclusion_264_bb01.png,inclusion,inclusion,0.9974789023399353,4.3888868234143175e-11,0.9974789023399353,0.0025193614419549704,1.5602842040607356e-06,2.0828771596370643e-08,1.5127977803786052e-07
/Users/christopherbrantner/local/work/projects/toyVisionModel/outputs/chips/validation/inclusion/inclusion_264_bb02.png,inclusion,inclusion,0.9999959468841553,1.4487286966857055e-13,0.9999959468841553,3.299273430457106e-06,6.132651719781279e-07,4.796528729755778e-10,1.4078368337777647e-07
/Users/christopherbrantner/local/work/projects/toyVisionModel/outputs/chips/validation/inclusion/inclusion_264_bb03.png,inclusion,inclusion,0.9999998807907104,4.682776650270077e-16,0.9999998807907104,4.4896609097122564e-08,1.2874133981100044e-09,1.8001690632943324e-12,1.1687228607115685e-07
/Users/christopherbrantner/local/work/projects/toyVisionModel/outputs/chips/validation/inclusion/inclusion_265_bb00.png,inclusion,inclusion,0.9999996423721313,1.3600108135866504e-19,0.9999996423721313,6.378678141238936e-10,6.600742175066898e-11,6.541520255164135e-15,3.0676403639517957e-07
/Users/christopherbrantner/local/work/projects/toyVisionModel/outputs/chips/validation/inclusion/inclusion_265_bb01.png,inclusion,inclusion,0.9999958276748657,1.2728388492939252e-13,0.9999958276748657,2.211398850704427e-06,6.223810942174168e-07,1.2887980960218925e-10,1.2834444760301267e-06
/Users/christopherbrantner/local/work/projects/toyVisionModel/outputs/chips/validation/inclusion/inclusion_265_bb02.png,inclusion,inclusion,0.9922227263450623,2.8875459179289464e-07,0.9922227263450623,0.0027446055319160223,0.004969037603586912,2.074478834401816e-05,4.252951475791633e-05
/Users/christopherbrantner/local/work/projects/toyVisionModel/outputs/chips/validation/inclusion/inclusion_265_bb03.png,inclusion,inclusion,0.9997578263282776,1.106707583784167e-14,0.9997578263282776,6.535535135299142e-08,2.1656398985214764e-07,6.9777716590890826e-12,0.0002418296062387526
/Users/christopherbrantner/local/work/projects/toyVisionModel/outputs/chips/validation/inclusion/inclusion_266_bb00.png,inclusion,inclusion,0.9999992847442627,8.553255692145094e-15,0.9999992847442627,4.78479648791108e-07,9.220562091627471e-09,2.2963374257667368e-11,2.5946005166588293e-07
/Users/christopherbrantner/local/work/projects/toyVisionModel/outputs/chips/validation/inclusion/inclusion_266_bb01.png,inclusion,inclusion,0.9999986886978149,2.304354081682225e-13,0.9999986886978149,7.432676056851051e-07,2.5446112772442575e-07,5.776780165334117e-10,3.7579781064778217e-07
/Users/christopherbrantner/local/work/projects/toyVisionModel/outputs/chips/validation/inclusion/inclusion_266_bb02.png,inclusion,inclusion,0.9999977350234985,3.3381981803370236e-14,0.9999977350234985,1.7880789755508886e-06,2.871344229049555e-08,2.1862091997837396e-11,5.347447995518451e-07
/Users/christopherbrantner/local/work/projects/toyVisionModel/outputs/chips/validation/inclusion/inclusion_267_bb00.png,inclusion,inclusion,0.9996980428695679,2.930633166697838e-13,0.9996980428695679,7.026652610875317e-07,3.346011396843096e-07,1.258203402576541e-10,0.0003009515639860183
/Users/christopherbrantner/local/work/projects/toyVisionModel/outputs/chips/validation/inclusion/inclusion_267_bb01.png,inclusion,inclusion,0.9999997615814209,2.116976400765285e-14,0.9999997615814209,1.8411488156289124e-07,1.665713256215895e-08,2.2363909335521015e-10,1.6513325817868463e-08
/Users/christopherbrantner/local/work/projects/toyVisionModel/outputs/chips/validation/inclusion/inclusion_267_bb02.png,inclusion,inclusion,0.9999988079071045,5.780315038872745e-15,0.9999988079071045,5.0174946863990044e-08,6.890211778909361e-08,2.0449100746056104e-11,1.1165795967826853e-06
/Users/christopherbrantner/local/work/projects/toyVisionModel/outputs/chips/validation/inclusion/inclusion_268_bb00.png,inclusion,inclusion,0.9998576641082764,1.1638198217645002e-11,0.9998576641082764,9.889555076370016e-05,2.3076976503944024e-05,2.0789578947244536e-09,2.026827132795006e-05
/Users/christopherbrantner/local/work/projects/toyVisionModel/outputs/chips/validation/inclusion/inclusion_269_bb00.png,inclusion,inclusion,0.999957799911499,1.0244769306977028e-13,0.999957799911499,3.573979654447612e-07,6.967122203604958e-07,4.887995563862546e-11,4.118061042390764e-05
/Users/christopherbrantner/local/work/projects/toyVisionModel/outputs/chips/validation/inclusion/inclusion_269_bb01.png,inclusion,inclusion,0.9996784925460815,9.075688985060726e-12,0.9996784925460815,2.4900282369344495e-06,3.487665162538178e-05,1.0438913067289946e-09,0.0002841475943569094
/Users/christopherbrantner/local/work/projects/toyVisionModel/outputs/chips/validation/inclusion/inclusion_269_bb02.png,inclusion,inclusion,0.9489319920539856,1.981277591767139e-06,0.9489319920539856,0.0017071167239919305,0.04777829349040985,1.3952579138276633e-05,0.001566598773933947
/Users/christopherbrantner/local/work/projects/toyVisionModel/outputs/chips/validation/inclusion/inclusion_270_bb00.png,inclusion,inclusion,0.9999997615814209,4.2825233647920263e-14,0.9999997615814209,1.0073819112221827e-07,1.0005304318383423e-07,3.6390260249596906e-10,4.60516815792289e-08
/Users/christopherbrantner/local/work/projects/toyVisionModel/outputs/chips/validation/inclusion/inclusion_271_bb00.png,inclusion,inclusion,0.9998255372047424,1.4863223152250526e-10,0.9998255372047424,7.613306479470339e-06,0.00014119308616500348,3.179535568165193e-08,2.560547727625817e-05
/Users/christopherbrantner/local/work/projects/toyVisionModel/outputs/chips/validation/inclusion/inclusion_271_bb01.png,inclusion,inclusion,0.9997972846031189,2.1719383019522254e-13,0.9997972846031189,2.971778485516552e-07,2.623054569994565e-06,6.004290814543012e-11,0.00019990862347185612
/Users/christopherbrantner/local/work/projects/toyVisionModel/outputs/chips/validation/inclusion/inclusion_271_bb02.png,inclusion,inclusion,0.9923156499862671,2.973328472322123e-09,0.9923156499862671,2.6302997866878286e-05,0.0014509143074974418,5.9206215041740506e-08,0.0062071410939097404
/Users/christopherbrantner/local/work/projects/toyVisionModel/outputs/chips/validation/inclusion/inclusion_272_bb00.png,inclusion,inclusion,0.9999990463256836,9.089963719612678e-16,0.9999990463256836,1.6977814709662198e-08,1.1611124506316628e-08,1.0730573547779176e-11,9.045039064403682e-07
/Users/christopherbrantner/local/work/projects/toyVisionModel/outputs/chips/validation/inclusion/inclusion_272_bb01.png,inclusion,inclusion,0.9999990463256836,2.4395304924003723e-17,0.9999990463256836,3.239629897677787e-09,2.4800426157156608e-09,2.448242617750923e-13,9.272224588130484e-07
/Users/christopherbrantner/local/work/projects/toyVisionModel/outputs/chips/validation/inclusion/inclusion_272_bb02.png,inclusion,inclusion,0.9999960660934448,2.3019899110824846e-16,0.9999960660934448,7.337045193622771e-09,1.875861421751779e-08,1.4194462662556195e-12,3.904012373823207e-06
/Users/christopherbrantner/local/work/projects/toyVisionModel/outputs/chips/validation/inclusion/inclusion_273_bb00.png,inclusion,inclusion,0.999998927116394,4.305800931325406e-16,0.999998927116394,2.0463816952087654e-07,3.874336584885896e-08,1.7324261599935276e-12,8.587354045630491e-07
/Users/christopherbrantner/local/work/projects/toyVisionModel/outputs/chips/validation/inclusion/inclusion_273_bb01.png,inclusion,inclusion,0.9999969005584717,5.526309119520401e-13,0.9999969005584717,1.1399896493458073e-06,9.790794592845486e-07,6.949638087228038e-10,9.864659205049975e-07
/Users/christopherbrantner/local/work/projects/toyVisionModel/outputs/chips/validation/inclusion/inclusion_274_bb00.png,inclusion,inclusion,0.9989606142044067,1.3791444652966334e-09,0.9989606142044067,0.00011353220179444179,0.0005318138864822686,6.429191046208871e-08,0.0003939191228710115
/Users/christopherbrantner/local/work/projects/toyVisionModel/outputs/chips/validation/inclusion/inclusion_274_bb01.png,inclusion,inclusion,0.999516487121582,2.438901303136731e-10,0.999516487121582,1.4211574352884782e-06,0.0002686688967514783,3.578558604999671e-08,0.00021340347302611917
/Users/christopherbrantner/local/work/projects/toyVisionModel/outputs/chips/validation/inclusion/inclusion_274_bb02.png,inclusion,inclusion,0.9999932050704956,7.733552838916358e-13,0.9999932050704956,3.014650246768724e-06,5.582112976298959e-07,3.4555122652157877e-10,3.1836923426453723e-06
/Users/christopherbrantner/local/work/projects/toyVisionModel/outputs/chips/validation/inclusion/inclusion_274_bb03.png,inclusion,inclusion,0.9987097978591919,4.779863727044642e-10,0.9987097978591919,2.836859130184166e-05,0.0005296737072058022,1.0606538758395345e-08,0.0007321737939491868
/Users/christopherbrantner/local/work/projects/toyVisionModel/outputs/chips/validation/inclusion/inclusion_275_bb00.png,inclusion,inclusion,0.9999874830245972,1.679026401013627e-15,0.9999874830245972,7.981863348049956e-08,2.2199230897967936e-08,2.737774633734813e-12,1.2449251698853914e-05
/Users/christopherbrantner/local/work/projects/toyVisionModel/outputs/chips/validation/inclusion/inclusion_275_bb01.png,inclusion,inclusion,0.9998408555984497,1.66825650516067e-11,0.9998408555984497,0.00015557762526441365,2.9663031000382034e-06,5.128433677725752e-09,5.752206675424532e-07
/Users/christopherbrantner/local/work/projects/toyVisionModel/outputs/chips/validation/inclusion/inclusion_275_bb02.png,inclusion,inclusion,0.9999803304672241,1.066271528536722e-12,0.9999803304672241,1.148762635239109e-06,4.499264832702465e-06,4.185991830940594e-10,1.398352105752565e-05
/Users/christopherbrantner/local/work/projects/toyVisionModel/outputs/chips/validation/inclusion/inclusion_275_bb03.png,inclusion,inclusion,0.9999966621398926,1.285221169940176e-12,0.9999966621398926,5.648417982229148e-07,1.2097673334210413e-06,1.873094346294124e-09,1.5386034419861971e-06
/Users/christopherbrantner/local/work/projects/toyVisionModel/outputs/chips/validation/inclusion/inclusion_275_bb04.png,inclusion,inclusion,0.9999942779541016,1.2991642267187742e-14,0.9999942779541016,8.454010753666807e-07,8.055852163124655e-08,1.548287019426109e-11,4.814908606931567e-06
/Users/christopherbrantner/local/work/projects/toyVisionModel/outputs/chips/validation/inclusion/inclusion_275_bb05.png,inclusion,inclusion,0.9999995231628418,5.70319671243174e-16,0.9999995231628418,3.4918735991595895e-07,1.1183322712327026e-08,2.6465379367179853e-12,8.552472507972197e-08
/Users/christopherbrantner/local/work/projects/toyVisionModel/outputs/chips/validation/inclusion/inclusion_276_bb00.png,inclusion,inclusion,0.999972939491272,4.444070545589485e-12,0.999972939491272,2.5084651497309096e-05,1.7229135096386017e-07,2.642678520459185e-09,1.880007062027289e-06
/Users/christopherbrantner/local/work/projects/toyVisionModel/outputs/chips/validation/inclusion/inclusion_276_bb01.png,inclusion,inclusion,0.9999983310699463,2.2306704145500303e-14,0.9999983310699463,3.1253998145075457e-07,1.6696972693353018e-07,5.1705102005472625e-11,1.2129404467486893e-06
/Users/christopherbrantner/local/work/projects/toyVisionModel/outputs/chips/validation/inclusion/inclusion_277_bb00.png,inclusion,inclusion,0.9999953508377075,6.395830588236395e-13,0.9999953508377075,2.6070206331496593e-06,1.313823418058746e-06,7.554807890386428e-10,6.885908874210145e-07
/Users/christopherbrantner/local/work/projects/toyVisionModel/outputs/chips/validation/inclusion/inclusion_278_bb00.png,inclusion,inclusion,0.9999958276748657,3.701386013433319e-16,0.9999958276748657,2.188778580602957e-08,1.96764489146517e-08,1.0780343631666689e-12,4.167554834566545e-06
/Users/christopherbrantner/local/work/projects/toyVisionModel/outputs/chips/validation/inclusion/inclusion_278_bb01.png,inclusion,inclusion,0.9999909400939941,4.6758721027051475e-12,0.9999909400939941,2.072746383419144e-06,5.959449936199235e-06,3.915877844207216e-09,1.1066778142776457e-06
/Users/christopherbrantner/local/work/projects/toyVisionModel/outputs/chips/validation/inclusion/inclusion_278_bb02.png,inclusion,inclusion,0.9999914169311523,3.7561297930484294e-13,0.9999914169311523,4.2438932723598555e-06,5.02801242419082e-07,6.513914407868526e-11,3.865454345941544e-06
/Users/christopherbrantner/local/work/projects/toyVisionModel/outputs/chips/validation/inclusion/inclusion_279_bb00.png,inclusion,inclusion,0.9999985694885254,1.5632170918497036e-14,0.9999985694885254,2.6541707143223903e-07,3.479967247699278e-08,1.924117115637003e-11,1.187823045256664e-06
/Users/christopherbrantner/local/work/projects/toyVisionModel/outputs/chips/validation/inclusion/inclusion_279_bb01.png,inclusion,inclusion,0.9999977350234985,2.0087657665729397e-12,0.9999977350234985,3.685545379994437e-07,1.272531562790391e-06,5.107272826876397e-09,5.639903406517988e-07
/Users/christopherbrantner/local/work/projects/toyVisionModel/outputs/chips/validation/inclusion/inclusion_280_bb00.png,inclusion,inclusion,0.9999083280563354,2.016272704352673e-10,0.9999083280563354,6.893762474646792e-06,8.257794979726896e-05,2.518746953228401e-07,1.9555920971470186e-06
/Users/christopherbrantner/local/work/projects/toyVisionModel/outputs/chips/validation/inclusion/inclusion_280_bb01.png,inclusion,inclusion,0.9999994039535522,1.4947712181182806e-15,0.9999994039535522,6.294396825978765e-08,9.811325973885232e-09,6.003806393012345e-12,4.737426024803426e-07
/Users/christopherbrantner/local/work/projects/toyVisionModel/outputs/chips/validation/inclusion/inclusion_281_bb00.png,inclusion,inclusion,0.9999991655349731,4.923104778998947e-16,0.9999991655349731,6.725392864836977e-08,7.37282634943881e-09,2.929974839138705e-12,7.476101586689765e-07
/Users/christopherbrantner/local/work/projects/toyVisionModel/outputs/chips/validation/inclusion/inclusion_281_bb01.png,inclusion,inclusion,0.999998927116394,3.9962515718458547e-13,0.999998927116394,6.795093554501364e-07,1.1586561043941401e-07,1.9405910212100252e-09,2.5871523234854976e-07
/Users/christopherbrantner/local/work/projects/toyVisionModel/outputs/chips/validation/inclusion/inclusion_282_bb00.png,inclusion,inclusion,0.9999996423721313,8.051278556613778e-14,0.9999996423721313,1.7709413668853813e-07,8.410634677602502e-08,8.094006576087054e-10,1.3908099560921983e-07
/Users/christopherbrantner/local/work/projects/toyVisionModel/outputs/chips/validation/inclusion/inclusion_282_bb01.png,inclusion,inclusion,0.9999992847442627,1.1327375838796495e-14,0.9999992847442627,3.762749827274092e-07,6.904804905616402e-08,5.087975873951933e-11,2.021332221602279e-07
/Users/christopherbrantner/local/work/projects/toyVisionModel/outputs/chips/validation/inclusion/inclusion_283_bb00.png,inclusion,inclusion,0.9999443292617798,5.925449714228037e-11,0.9999443292617798,1.4784158338443376e-05,1.0064940170195769e-06,7.174361371653504e-08,3.98111624235753e-05
/Users/christopherbrantner/local/work/projects/toyVisionModel/outputs/chips/validation/inclusion/inclusion_284_bb00.png,inclusion,inclusion,0.9999980926513672,1.6479321391572768e-15,0.9999980926513672,2.7957736392636434e-07,1.0093915037145962e-08,2.1995944995967243e-11,1.6123541399792884e-06
/Users/christopherbrantner/local/work/projects/toyVisionModel/outputs/chips/validation/inclusion/inclusion_284_bb01.png,inclusion,inclusion,0.9988899827003479,5.57687414044078e-13,0.9988899827003479,2.4438961190753616e-05,1.48599133353855e-06,6.949997521932261e-11,0.0010842252522706985
/Users/christopherbrantner/local/work/projects/toyVisionModel/outputs/chips/validation/inclusion/inclusion_284_bb02.png,inclusion,inclusion,0.9996080994606018,6.433198507238558e-08,0.9996080994606018,0.00021225589443929493,0.0001394730934407562,3.5688310163095593e-05,4.585151600622339e-06
/Users/christopherbrantner/local/work/projects/toyVisionModel/outputs/chips/validation/inclusion/inclusion_285_bb00.png,inclusion,inclusion,0.999963641166687,6.957573406296547e-11,0.999963641166687,1.9070974303758703e-05,1.55348297994351e-05,5.1333820749732695e-08,1.768534048096626e-06
/Users/christopherbrantner/local/work/projects/toyVisionModel/outputs/chips/validation/inclusion/inclusion_286_bb00.png,inclusion,inclusion,0.9999945163726807,4.166999644644731e-12,0.9999945163726807,1.2154717978773988e-06,2.6907207484327955e-06,9.023466418511816e-09,1.5502668020417332e-06
/Users/christopherbrantner/local/work/projects/toyVisionModel/outputs/chips/validation/inclusion/inclusion_286_bb01.png,inclusion,inclusion,0.9999998807907104,1.2941355826933385e-15,0.9999998807907104,9.703820325057677e-08,1.1445191461234572e-08,1.9799642828055575e-11,1.2770517976434803e-08
/Users/christopherbrantner/local/work/projects/toyVisionModel/outputs/chips/validation/inclusion/inclusion_287_bb00.png,inclusion,inclusion,0.9999752044677734,1.293962333115406e-12,0.9999752044677734,3.161725999234477e-06,5.325682650436647e-07,4.925143071154992e-10,2.1073601601528935e-05
/Users/christopherbrantner/local/work/projects/toyVisionModel/outputs/chips/validation/inclusion/inclusion_287_bb01.png,inclusion,inclusion,0.9999959468841553,4.137504484431041e-16,0.9999959468841553,6.691907028510968e-09,1.0064248989749558e-08,2.1913725174738108e-12,4.071371222380549e-06
/Users/christopherbrantner/local/work/projects/toyVisionModel/outputs/chips/validation/inclusion/inclusion_287_bb02.png,inclusion,inclusion,0.999769389629364,2.5674509549224622e-18,0.999769389629364,3.0451699495337436e-10,1.406652239133166e-09,2.2311383155500936e-14,0.00023058211081661284
/Users/christopherbrantner/local/work/projects/toyVisionModel/outputs/chips/validation/inclusion/inclusion_287_bb03.png,inclusion,inclusion,0.9999961853027344,2.263639964999954e-16,0.9999961853027344,1.523953940818501e-08,1.9723713773345253e-09,4.0310880718499864e-13,3.816174285020679e-06
/Users/christopherbrantner/local/work/projects/toyVisionModel/outputs/chips/validation/inclusion/inclusion_287_bb04.png,inclusion,inclusion,0.9999815225601196,2.307215934960454e-14,0.9999815225601196,1.3474885236064438e-05,5.76434047161456e-07,2.1347900877599635e-11,4.4267917473916896e-06
/Users/christopherbrantner/local/work/projects/toyVisionModel/outputs/chips/validation/inclusion/inclusion_287_bb05.png,inclusion,inclusion,0.9999994039535522,1.8436125391965526e-17,0.9999994039535522,4.910712050332222e-07,5.108533041031649e-11,8.39715870080103e-14,9.802707978678882e-08
/Users/christopherbrantner/local/work/projects/toyVisionModel/outputs/chips/validation/inclusion/inclusion_287_bb06.png,inclusion,inclusion,0.9999717473983765,2.8340535213750018e-12,0.9999717473983765,2.236378895759117e-05,5.218796104600187e-06,1.416557982025779e-09,5.669129450325272e-07
/Users/christopherbrantner/local/work/projects/toyVisionModel/outputs/chips/validation/inclusion/inclusion_287_bb07.png,inclusion,inclusion,0.9999415874481201,2.6031035169743998e-14,0.9999415874481201,1.0155162044611643e-07,4.3079047884475585e-08,2.338975887972161e-11,5.833090835949406e-05
/Users/christopherbrantner/local/work/projects/toyVisionModel/outputs/chips/validation/inclusion/inclusion_288_bb00.png,inclusion,inclusion,0.999972939491272,1.1776743642777365e-11,0.999972939491272,2.2268279280979186e-05,4.16145803683321e-06,9.33847577044844e-09,5.708632215828402e-07
/Users/christopherbrantner/local/work/projects/toyVisionModel/outputs/chips/validation/inclusion/inclusion_288_bb01.png,inclusion,inclusion,0.9999432563781738,6.953749642074625e-13,0.9999432563781738,3.2942029065452516e-05,1.5097983805389958e-06,1.1596477250686021e-10,2.233096893178299e-05
/Users/christopherbrantner/local/work/projects/toyVisionModel/outputs/chips/validation/inclusion/inclusion_289_bb00.png,inclusion,inclusion,0.9999998807907104,2.001232201965226e-16,0.9999998807907104,1.2307944530220993e-07,6.34951380362736e-09,3.0426984716502847e-12,3.138811521807838e-08
/Users/christopherbrantner/local/work/projects/toyVisionModel/outputs/chips/validation/inclusion/inclusion_289_bb01.png,inclusion,inclusion,0.9999996423721313,1.159223668865581e-15,0.9999996423721313,2.0163945180229348e-07,6.067038427204352e-09,4.502703331715763e-12,1.1018519785466196e-07
/Users/christopherbrantner/local/work/projects/toyVisionModel/outputs/chips/validation/inclusion/inclusion_289_bb02.png,inclusion,inclusion,0.9999891519546509,7.733130440526221e-15,0.9999891519546509,9.879320714389905e-06,1.0576300724096654e-08,9.282425522672e-12,9.47177795751486e-07
/Users/christopherbrantner/local/work/projects/toyVisionModel/outputs/chips/validation/inclusion/inclusion_289_bb03.png,inclusion,inclusion,0.9999998807907104,4.80169081164172e-18,0.9999998807907104,3.464406539421816e-09,4.002545517245437e-11,9.700015991169833e-14,1.591532026168352e-07
/Users/christopherbrantner/local/work/projects/toyVisionModel/outputs/chips/validation/inclusion/inclusion_290_bb00.png,inclusion,inclusion,0.9999876022338867,5.83259230301468e-14,0.9999876022338867,1.2200874152767938e-05,1.3038408042120864e-07,7.71642610919443e-11,1.4696024663862772e-07
/Users/christopherbrantner/local/work/projects/toyVisionModel/outputs/chips/validation/inclusion/inclusion_291_bb00.png,inclusion,inclusion,0.9999973773956299,1.982167820721928e-13,0.9999973773956299,8.545067942122841e-08,8.02336828087391e-08,1.423492768104495e-09,2.360479584240238e-06
/Users/christopherbrantner/local/work/projects/toyVisionModel/outputs/chips/validation/inclusion/inclusion_291_bb01.png,inclusion,inclusion,0.9999619722366333,1.0129242144487835e-13,0.9999619722366333,3.722513793036342e-05,2.3004844251772738e-07,5.188855942139803e-11,6.237962679733755e-07
/Users/christopherbrantner/local/work/projects/toyVisionModel/outputs/chips/validation/inclusion/inclusion_291_bb02.png,inclusion,inclusion,0.9993613362312317,8.381340066421217e-10,0.9993613362312317,0.0002836148487403989,0.0002931311319116503,6.113543804531218e-08,6.183264486026019e-05
/Users/christopherbrantner/local/work/projects/toyVisionModel/outputs/chips/validation/inclusion/inclusion_291_bb03.png,inclusion,inclusion,0.9999946355819702,3.916875843308111e-14,0.9999946355819702,1.9591892908010777e-07,9.086303265348761e-08,3.6771776595889705e-11,4.973895556759089e-06
/Users/christopherbrantner/local/work/projects/toyVisionModel/outputs/chips/validation/inclusion/inclusion_292_bb00.png,inclusion,inclusion,0.9999886751174927,1.4883854565495014e-11,0.9999886751174927,3.234430550946854e-06,1.2780403721990297e-06,1.3849002833410395e-08,6.769400442863116e-06
/Users/christopherbrantner/local/work/projects/toyVisionModel/outputs/chips/validation/inclusion/inclusion_292_bb01.png,inclusion,inclusion,0.9999998807907104,5.2191801905689464e-14,0.9999998807907104,1.7630115678457514e-07,5.706420935780443e-08,1.607283528493042e-09,3.0209097445776933e-08
/Users/christopherbrantner/local/work/projects/toyVisionModel/outputs/chips/validation/inclusion/inclusion_292_bb02.png,inclusion,inclusion,0.9996891021728516,1.916218295150429e-09,0.9996891021728516,0.00022094201995059848,8.178215648513287e-05,2.5504965606160113e-07,7.999086847121362e-06
/Users/christopherbrantner/local/work/projects/toyVisionModel/outputs/chips/validation/inclusion/inclusion_292_bb03.png,inclusion,inclusion,0.9999996423721313,1.8577070695006796e-14,0.9999996423721313,2.819998599079554e-07,2.14637410067553e-08,9.962935337837209e-11,7.40064507454008e-08
/Users/christopherbrantner/local/work/projects/toyVisionModel/outputs/chips/validation/inclusion/inclusion_292_bb04.png,inclusion,inclusion,0.999987006187439,2.217793006534241e-12,0.999987006187439,7.485595688194735e-06,4.8463889470440336e-06,2.738832494131316e-09,6.202490112627856e-07
/Users/christopherbrantner/local/work/projects/toyVisionModel/outputs/chips/validation/inclusion/inclusion_292_bb05.png,inclusion,inclusion,0.9995309114456177,1.2912466929027033e-10,0.9995309114456177,0.00033588617225177586,0.00010350516822654754,9.624280927766904e-09,2.9660297514055856e-05
/Users/christopherbrantner/local/work/projects/toyVisionModel/outputs/chips/validation/inclusion/inclusion_292_bb06.png,inclusion,inclusion,0.9999697208404541,2.4863472392055996e-11,0.9999697208404541,3.4518677693995414e-06,1.7827327610575594e-05,2.4570091738951305e-08,8.903601155907381e-06
/Users/christopherbrantner/local/work/projects/toyVisionModel/outputs/chips/validation/inclusion/inclusion_293_bb00.png,inclusion,inclusion,0.9999363422393799,3.922948771384327e-11,0.9999363422393799,6.141522317193449e-05,1.904356395243667e-06,6.711592703823044e-08,2.787053290376207e-07
/Users/christopherbrantner/local/work/projects/toyVisionModel/outputs/chips/validation/inclusion/inclusion_293_bb01.png,inclusion,inclusion,0.9999978542327881,1.500150576135527e-14,0.9999978542327881,2.0868092178716324e-06,6.988725154144504e-10,2.800187304252688e-10,6.317163236957413e-09
/Users/christopherbrantner/local/work/projects/toyVisionModel/outputs/chips/validation/inclusion/inclusion_293_bb02.png,inclusion,inclusion,0.9999855756759644,8.347734396091377e-13,0.9999855756759644,7.425713874908979e-07,1.0135237289432553e-06,7.464981410798543e-10,1.2679171049967408e-05
/Users/christopherbrantner/local/work/projects/toyVisionModel/outputs/chips/validation/inclusion/inclusion_294_bb00.png,inclusion,inclusion,0.9999994039535522,8.318547944658611e-15,0.9999994039535522,1.36659636496006e-07,9.014552659891706e-08,4.830310110226499e-11,3.1589738114234933e-07
/Users/christopherbrantner/local/work/projects/toyVisionModel/outputs/chips/validation/inclusion/inclusion_294_bb01.png,inclusion,inclusion,1.0,5.063110490891141e-18,1.0,7.258568857082537e-09,1.877534065719555e-11,2.5600195249254887e-13,2.023926137795229e-09
/Users/christopherbrantner/local/work/projects/toyVisionModel/outputs/chips/validation/inclusion/inclusion_295_bb00.png,inclusion,inclusion,0.999997615814209,6.180769004243691e-12,0.999997615814209,1.4529410918839858e-06,6.933296390343457e-07,2.993543191109893e-08,2.6042468448395084e-07
/Users/christopherbrantner/local/work/projects/toyVisionModel/outputs/chips/validation/inclusion/inclusion_295_bb01.png,inclusion,inclusion,0.9999998807907104,5.103946846769235e-19,0.9999998807907104,1.0684396700710863e-09,5.6373922890928796e-11,2.657634481679095e-14,1.1867189186887117e-07
/Users/christopherbrantner/local/work/projects/toyVisionModel/outputs/chips/validation/inclusion/inclusion_296_bb00.png,inclusion,inclusion,0.6729918718338013,4.486491604893672e-07,0.6729918718338013,0.001212491886690259,0.3255769908428192,2.0857560230069794e-05,0.00019734881061594933
/Users/christopherbrantner/local/work/projects/toyVisionModel/outputs/chips/validation/inclusion/inclusion_296_bb01.png,inclusion,inclusion,0.9999024868011475,1.4008690041311667e-12,0.9999024868011475,8.402823732467368e-05,7.247148232636391e-07,1.701947194288067e-10,1.2710913324553985e-05
/Users/christopherbrantner/local/work/projects/toyVisionModel/outputs/chips/validation/inclusion/inclusion_297_bb00.png,inclusion,inclusion,0.9354583621025085,2.3284972883175215e-07,0.9354583621025085,0.0023103980347514153,0.0609438382089138,2.051164983640774e-06,0.0012850762577727437
/Users/christopherbrantner/local/work/projects/toyVisionModel/outputs/chips/validation/inclusion/inclusion_298_bb00.png,inclusion,inclusion,0.9999983310699463,9.19906698952385e-17,0.9999983310699463,1.681972321421199e-06,2.9355690100985044e-10,1.8580563520068094e-13,6.426923881974744e-09
/Users/christopherbrantner/local/work/projects/toyVisionModel/outputs/chips/validation/inclusion/inclusion_298_bb01.png,inclusion,inclusion,0.9999986886978149,1.2714345703113313e-14,0.9999986886978149,1.581061326305644e-07,8.655293015635834e-08,7.769649507105569e-11,1.0461410511197755e-06
/Users/christopherbrantner/local/work/projects/toyVisionModel/outputs/chips/validation/inclusion/inclusion_298_bb02.png,inclusion,inclusion,0.9998825788497925,5.992156857509423e-12,0.9998825788497925,9.747270087245852e-05,1.972501377167646e-05,8.534620121736225e-09,1.8985120675552025e-07
/Users/christopherbrantner/local/work/projects/toyVisionModel/outputs/chips/validation/inclusion/inclusion_298_bb03.png,inclusion,inclusion,0.9256356358528137,7.647233957186472e-10,0.9256356358528137,0.07415946573019028,0.00020308834791649133,1.5388479823741363e-07,1.7136526366812177e-06
/Users/christopherbrantner/local/work/projects/toyVisionModel/outputs/chips/validation/inclusion/inclusion_298_bb04.png,inclusion,inclusion,0.9998859167098999,1.9809792640903406e-13,0.9998859167098999,0.00011391274892957881,3.981142882025779e-08,2.0700177683075083e-10,6.521466389131092e-08
/Users/christopherbrantner/local/work/projects/toyVisionModel/outputs/chips/validation/inclusion/inclusion_299_bb00.png,inclusion,inclusion,0.9999338388442993,1.5448240560031468e-12,0.9999338388442993,6.074374323361553e-05,5.3012490752735175e-06,5.226628463361749e-09,8.94977034704425e-08
/Users/christopherbrantner/local/work/projects/toyVisionModel/outputs/chips/validation/inclusion/inclusion_299_bb01.png,inclusion,inclusion,0.9999711513519287,4.099672424456857e-12,0.9999711513519287,2.8471733457990922e-05,2.155945679760407e-07,6.363067406311984e-09,1.1340003425175382e-07
/Users/christopherbrantner/local/work/projects/toyVisionModel/outputs/chips/validation/inclusion/inclusion_300_bb00.png,inclusion,inclusion,1.0,8.423116484720314e-18,1.0,8.45981684705066e-09,1.1095017959927844e-10,1.952745419791374e-13,2.6745205161660124e-08
/Users/christopherbrantner/local/work/projects/toyVisionModel/outputs/chips/validation/inclusion/inclusion_300_bb01.png,inclusion,inclusion,0.9999973773956299,3.61630078096406e-14,0.9999973773956299,1.880011950561311e-06,5.634659601128078e-07,1.0456328858321484e-10,1.2455691944524006e-07
/Users/christopherbrantner/local/work/projects/toyVisionModel/outputs/chips/validation/inclusion/inclusion_300_bb02.png,inclusion,inclusion,0.9999645948410034,2.8564935247894774e-13,0.9999645948410034,2.885282810893841e-05,4.858191459788941e-06,7.987105421491947e-11,1.7139944930022466e-06
/Users/christopherbrantner/local/work/projects/toyVisionModel/outputs/chips/validation/inclusion/patches_245_bb06.png,inclusion,inclusion,0.9999814033508301,2.2239918240352097e-11,0.9999814033508301,1.859541043813806e-05,1.6324968044045818e-08,8.164935949572794e-10,2.0266850420114224e-09
/Users/christopherbrantner/local/work/projects/toyVisionModel/outputs/chips/validation/inclusion/patches_249_bb02.png,inclusion,inclusion,0.9999833106994629,3.574505058265287e-12,0.9999833106994629,1.6347739801858552e-05,3.5516623597686703e-07,5.829062232898252e-11,2.6583220069653635e-09
/Users/christopherbrantner/local/work/projects/toyVisionModel/outputs/chips/validation/inclusion/patches_259_bb03.png,inclusion,inclusion,0.9984328150749207,1.9287929831079964e-07,0.9984328150749207,0.0015562284970656037,6.876057341287378e-06,2.791083488773438e-07,3.519799292917014e-06
/Users/christopherbrantner/local/work/projects/toyVisionModel/outputs/chips/validation/inclusion/patches_259_bb04.png,inclusion,inclusion,0.9997958540916443,3.30913518808984e-09,0.9997958540916443,0.00020289034000597894,9.420099900125933e-07,1.4732296449437854e-07,1.3805384924125974e-07
/Users/christopherbrantner/local/work/projects/toyVisionModel/outputs/chips/validation/inclusion/patches_260_bb01.png,inclusion,crazing,0.9159404635429382,0.9159404635429382,0.035934772342443466,0.04454001411795616,0.0016568740829825401,0.0018830358749255538,4.477025140658952e-05
/Users/christopherbrantner/local/work/projects/toyVisionModel/outputs/chips/validation/inclusion/patches_265_bb03.png,inclusion,inclusion,0.9997633099555969,1.833478369128727e-10,0.9997633099555969,0.00023646537738386542,1.2122337977871211e-07,3.976691864693294e-09,8.038230703277804e-08
/Users/christopherbrantner/local/work/projects/toyVisionModel/outputs/chips/validation/inclusion/patches_274_bb01.png,inclusion,inclusion,0.9999129772186279,1.0301599157047647e-10,0.9999129772186279,8.685462671564892e-05,9.258098288000838e-08,3.4775973212219924e-09,5.746551678953438e-09
/Users/christopherbrantner/local/work/projects/toyVisionModel/outputs/chips/validation/inclusion/pitted_surface_279_bb01.png,inclusion,inclusion,0.7974172830581665,1.73983893958507e-09,0.7974172830581665,0.20237593352794647,0.0002045921137323603,2.1047235065907444e-07,1.952618958966923e-06
/Users/christopherbrantner/local/work/projects/toyVisionModel/outputs/chips/validation/inclusion/pitted_surface_281_bb01.png,inclusion,inclusion,0.9999444484710693,4.183512531622663e-13,0.9999444484710693,1.8518730371397396e-07,7.520416602346813e-06,4.907045325630577e-10,4.785374039784074e-05
/Users/christopherbrantner/local/work/projects/toyVisionModel/outputs/chips/validation/inclusion/scratches_242_bb02.png,inclusion,patches,0.7075837850570679,5.4083525213854955e-08,0.2916325032711029,0.7075837850570679,0.0007754514808766544,4.6645305928905145e-07,7.812344847479835e-06
/Users/christopherbrantner/local/work/projects/toyVisionModel/outputs/chips/validation/inclusion/scratches_244_bb03.png,inclusion,inclusion,0.9666517972946167,9.234868425522791e-10,0.9666517972946167,0.033342503011226654,4.5644387682841625e-06,1.0622793666925645e-07,1.0787758810693049e-06
/Users/christopherbrantner/local/work/projects/toyVisionModel/outputs/chips/validation/inclusion/scratches_290_bb02.png,inclusion,inclusion,0.989080011844635,8.380593499168754e-06,0.989080011844635,0.0027424863073974848,0.00619136355817318,0.0016848040977492929,0.00029297504806891084
/Users/christopherbrantner/local/work/projects/toyVisionModel/outputs/chips/validation/patches/patches_241_bb00.png,patches,patches,0.9999997615814209,9.993807170705082e-11,7.78533433276607e-08,0.9999997615814209,1.1652270615059024e-07,1.0497385183327879e-09,1.3328671499834854e-11
/Users/christopherbrantner/local/work/projects/toyVisionModel/outputs/chips/validation/patches/patches_242_bb00.png,patches,patches,0.9999988079071045,6.771945226802245e-09,6.645037728958414e-07,0.9999988079071045,5.826441338285804e-07,4.8576414002354795e-09,6.078427761124772e-10
/Users/christopherbrantner/local/work/projects/toyVisionModel/outputs/chips/validation/patches/patches_242_bb01.png,patches,patches,0.9999901056289673,2.081132834064192e-06,3.4281010812264867e-06,0.9999901056289673,4.312302280595759e-06,8.950734553536677e-08,1.583869213561684e-08
/Users/christopherbrantner/local/work/projects/toyVisionModel/outputs/chips/validation/patches/patches_242_bb02.png,patches,patches,0.9999946355819702,4.5118653702047595e-07,2.318955921509769e-06,0.9999946355819702,2.511452976250439e-06,5.278394610286341e-08,7.756029707373102e-10
/Users/christopherbrantner/local/work/projects/toyVisionModel/outputs/chips/validation/patches/patches_243_bb00.png,patches,patches,0.9999986886978149,3.3716746061784875e-10,8.351205451617716e-07,0.9999986886978149,4.386006935419573e-07,1.7755315273593197e-10,5.725683815960281e-10
/Users/christopherbrantner/local/work/projects/toyVisionModel/outputs/chips/validation/patches/patches_243_bb01.png,patches,patches,0.9999501705169678,1.5541911125183105e-05,2.231988219136838e-05,0.9999501705169678,1.1401434676372446e-05,2.909806653406122e-07,2.0074631379429775e-07
/Users/christopherbrantner/local/work/projects/toyVisionModel/outputs/chips/validation/patches/patches_243_bb02.png,patches,patches,0.9999854564666748,9.685841177997645e-07,2.3617169517820003e-06,0.9999854564666748,1.1043116501241457e-05,1.1619080453328934e-07,7.540172930475819e-08
/Users/christopherbrantner/local/work/projects/toyVisionModel/outputs/chips/validation/patches/patches_243_bb03.png,patches,patches,0.9999982118606567,5.802726263937075e-07,2.192444981119479e-07,0.9999982118606567,8.528031685273163e-07,7.704284143983386e-08,8.891006264555301e-10
/Users/christopherbrantner/local/work/projects/toyVisionModel/outputs/chips/validation/patches/patches_243_bb04.png,patches,patches,0.9999743700027466,2.900328510690997e-08,1.9008117305929773e-05,0.9999743700027466,6.311273864412215e-06,9.29132326632498e-08,1.6190963947337877e-07
/Users/christopherbrantner/local/work/projects/toyVisionModel/outputs/chips/validation/patches/patches_244_bb00.png,patches,patches,0.999982476234436,3.946425692902267e-07,1.4733249372511636e-05,0.999982476234436,2.4091173145279754e-06,6.5133911597570204e-09,1.9248149740747067e-09
/Users/christopherbrantner/local/work/projects/toyVisionModel/outputs/chips/validation/patches/patches_244_bb01.png,patches,patches,0.9998766183853149,0.0001106818308471702,9.433938430447597e-06,0.9998766183853149,2.9703696782235056e-06,2.51245836579983e-07,1.6199843244635304e-08
/Users/christopherbrantner/local/work/projects/toyVisionModel/outputs/chips/validation/patches/patches_245_bb00.png,patches,patches,0.9999995231628418,1.1810466493678007e-10,3.7746977454844455e-07,0.9999995231628418,1.1511232855809794e-07,2.298360168850877e-09,9.329475386676833e-11
/Users/christopherbrantner/local/work/projects/toyVisionModel/outputs/chips/validation/patches/patches_245_bb01.png,patches,patches,0.9996069073677063,1.0290646912380907e-07,0.00013201983529143035,0.9996069073677063,0.0002587047347333282,4.180890655902658e-08,2.3127440726966597e-06
/Users/christopherbrantner/local/work/projects/toyVisionModel/outputs/chips/validation/patches/patches_245_bb02.png,patches,patches,0.9999986886978149,8.453406508124317e-08,2.7138727887177083e-07,0.9999986886978149,9.280652761844976e-07,2.7523455514710804e-08,9.859901783926261e-10
/Users/christopherbrantner/local/work/projects/toyVisionModel/outputs/chips/validation/patches/patches_245_bb03.png,patches,patches,0.9746363162994385,0.025105377659201622,2.5616056518629193e-05,0.9746363162994385,0.00020346665405668318,2.9223558158264495e-05,9.053113103618671e-08
/Users/christopherbrantner/local/work/projects/toyVisionModel/outputs/chips/validation/patches/patches_245_bb04.png,patches,patches,0.9999988079071045,1.3736782378259704e-08,3.115087281457818e-07,0.9999988079071045,8.297382692035171e-07,6.782247208292347e-09,3.3068520144396985e-10
/Users/christopherbrantner/local/work/projects/toyVisionModel/outputs/chips/validation/patches/patches_245_bb05.png,patches,patches,0.7867142558097839,0.19846035540103912,0.0034328510519117117,0.7867142558097839,0.0028597190976142883,0.00799289159476757,0.0005399126675911248
/Users/christopherbrantner/local/work/projects/toyVisionModel/outputs/chips/validation/patches/patches_246_bb00.png,patches,patches,0.9999996423721313,2.2486986495096062e-08,8.966848241698244e-08,0.9999996423721313,2.3301126361729985e-07,8.655709926586042e-09,1.3771171702980922e-10
/Users/christopherbrantner/local/work/projects/toyVisionModel/outputs/chips/validation/patches/patches_246_bb01.png,patches,patches,0.9999963045120239,6.058510138018391e-08,1.8142420685762772e-06,0.9999963045120239,1.4771206906516454e-06,2.6295995780856174e-07,4.007217668799967e-09
/Users/christopherbrantner/local/work/projects/toyVisionModel/outputs/chips/validation/patches/patches_246_bb02.png,patches,patches,0.9999849796295166,8.099425031105056e-06,1.8939476831292268e-06,0.9999849796295166,2.557345169407199e-06,2.523124521758291e-06,8.238069781896229e-09
/Users/christopherbrantner/local/work/projects/toyVisionModel/outputs/chips/validation/patches/patches_246_bb03.png,patches,patches,0.9999760389328003,1.8934340459964005e-06,2.714317588470294e-06,0.9999760389328003,1.911576691782102e-05,2.819512587848294e-07,1.8290707615165047e-08
/Users/christopherbrantner/local/work/projects/toyVisionModel/outputs/chips/validation/patches/patches_246_bb04.png,patches,patches,0.9996005892753601,0.00038126829895190895,1.4483136510534678e-05,0.9996005892753601,2.137550836778246e-06,1.0749120065156603e-06,3.6933334968125564e-07
/Users/christopherbrantner/local/work/projects/toyVisionModel/outputs/chips/validation/patches/patches_247_bb00.png,patches,patches,0.9999942779541016,1.1471600203094567e-07,3.0982951670921466e-07,0.9999942779541016,2.6575619358482072e-06,2.668920387804974e-06,3.5882663507180723e-09
/Users/christopherbrantner/local/work/projects/toyVisionModel/outputs/chips/validation/patches/patches_247_bb01.png,patches,patches,0.9999830722808838,1.1552174328244291e-07,5.809230515296804e-06,0.9999830722808838,1.1002765859302599e-05,3.9310478427978524e-08,1.7931654383573914e-08
/Users/christopherbrantner/local/work/projects/toyVisionModel/outputs/chips/validation/patches/patches_248_bb00.png,patches,patches,0.9999957084655762,1.2222737266753825e-09,5.680288950316026e-07,0.9999957084655762,3.7539712138823234e-06,5.827228477528479e-09,6.465723512150134e-09
/Users/christopherbrantner/local/work/projects/toyVisionModel/outputs/chips/validation/patches/patches_248_bb01.png,patches,patches,0.9999959468841553,5.8320694051872124e-08,2.6045580625577713e-07,0.9999959468841553,3.5627376746560913e-06,1.4028618977590668e-07,1.3110935670468393e-09
/Users/christopherbrantner/local/work/projects/toyVisionModel/outputs/chips/validation/patches/patches_248_bb02.png,patches,patches,0.9981781244277954,0.0007172321202233434,0.0005583793972618878,0.9981781244277954,0.0001415939477737993,0.00010223111166851595,0.00030245768721215427
/Users/christopherbrantner/local/work/projects/toyVisionModel/outputs/chips/validation/patches/patches_248_bb03.png,patches,patches,0.9999972581863403,7.985561865098134e-07,2.765287376860215e-07,0.9999972581863403,1.6352512375306105e-06,2.197515946988915e-08,8.878762725039735e-10
/Users/christopherbrantner/local/work/projects/toyVisionModel/outputs/chips/validation/patches/patches_248_bb04.png,patches,patches,0.9999308586120605,5.263656930765137e-06,4.515064210863784e-05,0.9999308586120605,8.170880391844548e-06,9.836825483944267e-06,6.937999046385812e-07
/Users/christopherbrantner/local/work/projects/toyVisionModel/outputs/chips/validation/patches/patches_249_bb00.png,patches,patches,0.9999922513961792,2.110669328203585e-08,1.600172709004255e-06,0.9999922513961792,6.171819677547319e-06,2.03124752573558e-08,1.6591046314573532e-09
/Users/christopherbrantner/local/work/projects/toyVisionModel/outputs/chips/validation/patches/patches_249_bb01.png,patches,patches,0.9999898672103882,2.637394572957419e-06,4.2400577626722225e-07,0.9999898672103882,1.7125231579484534e-06,5.351607342163334e-06,6.9632992705237484e-09
/Users/christopherbrantner/local/work/projects/toyVisionModel/outputs/chips/validation/patches/patches_250_bb00.png,patches,patches,0.9999988079071045,7.766994514213366e-08,3.9421601627509517e-07,0.9999988079071045,7.143008815546636e-07,2.4821870781011057e-08,5.332631003440724e-10
/Users/christopherbrantner/local/work/projects/toyVisionModel/outputs/chips/validation/patches/patches_250_bb01.png,patches,patches,0.9999972581863403,3.1616522733202146e-07,5.652257755173196e-07,0.9999972581863403,1.7481122540630167e-06,1.7081538317142986e-07,8.291103803514943e-09
/Users/christopherbrantner/local/work/projects/toyVisionModel/outputs/chips/validation/patches/patches_250_bb02.png,patches,patches,0.9999890327453613,2.4505698803523046e-08,6.609967385884374e-06,0.9999890327453613,4.229035766911693e-06,4.485187687919279e-08,7.327735307427474e-09
/Users/christopherbrantner/local/work/projects/toyVisionModel/outputs/chips/validation/patches/patches_250_bb03.png,patches,patches,0.9994890689849854,0.000153979635797441,0.00023561500711366534,0.9994890689849854,1.7130774722318165e-05,0.00010413528070785105,6.46899920297983e-08
/Users/christopherbrantner/local/work/projects/toyVisionModel/outputs/chips/validation/patches/patches_251_bb00.png,patches,patches,0.9999971389770508,2.2704000457451912e-07,1.2897307897219434e-06,0.9999971389770508,1.2718670632239082e-06,5.0969184428595327e-08,2.8256621931177506e-08
/Users/christopherbrantner/local/work/projects/toyVisionModel/outputs/chips/validation/patches/patches_252_bb00.png,patches,patches,0.9999986886978149,1.6977784866867296e-07,6.815314463892719e-07,0.9999986886978149,3.520520124311588e-07,5.621084753215655e-08,3.776595480786682e-09
/Users/christopherbrantner/local/work/projects/toyVisionModel/outputs/chips/validation/patches/patches_252_bb01.png,patches,patches,0.9999805688858032,6.213459073478589e-06,9.855127245828044e-06,0.9999805688858032,3.1801957902644062e-06,1.4201023645910027e-07,3.428685957374e-08
/Users/christopherbrantner/local/work/projects/toyVisionModel/outputs/chips/validation/patches/patches_252_bb02.png,patches,patches,0.9999043941497803,5.9145215345779434e-05,1.947483906405978e-05,0.9999043941497803,1.021158641378861e-05,6.813225809310097e-06,3.288203842544135e-08
/Users/christopherbrantner/local/work/projects/toyVisionModel/outputs/chips/validation/patches/patches_253_bb00.png,patches,patches,0.9394242763519287,0.05937261879444122,0.00046695477794855833,0.9394242763519287,0.00020580094133038074,0.0005291596171446145,1.2037299939038348e-06
/Users/christopherbrantner/local/work/projects/toyVisionModel/outputs/chips/validation/patches/patches_253_bb01.png,patches,patches,0.9827044606208801,0.004911137744784355,0.002480683382600546,0.9827044606208801,0.009688668884336948,0.00016996586055029184,4.502891533775255e-05
/Users/christopherbrantner/local/work/projects/toyVisionModel/outputs/chips/validation/patches/patches_253_bb02.png,patches,patches,0.9994685053825378,0.0004952821182087064,1.3770877558272332e-05,0.9994685053825378,1.7542161003802903e-05,4.834659648622619e-06,3.209481391763802e-08
/Users/christopherbrantner/local/work/projects/toyVisionModel/outputs/chips/validation/patches/patches_254_bb00.png,patches,patches,0.9999971389770508,2.3186833004729124e-06,8.400817108622505e-08,0.9999971389770508,2.1568881436451193e-07,1.4173006945839006e-07,4.89500835698653e-11
/Users/christopherbrantner/local/work/projects/toyVisionModel/outputs/chips/validation/patches/patches_254_bb01.png,patches,patches,0.9999988079071045,9.729051697604518e-08,6.990002248130622e-07,0.9999988079071045,3.890704078912677e-07,1.357700352144775e-08,8.986675847921788e-10
/Users/christopherbrantner/local/work/projects/toyVisionModel/outputs/chips/validation/patches/patches_255_bb00.png,patches,patches,0.996978759765625,0.0030108545906841755,2.483883918102947e-06,0.996978759765625,2.760796405709698e-06,5.13432860316243e-06,2.8255049411285427e-09
/Users/christopherbrantner/local/work/projects/toyVisionModel/outputs/chips/validation/patches/patches_255_bb01.png,patches,patches,0.9999994039535522,3.568559447941766e-09,2.8559261977534334e-07,0.9999994039535522,2.2699570934037183e-07,7.901765997075927e-08,4.083933469178902e-10
/Users/christopherbrantner/local/work/projects/toyVisionModel/outputs/chips/validation/patches/patches_255_bb02.png,patches,patches,0.9986774325370789,2.0285180653445423e-05,0.0011248312657698989,0.9986774325370789,0.00016394612612202764,1.2212052752147429e-05,1.2746542097374913e-06
/Users/christopherbrantner/local/work/projects/toyVisionModel/outputs/chips/validation/patches/patches_256_bb00.png,patches,patches,0.9999898672103882,2.6809287234641488e-08,3.989999640907627e-06,0.9999898672103882,6.161189958220348e-06,9.6842256436247e-10,9.457080452079936e-09
/Users/christopherbrantner/local/work/projects/toyVisionModel/outputs/chips/validation/patches/patches_256_bb01.png,patches,patches,0.999988317489624,2.77617687061138e-06,6.350921921693953e-06,0.999988317489624,2.4497410322510405e-06,5.760969656876114e-08,1.565359930566501e-08
/Users/christopherbrantner/local/work/projects/toyVisionModel/outputs/chips/validation/patches/patches_257_bb00.png,patches,patches,0.9999984502792358,7.519743050465877e-09,3.4971756690538314e-07,0.9999984502792358,1.19042442747741e-06,1.6586001905238845e-08,1.324913068145861e-09
/Users/christopherbrantner/local/work/projects/toyVisionModel/outputs/chips/validation/patches/patches_257_bb01.png,patches,patches,0.9999957084655762,2.401316976374801e-07,1.0549252920100116e-06,0.9999957084655762,3.0209002943593077e-06,5.160819682714646e-08,3.332577591663721e-08
/Users/christopherbrantner/local/work/projects/toyVisionModel/outputs/chips/validation/patches/patches_257_bb02.png,patches,patches,0.9999768733978271,8.742884347157087e-06,7.881179044488817e-06,0.9999768733978271,5.2134205361653585e-06,1.1022751778000384e-06,1.330365506646558e-07
/Users/christopherbrantner/local/work/projects/toyVisionModel/outputs/chips/validation/patches/patches_257_bb03.png,patches,patches,0.9753053188323975,0.023454077541828156,0.0004543981049209833,0.9753053188323975,0.00046812082291580737,0.00031694749486632645,1.1059424878112623e-06
/Users/christopherbrantner/local/work/projects/toyVisionModel/outputs/chips/validation/patches/patches_258_bb00.png,patches,patches,0.9999617338180542,2.579569445515517e-05,9.09125719772419e-06,0.9999617338180542,1.4792108231631573e-06,1.8154670442527276e-06,3.270989523684875e-08
/Users/christopherbrantner/local/work/projects/toyVisionModel/outputs/chips/validation/patches/patches_258_bb01.png,patches,patches,0.999984860420227,1.7257930267078336e-06,8.428159162576776e-06,0.999984860420227,2.372338713030331e-06,2.5597703370294767e-06,3.957060457082662e-08
/Users/christopherbrantner/local/work/projects/toyVisionModel/outputs/chips/validation/patches/patches_258_bb02.png,patches,patches,0.9996891021728516,0.00015525834169238806,4.323003304307349e-05,0.9996891021728516,9.507783397566527e-05,1.712170706014149e-05,3.024362058567931e-07
/Users/christopherbrantner/local/work/projects/toyVisionModel/outputs/chips/validation/patches/patches_259_bb00.png,patches,patches,0.9999997615814209,5.91051163567613e-09,8.035194554167902e-08,0.9999997615814209,1.3182250313548138e-07,4.331206060470549e-09,1.3236872709043723e-09
/Users/christopherbrantner/local/work/projects/toyVisionModel/outputs/chips/validation/patches/patches_259_bb01.png,patches,patches,0.9997103810310364,1.3379998442530905e-08,0.00028367957565933466,0.9997103810310364,4.301166427467251e-06,1.5168540130616748e-06,9.94306219581631e-08
/Users/christopherbrantner/local/work/projects/toyVisionModel/outputs/chips/validation/patches/patches_259_bb02.png,patches,patches,0.999609649181366,7.23866542102769e-05,0.00010200125689152628,0.999609649181366,0.0001936821936396882,1.7434804249205627e-05,4.875604645349085e-06
/Users/christopherbrantner/local/work/projects/toyVisionModel/outputs/chips/validation/patches/patches_260_bb00.png,patches,patches,0.9998748302459717,9.543382475385442e-05,1.4225681297830306e-05,0.9998748302459717,1.5236420949804597e-05,3.030184245744749e-07,3.05166381053823e-08
/Users/christopherbrantner/local/work/projects/toyVisionModel/outputs/chips/validation/patches/patches_261_bb00.png,patches,patches,0.9993612170219421,8.221978350775316e-05,0.00043954470311291516,0.9993612170219421,0.00011575513053685427,1.0553293350312742e-06,2.730647565840627e-07
/Users/christopherbrantner/local/work/projects/toyVisionModel/outputs/chips/validation/patches/patches_261_bb01.png,patches,patches,0.9999233484268188,6.042112363502383e-05,1.0809917512233369e-05,0.9999233484268188,4.894239282293711e-06,4.6883559434718336e-07,2.796043041541907e-08
/Users/christopherbrantner/local/work/projects/toyVisionModel/outputs/chips/validation/patches/patches_261_bb02.png,patches,patches,0.9997468590736389,3.2450490834889933e-05,0.00014896367792971432,0.9997468590736389,6.843449955340475e-05,2.956930075015407e-06,3.6812906500927056e-07
/Users/christopherbrantner/local/work/projects/toyVisionModel/outputs/chips/validation/patches/patches_261_bb03.png,patches,patches,0.99933260679245,0.00044501989032141864,9.938016773958225e-06,0.99933260679245,4.122125028516166e-05,0.0001709691423457116,1.6421027737578697e-07
/Users/christopherbrantner/local/work/projects/toyVisionModel/outputs/chips/validation/patches/patches_262_bb00.png,patches,patches,0.9999972581863403,6.437118145186105e-07,1.0952737738989526e-06,0.9999972581863403,7.328858941946237e-07,3.201539584551938e-07,1.6002468239406653e-09
/Users/christopherbrantner/local/work/projects/toyVisionModel/outputs/chips/validation/patches/patches_262_bb01.png,patches,patches,0.9999611377716064,2.1384328647400253e-05,6.643434971920215e-06,0.9999611377716064,1.0269838639942463e-05,5.031453156334464e-07,1.79676540312812e-08
/Users/christopherbrantner/local/work/projects/toyVisionModel/outputs/chips/validation/patches/patches_262_bb02.png,patches,patches,0.9970806241035461,0.0026668363716453314,2.5515340894344263e-05,0.9970806241035461,7.299549906747416e-05,0.00015356742369476706,3.6591620755643817e-07
/Users/christopherbrantner/local/work/projects/toyVisionModel/outputs/chips/validation/patches/patches_263_bb00.png,patches,patches,0.9999481439590454,3.425302202231251e-05,1.2002872608718462e-05,0.9999481439590454,4.17226692661643e-06,1.3907642824051436e-06,2.6812871922743398e-08
/Users/christopherbrantner/local/work/projects/toyVisionModel/outputs/chips/validation/patches/patches_263_bb01.png,patches,patches,0.9999703168869019,1.0882180504268035e-05,1.442962729925057e-05,0.9999703168869019,1.8348729327044566e-06,1.6566785916438675e-06,8.982423764791747e-07
/Users/christopherbrantner/local/work/projects/toyVisionModel/outputs/chips/validation/patches/patches_264_bb00.png,patches,patches,0.9979103207588196,1.60223753482569e-05,0.0019052481511607766,0.9979103207588196,0.00016635477368254215,8.74819932050741e-07,1.1129127415188123e-06
/Users/christopherbrantner/local/work/projects/toyVisionModel/outputs/chips/validation/patches/patches_264_bb01.png,patches,patches,0.9988915324211121,0.0009482592577114701,9.791582124307752e-05,0.9988915324211121,5.5036016419762745e-05,5.841311576659791e-06,1.4326426480693044e-06
/Users/christopherbrantner/local/work/projects/toyVisionModel/outputs/chips/validation/patches/patches_265_bb00.png,patches,patches,0.9999996423721313,8.20885526220394e-10,3.5417503596590905e-08,0.9999996423721313,2.719448559673765e-07,1.8334406215458898e-09,1.506182956134694e-10
/Users/christopherbrantner/local/work/projects/toyVisionModel/outputs/chips/validation/patches/patches_265_bb01.png,patches,patches,0.9999970197677612,6.944879942238913e-07,1.819573185457557e-06,0.9999970197677612,4.7311613116107765e-07,2.128662224265554e-08,1.3287984046428392e-09
/Users/christopherbrantner/local/work/projects/toyVisionModel/outputs/chips/validation/patches/patches_265_bb02.png,patches,patches,0.9999964237213135,5.1823167979137e-08,1.01018531495356e-06,0.9999964237213135,1.9910053197236266e-06,5.133572926752095e-07,9.944099765846204e-09
/Users/christopherbrantner/local/work/projects/toyVisionModel/outputs/chips/validation/patches/patches_266_bb00.png,patches,patches,0.9999916553497314,3.3632804274930095e-07,6.08473010288435e-06,0.9999916553497314,1.4398709708984825e-06,3.604105245358369e-07,6.140874120319495e-08
/Users/christopherbrantner/local/work/projects/toyVisionModel/outputs/chips/validation/patches/patches_266_bb01.png,patches,patches,0.9994545578956604,6.576421469617344e-07,0.0003807847388088703,0.9994545578956604,0.00016268901526927948,6.968152774788905e-07,6.13118515957467e-07
/Users/christopherbrantner/local/work/projects/toyVisionModel/outputs/chips/validation/patches/patches_266_bb02.png,patches,patches,0.998090922832489,0.0015934044495224953,0.0001618791720829904,0.998090922832489,0.00012830854393541813,2.089543704641983e-05,4.582411747833248e-06
/Users/christopherbrantner/local/work/projects/toyVisionModel/outputs/chips/validation/patches/patches_267_bb00.png,patches,patches,0.9999964237213135,1.011021266705825e-09,1.4643027270722087e-06,0.9999964237213135,1.9987026007584063e-06,6.089071291626169e-08,1.754347445093174e-09
/Users/christopherbrantner/local/work/projects/toyVisionModel/outputs/chips/validation/patches/patches_267_bb01.png,patches,patches,0.9999977350234985,3.8030315008263926e-10,1.0846922577911755e-06,0.9999977350234985,1.152467461906781e-06,2.5252582247503597e-08,1.9187915145657541e-10
/Users/christopherbrantner/local/work/projects/toyVisionModel/outputs/chips/validation/patches/patches_267_bb02.png,patches,patches,0.998847246170044,0.0009694051695987582,4.59182083432097e-05,0.998847246170044,0.0001261462311958894,1.1075515431002714e-05,2.5636688860686263e-07
/Users/christopherbrantner/local/work/projects/toyVisionModel/outputs/chips/validation/patches/patches_267_bb03.png,patches,patches,0.9996269941329956,0.0001450283598387614,0.0001314789551543072,0.9996269941329956,9.34135532588698e-05,9.084527050617908e-07,2.157168637495488e-06
/Users/christopherbrantner/local/work/projects/toyVisionModel/outputs/chips/validation/patches/patches_268_bb00.png,patches,patches,0.9999793767929077,1.9697292685805223e-09,1.278891068068333e-05,0.9999793767929077,7.857730452087708e-06,1.8685312852539937e-08,1.393746007494201e-08
/Users/christopherbrantner/local/work/projects/toyVisionModel/outputs/chips/validation/patches/patches_268_bb01.png,patches,patches,0.9999738931655884,7.226411526062293e-06,4.0628528950037435e-06,0.9999738931655884,1.4023855328559875e-05,7.361722396126424e-07,3.02742435565051e-08
/Users/christopherbrantner/local/work/projects/toyVisionModel/outputs/chips/validation/patches/patches_268_bb02.png,patches,patches,0.9999667406082153,9.768867130333092e-06,1.3679547919309698e-05,0.9999667406082153,8.510324732924346e-06,1.3548153674491914e-06,1.5892547722273775e-08
/Users/christopherbrantner/local/work/projects/toyVisionModel/outputs/chips/validation/patches/patches_269_bb00.png,patches,patches,0.9999967813491821,5.525218966795364e-07,6.746508915966842e-07,0.9999967813491821,1.7092180542022106e-06,2.342159035606528e-07,7.727605777496649e-10
/Users/christopherbrantner/local/work/projects/toyVisionModel/outputs/chips/validation/patches/patches_269_bb01.png,patches,patches,0.9999511241912842,5.1048564273514785e-06,2.9469551009242423e-05,0.9999511241912842,1.0538169590290636e-05,3.7284121390257496e-06,3.9533588847007195e-08
/Users/christopherbrantner/local/work/projects/toyVisionModel/outputs/chips/validation/patches/patches_269_bb02.png,patches,patches,0.999811589717865,5.518777106772177e-05,8.426052227150649e-05,0.999811589717865,4.6092201955616474e-05,1.757356244524999e-06,1.1010907883246546e-06
/Users/christopherbrantner/local/work/projects/toyVisionModel/outputs/chips/validation/patches/patches_270_bb00.png,patches,patches,0.9999997615814209,1.1665411692174388e-11,1.3271279897253407e-07,0.9999997615814209,8.662602368758598e-08,1.02919263389456e-10,9.056571464993723e-12
/Users/christopherbrantner/local/work/projects/toyVisionModel/outputs/chips/validation/patches/patches_270_bb01.png,patches,patches,0.9999876022338867,8.246647098530957e-08,2.9142854600650026e-06,0.9999876022338867,9.368000974063762e-06,5.24951948577268e-09,9.73675273741037e-09
/Users/christopherbrantner/local/work/projects/toyVisionModel/outputs/chips/validation/patches/patches_271_bb00.png,patches,patches,0.9999988079071045,4.289928856593406e-09,8.925125598580053e-07,0.9999988079071045,3.2388228987656476e-07,3.638052525900548e-09,1.2227602264047732e-09
/Users/christopherbrantner/local/work/projects/toyVisionModel/outputs/chips/validation/patches/patches_271_bb01.png,patches,patches,0.9999909400939941,9.59878931894309e-08,6.0701663642248604e-06,0.9999909400939941,2.716248445722158e-06,1.643087443881086e-07,4.093300276508671e-08
/Users/christopherbrantner/local/work/projects/toyVisionModel/outputs/chips/validation/patches/patches_272_bb00.png,patches,patches,0.9999997615814209,1.847021913192748e-08,1.5596417313190614e-07,0.9999997615814209,1.1063882965345329e-07,2.1997861310296685e-08,1.9139047291449884e-10
/Users/christopherbrantner/local/work/projects/toyVisionModel/outputs/chips/validation/patches/patches_273_bb00.png,patches,patches,0.9999995231628418,6.37061625674562e-10,2.5363374334119726e-07,0.9999995231628418,1.821488524456072e-07,2.4187569724887226e-09,4.060686509266276e-10
/Users/christopherbrantner/local/work/projects/toyVisionModel/outputs/chips/validation/patches/patches_273_bb01.png,patches,patches,0.9999992847442627,1.4208074716748342e-09,2.4617224880785216e-07,0.9999992847442627,4.7652835633016366e-07,8.341896950980754e-09,2.0315621407362983e-10
/Users/christopherbrantner/local/work/projects/toyVisionModel/outputs/chips/validation/patches/patches_273_bb02.png,patches,patches,0.9999213218688965,1.5450814316864125e-05,1.594284003658686e-05,0.9999213218688965,4.6486686187563464e-05,4.794856067746878e-07,2.226791337989198e-07
/Users/christopherbrantner/local/work/projects/toyVisionModel/outputs/chips/validation/patches/patches_274_bb00.png,patches,patches,0.9999964237213135,3.49125684806495e-07,1.9543865619198186e-06,0.9999964237213135,1.2506654911703663e-06,1.0534742855838886e-08,6.5831748941036494e-09
/Users/christopherbrantner/local/work/projects/toyVisionModel/outputs/chips/validation/patches/patches_275_bb00.png,patches,patches,0.9981749057769775,0.00023538600362371653,0.001429711701348424,0.9981749057769775,0.0001553904003230855,2.490939550625626e-06,2.170838342863135e-06
/Users/christopherbrantner/local/work/projects/toyVisionModel/outputs/chips/validation/patches/patches_275_bb01.png,patches,patches,0.9992421865463257,9.06510031200014e-05,0.0004954403848387301,0.9992421865463257,0.00016444922948721796,6.22344259681995e-06,1.1096491334683378e-06
/Users/christopherbrantner/local/work/projects/toyVisionModel/outputs/chips/validation/patches/patches_276_bb00.png,patches,patches,0.9999995231628418,5.712628287080079e-11,3.25778103160701e-07,0.9999995231628418,1.2410838223786413e-07,1.6153413051611665e-09,2.148078416530641e-11
/Users/christopherbrantner/local/work/projects/toyVisionModel/outputs/chips/validation/patches/patches_276_bb01.png,patches,patches,1.0,5.712427197934744e-10,9.024239133736955e-09,1.0,4.6957296717664576e-08,1.1446753267474463e-10,2.0098356572767484e-12
/Users/christopherbrantner/local/work/projects/toyVisionModel/outputs/chips/validation/patches/patches_276_bb02.png,patches,patches,0.9999949932098389,9.182700821952494e-09,2.4422949991276255e-06,0.9999949932098389,2.51731194111926e-06,2.185404968102489e-09,3.02408267316423e-08
/Users/christopherbrantner/local/work/projects/toyVisionModel/outputs/chips/validation/patches/patches_276_bb03.png,patches,patches,0.9999812841415405,2.1715658249377157e-07,5.297068128129467e-06,0.9999812841415405,1.2900221918243915e-05,2.4069291271189286e-07,1.6915292277985827e-08
/Users/christopherbrantner/local/work/projects/toyVisionModel/outputs/chips/validation/patches/patches_277_bb00.png,patches,patches,0.9999953508377075,4.726332747395645e-07,2.3276006686501205e-06,0.9999953508377075,1.3269482224131934e-06,4.838206564272696e-07,5.744394737661196e-09
/Users/christopherbrantner/local/work/projects/toyVisionModel/outputs/chips/validation/patches/patches_277_bb01.png,patches,patches,0.9999703168869019,2.3568358301417902e-05,1.8506825654185377e-06,0.9999703168869019,2.2299959709926043e-06,2.0518034489214187e-06,4.402691100580114e-09
/Users/christopherbrantner/local/work/projects/toyVisionModel/outputs/chips/validation/patches/patches_277_bb02.png,patches,patches,0.9999866485595703,2.0404488623171346e-06,6.193813533172943e-06,0.9999866485595703,3.998737156507559e-06,1.030811858981906e-06,5.9559980059020745e-08
/Users/christopherbrantner/local/work/projects/toyVisionModel/outputs/chips/validation/patches/patches_277_bb03.png,patches,patches,0.9998175501823425,1.4025634698100475e-07,0.00012056971900165081,0.9998175501823425,5.181259257369675e-05,9.665499419497792e-06,2.716050460094266e-07
/Users/christopherbrantner/local/work/projects/toyVisionModel/outputs/chips/validation/patches/patches_278_bb00.png,patches,patches,0.999554455280304,5.230833266978152e-05,0.00032248537172563374,0.999554455280304,6.452863453887403e-05,7.407915632029471e-07,5.50185495740152e-06
/Users/christopherbrantner/local/work/projects/toyVisionModel/outputs/chips/validation/patches/patches_278_bb01.png,patches,patches,0.9983705878257751,0.0001014825829770416,0.0012899251887574792,0.9983705878257751,0.00023376291210297495,1.2192354006401729e-06,3.0610794965468813e-06
/Users/christopherbrantner/local/work/projects/toyVisionModel/outputs/chips/validation/patches/patches_279_bb00.png,patches,patches,0.9999698400497437,1.5172643543337472e-05,1.094860999728553e-05,0.9999698400497437,3.1830199986870866e-06,8.314061119563121e-07,7.082050501594495e-08
/Users/christopherbrantner/local/work/projects/toyVisionModel/outputs/chips/validation/patches/patches_279_bb01.png,patches,patches,0.9999947547912598,7.7538970799651e-07,1.662034719629446e-06,0.9999947547912598,1.3774599665339338e-06,1.3475853393174475e-06,4.5171202889271456e-10
/Users/christopherbrantner/local/work/projects/toyVisionModel/outputs/chips/validation/patches/patches_279_bb02.png,patches,patches,0.9999532699584961,4.527080818661489e-06,5.364313437894452e-06,0.9999532699584961,3.516417564242147e-05,1.6866704299900448e-06,3.2485974799101314e-08
/Users/christopherbrantner/local/work/projects/toyVisionModel/outputs/chips/validation/patches/patches_280_bb00.png,patches,patches,0.9999803304672241,5.965778200334171e-06,8.356154467037413e-06,0.9999803304672241,4.861424258706393e-06,2.1039288355950703e-07,2.042344817709818e-07
/Users/christopherbrantner/local/work/projects/toyVisionModel/outputs/chips/validation/patches/patches_280_bb01.png,patches,patches,0.9999721050262451,8.906679795472883e-06,1.903444058370951e-06,0.9999721050262451,9.611002496967558e-06,7.3982896537927445e-06,8.94896423631053e-09
/Users/christopherbrantner/local/work/projects/toyVisionModel/outputs/chips/validation/patches/patches_281_bb00.png,patches,patches,0.9999910593032837,1.119868784371647e-07,2.820489498844836e-06,0.9999910593032837,6.005807335895952e-06,3.861955732986644e-08,1.4723338992439494e-08
/Users/christopherbrantner/local/work/projects/toyVisionModel/outputs/chips/validation/patches/patches_281_bb01.png,patches,patches,0.9999728202819824,3.75937383978453e-06,7.839775207685307e-06,0.9999728202819824,1.4183088751451578e-05,1.3630944977194304e-06,5.628749732977667e-08
/Users/christopherbrantner/local/work/projects/toyVisionModel/outputs/chips/validation/patches/patches_281_bb02.png,patches,patches,0.9999808073043823,3.860465767502319e-06,2.397359253336617e-07,0.9999808073043823,2.944962034234777e-06,1.2131813491578214e-05,3.2191767029843277e-09
/Users/christopherbrantner/local/work/projects/toyVisionModel/outputs/chips/validation/patches/patches_282_bb00.png,patches,patches,0.9999991655349731,9.673681855559835e-10,2.11788133697155e-07,0.9999991655349731,6.816597988290596e-07,1.0166342434558828e-08,2.579897961929589e-10
/Users/christopherbrantner/local/work/projects/toyVisionModel/outputs/chips/validation/patches/patches_282_bb01.png,patches,patches,0.9999788999557495,3.038526301679667e-06,6.0569323068193626e-06,0.9999788999557495,1.1955145964748226e-05,9.471134632121903e-08,1.4244912804883825e-08
/Users/christopherbrantner/local/work/projects/toyVisionModel/outputs/chips/validation/patches/patches_282_bb02.png,patches,patches,0.9990352392196655,0.0009307361324317753,8.393753887503408e-06,0.9990352392196655,1.841224730014801e-05,7.161901066865539e-06,6.058024126787132e-08
/Users/christopherbrantner/local/work/projects/toyVisionModel/outputs/chips/validation/patches/patches_283_bb00.png,patches,patches,0.999566376209259,2.63968304352602e-05,0.0003257887437939644,0.999566376209259,8.063114364631474e-05,5.13793622758385e-07,2.504202143427392e-07
/Users/christopherbrantner/local/work/projects/toyVisionModel/outputs/chips/validation/patches/patches_283_bb01.png,patches,patches,0.9823153018951416,0.00026480481028556824,0.01391388289630413,0.9823153018951416,0.00305635342374444,1.2606195014086552e-05,0.00043712256592698395
/Users/christopherbrantner/local/work/projects/toyVisionModel/outputs/chips/validation/patches/patches_283_bb02.png,patches,patches,0.9983606934547424,4.532749153440818e-05,0.0013689396437257528,0.9983606934547424,0.0002223510091425851,1.6902719153222279e-06,9.92833633972623e-07
/Users/christopherbrantner/local/work/projects/toyVisionModel/outputs/chips/validation/patches/patches_283_bb03.png,patches,patches,0.9996758699417114,1.4004763215780258e-05,4.301339868106879e-05,0.9996758699417114,0.00025776037364266813,9.129077625402715e-06,2.0495734531777998e-07
/Users/christopherbrantner/local/work/projects/toyVisionModel/outputs/chips/validation/patches/patches_284_bb00.png,patches,patches,0.9999970197677612,5.235812139403606e-08,1.0349162948841695e-06,0.9999970197677612,1.5367328387583257e-06,2.6874872105508985e-07,2.900222462187685e-08
/Users/christopherbrantner/local/work/projects/toyVisionModel/outputs/chips/validation/patches/patches_284_bb01.png,patches,patches,0.9999860525131226,4.164466645306675e-06,4.204003289487446e-06,0.9999860525131226,4.929087936034193e-06,6.357539632517728e-07,8.750442148652837e-09
/Users/christopherbrantner/local/work/projects/toyVisionModel/outputs/chips/validation/patches/patches_285_bb00.png,patches,patches,0.9999436140060425,4.847921445616521e-06,2.0417888663359918e-05,0.9999436140060425,3.0484892704407685e-05,1.548402224216261e-07,4.631889396478073e-07
/Users/christopherbrantner/local/work/projects/toyVisionModel/outputs/chips/validation/patches/patches_285_bb01.png,patches,patches,0.999962568283081,6.299987376223726e-07,2.5021696274052374e-05,0.999962568283081,1.1554934644664172e-05,2.0312582194037532e-07,4.153100974235713e-08
/Users/christopherbrantner/local/work/projects/toyVisionModel/outputs/chips/validation/patches/patches_285_bb02.png,patches,patches,0.995475709438324,0.004415029194205999,3.51786075043492e-05,0.995475709438324,6.984854553593323e-05,4.14834084949689e-06,1.016359547634238e-07
/Users/christopherbrantner/local/work/projects/toyVisionModel/outputs/chips/validation/patches/patches_286_bb00.png,patches,patches,0.9999911785125732,7.204904477475793e-07,4.92326398671139e-06,0.9999911785125732,3.199418870281079e-06,9.215686880281737e-09,1.2580719577215405e-08
/Users/christopherbrantner/local/work/projects/toyVisionModel/outputs/chips/validation/patches/patches_286_bb01.png,patches,patches,0.9999853372573853,1.7593595202924917e-07,8.068313036346808e-06,0.9999853372573853,6.120839771028841e-06,3.27541698652567e-07,3.135640858076272e-09
/Users/christopherbrantner/local/work/projects/toyVisionModel/outputs/chips/validation/patches/patches_286_bb02.png,patches,patches,0.9986171722412109,0.00027507092454470694,0.0005338240298442543,0.9986171722412109,0.0005287061212584376,7.851398549973965e-06,3.7325982702896e-05
/Users/christopherbrantner/local/work/projects/toyVisionModel/outputs/chips/validation/patches/patches_286_bb03.png,patches,patches,0.9949994087219238,7.646237349945295e-07,0.0008451233152300119,0.9949994087219238,0.004089395049959421,5.089204933028668e-05,1.443281325919088e-05
/Users/christopherbrantner/local/work/projects/toyVisionModel/outputs/chips/validation/patches/patches_287_bb00.png,patches,patches,0.9999651908874512,5.129018063598778e-07,2.000609129026998e-05,0.9999651908874512,1.370046902593458e-05,4.007897302926722e-08,5.209191726862628e-07
/Users/christopherbrantner/local/work/projects/toyVisionModel/outputs/chips/validation/patches/patches_287_bb01.png,patches,patches,0.9997301697731018,1.8225970066509944e-08,0.00011208036448806524,0.9997301697731018,0.00015711350715719163,7.107183819243801e-08,5.244201020104811e-07
/Users/christopherbrantner/local/work/projects/toyVisionModel/outputs/chips/validation/patches/patches_288_bb00.png,patches,patches,0.9999874830245972,3.5300167837704066e-06,3.991645826317836e-06,0.9999874830245972,3.6477306366577977e-06,1.2804042626157752e-06,7.312941363579739e-08
/Users/christopherbrantner/local/work/projects/toyVisionModel/outputs/chips/validation/patches/patches_288_bb01.png,patches,patches,0.9996230602264404,8.944472938310355e-06,9.1896130470559e-05,0.9996230602264404,0.00023821431386750191,3.7631783925462514e-05,2.1413742956610804e-07
/Users/christopherbrantner/local/work/projects/toyVisionModel/outputs/chips/validation/patches/patches_289_bb00.png,patches,patches,0.9824773669242859,0.00015593995340168476,0.014609643258154392,0.9824773669242859,0.0027263513766229153,1.2996377336094156e-05,1.7784961528377607e-05
/Users/christopherbrantner/local/work/projects/toyVisionModel/outputs/chips/validation/patches/patches_289_bb01.png,patches,patches,0.989257276058197,0.005213988479226828,0.0031689531169831753,0.989257276058197,0.002323111053556204,2.527991819079034e-05,1.1380097021174151e-05
/Users/christopherbrantner/local/work/projects/toyVisionModel/outputs/chips/validation/patches/patches_289_bb02.png,patches,patches,0.9999878406524658,1.976000021386426e-07,1.0857874258363154e-05,0.9999878406524658,9.099496196540713e-07,1.7322528833574324e-07,7.116581990374016e-09
/Users/christopherbrantner/local/work/projects/toyVisionModel/outputs/chips/validation/patches/patches_289_bb03.png,patches,patches,0.9988985061645508,5.5168249673442915e-05,0.0004128576547373086,0.9988985061645508,0.0005170980584807694,0.00011406123667256907,2.2638682821707334e-06
/Users/christopherbrantner/local/work/projects/toyVisionModel/outputs/chips/validation/patches/patches_289_bb04.png,patches,patches,0.9999233484268188,3.442022352828644e-05,1.3094915630063042e-05,0.9999233484268188,2.81566954072332e-05,9.694055052023032e-07,2.4823881616953258e-08
/Users/christopherbrantner/local/work/projects/toyVisionModel/outputs/chips/validation/patches/patches_290_bb00.png,patches,patches,0.9999985694885254,4.71577408234225e-08,8.619431355327833e-07,0.9999985694885254,3.8874983943060215e-07,1.5762397609364598e-08,1.5388974539121136e-09
/Users/christopherbrantner/local/work/projects/toyVisionModel/outputs/chips/validation/patches/patches_290_bb01.png,patches,patches,0.9999520778656006,8.745819286559708e-06,1.5534591511823237e-05,0.9999520778656006,2.087988832499832e-05,1.772393716237275e-06,1.0391252089902991e-06
/Users/christopherbrantner/local/work/projects/toyVisionModel/outputs/chips/validation/patches/patches_290_bb02.png,patches,patches,0.9856064915657043,0.013092420063912868,0.0002867697039619088,0.9856064915657043,0.0009531303076073527,5.830715235788375e-05,2.926946763182059e-06
/Users/christopherbrantner/local/work/projects/toyVisionModel/outputs/chips/validation/patches/patches_290_bb03.png,patches,patches,0.9999237060546875,2.6286415959475562e-05,2.8782395020243712e-05,0.9999237060546875,2.033828968706075e-05,5.458168175209721e-07,3.8556001413780905e-07
/Users/christopherbrantner/local/work/projects/toyVisionModel/outputs/chips/validation/patches/patches_290_bb04.png,patches,patches,0.9984716773033142,0.001442659180611372,5.6752953241812065e-05,0.9984716773033142,1.8787348381010816e-05,7.547478162450716e-06,2.5992628707172116e-06
/Users/christopherbrantner/local/work/projects/toyVisionModel/outputs/chips/validation/patches/patches_291_bb00.png,patches,patches,0.9999996423721313,6.67549279742552e-11,7.32192049213154e-08,0.9999996423721313,2.8110838456996134e-07,5.638060573964765e-10,1.8897378453730518e-11
/Users/christopherbrantner/local/work/projects/toyVisionModel/outputs/chips/validation/patches/patches_291_bb01.png,patches,patches,0.9999485015869141,4.1151093910229974e-07,2.380403020652011e-05,0.9999485015869141,2.60567176155746e-05,2.7644063038678723e-07,8.782584473010502e-07
/Users/christopherbrantner/local/work/projects/toyVisionModel/outputs/chips/validation/patches/patches_291_bb02.png,patches,patches,0.9998226761817932,7.884440128691494e-05,4.423403152031824e-05,0.9998226761817932,4.9181577196577564e-05,4.625288966053631e-06,4.6167369305294415e-07
/Users/christopherbrantner/local/work/projects/toyVisionModel/outputs/chips/validation/patches/patches_291_bb03.png,patches,patches,0.9996693134307861,2.0915729237458436e-07,4.4911124859936535e-05,0.9996693134307861,0.00028371362714096904,1.026377276502899e-06,8.751200084589073e-07
/Users/christopherbrantner/local/work/projects/toyVisionModel/outputs/chips/validation/patches/patches_292_bb00.png,patches,patches,1.0,7.453390682421457e-11,4.497295869043683e-09,1.0,2.545220212368804e-08,3.5490244076896715e-10,6.42399219756562e-13
/Users/christopherbrantner/local/work/projects/toyVisionModel/outputs/chips/validation/patches/patches_292_bb01.png,patches,patches,0.9998536109924316,1.1662467613859917e-06,1.3144323020242155e-05,0.9998536109924316,0.000131676672026515,1.6335707186954096e-07,2.2382842246315704e-07
/Users/christopherbrantner/local/work/projects/toyVisionModel/outputs/chips/validation/patches/patches_292_bb02.png,patches,patches,0.999994158744812,7.902625220879145e-09,1.6195893977055675e-06,0.999994158744812,4.075194283359451e-06,8.338898993542898e-08,1.0353935486762111e-09
/Users/christopherbrantner/local/work/projects/toyVisionModel/outputs/chips/validation/patches/patches_292_bb03.png,patches,patches,0.999977707862854,6.249639028510501e-08,1.1568705303943716e-05,0.999977707862854,7.3143141889886465e-06,3.2955970254988642e-06,2.2837424396016104e-08
/Users/christopherbrantner/local/work/projects/toyVisionModel/outputs/chips/validation/patches/patches_292_bb04.png,patches,patches,0.9946730732917786,2.3932945623528212e-05,0.0011190397199243307,0.9946730732917786,0.00416980218142271,1.2723406825898564e-06,1.2801357115677092e-05
/Users/christopherbrantner/local/work/projects/toyVisionModel/outputs/chips/validation/patches/patches_293_bb00.png,patches,patches,0.9999988079071045,1.2052947973018036e-08,4.966694859831478e-07,0.9999988079071045,6.670346124337811e-07,8.035244469795089e-09,7.710664995386196e-09
/Users/christopherbrantner/local/work/projects/toyVisionModel/outputs/chips/validation/patches/patches_293_bb01.png,patches,patches,0.9999747276306152,1.5601828636135906e-05,6.139005108707352e-07,0.9999747276306152,8.588525815866888e-06,4.359799845587986e-07,9.476275764086495e-09
/Users/christopherbrantner/local/work/projects/toyVisionModel/outputs/chips/validation/patches/patches_294_bb00.png,patches,patches,0.9999780654907227,1.1000741650946111e-08,8.338924999407027e-06,0.9999780654907227,1.3274005141283851e-05,7.773469867800031e-09,3.394083591956587e-07
/Users/christopherbrantner/local/work/projects/toyVisionModel/outputs/chips/validation/patches/patches_294_bb01.png,patches,patches,0.9994134902954102,0.0005568021442741156,7.732629455858842e-06,0.9994134902954102,1.3118605238560122e-05,8.714890100236516e-06,1.2017579820167157e-07
/Users/christopherbrantner/local/work/projects/toyVisionModel/outputs/chips/validation/patches/patches_295_bb00.png,patches,patches,0.9999872446060181,5.1606354745104e-09,3.0683645491080824e-06,0.9999872446060181,9.560611943015829e-06,1.6348900899743057e-08,1.1501534658009405e-07
/Users/christopherbrantner/local/work/projects/toyVisionModel/outputs/chips/validation/patches/patches_295_bb01.png,patches,patches,0.9259145259857178,0.06902466714382172,0.0017828593263402581,0.9259145259857178,0.002501665847375989,0.0006858658161945641,9.042956662597135e-05
/Users/christopherbrantner/local/work/projects/toyVisionModel/outputs/chips/validation/patches/patches_295_bb02.png,patches,patches,0.9988961219787598,0.0009648252162151039,3.4137065085815266e-05,0.9988961219787598,5.717907697544433e-05,4.7113910113694146e-05,5.560011118177499e-07
/Users/christopherbrantner/local/work/projects/toyVisionModel/outputs/chips/validation/patches/patches_296_bb00.png,patches,patches,0.9999969005584717,5.1130317757497323e-08,2.56456337410782e-06,0.9999969005584717,5.473085025187174e-07,7.18484072237402e-09,2.999958503835387e-09
/Users/christopherbrantner/local/work/projects/toyVisionModel/outputs/chips/validation/patches/patches_296_bb01.png,patches,patches,0.9998871088027954,6.212194421095774e-05,1.9349894500919618e-05,0.9998871088027954,3.079546877415851e-05,3.132454935439455e-07,2.713264848352992e-07
/Users/christopherbrantner/local/work/projects/toyVisionModel/outputs/chips/validation/patches/patches_296_bb02.png,patches,patches,0.9958345890045166,0.003725372953340411,5.454917118186131e-05,0.9958345890045166,0.0003281413810327649,5.664459240506403e-05,6.894359216857993e-07
/Users/christopherbrantner/local/work/projects/toyVisionModel/outputs/chips/validation/patches/patches_297_bb00.png,patches,patches,0.999968409538269,1.583248945280502e-06,4.7629623622924555e-06,0.999968409538269,2.466221667418722e-05,5.860775900146109e-07,1.4749510057754378e-08
/Users/christopherbrantner/local/work/projects/toyVisionModel/outputs/chips/validation/patches/patches_297_bb01.png,patches,patches,0.9995385408401489,0.0003609167761169374,7.72689891164191e-05,0.9995385408401489,1.2664634596148971e-05,9.616505849407986e-06,9.841123755904846e-07
/Users/christopherbrantner/local/work/projects/toyVisionModel/outputs/chips/validation/patches/patches_297_bb02.png,patches,patches,0.6451151967048645,0.35131752490997314,0.002283001085743308,0.6451151967048645,0.0011214296100661159,0.00015785792493261397,4.9578088692214806e-06
/Users/christopherbrantner/local/work/projects/toyVisionModel/outputs/chips/validation/patches/patches_298_bb00.png,patches,patches,0.9999748468399048,1.1810025171143934e-05,9.69967368291691e-06,0.9999748468399048,3.5666569146997062e-06,1.1876085892481569e-07,7.43697947669375e-09
/Users/christopherbrantner/local/work/projects/toyVisionModel/outputs/chips/validation/patches/patches_298_bb01.png,patches,patches,0.9999942779541016,9.9169460554549e-07,3.9669412217335775e-06,0.9999942779541016,7.054791240079794e-07,4.079650395283352e-08,5.421733284549646e-09
/Users/christopherbrantner/local/work/projects/toyVisionModel/outputs/chips/validation/patches/patches_298_bb02.png,patches,patches,0.9999914169311523,8.115342353676169e-08,3.530061121637118e-06,0.9999914169311523,4.937814082950354e-06,8.648811444800231e-08,2.5671919701153456e-08
/Users/christopherbrantner/local/work/projects/toyVisionModel/outputs/chips/validation/patches/patches_298_bb03.png,patches,patches,0.9999300241470337,1.5141482435865328e-05,3.215558535885066e-05,0.9999300241470337,1.294218236580491e-05,9.067529390449636e-06,6.406493753274844e-07
/Users/christopherbrantner/local/work/projects/toyVisionModel/outputs/chips/validation/patches/patches_299_bb00.png,patches,patches,0.9999434947967529,1.7188485799124464e-05,2.793209205265157e-05,0.9999434947967529,9.593657523510046e-06,1.5506592490055482e-06,3.1867187999523594e-07
/Users/christopherbrantner/local/work/projects/toyVisionModel/outputs/chips/validation/patches/patches_299_bb01.png,patches,patches,0.9263949394226074,1.1143395568069536e-05,0.044967640191316605,0.9263949394226074,0.028157508000731468,1.8125678252545185e-05,0.0004507058474700898
/Users/christopherbrantner/local/work/projects/toyVisionModel/outputs/chips/validation/patches/patches_299_bb02.png,patches,patches,0.9776671528816223,0.0024155264254659414,0.013138207606971264,0.9776671528816223,0.006519956514239311,9.029714419739321e-05,0.00016876035078894347
/Users/christopherbrantner/local/work/projects/toyVisionModel/outputs/chips/validation/patches/patches_300_bb00.png,patches,patches,0.999987006187439,1.7306365407421254e-07,1.1186763003934175e-05,0.999987006187439,1.4202421425579814e-06,3.4647008817501046e-08,1.938875442419885e-07
/Users/christopherbrantner/local/work/projects/toyVisionModel/outputs/chips/validation/patches/patches_300_bb01.png,patches,patches,0.9999003410339355,6.566673255292699e-05,2.7786383725469932e-05,0.9999003410339355,5.594590220425744e-06,4.505536423948797e-07,6.051634926507177e-08
/Users/christopherbrantner/local/work/projects/toyVisionModel/outputs/chips/validation/patches/pitted_surface_245_bb02.png,patches,patches,0.9584159851074219,3.7058242696730304e-07,0.033456262201070786,0.9584159851074219,0.008105342276394367,6.912693606864195e-06,1.5097615687409416e-05
/Users/christopherbrantner/local/work/projects/toyVisionModel/outputs/chips/validation/patches/pitted_surface_247_bb01.png,patches,patches,0.9944144487380981,1.0456942618475296e-06,0.0010749613866209984,0.9944144487380981,0.004507493227720261,1.5558824770778301e-06,4.55124535392315e-07
/Users/christopherbrantner/local/work/projects/toyVisionModel/outputs/chips/validation/patches/pitted_surface_258_bb01.png,patches,rolled-in_scale,0.525154709815979,0.008948329836130142,0.01950583979487419,0.20952963829040527,0.2360987812280655,0.525154709815979,0.0007627701270394027
/Users/christopherbrantner/local/work/projects/toyVisionModel/outputs/chips/validation/patches/pitted_surface_261_bb01.png,patches,patches,0.8555734753608704,0.001025105593726039,0.0015710850711911917,0.8555734753608704,0.02002735808491707,0.12177711725234985,2.5891835321090184e-05
/Users/christopherbrantner/local/work/projects/toyVisionModel/outputs/chips/validation/patches/pitted_surface_261_bb02.png,patches,patches,0.9995861649513245,3.475466359148527e-09,0.0002532315847929567,0.9995861649513245,0.0001605382130946964,1.6741733332992226e-08,1.0715327647403683e-07
/Users/christopherbrantner/local/work/projects/toyVisionModel/outputs/chips/validation/patches/pitted_surface_272_bb02.png,patches,patches,0.9634919762611389,7.772860044497065e-08,0.03493272513151169,0.9634919762611389,0.001561653451062739,1.2716733408524306e-06,1.2250896361365449e-05
/Users/christopherbrantner/local/work/projects/toyVisionModel/outputs/chips/validation/patches/pitted_surface_276_bb01.png,patches,patches,0.6334542632102966,0.00015811024059075862,0.001874851994216442,0.6334542632102966,0.36428290605545044,0.00022477185120806098,5.1593524403870106e-06
/Users/christopherbrantner/local/work/projects/toyVisionModel/outputs/chips/validation/patches/pitted_surface_276_bb02.png,patches,patches,0.978154718875885,1.3530463149891148e-07,0.0031740590929985046,0.978154718875885,0.01866963692009449,1.1295970807623235e-06,3.107419956904778e-07
/Users/christopherbrantner/local/work/projects/toyVisionModel/outputs/chips/validation/patches/pitted_surface_277_bb01.png,patches,inclusion,0.5898895859718323,4.95818312629126e-06,0.5898895859718323,0.00401501078158617,0.4054332673549652,2.3521313778473996e-05,0.0006336583755910397
/Users/christopherbrantner/local/work/projects/toyVisionModel/outputs/chips/validation/patches/pitted_surface_279_bb02.png,patches,inclusion,0.927702009677887,2.983670128742233e-07,0.927702009677887,0.07065916806459427,0.0015583917265757918,6.360290717566386e-05,1.6521229554200545e-05
/Users/christopherbrantner/local/work/projects/toyVisionModel/outputs/chips/validation/patches/pitted_surface_291_bb01.png,patches,patches,0.4887399971485138,8.191362212528475e-06,0.46044790744781494,0.4887399971485138,0.0503353625535965,0.00017316540470346808,0.00029542596894316375
/Users/christopherbrantner/local/work/projects/toyVisionModel/outputs/chips/validation/patches/pitted_surface_292_bb02.png,patches,patches,0.99856036901474,1.2297624607526814e-07,0.0012529572704806924,0.99856036901474,0.00017598200065549463,1.0293970262864605e-05,2.4115084329423553e-07
/Users/christopherbrantner/local/work/projects/toyVisionModel/outputs/chips/validation/patches/pitted_surface_292_bb03.png,patches,patches,0.9951037168502808,3.149128291468628e-09,0.0012474523391574621,0.9951037168502808,0.003648593323305249,1.1451763981540353e-07,1.420143718178224e-07
/Users/christopherbrantner/local/work/projects/toyVisionModel/outputs/chips/validation/patches/pitted_surface_294_bb02.png,patches,inclusion,0.8080045580863953,2.7249921763505824e-10,0.8080045580863953,0.1919272392988205,6.81080564390868e-05,2.204349058843036e-08,6.64712516140753e-08
/Users/christopherbrantner/local/work/projects/toyVisionModel/outputs/chips/validation/patches/pitted_surface_295_bb01.png,patches,patches,0.9976504445075989,1.713796677904611e-07,0.001996658043935895,0.9976504445075989,0.00034223447437398136,1.0051580829895101e-05,4.646637989935698e-07
/Users/christopherbrantner/local/work/projects/toyVisionModel/outputs/chips/validation/patches/pitted_surface_296_bb02.png,patches,patches,0.9997839331626892,5.502655553435432e-10,5.237415825831704e-05,0.9997839331626892,0.00016375879931729287,6.5710636931726185e-09,4.3565826501890115e-09
/Users/christopherbrantner/local/work/projects/toyVisionModel/outputs/chips/validation/pitted_surface/pitted_surface_241_bb00.png,pitted_surface,pitted_surface,0.9999895095825195,2.0973160985704453e-08,6.4545847635599785e-06,3.1849256174609764e-06,0.9999895095825195,8.339230817000498e-07,2.39817694591693e-08
/Users/christopherbrantner/local/work/projects/toyVisionModel/outputs/chips/validation/pitted_surface/pitted_surface_242_bb00.png,pitted_surface,pitted_surface,0.9999345541000366,3.6542223824653774e-06,3.549183384166099e-05,5.8634877859731205e-06,0.9999345541000366,1.993936712096911e-05,5.605567707789305e-07
/Users/christopherbrantner/local/work/projects/toyVisionModel/outputs/chips/validation/pitted_surface/pitted_surface_242_bb01.png,pitted_surface,pitted_surface,0.9994391798973083,0.0001516189513495192,0.00020085998403374106,5.0529310101410374e-05,0.9994391798973083,0.00015406742750201374,3.7307559068722185e-06
/Users/christopherbrantner/local/work/projects/toyVisionModel/outputs/chips/validation/pitted_surface/pitted_surface_243_bb00.png,pitted_surface,pitted_surface,0.9995831847190857,3.302964978502132e-05,0.00017033213225658983,1.3276072650114656e-06,0.9995831847190857,0.00020257692085579038,9.65146318776533e-06
/Users/christopherbrantner/local/work/projects/toyVisionModel/outputs/chips/validation/pitted_surface/pitted_surface_244_bb00.png,pitted_surface,pitted_surface,0.9999995231628418,6.1862981404203765e-09,2.56321413871774e-07,5.804346869808796e-08,0.9999995231628418,2.2906949936896126e-07,3.919328506185593e-08
/Users/christopherbrantner/local/work/projects/toyVisionModel/outputs/chips/validation/pitted_surface/pitted_surface_245_bb00.png,pitted_surface,pitted_surface,0.999967098236084,8.184134117072972e-07,2.0488883819780312e-05,1.0276992412627806e-07,0.999967098236084,1.0383755579823628e-05,1.0589249086478958e-06
/Users/christopherbrantner/local/work/projects/toyVisionModel/outputs/chips/validation/pitted_surface/pitted_surface_245_bb01.png,pitted_surface,pitted_surface,0.9997820258140564,2.2495241864817217e-06,8.175709081115201e-05,1.762155989126768e-06,0.9997820258140564,0.00013031248818151653,1.8806666730597499e-06
/Users/christopherbrantner/local/work/projects/toyVisionModel/outputs/chips/validation/pitted_surface/pitted_surface_246_bb00.png,pitted_surface,pitted_surface,0.9998791217803955,4.29336341767339e-06,7.225103763630614e-05,1.8838677817711869e-07,0.9998791217803955,4.151833854848519e-05,2.5704116524138954e-06
/Users/christopherbrantner/local/work/projects/toyVisionModel/outputs/chips/validation/pitted_surface/pitted_surface_246_bb01.png,pitted_surface,pitted_surface,0.9996015429496765,7.499198545701802e-06,0.00032076353090815246,2.2609181087318575e-06,0.9996015429496765,6.408427725546062e-05,3.871852186421165e-06
/Users/christopherbrantner/local/work/projects/toyVisionModel/outputs/chips/validation/pitted_surface/pitted_surface_247_bb00.png,pitted_surface,pitted_surface,0.9998942613601685,1.5191577062978467e-07,8.39171843836084e-05,6.4301516431442e-06,0.9998942613601685,1.4882693903928157e-05,3.639997885329649e-07
/Users/christopherbrantner/local/work/projects/toyVisionModel/outputs/chips/validation/pitted_surface/pitted_surface_248_bb00.png,pitted_surface,pitted_surface,0.9998985528945923,3.6746459954883903e-06,5.836768104927614e-05,7.83032282924978e-06,0.9998985528945923,3.0894541851012036e-05,6.741382776453975e-07
/Users/christopherbrantner/local/work/projects/toyVisionModel/outputs/chips/validation/pitted_surface/pitted_surface_248_bb01.png,pitted_surface,pitted_surface,0.9732648730278015,0.0019965555984526873,0.00378327420912683,0.008362320251762867,0.9732648730278015,0.012550982646644115,4.199001705273986e-05
/Users/christopherbrantner/local/work/projects/toyVisionModel/outputs/chips/validation/pitted_surface/pitted_surface_249_bb00.png,pitted_surface,pitted_surface,0.9996323585510254,4.676816024584696e-05,0.00019808750948868692,3.926666977349669e-05,0.9996323585510254,8.084636647254229e-05,2.7161497655470157e-06
/Users/christopherbrantner/local/work/projects/toyVisionModel/outputs/chips/validation/pitted_surface/pitted_surface_250_bb00.png,pitted_surface,pitted_surface,0.9995220899581909,8.221709867939353e-05,0.0002129961794707924,8.725824955035932e-06,0.9995220899581909,0.00016697103274054825,6.972968094487442e-06
/Users/christopherbrantner/local/work/projects/toyVisionModel/outputs/chips/validation/pitted_surface/pitted_surface_251_bb00.png,pitted_surface,pitted_surface,0.9997233748435974,5.1526239985832945e-06,0.00018486946646589786,4.131077275815187e-07,0.9997233748435974,8.110782073345035e-05,5.043666078563547e-06
/Users/christopherbrantner/local/work/projects/toyVisionModel/outputs/chips/validation/pitted_surface/pitted_surface_252_bb00.png,pitted_surface,pitted_surface,0.998651921749115,1.456236350350082e-05,0.0012135528959333897,1.2613177204912063e-06,0.998651921749115,9.731077443575487e-05,2.1451984139275737e-05
/Users/christopherbrantner/local/work/projects/toyVisionModel/outputs/chips/validation/pitted_surface/pitted_surface_253_bb00.png,pitted_surface,pitted_surface,0.9999634027481079,8.23120899440255e-07,2.116808173013851e-05,1.889250825115596e-06,0.9999634027481079,1.2470399269659538e-05,2.463642090333451e-07
/Users/christopherbrantner/local/work/projects/toyVisionModel/outputs/chips/validation/pitted_surface/pitted_surface_253_bb01.png,pitted_surface,pitted_surface,0.9763826131820679,0.0002946547756437212,0.0007123478571884334,0.011974319815635681,0.9763826131820679,0.010629466734826565,6.590395969396923e-06
/Users/christopherbrantner/local/work/projects/toyVisionModel/outputs/chips/validation/pitted_surface/pitted_surface_254_bb00.png,pitted_surface,pitted_surface,0.9998226761817932,1.7046095308614895e-05,9.751399920787662e-05,1.6169791706488468e-05,0.9998226761817932,4.520331276580691e-05,1.357693008685601e-06
/Users/christopherbrantner/local/work/projects/toyVisionModel/outputs/chips/validation/pitted_surface/pitted_surface_255_bb00.png,pitted_surface,pitted_surface,0.9994350075721741,8.93498508958146e-05,0.0003269276348873973,1.7125012163887732e-05,0.9994350075721741,0.0001226325985044241,8.95767516340129e-06
/Users/christopherbrantner/local/work/projects/toyVisionModel/outputs/chips/validation/pitted_surface/pitted_surface_256_bb00.png,pitted_surface,pitted_surface,0.9984318614006042,3.954703970521223e-06,0.0014619964640587568,1.7913762349053286e-06,0.9984318614006042,8.838792564347386e-05,1.1980831914115697e-05
/Users/christopherbrantner/local/work/projects/toyVisionModel/outputs/chips/validation/pitted_surface/pitted_surface_256_bb01.png,pitted_surface,pitted_surface,0.9998687505722046,6.94763593855896e-06,5.8654597523855045e-05,4.663876893573615e-07,0.9998687505722046,6.291495083132759e-05,2.227399590992718e-06
/Users/christopherbrantner/local/work/projects/toyVisionModel/outputs/chips/validation/pitted_surface/pitted_surface_257_bb00.png,pitted_surface,pitted_surface,0.9989345669746399,1.3910575944464654e-05,0.0009386684978380799,9.816866395340185e-07,0.9989345669746399,9.43061095313169e-05,1.7555996237206273e-05
/Users/christopherbrantner/local/work/projects/toyVisionModel/outputs/chips/validation/pitted_surface/pitted_surface_258_bb00.png,pitted_surface,pitted_surface,0.9999071359634399,2.649763928275206e-06,5.618654904537834e-05,3.7929266909486614e-06,0.9999071359634399,2.9501605240511708e-05,7.275115763150097e-07
/Users/christopherbrantner/local/work/projects/toyVisionModel/outputs/chips/validation/pitted_surface/pitted_surface_259_bb00.png,pitted_surface,pitted_surface,0.998955249786377,0.00022873289708513767,0.0003216849290765822,1.2083629371772986e-05,0.998955249786377,0.00046905892668291926,1.3228900570538826e-05
/Users/christopherbrantner/local/work/projects/toyVisionModel/outputs/chips/validation/pitted_surface/pitted_surface_260_bb00.png,pitted_surface,pitted_surface,0.9997172951698303,3.818602999672294e-05,9.172599675366655e-05,1.1468000593595207e-06,0.9997172951698303,0.00014658080181106925,5.067940946901217e-06
/Users/christopherbrantner/local/work/projects/toyVisionModel/outputs/chips/validation/pitted_surface/pitted_surface_261_bb00.png,pitted_surface,pitted_surface,0.9999082088470459,4.7663065743108746e-06,3.953055420424789e-05,4.876852017332567e-06,0.9999082088470459,4.185289435554296e-05,7.900190439613652e-07
/Users/christopherbrantner/local/work/projects/toyVisionModel/outputs/chips/validation/pitted_surface/pitted_surface_262_bb00.png,pitted_surface,pitted_surface,0.9998595714569092,1.2872819752374198e-05,5.5451466323575005e-05,7.969115358719137e-06,0.9998595714569092,6.301309622358531e-05,1.0876632359213545e-06
/Users/christopherbrantner/local/work/projects/toyVisionModel/outputs/chips/validation/pitted_surface/pitted_surface_263_bb00.png,pitted_surface,pitted_surface,0.9992707371711731,5.6928252888610587e-05,0.000327559479046613,4.6623567868664395e-06,0.9992707371711731,0.0003291935718152672,1.090070145437494e-05
/Users/christopherbrantner/local/work/projects/toyVisionModel/outputs/chips/validation/pitted_surface/pitted_surface_264_bb00.png,pitted_surface,pitted_surface,0.9990683197975159,8.022151450859383e-05,0.0004799947200808674,3.3684032132441644e-06,0.9990683197975159,0.0003470522351562977,2.1039975763414986e-05
/Users/christopherbrantner/local/work/projects/toyVisionModel/outputs/chips/validation/pitted_surface/pitted_surface_265_bb00.png,pitted_surface,pitted_surface,0.9945337772369385,3.5307682992424816e-05,0.004891973454505205,3.8892062548256945e-06,0.9945337772369385,0.0004217309760861099,0.00011328441905789077
/Users/christopherbrantner/local/work/projects/toyVisionModel/outputs/chips/validation/pitted_surface/pitted_surface_266_bb00.png,pitted_surface,pitted_surface,0.9998220801353455,7.720257713117462e-07,0.00013795647828374058,9.473546924709808e-07,0.9998220801353455,3.7210065784165636e-05,1.0464192428116803e-06
/Users/christopherbrantner/local/work/projects/toyVisionModel/outputs/chips/validation/pitted_surface/pitted_surface_266_bb01.png,pitted_surface,rolled-in_scale,0.38572654128074646,0.0007148641161620617,0.23223116993904114,0.05022485926747322,0.3307492136955261,0.38572654128074646,0.000353343813912943
/Users/christopherbrantner/local/work/projects/toyVisionModel/outputs/chips/validation/pitted_surface/pitted_surface_266_bb02.png,pitted_surface,pitted_surface,0.9907495379447937,1.0109803270097473e-06,0.008719168603420258,3.929512604372576e-05,0.9907495379447937,0.0004823717463295907,8.687175977684092e-06
/Users/christopherbrantner/local/work/projects/toyVisionModel/outputs/chips/validation/pitted_surface/pitted_surface_267_bb00.png,pitted_surface,pitted_surface,0.999559223651886,1.0624468814057764e-05,0.00026961934054270387,1.8630587419465883e-06,0.999559223651886,0.00015348417218774557,5.172276360099204e-06
/Users/christopherbrantner/local/work/projects/toyVisionModel/outputs/chips/validation/pitted_surface/pitted_surface_267_bb01.png,pitted_surface,pitted_surface,0.9992318153381348,7.086894129315624e-06,0.0005134062375873327,4.671298938774271e-06,0.9992318153381348,0.00023917916405480355,3.829697561741341e-06
/Users/christopherbrantner/local/work/projects/toyVisionModel/outputs/chips/validation/pitted_surface/pitted_surface_268_bb00.png,pitted_surface,pitted_surface,0.9998167157173157,1.567255094414577e-05,4.141700628679246e-05,1.4256858094086056e-06,0.9998167157173157,0.0001229803601745516,1.803772875064169e-06
/Users/christopherbrantner/local/work/projects/toyVisionModel/outputs/chips/validation/pitted_surface/pitted_surface_268_bb01.png,pitted_surface,pitted_surface,0.9995898604393005,7.498153081542114e-06,0.0002639149606693536,9.256298653781414e-06,0.9995898604393005,0.00012766379222739488,1.8510372683522291e-06
/Users/christopherbrantner/local/work/projects/toyVisionModel/outputs/chips/validation/pitted_surface/pitted_surface_269_bb00.png,pitted_surface,pitted_surface,0.9998470544815063,4.769563747686334e-05,3.834587550954893e-05,7.180727152444888e-06,0.9998470544815063,5.818184217787348e-05,1.4297403367891093e-06
/Users/christopherbrantner/local/work/projects/toyVisionModel/outputs/chips/validation/pitted_surface/pitted_surface_269_bb01.png,pitted_surface,pitted_surface,0.9955304265022278,0.002158655785024166,0.0004855727020185441,0.00017025548731908202,0.9955304265022278,0.0016366714844480157,1.847230851126369e-05
/Users/christopherbrantner/local/work/projects/toyVisionModel/outputs/chips/validation/pitted_surface/pitted_surface_270_bb00.png,pitted_surface,pitted_surface,0.9997817873954773,3.411728539504111e-05,6.104686326580122e-05,7.313502010219963e-06,0.9997817873954773,0.00011402446398278698,1.7743443549989024e-06
/Users/christopherbrantner/local/work/projects/toyVisionModel/outputs/chips/validation/pitted_surface/pitted_surface_271_bb00.png,pitted_surface,pitted_surface,0.9999302625656128,1.8919304238806944e-06,4.5839595259167254e-05,6.955872777325567e-06,0.9999302625656128,1.4542287317453884e-05,5.025188443141815e-07
/Users/christopherbrantner/local/work/projects/toyVisionModel/outputs/chips/validation/pitted_surface/pitted_surface_271_bb01.png,pitted_surface,pitted_surface,0.9995130300521851,9.661057993071154e-05,0.00016106624389067292,5.066487938165665e-05,0.9995130300521851,0.00017660808225627989,1.9929811969632283e-06
/Users/christopherbrantner/local/work/projects/toyVisionModel/outputs/chips/validation/pitted_surface/pitted_surface_272_bb00.png,pitted_surface,pitted_surface,0.999736487865448,2.877357655961532e-05,9.202944056596607e-05,9.820606692301226e-07,0.999736487865448,0.0001367690128972754,5.033492470829515e-06
/Users/christopherbrantner/local/work/projects/toyVisionModel/outputs/chips/validation/pitted_surface/pitted_surface_272_bb01.png,pitted_surface,pitted_surface,0.9994320273399353,1.4563957847713027e-05,0.00028557830955833197,2.9176958378229756e-06,0.9994320273399353,0.00025739468401297927,7.52405730963801e-06
/Users/christopherbrantner/local/work/projects/toyVisionModel/outputs/chips/validation/pitted_surface/pitted_surface_273_bb00.png,pitted_surface,pitted_surface,0.9906311631202698,0.0018164757639169693,0.0029819433111697435,4.126659041503444e-05,0.9906311631202698,0.004392615519464016,0.0001365740317851305
/Users/christopherbrantner/local/work/projects/toyVisionModel/outputs/chips/validation/pitted_surface/pitted_surface_274_bb00.png,pitted_surface,pitted_surface,0.9979561567306519,0.00025716854725033045,0.0009897098643705249,5.748012426920468e-06,0.9979561567306519,0.0007373953121714294,5.3860545449424535e-05
/Users/christopherbrantner/local/work/projects/toyVisionModel/outputs/chips/validation/pitted_surface/pitted_surface_275_bb00.png,pitted_surface,pitted_surface,0.9999696016311646,2.694013403470308e-07,1.7484548152424395e-05,3.764084510748944e-07,0.9999696016311646,1.1909061868209392e-05,3.914633168733417e-07
/Users/christopherbrantner/local/work/projects/toyVisionModel/outputs/chips/validation/pitted_surface/pitted_surface_276_bb00.png,pitted_surface,pitted_surface,0.9999816417694092,6.948027930775424e-08,1.2941456589032896e-05,4.20913556808955e-06,0.9999816417694092,1.1338960348439286e-06,6.540140873312339e-08
/Users/christopherbrantner/local/work/projects/toyVisionModel/outputs/chips/validation/pitted_surface/pitted_surface_277_bb00.png,pitted_surface,pitted_surface,0.9996705055236816,8.896421604731586e-06,0.0002511225757189095,1.9039309336221777e-05,0.9996705055236816,4.7526220441795886e-05,2.8886749987577787e-06
/Users/christopherbrantner/local/work/projects/toyVisionModel/outputs/chips/validation/pitted_surface/pitted_surface_278_bb00.png,pitted_surface,pitted_surface,0.9997782111167908,1.4843866438241093e-06,0.00018878420814871788,9.24448249861598e-06,0.9997782111167908,2.0955527361365966e-05,1.2978215409020777e-06
/Users/christopherbrantner/local/work/projects/toyVisionModel/outputs/chips/validation/pitted_surface/pitted_surface_279_bb00.png,pitted_surface,pitted_surface,0.9999996423721313,1.3724103797851939e-10,1.9747461976749037e-07,6.321336343262374e-08,0.9999996423721313,7.24005531083094e-08,6.847412414856535e-09
/Users/christopherbrantner/local/work/projects/toyVisionModel/outputs/chips/validation/pitted_surface/pitted_surface_280_bb00.png,pitted_surface,pitted_surface,0.9999969005584717,1.2109442337759901e-09,2.9050777357042534e-06,1.8266543833078686e-08,0.9999969005584717,1.2344160893462686e-07,5.939110891972632e-08
/Users/christopherbrantner/local/work/projects/toyVisionModel/outputs/chips/validation/pitted_surface/pitted_surface_280_bb01.png,pitted_surface,pitted_surface,0.9915984869003296,8.952891221269965e-06,0.00823355745524168,2.1070769435027614e-05,0.9915984869003296,5.255757787381299e-05,8.535485540051013e-05
/Users/christopherbrantner/local/work/projects/toyVisionModel/outputs/chips/validation/pitted_surface/pitted_surface_280_bb02.png,pitted_surface,pitted_surface,0.6317021250724792,7.502105290768668e-05,0.3605051636695862,0.0025493197608739138,0.6317021250724792,0.00015225174138322473,0.005016118288040161
/Users/christopherbrantner/local/work/projects/toyVisionModel/outputs/chips/validation/pitted_surface/pitted_surface_281_bb00.png,pitted_surface,pitted_surface,0.999065101146698,2.763256816251669e-06,0.000824995047878474,4.352518317318754e-06,0.999065101146698,9.564452193444595e-05,7.167854619183345e-06
/Users/christopherbrantner/local/work/projects/toyVisionModel/outputs/chips/validation/pitted_surface/pitted_surface_282_bb00.png,pitted_surface,pitted_surface,0.9999276399612427,4.923742267237685e-07,4.9127625970868394e-05,6.643445971121764e-08,0.9999276399612427,2.18510194827104e-05,8.229250738622795e-07
/Users/christopherbrantner/local/work/projects/toyVisionModel/outputs/chips/validation/pitted_surface/pitted_surface_282_bb01.png,pitted_surface,pitted_surface,0.999852180480957,2.022433818638092e-06,9.46278014453128e-05,2.1316945719718206e-07,0.999852180480957,4.943357271258719e-05,1.5590852626701235e-06
/Users/christopherbrantner/local/work/projects/toyVisionModel/outputs/chips/validation/pitted_surface/pitted_surface_283_bb00.png,pitted_surface,pitted_surface,0.9997785687446594,5.956238169346761e-07,0.00019999698270112276,4.189676019450417e-06,0.9997785687446594,1.5581343177473173e-05,1.0156929874938214e-06
/Users/christopherbrantner/local/work/projects/toyVisionModel/outputs/chips/validation/pitted_surface/pitted_surface_284_bb00.png,pitted_surface,pitted_surface,0.999843955039978,1.3607078130917216e-07,0.00014657812425866723,2.356999857511255e-06,0.999843955039978,6.309662694548024e-06,6.075653118386981e-07
/Users/christopherbrantner/local/work/projects/toyVisionModel/outputs/chips/validation/pitted_surface/pitted_surface_284_bb01.png,pitted_surface,pitted_surface,0.9977244734764099,3.9307533938881534e-07,0.002218619454652071,4.630234616342932e-05,0.9977244734764099,6.844547897344455e-06,3.328800175950164e-06
/Users/christopherbrantner/local/work/projects/toyVisionModel/outputs/chips/validation/pitted_surface/pitted_surface_285_bb00.png,pitted_surface,pitted_surface,0.9999362230300903,3.048664325433492e-07,5.5263230024138466e-05,6.374959582444717e-08,0.9999362230300903,7.2881716732808854e-06,9.020927791425493e-07
/Users/christopherbrantner/local/work/projects/toyVisionModel/outputs/chips/validation/pitted_surface/pitted_surface_286_bb00.png,pitted_surface,pitted_surface,0.9988539218902588,9.09712616703473e-06,0.0010629589669406414,1.5333704141085036e-05,0.9988539218902588,4.8049460019683465e-05,1.0656166523403954e-05
/Users/christopherbrantner/local/work/projects/toyVisionModel/outputs/chips/validation/pitted_surface/pitted_surface_287_bb00.png,pitted_surface,pitted_surface,0.9997660517692566,4.703284957940923e-06,0.00014458518126048148,5.606215722764318e-07,0.9997660517692566,8.038111991481856e-05,3.71101168639143e-06
/Users/christopherbrantner/local/work/projects/toyVisionModel/outputs/chips/validation/pitted_surface/pitted_surface_288_bb00.png,pitted_surface,pitted_surface,0.9989012479782104,4.859488399233669e-05,0.000821607478428632,1.6329971913364716e-05,0.9989012479782104,0.0001961422385647893,1.607319609320257e-05
/Users/christopherbrantner/local/work/projects/toyVisionModel/outputs/chips/validation/pitted_surface/pitted_surface_289_bb00.png,pitted_surface,pitted_surface,0.999889612197876,1.0752146408776753e-06,9.55481591518037e-05,4.156883733230643e-06,0.999889612197876,8.845929187373258e-06,7.79367724135227e-07
/Users/christopherbrantner/local/work/projects/toyVisionModel/outputs/chips/validation/pitted_surface/pitted_surface_289_bb01.png,pitted_surface,pitted_surface,0.999958872795105,1.9459180933267817e-08,2.2027266822988167e-05,1.7565604139235802e-05,0.999958872795105,1.410641289112391e-06,1.2639920043966413e-07
/Users/christopherbrantner/local/work/projects/toyVisionModel/outputs/chips/validation/pitted_surface/pitted_surface_290_bb00.png,pitted_surface,pitted_surface,0.999822199344635,4.6220213789638365e-07,0.00015953145339153707,2.8156814551039133e-06,0.999822199344635,1.4019803529663477e-05,1.0390735951659735e-06
/Users/christopherbrantner/local/work/projects/toyVisionModel/outputs/chips/validation/pitted_surface/pitted_surface_290_bb01.png,pitted_surface,pitted_surface,0.9999485015869141,4.645253515178638e-09,3.785565058933571e-05,1.3510623830370605e-05,0.9999485015869141,1.1763121676722221e-07,8.761340097862558e-08
/Users/christopherbrantner/local/work/projects/toyVisionModel/outputs/chips/validation/pitted_surface/pitted_surface_290_bb02.png,pitted_surface,pitted_surface,0.9718677997589111,0.0002420772798359394,0.025706488639116287,0.0011698872549459338,0.9718677997589111,0.0002823247341439128,0.0007314358372241259
/Users/christopherbrantner/local/work/projects/toyVisionModel/outputs/chips/validation/pitted_surface/pitted_surface_291_bb00.png,pitted_surface,pitted_surface,0.9999710321426392,6.53586357657332e-06,4.814700332644861e-06,6.293872729656869e-07,0.9999710321426392,1.6655027138767764e-05,3.538136468250741e-07
/Users/christopherbrantner/local/work/projects/toyVisionModel/outputs/chips/validation/pitted_surface/pitted_surface_292_bb00.png,pitted_surface,pitted_surface,0.9999654293060303,7.720627763774246e-07,7.459383937202801e-07,3.274449409218505e-05,0.9999654293060303,2.349949710378496e-07,5.763629218336064e-08
/Users/christopherbrantner/local/work/projects/toyVisionModel/outputs/chips/validation/pitted_surface/pitted_surface_292_bb01.png,pitted_surface,pitted_surface,0.987058699131012,0.0013812098186463118,0.005747853312641382,0.0034352156799286604,0.987058699131012,0.002326156012713909,5.0840346375480294e-05
/Users/christopherbrantner/local/work/projects/toyVisionModel/outputs/chips/validation/pitted_surface/pitted_surface_293_bb00.png,pitted_surface,pitted_surface,0.9999834299087524,4.060395042415621e-07,1.2407515896484256e-05,1.5264554349414539e-06,0.9999834299087524,2.132573399649118e-06,1.593150358303319e-07
/Users/christopherbrantner/local/work/projects/toyVisionModel/outputs/chips/validation/pitted_surface/pitted_surface_294_bb00.png,pitted_surface,pitted_surface,0.9998821020126343,1.5201196745806556e-08,7.911180728115141e-05,3.8238718843786046e-05,0.9998821020126343,4.380059337449893e-08,5.135806304679136e-07
/Users/christopherbrantner/local/work/projects/toyVisionModel/outputs/chips/validation/pitted_surface/pitted_surface_294_bb01.png,pitted_surface,pitted_surface,0.9996582269668579,2.0890884508406593e-12,0.00024286561529152095,9.876782132778317e-05,0.9996582269668579,2.2626131870873145e-11,1.6572367655953713e-07
/Users/christopherbrantner/local/work/projects/toyVisionModel/outputs/chips/validation/pitted_surface/pitted_surface_295_bb00.png,pitted_surface,pitted_surface,0.9999254941940308,1.8290020307176746e-05,6.744975962647004e-06,1.4044135241420008e-05,0.9999254941940308,3.504746200633235e-05,3.589084087707306e-07
/Users/christopherbrantner/local/work/projects/toyVisionModel/outputs/chips/validation/pitted_surface/pitted_surface_296_bb00.png,pitted_surface,pitted_surface,0.9999632835388184,4.186631485936232e-06,2.4607713839941425e-06,2.8676075089606456e-05,0.9999632835388184,1.4084859003560268e-06,7.170665838884815e-08
/Users/christopherbrantner/local/work/projects/toyVisionModel/outputs/chips/validation/pitted_surface/pitted_surface_296_bb01.png,pitted_surface,pitted_surface,0.9999793767929077,2.7011847619773377e-12,1.2310262320625043e-07,2.0458695871639065e-05,0.9999793767929077,3.60832509704867e-11,2.696720624584259e-09
/Users/christopherbrantner/local/work/projects/toyVisionModel/outputs/chips/validation/pitted_surface/pitted_surface_297_bb00.png,pitted_surface,pitted_surface,0.9999648332595825,1.1136035027448088e-06,1.0958499842672609e-05,1.9097004042123444e-05,0.9999648332595825,3.75699619326042e-06,2.6817167508852435e-07
/Users/christopherbrantner/local/work/projects/toyVisionModel/outputs/chips/validation/pitted_surface/pitted_surface_298_bb00.png,pitted_surface,pitted_surface,0.9999513626098633,6.072186753414144e-09,4.649801485356875e-05,3.248630093821703e-07,0.9999513626098633,1.6888560594452429e-06,1.175881507720078e-07
/Users/christopherbrantner/local/work/projects/toyVisionModel/outputs/chips/validation/pitted_surface/pitted_surface_298_bb01.png,pitted_surface,pitted_surface,0.779147744178772,7.508357668939425e-08,0.22047246992588043,1.915796565299388e-05,0.779147744178772,3.1445288186660036e-06,0.0003573933499865234
/Users/christopherbrantner/local/work/projects/toyVisionModel/outputs/chips/validation/pitted_surface/pitted_surface_299_bb00.png,pitted_surface,pitted_surface,0.9999998807907104,2.9081890975252156e-13,1.3230135209596483e-07,1.1969573769643471e-11,0.9999998807907104,2.0995211125196533e-10,2.459220160844211e-09
/Users/christopherbrantner/local/work/projects/toyVisionModel/outputs/chips/validation/pitted_surface/pitted_surface_299_bb01.png,pitted_surface,pitted_surface,0.9148666262626648,7.971017112140544e-06,0.08432925492525101,0.00026511901523917913,0.9148666262626648,3.295288115623407e-05,0.0004980363301001489
/Users/christopherbrantner/local/work/projects/toyVisionModel/outputs/chips/validation/pitted_surface/pitted_surface_299_bb02.png,pitted_surface,pitted_surface,0.9998574256896973,8.11695599622908e-10,0.0001415686565451324,6.5286949180176634e-09,0.9998574256896973,9.504727671583169e-08,8.109610121209698e-07
/Users/christopherbrantner/local/work/projects/toyVisionModel/outputs/chips/validation/pitted_surface/pitted_surface_300_bb00.png,pitted_surface,pitted_surface,0.9999991655349731,2.3782098512725725e-10,6.306908630904218e-07,1.7854617340162804e-07,0.9999991655349731,3.2354819268221036e-08,2.223482287178058e-09
/Users/christopherbrantner/local/work/projects/toyVisionModel/outputs/chips/validation/pitted_surface/pitted_surface_300_bb01.png,pitted_surface,pitted_surface,0.9999377727508545,1.8365665255259955e-07,5.413140752352774e-05,9.65163280852721e-07,0.9999377727508545,6.484699042630382e-06,4.393475876440789e-07
/Users/christopherbrantner/local/work/projects/toyVisionModel/outputs/chips/validation/rolled-in_scale/rolled-in_scale_241_bb00.png,rolled-in_scale,rolled-in_scale,0.8236939311027527,0.17427977919578552,0.00025773755623959005,0.00018388184253126383,0.0015805294970050454,0.8236939311027527,4.151819666731171e-06
/Users/christopherbrantner/local/work/projects/toyVisionModel/outputs/chips/validation/rolled-in_scale/rolled-in_scale_241_bb01.png,rolled-in_scale,crazing,0.5463362336158752,0.5463362336158752,6.967463559703901e-05,0.0008922712877392769,0.006584673188626766,0.44611549377441406,1.719728857096925e-06
/Users/christopherbrantner/local/work/projects/toyVisionModel/outputs/chips/validation/rolled-in_scale/rolled-in_scale_242_bb00.png,rolled-in_scale,crazing,0.5049599409103394,0.5049599409103394,1.650571903155651e-05,0.0001958203356480226,0.0006158823380246758,0.494211345911026,4.970083864463959e-07
/Users/christopherbrantner/local/work/projects/toyVisionModel/outputs/chips/validation/rolled-in_scale/rolled-in_scale_242_bb01.png,rolled-in_scale,crazing,0.7047334909439087,0.7047334909439087,2.8486540031735785e-05,0.00024139214656315744,0.003296039765700698,0.2916998267173767,6.654443609477312e-07
/Users/christopherbrantner/local/work/projects/toyVisionModel/outputs/chips/validation/rolled-in_scale/rolled-in_scale_243_bb00.png,rolled-in_scale,rolled-in_scale,0.46773993968963623,0.4292212724685669,0.0009384016157127917,0.0004448111867532134,0.10164495557546616,0.46773993968963623,1.0613433005346451e-05
/Users/christopherbrantner/local/work/projects/toyVisionModel/outputs/chips/validation/rolled-in_scale/rolled-in_scale_244_bb00.png,rolled-in_scale,crazing,0.5725418329238892,0.5725418329238892,0.00027505026082508266,0.00012930858065374196,0.004183878656476736,0.42286616563796997,3.732604454853572e-06
/Users/christopherbrantner/local/work/projects/toyVisionModel/outputs/chips/validation/rolled-in_scale/rolled-in_scale_244_bb01.png,rolled-in_scale,rolled-in_scale,0.8720983862876892,0.09236013889312744,0.000413745641708374,6.730145105393603e-05,0.03505760803818703,0.8720983862876892,2.8798613129765727e-06
/Users/christopherbrantner/local/work/projects/toyVisionModel/outputs/chips/validation/rolled-in_scale/rolled-in_scale_244_bb02.png,rolled-in_scale,rolled-in_scale,0.866206705570221,0.033356234431266785,8.688888920005411e-05,3.919774462701753e-05,0.10030991584062576,0.866206705570221,9.932252851285739e-07
/Users/christopherbrantner/local/work/projects/toyVisionModel/outputs/chips/validation/rolled-in_scale/rolled-in_scale_245_bb00.png,rolled-in_scale,crazing,0.5219647884368896,0.5219647884368896,9.585195948602632e-05,0.00037625068216584623,0.010708504356443882,0.4668525755405426,2.0759025574079715e-06
/Users/christopherbrantner/local/work/projects/toyVisionModel/outputs/chips/validation/rolled-in_scale/rolled-in_scale_245_bb01.png,rolled-in_scale,crazing,0.5518413186073303,0.5518413186073303,0.0006177150062285364,6.825543096056208e-05,0.02710602432489395,0.420360267162323,6.365197350532981e-06
/Users/christopherbrantner/local/work/projects/toyVisionModel/outputs/chips/validation/rolled-in_scale/rolled-in_scale_246_bb00.png,rolled-in_scale,crazing,0.8681378960609436,0.8681378960609436,0.00022118244669400156,5.642027099383995e-05,0.002665153471753001,0.12891681492328644,2.545282086430234e-06
/Users/christopherbrantner/local/work/projects/toyVisionModel/outputs/chips/validation/rolled-in_scale/rolled-in_scale_246_bb01.png,rolled-in_scale,crazing,0.464141845703125,0.464141845703125,0.028394367545843124,0.038030147552490234,0.021951287984848022,0.44730958342552185,0.00017281326290685683
/Users/christopherbrantner/local/work/projects/toyVisionModel/outputs/chips/validation/rolled-in_scale/rolled-in_scale_247_bb00.png,rolled-in_scale,crazing,0.7286596894264221,0.7286596894264221,0.00013736719847656786,0.0005967215402051806,0.0025344707537442446,0.26806801557540894,3.7201298255240545e-06
/Users/christopherbrantner/local/work/projects/toyVisionModel/outputs/chips/validation/rolled-in_scale/rolled-in_scale_247_bb01.png,rolled-in_scale,rolled-in_scale,0.8056495189666748,0.19275020062923431,0.00027404463617131114,7.627138984389603e-05,0.0012478362768888474,0.8056495189666748,2.1999103410053067e-06
/Users/christopherbrantner/local/work/projects/toyVisionModel/outputs/chips/validation/rolled-in_scale/rolled-in_scale_247_bb02.png,rolled-in_scale,patches,0.8364399671554565,0.00033522318699397147,0.12883725762367249,0.8364399671554565,0.02072303369641304,0.011142225936055183,0.002522305818274617
/Users/christopherbrantner/local/work/projects/toyVisionModel/outputs/chips/validation/rolled-in_scale/rolled-in_scale_248_bb00.png,rolled-in_scale,rolled-in_scale,0.9504521489143372,0.0472797192633152,0.0002445850404910743,0.0014011309249326587,0.0006186977843753994,0.9504521489143372,3.737202405318385e-06
/Users/christopherbrantner/local/work/projects/toyVisionModel/outputs/chips/validation/rolled-in_scale/rolled-in_scale_248_bb01.png,rolled-in_scale,rolled-in_scale,0.5348432660102844,0.460587739944458,5.970488928142004e-05,6.6441556555219e-05,0.004442020319402218,0.5348432660102844,8.324113878188655e-07
/Users/christopherbrantner/local/work/projects/toyVisionModel/outputs/chips/validation/rolled-in_scale/rolled-in_scale_249_bb00.png,rolled-in_scale,crazing,0.6394558548927307,0.6394558548927307,0.00015939057630021125,8.780601638136432e-05,0.03029729798436165,0.32999712228775024,2.4652124466228997e-06
/Users/christopherbrantner/local/work/projects/toyVisionModel/outputs/chips/validation/rolled-in_scale/rolled-in_scale_250_bb00.png,rolled-in_scale,rolled-in_scale,0.656427800655365,0.31428262591362,0.002970082452520728,0.00023351240088231862,0.02604595012962818,0.656427800655365,3.999164982815273e-05
/Users/christopherbrantner/local/work/projects/toyVisionModel/outputs/chips/validation/rolled-in_scale/rolled-in_scale_250_bb01.png,rolled-in_scale,rolled-in_scale,0.5913286805152893,0.3848097026348114,0.0010694724041968584,9.135298023466021e-05,0.022682320326566696,0.5913286805152893,1.8508157154428773e-05
/Users/christopherbrantner/local/work/projects/toyVisionModel/outputs/chips/validation/rolled-in_scale/rolled-in_scale_250_bb02.png,rolled-in_scale,rolled-in_scale,0.8659651875495911,0.1329241842031479,7.868491229601204e-05,0.0004885278176516294,0.0005411838064901531,0.8659651875495911,2.3131610760174226e-06
/Users/christopherbrantner/local/work/projects/toyVisionModel/outputs/chips/validation/rolled-in_scale/rolled-in_scale_251_bb00.png,rolled-in_scale,pitted_surface,0.9337473511695862,0.009762451983988285,0.000135090303956531,2.2630541934631765e-05,0.9337473511695862,0.0563298799097538,2.612041726024472e-06
/Users/christopherbrantner/local/work/projects/toyVisionModel/outputs/chips/validation/rolled-in_scale/rolled-in_scale_251_bb01.png,rolled-in_scale,rolled-in_scale,0.6924334168434143,0.17697329819202423,0.004387726541608572,0.10118432343006134,0.02496200054883957,0.6924334168434143,5.920708645135164e-05
/Users/christopherbrantner/local/work/projects/toyVisionModel/outputs/chips/validation/rolled-in_scale/rolled-in_scale_252_bb00.png,rolled-in_scale,crazing,0.9391118288040161,0.9391118288040161,0.00010422833292977884,4.333445758675225e-05,0.0029163884464651346,0.05782264843583107,1.6202441202040063e-06
/Users/christopherbrantner/local/work/projects/toyVisionModel/outputs/chips/validation/rolled-in_scale/rolled-in_scale_252_bb01.png,rolled-in_scale,crazing,0.9482432007789612,0.9482432007789612,9.529408271191642e-05,0.0009392165229655802,0.0029850599821656942,0.04773537069559097,1.8189300590165658e-06
/Users/christopherbrantner/local/work/projects/toyVisionModel/outputs/chips/validation/rolled-in_scale/rolled-in_scale_253_bb00.png,rolled-in_scale,crazing,0.733709990978241,0.733709990978241,6.922249303897843e-05,0.0001582001568749547,0.049040623009204865,0.21702039241790771,1.5876512406975962e-06
/Users/christopherbrantner/local/work/projects/toyVisionModel/outputs/chips/validation/rolled-in_scale/rolled-in_scale_254_bb00.png,rolled-in_scale,rolled-in_scale,0.9348514676094055,0.06386883556842804,0.0002611110976431519,0.00015118406736291945,0.0008632923127152026,0.9348514676094055,4.099814759683795e-06
/Users/christopherbrantner/local/work/projects/toyVisionModel/outputs/chips/validation/rolled-in_scale/rolled-in_scale_255_bb00.png,rolled-in_scale,pitted_surface,0.8339913487434387,0.023131942376494408,0.00017369359557051212,6.930745439603925e-05,0.8339913487434387,0.1426299810409546,3.63951880899549e-06
/Users/christopherbrantner/local/work/projects/toyVisionModel/outputs/chips/validation/rolled-in_scale/rolled-in_scale_255_bb01.png,rolled-in_scale,rolled-in_scale,0.887791633605957,0.10165794938802719,0.0006356954691000283,0.001017988659441471,0.008886730298399925,0.887791633605957,1.0109356480825227e-05
/Users/christopherbrantner/local/work/projects/toyVisionModel/outputs/chips/validation/rolled-in_scale/rolled-in_scale_255_bb02.png,rolled-in_scale,rolled-in_scale,0.7845531702041626,0.21531881392002106,7.376279427262489e-06,5.7739740441320464e-05,6.276693602558225e-05,0.7845531702041626,1.5655201934805518e-07
/Users/christopherbrantner/local/work/projects/toyVisionModel/outputs/chips/validation/rolled-in_scale/rolled-in_scale_255_bb03.png,rolled-in_scale,rolled-in_scale,0.9700984358787537,0.02453521080315113,0.0012723804684355855,0.002622910076752305,0.001457124250009656,0.9700984358787537,1.3879295693186577e-05
/Users/christopherbrantner/local/work/projects/toyVisionModel/outputs/chips/validation/rolled-in_scale/rolled-in_scale_256_bb00.png,rolled-in_scale,pitted_surface,0.560365617275238,0.263570100069046,0.00022209054441191256,0.00017407034465577453,0.560365617275238,0.17566125094890594,6.8600188569689635e-06
/Users/christopherbrantner/local/work/projects/toyVisionModel/outputs/chips/validation/rolled-in_scale/rolled-in_scale_257_bb00.png,rolled-in_scale,crazing,0.7164734601974487,0.7164734601974487,0.00021488124912139028,0.0001329089718637988,0.1100814938545227,0.17309357225894928,3.649418431450613e-06
/Users/christopherbrantner/local/work/projects/toyVisionModel/outputs/chips/validation/rolled-in_scale/rolled-in_scale_257_bb01.png,rolled-in_scale,rolled-in_scale,0.982151985168457,0.017288191244006157,0.0001475049793953076,2.5197299692081288e-05,0.00038027146365493536,0.982151985168457,6.908406703587389e-06
/Users/christopherbrantner/local/work/projects/toyVisionModel/outputs/chips/validation/rolled-in_scale/rolled-in_scale_257_bb02.png,rolled-in_scale,rolled-in_scale,0.9444871544837952,0.055428989231586456,3.039859984710347e-05,2.527668584662024e-05,2.794817919493653e-05,0.9444871544837952,3.4120191116926435e-07
/Users/christopherbrantner/local/work/projects/toyVisionModel/outputs/chips/validation/rolled-in_scale/rolled-in_scale_258_bb00.png,rolled-in_scale,crazing,0.5497920513153076,0.5497920513153076,0.0012527841608971357,0.00043263958650641143,0.03298615291714668,0.4155142903327942,2.2155656552058645e-05
/Users/christopherbrantner/local/work/projects/toyVisionModel/outputs/chips/validation/rolled-in_scale/rolled-in_scale_259_bb00.png,rolled-in_scale,rolled-in_scale,0.9649783372879028,0.02137725241482258,7.87978024163749e-06,1.8799597455654293e-05,0.01361754722893238,0.9649783372879028,1.836708065638959e-07
/Users/christopherbrantner/local/work/projects/toyVisionModel/outputs/chips/validation/rolled-in_scale/rolled-in_scale_259_bb01.png,rolled-in_scale,rolled-in_scale,0.7066097855567932,0.2792266309261322,0.0002339027269044891,0.00022601246018894017,0.013700728304684162,0.7066097855567932,2.951372835013899e-06
/Users/christopherbrantner/local/work/projects/toyVisionModel/outputs/chips/validation/rolled-in_scale/rolled-in_scale_259_bb02.png,rolled-in_scale,rolled-in_scale,0.7726737260818481,0.1928655356168747,0.0014144706074148417,0.025307536125183105,0.0077036116272211075,0.7726737260818481,3.50176305801142e-05
/Users/christopherbrantner/local/work/projects/toyVisionModel/outputs/chips/validation/rolled-in_scale/rolled-in_scale_259_bb03.png,rolled-in_scale,rolled-in_scale,0.8146008253097534,0.18271398544311523,0.000455704313935712,6.769216997781768e-05,0.0021594262216240168,0.8146008253097534,2.3056338704918744e-06
/Users/christopherbrantner/local/work/projects/toyVisionModel/outputs/chips/validation/rolled-in_scale/rolled-in_scale_260_bb00.png,rolled-in_scale,rolled-in_scale,0.978864312171936,0.021012958139181137,2.1351230316213332e-05,2.3144393708207645e-06,9.895237599266693e-05,0.978864312171936,9.408083911921494e-08
/Users/christopherbrantner/local/work/projects/toyVisionModel/outputs/chips/validation/rolled-in_scale/rolled-in_scale_260_bb01.png,rolled-in_scale,rolled-in_scale,0.9313635230064392,0.06748682260513306,3.145620212308131e-05,6.27276676823385e-05,0.0010551641462370753,0.9313635230064392,2.7764392029894225e-07
/Users/christopherbrantner/local/work/projects/toyVisionModel/outputs/chips/validation/rolled-in_scale/rolled-in_scale_260_bb02.png,rolled-in_scale,rolled-in_scale,0.8155932426452637,0.10994633287191391,0.0015809148317202926,0.0001230829075211659,0.07274243980646133,0.8155932426452637,1.3972768101666588e-05
/Users/christopherbrantner/local/work/projects/toyVisionModel/outputs/chips/validation/rolled-in_scale/rolled-in_scale_261_bb00.png,rolled-in_scale,rolled-in_scale,0.5313913822174072,0.045432813465595245,0.00012380446423776448,8.955080556916073e-05,0.422960102558136,0.5313913822174072,2.3627785594726447e-06
/Users/christopherbrantner/local/work/projects/toyVisionModel/outputs/chips/validation/rolled-in_scale/rolled-in_scale_262_bb00.png,rolled-in_scale,crazing,0.6373047828674316,0.6373047828674316,0.0004549556178972125,0.00010659987310646102,0.009103035554289818,0.35302549600601196,5.126405540067935e-06
/Users/christopherbrantner/local/work/projects/toyVisionModel/outputs/chips/validation/rolled-in_scale/rolled-in_scale_263_bb00.png,rolled-in_scale,crazing,0.911241352558136,0.911241352558136,1.2687814887613058e-05,3.9745678805047646e-05,0.00017242194735445082,0.0885336846113205,9.806299772208149e-08
/Users/christopherbrantner/local/work/projects/toyVisionModel/outputs/chips/validation/rolled-in_scale/rolled-in_scale_263_bb01.png,rolled-in_scale,crazing,0.7605921626091003,0.7605921626091003,3.756760634132661e-05,3.128365642623976e-05,0.0004835756553802639,0.23885495960712433,4.4778656160815444e-07
/Users/christopherbrantner/local/work/projects/toyVisionModel/outputs/chips/validation/rolled-in_scale/rolled-in_scale_264_bb00.png,rolled-in_scale,crazing,0.9168363809585571,0.9168363809585571,4.5311000576475635e-05,7.134195766411722e-05,0.003292190143838525,0.07975425571203232,5.231453883425274e-07
/Users/christopherbrantner/local/work/projects/toyVisionModel/outputs/chips/validation/rolled-in_scale/rolled-in_scale_264_bb01.png,rolled-in_scale,crazing,0.951520562171936,0.951520562171936,4.57727255707141e-05,0.00038128174492157996,0.0015151919797062874,0.04653666168451309,6.547579687321559e-07
/Users/christopherbrantner/local/work/projects/toyVisionModel/outputs/chips/validation/rolled-in_scale/rolled-in_scale_264_bb02.png,rolled-in_scale,crazing,0.7471557855606079,0.7471557855606079,0.0009448126656934619,0.0007477256585843861,0.006851194892078638,0.24427197873592377,2.851767567335628e-05
/Users/christopherbrantner/local/work/projects/toyVisionModel/outputs/chips/validation/rolled-in_scale/rolled-in_scale_265_bb00.png,rolled-in_scale,crazing,0.6339989304542542,0.6339989304542542,0.0007625860162079334,0.0001502692321082577,0.011648951098322868,0.3534328043460846,6.47245815343922e-06
/Users/christopherbrantner/local/work/projects/toyVisionModel/outputs/chips/validation/rolled-in_scale/rolled-in_scale_265_bb01.png,rolled-in_scale,rolled-in_scale,0.8703076243400574,0.12931755185127258,9.876012336462736e-05,2.3974576834007166e-05,0.0002512623032089323,0.8703076243400574,8.440466672254843e-07
/Users/christopherbrantner/local/work/projects/toyVisionModel/outputs/chips/validation/rolled-in_scale/rolled-in_scale_266_bb00.png,rolled-in_scale,rolled-in_scale,0.7674981355667114,0.23152488470077515,3.330517574795522e-05,1.907682599266991e-05,0.0009242091909982264,0.7674981355667114,3.3239683716601576e-07
/Users/christopherbrantner/local/work/projects/toyVisionModel/outputs/chips/validation/rolled-in_scale/rolled-in_scale_266_bb01.png,rolled-in_scale,rolled-in_scale,0.9107683300971985,0.08874476701021194,0.00018074947001878172,0.00011621428711805493,0.00018607084348332137,0.9107683300971985,3.9070896491466556e-06
/Users/christopherbrantner/local/work/projects/toyVisionModel/outputs/chips/validation/rolled-in_scale/rolled-in_scale_267_bb00.png,rolled-in_scale,rolled-in_scale,0.7066789269447327,0.288695752620697,0.000243879301706329,0.0003330608597025275,0.004045422188937664,0.7066789269447327,2.9620020995935192e-06
/Users/christopherbrantner/local/work/projects/toyVisionModel/outputs/chips/validation/rolled-in_scale/rolled-in_scale_267_bb01.png,rolled-in_scale,rolled-in_scale,0.5850211977958679,0.41239434480667114,0.0006275376072153449,0.0012104943161830306,0.0007395995198749006,0.5850211977958679,6.8854046730848495e-06
/Users/christopherbrantner/local/work/projects/toyVisionModel/outputs/chips/validation/rolled-in_scale/rolled-in_scale_267_bb02.png,rolled-in_scale,rolled-in_scale,0.7455688714981079,0.2540949583053589,4.2433730413904414e-05,1.7457086869399063e-05,0.0002756862377282232,0.7455688714981079,5.730457814934198e-07
/Users/christopherbrantner/local/work/projects/toyVisionModel/outputs/chips/validation/rolled-in_scale/rolled-in_scale_268_bb00.png,rolled-in_scale,crazing,0.871131181716919,0.871131181716919,0.0006669413996860385,0.00013377975847106427,0.01802658475935459,0.11003188043832779,9.697907444206066e-06
/Users/christopherbrantner/local/work/projects/toyVisionModel/outputs/chips/validation/rolled-in_scale/rolled-in_scale_268_bb01.png,rolled-in_scale,crazing,0.7203251123428345,0.7203251123428345,0.00016971646982710809,4.7465953684877604e-05,0.0035585551522672176,0.27589771151542664,1.4779221828575828e-06
/Users/christopherbrantner/local/work/projects/toyVisionModel/outputs/chips/validation/rolled-in_scale/rolled-in_scale_269_bb00.png,rolled-in_scale,rolled-in_scale,0.8300520181655884,0.16963674128055573,0.00011202361929463223,0.00011110330524388701,8.45316462800838e-05,0.8300520181655884,3.5149137147527654e-06
/Users/christopherbrantner/local/work/projects/toyVisionModel/outputs/chips/validation/rolled-in_scale/rolled-in_scale_270_bb00.png,rolled-in_scale,rolled-in_scale,0.9773504734039307,0.022370237857103348,0.0002196917193941772,1.992991383303888e-05,3.932939580408856e-05,0.9773504734039307,3.5266444342596515e-07
/Users/christopherbrantner/local/work/projects/toyVisionModel/outputs/chips/validation/rolled-in_scale/rolled-in_scale_270_bb01.png,rolled-in_scale,rolled-in_scale,0.9505557417869568,0.049264565110206604,5.44323593203444e-05,1.0230932275590021e-05,0.00011449869634816423,0.9505557417869568,6.060566306587134e-07
/Users/christopherbrantner/local/work/projects/toyVisionModel/outputs/chips/validation/rolled-in_scale/rolled-in_scale_270_bb02.png,rolled-in_scale,rolled-in_scale,0.6662694811820984,0.32402554154396057,0.0026155775412917137,0.00047033632290549576,0.006588576827198267,0.6662694811820984,3.0472285288851708e-05
/Users/christopherbrantner/local/work/projects/toyVisionModel/outputs/chips/validation/rolled-in_scale/rolled-in_scale_271_bb00.png,rolled-in_scale,rolled-in_scale,0.9580252766609192,0.027752341702580452,0.00021305534755811095,0.013632375746965408,0.00036908735637553036,0.9580252766609192,7.816396646376234e-06
/Users/christopherbrantner/local/work/projects/toyVisionModel/outputs/chips/validation/rolled-in_scale/rolled-in_scale_271_bb01.png,rolled-in_scale,crazing,0.5779404640197754,0.5779404640197754,0.0003144184302072972,0.0012195163872092962,0.005297466646879911,0.4152128994464874,1.5177140994637739e-05
/Users/christopherbrantner/local/work/projects/toyVisionModel/outputs/chips/validation/rolled-in_scale/rolled-in_scale_272_bb00.png,rolled-in_scale,rolled-in_scale,0.9083197116851807,0.09126725047826767,4.722703579318477e-06,8.141669241013005e-06,0.00040014326805248857,0.9083197116851807,3.818031402147426e-08
/Users/christopherbrantner/local/work/projects/toyVisionModel/outputs/chips/validation/rolled-in_scale/rolled-in_scale_272_bb01.png,rolled-in_scale,rolled-in_scale,0.9871304631233215,0.012559550814330578,3.2741587347118184e-05,2.2719439584761858e-05,0.000254247133852914,0.9871304631233215,2.5161679673146864e-07
/Users/christopherbrantner/local/work/projects/toyVisionModel/outputs/chips/validation/rolled-in_scale/rolled-in_scale_273_bb00.png,rolled-in_scale,rolled-in_scale,0.9278250336647034,0.06733568757772446,9.162740752799436e-05,0.00026061030803248286,0.004485889337956905,0.9278250336647034,1.2471169839045615e-06
/Users/christopherbrantner/local/work/projects/toyVisionModel/outputs/chips/validation/rolled-in_scale/rolled-in_scale_273_bb01.png,rolled-in_scale,rolled-in_scale,0.9493941068649292,0.050484005361795425,3.2607872526568826e-06,6.7481105361366645e-06,0.00011185058247065172,0.9493941068649292,3.296361938964765e-08
/Users/christopherbrantner/local/work/projects/toyVisionModel/outputs/chips/validation/rolled-in_scale/rolled-in_scale_274_bb00.png,rolled-in_scale,rolled-in_scale,0.9315968155860901,0.06830556690692902,3.4962871723109856e-05,1.000154770736117e-05,5.232157127466053e-05,0.9315968155860901,2.951329065581376e-07
/Users/christopherbrantner/local/work/projects/toyVisionModel/outputs/chips/validation/rolled-in_scale/rolled-in_scale_274_bb01.png,rolled-in_scale,rolled-in_scale,0.9844678044319153,0.014425564557313919,3.0006591259734705e-05,0.00071539735654369,0.0003577854949980974,0.9844678044319153,3.3504456951050088e-06
/Users/christopherbrantner/local/work/projects/toyVisionModel/outputs/chips/validation/rolled-in_scale/rolled-in_scale_274_bb02.png,rolled-in_scale,rolled-in_scale,0.968995988368988,0.03007509559392929,0.0001115303166443482,0.00016392972611356527,0.0006517407018691301,0.968995988368988,1.8034246522802277e-06
/Users/christopherbrantner/local/work/projects/toyVisionModel/outputs/chips/validation/rolled-in_scale/rolled-in_scale_274_bb03.png,rolled-in_scale,rolled-in_scale,0.8757662773132324,0.12267853319644928,0.00037079057074151933,6.85284539940767e-05,0.0011135879904031754,0.8757662773132324,2.266606998091447e-06
/Users/christopherbrantner/local/work/projects/toyVisionModel/outputs/chips/validation/rolled-in_scale/rolled-in_scale_275_bb00.png,rolled-in_scale,rolled-in_scale,0.9964627623558044,0.0033510129433125257,0.00011234397970838472,6.0616966948146e-06,6.752654007868841e-05,0.9964627623558044,3.630991045611154e-07
/Users/christopherbrantner/local/work/projects/toyVisionModel/outputs/chips/validation/rolled-in_scale/rolled-in_scale_275_bb01.png,rolled-in_scale,rolled-in_scale,0.9617733955383301,0.03704221919178963,4.706659456132911e-05,1.7499631212558597e-05,0.0011183787137269974,0.9617733955383301,1.315478584729135e-06
/Users/christopherbrantner/local/work/projects/toyVisionModel/outputs/chips/validation/rolled-in_scale/rolled-in_scale_275_bb02.png,rolled-in_scale,rolled-in_scale,0.9901024103164673,0.008927852846682072,0.0003129181859549135,1.6461246559629217e-05,0.0006388683104887605,0.9901024103164673,1.5932063206491875e-06
/Users/christopherbrantner/local/work/projects/toyVisionModel/outputs/chips/validation/rolled-in_scale/rolled-in_scale_276_bb00.png,rolled-in_scale,rolled-in_scale,0.9229676127433777,0.0749884843826294,0.0006742941332049668,0.00017961808771360666,0.0011832356685772538,0.9229676127433777,6.778320766898105e-06
/Users/christopherbrantner/local/work/projects/toyVisionModel/outputs/chips/validation/rolled-in_scale/rolled-in_scale_276_bb01.png,rolled-in_scale,rolled-in_scale,0.7687252163887024,0.20882754027843475,0.002267578151077032,0.0003796374367084354,0.01976817473769188,0.7687252163887024,3.182160799042322e-05
/Users/christopherbrantner/local/work/projects/toyVisionModel/outputs/chips/validation/rolled-in_scale/rolled-in_scale_277_bb00.png,rolled-in_scale,rolled-in_scale,0.999647855758667,0.0003132925776299089,1.8014286979450844e-05,4.760586762131425e-06,1.5929468645481393e-05,0.999647855758667,1.4008884363647667e-07
/Users/christopherbrantner/local/work/projects/toyVisionModel/outputs/chips/validation/rolled-in_scale/rolled-in_scale_277_bb01.png,rolled-in_scale,rolled-in_scale,0.9980236291885376,0.0008926244918256998,0.00033262025681324303,3.970921625295887e-06,0.0007452269783243537,0.9980236291885376,2.013541688938858e-06
/Users/christopherbrantner/local/work/projects/toyVisionModel/outputs/chips/validation/rolled-in_scale/rolled-in_scale_277_bb02.png,rolled-in_scale,rolled-in_scale,0.9675430655479431,0.03235010802745819,2.2827862267149612e-05,3.009194551850669e-05,5.3371481044450775e-05,0.9675430655479431,5.130379463480494e-07
/Users/christopherbrantner/local/work/projects/toyVisionModel/outputs/chips/validation/rolled-in_scale/rolled-in_scale_278_bb00.png,rolled-in_scale,rolled-in_scale,0.8753728866577148,0.11661016196012497,0.00015942490426823497,0.0002058257523458451,0.007649221923202276,0.8753728866577148,2.5657723199401516e-06
/Users/christopherbrantner/local/work/projects/toyVisionModel/outputs/chips/validation/rolled-in_scale/rolled-in_scale_278_bb01.png,rolled-in_scale,rolled-in_scale,0.9975614547729492,0.002407628810033202,1.4920470903234673e-06,7.684293450438417e-06,2.169037725252565e-05,0.9975614547729492,3.0379961657445165e-08
/Users/christopherbrantner/local/work/projects/toyVisionModel/outputs/chips/validation/rolled-in_scale/rolled-in_scale_278_bb02.png,rolled-in_scale,rolled-in_scale,0.9790253043174744,0.012033623643219471,0.0016569349681958556,0.00012871423678006977,0.007139899302273989,0.9790253043174744,1.548271939100232e-05
/Users/christopherbrantner/local/work/projects/toyVisionModel/outputs/chips/validation/rolled-in_scale/rolled-in_scale_279_bb00.png,rolled-in_scale,rolled-in_scale,0.992489755153656,0.006347958464175463,4.0929659007815644e-05,1.2097238140995614e-05,0.001108739641495049,0.992489755153656,5.389190960158885e-07
/Users/christopherbrantner/local/work/projects/toyVisionModel/outputs/chips/validation/rolled-in_scale/rolled-in_scale_279_bb01.png,rolled-in_scale,crazing,0.6762235760688782,0.6762235760688782,0.0003026906051672995,0.00045252591371536255,0.010430682450532913,0.312585711479187,4.83893336422625e-06
/Users/christopherbrantner/local/work/projects/toyVisionModel/outputs/chips/validation/rolled-in_scale/rolled-in_scale_279_bb02.png,rolled-in_scale,rolled-in_scale,0.9536053538322449,0.043817728757858276,0.0001214822696056217,3.893388930009678e-05,0.0024138225708156824,0.9536053538322449,2.7100963961856905e-06
/Users/christopherbrantner/local/work/projects/toyVisionModel/outputs/chips/validation/rolled-in_scale/rolled-in_scale_280_bb00.png,rolled-in_scale,rolled-in_scale,0.9871565699577332,0.012514700181782246,5.088133184472099e-05,9.094830602407455e-05,0.00018467150221113116,0.9871565699577332,2.191362000303343e-06
/Users/christopherbrantner/local/work/projects/toyVisionModel/outputs/chips/validation/rolled-in_scale/rolled-in_scale_280_bb01.png,rolled-in_scale,rolled-in_scale,0.944193422794342,0.05457999184727669,0.000173192034708336,0.0005107871256768703,0.0005398073117248714,0.944193422794342,2.9028667540842434e-06
/Users/christopherbrantner/local/work/projects/toyVisionModel/outputs/chips/validation/rolled-in_scale/rolled-in_scale_281_bb00.png,rolled-in_scale,rolled-in_scale,0.9947563409805298,0.005114902276545763,4.626187001122162e-05,8.370805517188273e-06,7.32405242160894e-05,0.9947563409805298,9.187172054225812e-07
/Users/christopherbrantner/local/work/projects/toyVisionModel/outputs/chips/validation/rolled-in_scale/rolled-in_scale_281_bb01.png,rolled-in_scale,rolled-in_scale,0.9989288449287415,0.0009360380936414003,4.56814123026561e-05,1.001908731268486e-05,7.899855700088665e-05,0.9989288449287415,4.445940646746749e-07
/Users/christopherbrantner/local/work/projects/toyVisionModel/outputs/chips/validation/rolled-in_scale/rolled-in_scale_281_bb02.png,rolled-in_scale,rolled-in_scale,0.5846449732780457,0.3280297517776489,0.002304737688973546,0.011148376390337944,0.07381816953420639,0.5846449732780457,5.390862497733906e-05
/Users/christopherbrantner/local/work/projects/toyVisionModel/outputs/chips/validation/rolled-in_scale/rolled-in_scale_282_bb00.png,rolled-in_scale,rolled-in_scale,0.9681993722915649,0.03177694231271744,5.389834313973552e-06,2.5597475996619323e-06,1.573845474922564e-05,0.9681993722915649,4.9283194414329046e-08
/Users/christopherbrantner/local/work/projects/toyVisionModel/outputs/chips/validation/rolled-in_scale/rolled-in_scale_282_bb01.png,rolled-in_scale,rolled-in_scale,0.9828782081604004,0.0160848256200552,0.0004389965324662626,0.0004026918613817543,0.0001625906879780814,0.9828782081604004,3.270012530265376e-05
/Users/christopherbrantner/local/work/projects/toyVisionModel/outputs/chips/validation/rolled-in_scale/rolled-in_scale_283_bb00.png,rolled-in_scale,rolled-in_scale,0.968555748462677,0.03133659064769745,1.4258510418585502e-05,2.2769439965486526e-05,7.047043618513271e-05,0.968555748462677,2.0292038982461236e-07
/Users/christopherbrantner/local/work/projects/toyVisionModel/outputs/chips/validation/rolled-in_scale/rolled-in_scale_283_bb01.png,rolled-in_scale,crazing,0.6839276552200317,0.6839276552200317,0.00011901751713594422,0.00010985747940139845,0.0036295608151704073,0.31221023201942444,3.7026866266387515e-06
/Users/christopherbrantner/local/work/projects/toyVisionModel/outputs/chips/validation/rolled-in_scale/rolled-in_scale_283_bb02.png,rolled-in_scale,rolled-in_scale,0.9712885022163391,0.027707839384675026,1.7837479390436783e-05,0.0005336520844139159,0.0004518834175541997,0.9712885022163391,3.1311301995629037e-07
/Users/christopherbrantner/local/work/projects/toyVisionModel/outputs/chips/validation/rolled-in_scale/rolled-in_scale_284_bb00.png,rolled-in_scale,rolled-in_scale,0.9978803396224976,0.001909166923724115,1.5879300917731598e-05,6.947626388864592e-06,0.00018742185784503818,0.9978803396224976,3.169062949837098e-07
/Users/christopherbrantner/local/work/projects/toyVisionModel/outputs/chips/validation/rolled-in_scale/rolled-in_scale_285_bb00.png,rolled-in_scale,crazing,0.988955020904541,0.988955020904541,5.549947309191339e-05,3.0456505555775948e-05,0.0002832513127941638,0.010675138793885708,6.377711088134674e-07
/Users/christopherbrantner/local/work/projects/toyVisionModel/outputs/chips/validation/rolled-in_scale/rolled-in_scale_285_bb01.png,rolled-in_scale,rolled-in_scale,0.8004979491233826,0.19941186904907227,6.151004072307842e-06,3.798075340455398e-05,4.5952463551657274e-05,0.8004979491233826,1.362680563943286e-07
/Users/christopherbrantner/local/work/projects/toyVisionModel/outputs/chips/validation/rolled-in_scale/rolled-in_scale_286_bb00.png,rolled-in_scale,rolled-in_scale,0.9136448502540588,0.08581564575433731,0.0002340923238079995,2.842571666406002e-05,0.00027487127226777375,0.9136448502540588,2.123613057847251e-06
/Users/christopherbrantner/local/work/projects/toyVisionModel/outputs/chips/validation/rolled-in_scale/rolled-in_scale_286_bb01.png,rolled-in_scale,rolled-in_scale,0.9299463629722595,0.06916239857673645,8.365498069906607e-05,0.000581138301640749,0.00022289833577815443,0.9299463629722595,3.5839339034282602e-06
/Users/christopherbrantner/local/work/projects/toyVisionModel/outputs/chips/validation/rolled-in_scale/rolled-in_scale_287_bb00.png,rolled-in_scale,rolled-in_scale,0.9081020355224609,0.09185357391834259,1.1099133416792029e-06,4.836394964513602e-06,3.8407291867770255e-05,0.9081020355224609,6.6874221715806925e-09
/Users/christopherbrantner/local/work/projects/toyVisionModel/outputs/chips/validation/rolled-in_scale/rolled-in_scale_287_bb01.png,rolled-in_scale,rolled-in_scale,0.9567790031433105,0.042873017489910126,8.544960110157263e-06,3.323845885461196e-05,0.00030615433934144676,0.9567790031433105,1.235830922041714e-07
/Users/christopherbrantner/local/work/projects/toyVisionModel/outputs/chips/validation/rolled-in_scale/rolled-in_scale_288_bb00.png,rolled-in_scale,rolled-in_scale,0.7358077168464661,0.2632087767124176,4.35141828347696e-06,5.425005838333163e-06,0.0009736912907101214,0.7358077168464661,3.1775897468833136e-08
/Users/christopherbrantner/local/work/projects/toyVisionModel/outputs/chips/validation/rolled-in_scale/rolled-in_scale_288_bb01.png,rolled-in_scale,rolled-in_scale,0.967002809047699,0.03278238698840141,1.3530664546124171e-05,5.7914101489586756e-05,0.0001432887656847015,0.967002809047699,1.8890455066866707e-07
/Users/christopherbrantner/local/work/projects/toyVisionModel/outputs/chips/validation/rolled-in_scale/rolled-in_scale_289_bb00.png,rolled-in_scale,rolled-in_scale,0.6197472214698792,0.38017594814300537,4.131341938773403e-06,2.623877890073345e-06,7.000748883001506e-05,0.6197472214698792,2.40525572792194e-08
/Users/christopherbrantner/local/work/projects/toyVisionModel/outputs/chips/validation/rolled-in_scale/rolled-in_scale_289_bb01.png,rolled-in_scale,rolled-in_scale,0.8861027359962463,0.11371980607509613,4.23654455516953e-06,4.241363512846874e-06,0.00016898578905966133,0.8861027359962463,3.857741148749483e-08
/Users/christopherbrantner/local/work/projects/toyVisionModel/outputs/chips/validation/rolled-in_scale/rolled-in_scale_290_bb00.png,rolled-in_scale,rolled-in_scale,0.884307861328125,0.11564160883426666,1.5410455489472952e-06,1.570520907989703e-05,3.326432124595158e-05,0.884307861328125,1.7523808182318135e-08
/Users/christopherbrantner/local/work/projects/toyVisionModel/outputs/chips/validation/rolled-in_scale/rolled-in_scale_290_bb01.png,rolled-in_scale,rolled-in_scale,0.9967899918556213,0.0031652580946683884,4.457824161363533e-06,2.702034907997586e-05,1.320191404374782e-05,0.9967899918556213,5.6004417103849846e-08
/Users/christopherbrantner/local/work/projects/toyVisionModel/outputs/chips/validation/rolled-in_scale/rolled-in_scale_291_bb00.png,rolled-in_scale,rolled-in_scale,0.9507767558097839,0.04915834963321686,2.289924395881826e-06,1.3020206097280607e-05,4.96072752866894e-05,0.9507767558097839,4.1434848441213035e-08
/Users/christopherbrantner/local/work/projects/toyVisionModel/outputs/chips/validation/rolled-in_scale/rolled-in_scale_291_bb01.png,rolled-in_scale,crazing,0.6078922152519226,0.6078922152519226,0.0013167532160878181,0.00045663450146093965,0.002524050185456872,0.3877731263637543,3.725124406628311e-05
/Users/christopherbrantner/local/work/projects/toyVisionModel/outputs/chips/validation/rolled-in_scale/rolled-in_scale_291_bb02.png,rolled-in_scale,rolled-in_scale,0.6601606011390686,0.32879093289375305,0.00025263350107707083,0.0013615170028060675,0.009427382610738277,0.6601606011390686,6.88937052473193e-06
/Users/christopherbrantner/local/work/projects/toyVisionModel/outputs/chips/validation/rolled-in_scale/rolled-in_scale_292_bb00.png,rolled-in_scale,crazing,0.990665078163147,0.990665078163147,1.3376872630033176e-05,1.638462344999425e-05,4.34471367043443e-05,0.009261560626327991,1.2922018299832416e-07
/Users/christopherbrantner/local/work/projects/toyVisionModel/outputs/chips/validation/rolled-in_scale/rolled-in_scale_292_bb01.png,rolled-in_scale,rolled-in_scale,0.9771983623504639,0.022652380168437958,6.5830954554257914e-06,9.199349005939439e-05,5.007985237170942e-05,0.9771983623504639,4.847068453273096e-07
/Users/christopherbrantner/local/work/projects/toyVisionModel/outputs/chips/validation/rolled-in_scale/rolled-in_scale_292_bb02.png,rolled-in_scale,rolled-in_scale,0.9999083280563354,7.910588465165347e-05,1.267094376089517e-06,9.453609891352244e-06,1.7600808632778353e-06,0.9999083280563354,5.874942488048873e-08
/Users/christopherbrantner/local/work/projects/toyVisionModel/outputs/chips/validation/rolled-in_scale/rolled-in_scale_292_bb03.png,rolled-in_scale,rolled-in_scale,0.8199543952941895,0.17151939868927002,0.0006683613755740225,0.005486720707267523,0.002364846644923091,0.8199543952941895,6.300429504335625e-06
/Users/christopherbrantner/local/work/projects/toyVisionModel/outputs/chips/validation/rolled-in_scale/rolled-in_scale_293_bb00.png,rolled-in_scale,rolled-in_scale,0.5330188870429993,0.4643421471118927,0.00016459618927910924,4.8352205340052024e-05,0.002424085047096014,0.5330188870429993,1.8460495994077064e-06
/Users/christopherbrantner/local/work/projects/toyVisionModel/outputs/chips/validation/rolled-in_scale/rolled-in_scale_293_bb01.png,rolled-in_scale,crazing,0.8828940987586975,0.8828940987586975,8.192977111320943e-05,1.6337800843757577e-05,0.0015700586372986436,0.11543656140565872,1.0295580068486743e-06
/Users/christopherbrantner/local/work/projects/toyVisionModel/outputs/chips/validation/rolled-in_scale/rolled-in_scale_294_bb00.png,rolled-in_scale,rolled-in_scale,0.784683883190155,0.20195189118385315,9.005542960949242e-05,3.390965503058396e-05,0.013239501044154167,0.784683883190155,7.759443292343349e-07
/Users/christopherbrantner/local/work/projects/toyVisionModel/outputs/chips/validation/rolled-in_scale/rolled-in_scale_294_bb01.png,rolled-in_scale,rolled-in_scale,0.781079113483429,0.21561339497566223,0.00030492007499560714,3.7827936466783285e-05,0.002961636520922184,0.781079113483429,3.101551783402101e-06
/Users/christopherbrantner/local/work/projects/toyVisionModel/outputs/chips/validation/rolled-in_scale/rolled-in_scale_295_bb00.png,rolled-in_scale,rolled-in_scale,0.9850955605506897,0.014353984035551548,3.928389560314827e-06,3.025445039384067e-06,0.0005433452315628529,0.9850955605506897,3.788086999634288e-08
/Users/christopherbrantner/local/work/projects/toyVisionModel/outputs/chips/validation/rolled-in_scale/rolled-in_scale_295_bb01.png,rolled-in_scale,rolled-in_scale,0.9567826390266418,0.04257379099726677,3.422178269829601e-05,1.4479902347375173e-05,0.0005946214077994227,0.9567826390266418,3.102724406289781e-07
/Users/christopherbrantner/local/work/projects/toyVisionModel/outputs/chips/validation/rolled-in_scale/rolled-in_scale_295_bb02.png,rolled-in_scale,rolled-in_scale,0.9955244064331055,0.0031237052753567696,0.00024844935978762805,2.5059325707843527e-05,0.0010778807336464524,0.9955244064331055,6.178622129482392e-07
/Users/christopherbrantner/local/work/projects/toyVisionModel/outputs/chips/validation/rolled-in_scale/rolled-in_scale_296_bb00.png,rolled-in_scale,rolled-in_scale,0.6890835165977478,0.2985973358154297,1.2779017197317444e-05,2.9519987947423942e-05,0.012276623398065567,0.6890835165977478,2.2420300638259505e-07
/Users/christopherbrantner/local/work/projects/toyVisionModel/outputs/chips/validation/rolled-in_scale/rolled-in_scale_297_bb00.png,rolled-in_scale,crazing,0.7566532492637634,0.7566532492637634,7.368183287326247e-05,5.116208558320068e-05,0.002125742379575968,0.24109524488449097,9.149480888481776e-07
/Users/christopherbrantner/local/work/projects/toyVisionModel/outputs/chips/validation/rolled-in_scale/rolled-in_scale_297_bb01.png,rolled-in_scale,rolled-in_scale,0.5521611571311951,0.447576105594635,0.00011505424481583759,3.4506992960814387e-05,0.00011180841102031991,0.5521611571311951,1.433252919014194e-06
/Users/christopherbrantner/local/work/projects/toyVisionModel/outputs/chips/validation/rolled-in_scale/rolled-in_scale_298_bb00.png,rolled-in_scale,rolled-in_scale,0.8138322830200195,0.18604332208633423,5.7967539760284126e-05,2.033597047557123e-05,4.484714736463502e-05,0.8138322830200195,1.1746227528419695e-06
/Users/christopherbrantner/local/work/projects/toyVisionModel/outputs/chips/validation/rolled-in_scale/rolled-in_scale_299_bb00.png,rolled-in_scale,rolled-in_scale,0.8914974927902222,0.10708064585924149,7.4202830546710175e-06,1.2115076060581487e-05,0.0014022060204297304,0.8914974927902222,6.998086377052459e-08
/Users/christopherbrantner/local/work/projects/toyVisionModel/outputs/chips/validation/rolled-in_scale/rolled-in_scale_299_bb01.png,rolled-in_scale,rolled-in_scale,0.7632803320884705,0.23600490391254425,0.00024016498355194926,0.0002171527303289622,0.000251923716859892,0.7632803320884705,5.566855179495178e-06
/Users/christopherbrantner/local/work/projects/toyVisionModel/outputs/chips/validation/rolled-in_scale/rolled-in_scale_300_bb00.png,rolled-in_scale,rolled-in_scale,0.8473589420318604,0.08628520369529724,0.000306858797557652,3.703884794958867e-05,0.06600905954837799,0.8473589420318604,2.8391830255714012e-06
/Users/christopherbrantner/local/work/projects/toyVisionModel/outputs/chips/validation/rolled-in_scale/rolled-in_scale_300_bb01.png,rolled-in_scale,rolled-in_scale,0.647247314453125,0.352376788854599,3.4075408620992675e-05,5.717468593502417e-05,0.00028391979867592454,0.647247314453125,7.309196803362283e-07
/Users/christopherbrantner/local/work/projects/toyVisionModel/outputs/chips/validation/scratches/scratches_241_bb00.png,scratches,scratches,0.9999978542327881,1.2590050529892594e-11,1.950637397385435e-06,2.4898722017496766e-07,7.5848918257293e-09,4.814658671747907e-10,0.9999978542327881
/Users/christopherbrantner/local/work/projects/toyVisionModel/outputs/chips/validation/scratches/scratches_241_bb01.png,scratches,scratches,0.9999369382858276,5.658630897187322e-09,5.642169708153233e-05,5.754408903158037e-06,8.60342822761595e-07,1.0361531366243071e-07,0.9999369382858276
/Users/christopherbrantner/local/work/projects/toyVisionModel/outputs/chips/validation/scratches/scratches_242_bb00.png,scratches,scratches,0.9999951124191284,4.886814477383927e-12,2.753422677415074e-06,2.1493531221494777e-06,1.7184889955501603e-08,4.704648892683849e-10,0.9999951124191284
/Users/christopherbrantner/local/work/projects/toyVisionModel/outputs/chips/validation/scratches/scratches_242_bb01.png,scratches,scratches,0.9981570839881897,9.620221952388874e-09,0.0017274838173761964,0.00010307566117262468,1.1986630852334201e-05,2.7638915867100877e-07,0.9981570839881897
/Users/christopherbrantner/local/work/projects/toyVisionModel/outputs/chips/validation/scratches/scratches_243_bb00.png,scratches,scratches,0.9995371103286743,1.5289093324710734e-09,0.00011968745093327016,0.00034099569893442094,2.1242994989734143e-06,8.144849061864079e-08,0.9995371103286743
/Users/christopherbrantner/local/work/projects/toyVisionModel/outputs/chips/validation/scratches/scratches_243_bb01.png,scratches,scratches,0.9986935257911682,5.865779328928511e-08,0.0010991586605086923,0.00014804984675720334,5.8641664509195834e-05,6.298812422755873e-07,0.9986935257911682
/Users/christopherbrantner/local/work/projects/toyVisionModel/outputs/chips/validation/scratches/scratches_243_bb02.png,scratches,scratches,0.9988865256309509,3.414812965729652e-07,0.0008343334775418043,0.00021683830709662288,5.696522202924825e-05,5.018839601689251e-06,0.9988865256309509
/Users/christopherbrantner/local/work/projects/toyVisionModel/outputs/chips/validation/scratches/scratches_243_bb03.png,scratches,scratches,0.9975911378860474,3.9417422215137776e-08,0.0022335273679345846,7.352414831984788e-05,0.0001012771317618899,5.831390694766014e-07,0.9975911378860474
/Users/christopherbrantner/local/work/projects/toyVisionModel/outputs/chips/validation/scratches/scratches_244_bb00.png,scratches,scratches,0.9998940229415894,4.29155572190254e-10,0.000101272868050728,3.918167749361601e-06,7.48767320146726e-07,1.1810247002586038e-08,0.9998940229415894
/Users/christopherbrantner/local/work/projects/toyVisionModel/outputs/chips/validation/scratches/scratches_244_bb01.png,scratches,scratches,0.990833580493927,1.972484398038432e-07,0.008698135614395142,0.00024860212579369545,0.0002173542743548751,2.2121546408016e-06,0.990833580493927
/Users/christopherbrantner/local/work/projects/toyVisionModel/outputs/chips/validation/scratches/scratches_244_bb02.png,scratches,scratches,0.997357189655304,9.001406908737408e-08,0.0025470033288002014,5.96719382883748e-06,8.815177716314793e-05,1.6724216038710438e-06,0.997357189655304
/Users/christopherbrantner/local/work/projects/toyVisionModel/outputs/chips/validation/scratches/scratches_245_bb00.png,scratches,scratches,0.9835180044174194,5.626084771392925e-07,0.015680372714996338,3.22304003930185e-05,0.0007622567936778069,6.554725132446038e-06,0.9835180044174194
/Users/christopherbrantner/local/work/projects/toyVisionModel/outputs/chips/validation/scratches/scratches_245_bb01.png,scratches,scratches,0.9999839067459106,1.6390480639394411e-10,1.4582927178707905e-05,1.3524090718419757e-06,2.2647390096608433e-07,5.90103477193793e-09,0.9999839067459106
/Users/christopherbrantner/local/work/projects/toyVisionModel/outputs/chips/validation/scratches/scratches_246_bb00.png,scratches,scratches,0.999957799911499,7.453591632788914e-10,4.0300656110048294e-05,1.0559149359323783e-06,8.543137255401234e-07,2.1633901781115128e-08,0.999957799911499
/Users/christopherbrantner/local/work/projects/toyVisionModel/outputs/chips/validation/scratches/scratches_247_bb00.png,scratches,scratches,0.9951404333114624,6.954891773602867e-08,0.004640983417630196,3.546042353264056e-05,0.00018228456610813737,6.149983278191939e-07,0.9951404333114624
/Users/christopherbrantner/local/work/projects/toyVisionModel/outputs/chips/validation/scratches/scratches_247_bb01.png,scratches,scratches,0.9112913012504578,5.361768853617832e-05,0.06999997049570084,0.00030813945340923965,0.01827460154891014,7.23107805242762e-05,0.9112913012504578
/Users/christopherbrantner/local/work/projects/toyVisionModel/outputs/chips/validation/scratches/scratches_248_bb00.png,scratches,scratches,0.9998760223388672,3.863496744749284e-10,9.272323222830892e-05,2.986542858707253e-05,1.3079437621854595e-06,2.5223322097644996e-08,0.9998760223388672
/Users/christopherbrantner/local/work/projects/toyVisionModel/outputs/chips/validation/scratches/scratches_248_bb01.png,scratches,scratches,0.9981873631477356,1.1749321515708289e-08,0.0014144775923341513,0.00036753961467184126,3.0290833819890395e-05,2.9204647944425233e-07,0.9981873631477356
/Users/christopherbrantner/local/work/projects/toyVisionModel/outputs/chips/validation/scratches/scratches_249_bb00.png,scratches,scratches,0.9998626708984375,1.8575990745617332e-09,9.767063602339476e-05,3.810262933257036e-05,1.574057932884898e-06,4.8248601558498194e-08,0.9998626708984375
/Users/christopherbrantner/local/work/projects/toyVisionModel/outputs/chips/validation/scratches/scratches_250_bb00.png,scratches,scratches,0.9999088048934937,3.071543019927958e-10,5.630980376736261e-05,3.438068233663216e-05,5.150747028892511e-07,1.2191019749252519e-08,0.9999088048934937
/Users/christopherbrantner/local/work/projects/toyVisionModel/outputs/chips/validation/scratches/scratches_250_bb01.png,scratches,scratches,0.9810841679573059,0.00011190641816938296,0.014436881989240646,0.00011136175453430042,0.003666655393317342,0.0005891047767363489,0.9810841679573059
/Users/christopherbrantner/local/work/projects/toyVisionModel/outputs/chips/validation/scratches/scratches_251_bb00.png,scratches,scratches,0.999931812286377,1.0162775510025313e-07,5.298157702782191e-05,1.4779039702261798e-05,2.931685685325647e-07,1.6191323481962172e-07,0.999931812286377
/Users/christopherbrantner/local/work/projects/toyVisionModel/outputs/chips/validation/scratches/scratches_251_bb01.png,scratches,scratches,0.9995282888412476,2.026221864070976e-06,0.00035261589800938964,0.00010143954568775371,7.622825251019094e-06,8.02493013907224e-06,0.9995282888412476
/Users/christopherbrantner/local/work/projects/toyVisionModel/outputs/chips/validation/scratches/scratches_252_bb00.png,scratches,scratches,0.9998106360435486,3.357416744620423e-07,0.00014715323050040752,4.0659200749360025e-05,8.006466032384196e-07,4.157084276812384e-07,0.9998106360435486
/Users/christopherbrantner/local/work/projects/toyVisionModel/outputs/chips/validation/scratches/scratches_252_bb01.png,scratches,scratches,0.9969700574874878,0.00018728784925770015,0.0025968393310904503,0.00015977956354618073,4.430098124430515e-05,4.167391671217047e-05,0.9969700574874878
/Users/christopherbrantner/local/work/projects/toyVisionModel/outputs/chips/validation/scratches/scratches_253_bb00.png,scratches,scratches,0.999854564666748,1.77385235389238e-08,9.755161590874195e-05,4.6161138016032055e-05,1.4964840602260665e-06,2.2984852421359392e-07,0.999854564666748
/Users/christopherbrantner/local/work/projects/toyVisionModel/outputs/chips/validation/scratches/scratches_253_bb01.png,scratches,scratches,0.9997088313102722,5.844541647093138e-06,0.00027244159718975425,5.056230293121189e-06,3.910853592969943e-06,3.935284439648967e-06,0.9997088313102722
/Users/christopherbrantner/local/work/projects/toyVisionModel/outputs/chips/validation/scratches/scratches_254_bb00.png,scratches,scratches,0.9995655417442322,7.587022565758161e-09,0.00035239808494225144,7.553899195045233e-05,6.396995559043717e-06,1.4408978188384935e-07,0.9995655417442322
/Users/christopherbrantner/local/work/projects/toyVisionModel/outputs/chips/validation/scratches/scratches_255_bb00.png,scratches,scratches,0.9999997615814209,7.51173862695298e-13,2.548485440456716e-07,3.666904335730692e-09,3.0847097098885e-10,5.079561771204055e-11,0.9999997615814209
/Users/christopherbrantner/local/work/projects/toyVisionModel/outputs/chips/validation/scratches/scratches_256_bb00.png,scratches,scratches,0.9999974966049194,1.3327117187600379e-11,2.3604934540344402e-06,7.887310715659623e-08,3.67727603922674e-09,2.6016760967806363e-10,0.9999974966049194
/Users/christopherbrantner/local/work/projects/toyVisionModel/outputs/chips/validation/scratches/scratches_257_bb00.png,scratches,scratches,1.0,3.6818726507296257e-14,2.3207226362842448e-08,5.852189288724219e-10,1.0268276680325261e-11,1.4657900544376434e-12,1.0
/Users/christopherbrantner/local/work/projects/toyVisionModel/outputs/chips/validation/scratches/scratches_258_bb00.png,scratches,scratches,1.0,2.5140119478371525e-13,2.954405609045807e-08,1.7161576604252105e-09,9.971128089869552e-12,2.824015977662131e-12,1.0
/Users/christopherbrantner/local/work/projects/toyVisionModel/outputs/chips/validation/scratches/scratches_259_bb00.png,scratches,scratches,1.0,3.1954471078725344e-13,3.238077894707203e-08,2.5224802246981426e-09,1.5108699014110272e-11,3.929674294300689e-12,1.0
/Users/christopherbrantner/local/work/projects/toyVisionModel/outputs/chips/validation/scratches/scratches_260_bb00.png,scratches,scratches,1.0,3.490715737500933e-15,1.0163437869081804e-09,2.6234908342970265e-12,2.0045591705639132e-13,9.645021191223221e-14,1.0
/Users/christopherbrantner/local/work/projects/toyVisionModel/outputs/chips/validation/scratches/scratches_260_bb01.png,scratches,scratches,0.5795384645462036,1.9377239368623123e-05,0.3913258910179138,0.000767894322052598,0.028165636584162712,0.00018271940643899143,0.5795384645462036
/Users/christopherbrantner/local/work/projects/toyVisionModel/outputs/chips/validation/scratches/scratches_260_bb02.png,scratches,scratches,0.9990002512931824,6.89681485255278e-08,0.0009408328915014863,8.218777111324016e-06,4.855661609326489e-05,2.076823648167192e-06,0.9990002512931824
/Users/christopherbrantner/local/work/projects/toyVisionModel/outputs/chips/validation/scratches/scratches_261_bb00.png,scratches,scratches,1.0,1.678196562835202e-14,5.259616742137041e-09,4.2025279090029954e-11,1.9632479236059153e-12,5.698000122948688e-13,1.0
/Users/christopherbrantner/local/work/projects/toyVisionModel/outputs/chips/validation/scratches/scratches_262_bb00.png,scratches,scratches,0.9999998807907104,6.464183572099658e-13,8.761005432234015e-08,9.09462949394424e-10,1.6912106437505514e-10,4.6920956703333516e-11,0.9999998807907104
/Users/christopherbrantner/local/work/projects/toyVisionModel/outputs/chips/validation/scratches/scratches_262_bb01.png,scratches,scratches,0.9999313354492188,5.073561570867469e-10,6.66740961605683e-05,4.06323579227319e-07,1.564520175634243e-06,2.0509036247062795e-08,0.9999313354492188
/Users/christopherbrantner/local/work/projects/toyVisionModel/outputs/chips/validation/scratches/scratches_263_bb00.png,scratches,scratches,0.9999998807907104,6.614953268306578e-13,9.191266059360714e-08,7.595238882274202e-10,1.8461887574261482e-10,5.123005838991723e-11,0.9999998807907104
/Users/christopherbrantner/local/work/projects/toyVisionModel/outputs/chips/validation/scratches/scratches_263_bb01.png,scratches,scratches,0.99981290102005,1.8437896764922357e-09,0.00018090826051775366,1.236334696841368e-06,4.943467047269223e-06,6.367405092078116e-08,0.99981290102005
/Users/christopherbrantner/local/work/projects/toyVisionModel/outputs/chips/validation/scratches/scratches_264_bb00.png,scratches,scratches,0.9999997615814209,1.1109245467988416e-10,1.9881856871961645e-07,4.394288488640541e-09,1.544267491659923e-10,3.079853871934546e-10,0.9999997615814209
/Users/christopherbrantner/local/work/projects/toyVisionModel/outputs/chips/validation/scratches/scratches_264_bb01.png,scratches,scratches,0.9994179010391235,8.05926714253502e-10,0.0001232952781720087,0.0004584517446346581,3.595084479002253e-07,2.399669796204762e-08,0.9994179010391235
/Users/christopherbrantner/local/work/projects/toyVisionModel/outputs/chips/validation/scratches/scratches_264_bb02.png,scratches,scratches,0.9999548196792603,3.719759222864383e-10,1.8582843040348962e-05,2.6171019271714613e-05,3.759135722702922e-07,8.502775727947665e-08,0.9999548196792603
/Users/christopherbrantner/local/work/projects/toyVisionModel/outputs/chips/validation/scratches/scratches_265_bb00.png,scratches,scratches,0.9999898672103882,3.108865248568904e-11,8.845238880894613e-06,1.3523164170692326e-06,2.235045037934924e-08,2.452422265264431e-09,0.9999898672103882
/Users/christopherbrantner/local/work/projects/toyVisionModel/outputs/chips/validation/scratches/scratches_265_bb01.png,scratches,scratches,0.9999274015426636,2.7622936826787736e-08,5.771559153799899e-05,1.4679466403322294e-05,1.287009467887401e-07,1.0763812241521009e-07,0.9999274015426636
/Users/christopherbrantner/local/work/projects/toyVisionModel/outputs/chips/validation/scratches/scratches_266_bb00.png,scratches,scratches,0.9991810917854309,3.783339508345307e-08,0.0005428630392998457,0.00023134837101679295,4.39695140812546e-05,6.040443167876219e-07,0.9991810917854309
/Users/christopherbrantner/local/work/projects/toyVisionModel/outputs/chips/validation/scratches/scratches_266_bb01.png,scratches,scratches,0.9949473142623901,1.219559635501355e-07,0.003696233034133911,0.0013332917587831616,2.1889236450078897e-05,1.030749331221159e-06,0.9949473142623901
/Users/christopherbrantner/local/work/projects/toyVisionModel/outputs/chips/validation/scratches/scratches_267_bb00.png,scratches,scratches,0.999998927116394,3.691691050078383e-11,8.242444096140389e-07,2.801428706789011e-07,1.5130824593256875e-08,2.606657778514432e-09,0.999998927116394
/Users/christopherbrantner/local/work/projects/toyVisionModel/outputs/chips/validation/scratches/scratches_267_bb01.png,scratches,scratches,0.9999948740005493,7.57363876474626e-12,4.673880539485253e-06,4.7095926447582315e-07,3.119291847042405e-08,6.209436298476589e-10,0.9999948740005493
/Users/christopherbrantner/local/work/projects/toyVisionModel/outputs/chips/validation/scratches/scratches_268_bb00.png,scratches,scratches,0.9999957084655762,2.527388541506692e-11,3.812651357293362e-06,4.2982577497241437e-07,3.418153582401828e-08,9.110547316559803e-10,0.9999957084655762
/Users/christopherbrantner/local/work/projects/toyVisionModel/outputs/chips/validation/scratches/scratches_268_bb01.png,scratches,scratches,0.9999550580978394,5.546444969972697e-10,3.847643893095665e-05,5.838564902660437e-06,6.316207077361469e-07,1.734800569863637e-08,0.9999550580978394
/Users/christopherbrantner/local/work/projects/toyVisionModel/outputs/chips/validation/scratches/scratches_269_bb00.png,scratches,scratches,0.9999995231628418,3.395075193202146e-11,5.292956188895914e-07,4.570200928810664e-08,9.916780285834648e-09,2.233718543465102e-09,0.9999995231628418
/Users/christopherbrantner/local/work/projects/toyVisionModel/outputs/chips/validation/scratches/scratches_269_bb01.png,scratches,scratches,0.999998927116394,3.5630433065786393e-12,1.0053220194095047e-06,1.0548848905500563e-07,8.748284763271386e-09,2.525114006779461e-10,0.999998927116394
/Users/christopherbrantner/local/work/projects/toyVisionModel/outputs/chips/validation/scratches/scratches_269_bb02.png,scratches,scratches,0.999987006187439,4.957942043026797e-11,1.2156870070612058e-05,8.116711569527979e-07,5.4240860691834314e-08,2.6617463788625173e-09,0.999987006187439
/Users/christopherbrantner/local/work/projects/toyVisionModel/outputs/chips/validation/scratches/scratches_270_bb00.png,scratches,scratches,0.9953480362892151,2.3898397216726153e-07,0.004126741550862789,0.0005041388794779778,1.904984856082592e-05,1.862076260294998e-06,0.9953480362892151
/Users/christopherbrantner/local/work/projects/toyVisionModel/outputs/chips/validation/scratches/scratches_270_bb01.png,scratches,scratches,1.0,1.0005409315731045e-13,4.6083236782124004e-08,2.0777355391743413e-09,1.392824605650489e-10,3.806434681341564e-11,1.0
/Users/christopherbrantner/local/work/projects/toyVisionModel/outputs/chips/validation/scratches/scratches_271_bb00.png,scratches,scratches,0.9999837875366211,7.841728932866943e-10,1.265664104721509e-05,3.396487727513886e-06,6.782536843275011e-08,1.3044831881359187e-08,0.9999837875366211
/Users/christopherbrantner/local/work/projects/toyVisionModel/outputs/chips/validation/scratches/scratches_271_bb01.png,scratches,scratches,0.9999984502792358,4.690574751525789e-12,1.467572928959271e-06,7.908468546702352e-08,1.374117974961564e-08,4.1090264524257236e-10,0.9999984502792358
/Users/christopherbrantner/local/work/projects/toyVisionModel/outputs/chips/validation/scratches/scratches_271_bb02.png,scratches,scratches,0.9999717473983765,9.791645272372307e-10,2.2629412342212163e-05,5.315316229825839e-06,2.8247890782040486e-07,2.47166038747082e-08,0.9999717473983765
/Users/christopherbrantner/local/work/projects/toyVisionModel/outputs/chips/validation/scratches/scratches_271_bb03.png,scratches,scratches,0.9999992847442627,2.3051930156392508e-11,7.350621444857097e-07,1.824719220167026e-08,3.837072881651693e-09,1.0731487920523364e-09,0.9999992847442627
/Users/christopherbrantner/local/work/projects/toyVisionModel/outputs/chips/validation/scratches/scratches_272_bb00.png,scratches,scratches,0.999994158744812,2.0686208301867737e-09,5.321978733263677e-06,3.9383579064633523e-07,3.010929106039839e-08,2.3091716983003607e-08,0.999994158744812
/Users/christopherbrantner/local/work/projects/toyVisionModel/outputs/chips/validation/scratches/scratches_272_bb01.png,scratches,scratches,0.9999995231628418,3.3344383027281155e-13,2.953802606953104e-07,2.526246873912896e-07,5.030621474944041e-10,4.761758695681628e-11,0.9999995231628418
/Users/christopherbrantner/local/work/projects/toyVisionModel/outputs/chips/validation/scratches/scratches_273_bb00.png,scratches,scratches,0.9999990463256836,2.394370639258181e-11,9.484635370426986e-07,1.8567906323596617e-08,3.450304930652237e-09,7.42441386147874e-10,0.9999990463256836
/Users/christopherbrantner/local/work/projects/toyVisionModel/outputs/chips/validation/scratches/scratches_273_bb01.png,scratches,scratches,0.9999996423721313,2.4513681015636557e-11,3.925652549696679e-07,2.426563128210546e-08,7.857723915982717e-10,2.68154554117217e-10,0.9999996423721313
/Users/christopherbrantner/local/work/projects/toyVisionModel/outputs/chips/validation/scratches/scratches_273_bb02.png,scratches,scratches,0.9999891519546509,9.639818804307865e-11,1.045066619553836e-05,2.3120216496863577e-07,9.238939924216538e-08,7.741063789978853e-09,0.9999891519546509
/Users/christopherbrantner/local/work/projects/toyVisionModel/outputs/chips/validation/scratches/scratches_274_bb00.png,scratches,scratches,0.9999998807907104,8.495416555561602e-14,6.217544523678953e-08,2.166333556985478e-09,1.5236355233039234e-10,4.271224346430458e-11,0.9999998807907104
/Users/christopherbrantner/local/work/projects/toyVisionModel/outputs/chips/validation/scratches/scratches_274_bb01.png,scratches,scratches,1.0,5.907503219243493e-13,1.0270349015684133e-08,2.814951882701422e-10,3.0964263271482384e-12,3.3017852774791523e-12,1.0
/Users/christopherbrantner/local/work/projects/toyVisionModel/outputs/chips/validation/scratches/scratches_274_bb02.png,scratches,scratches,0.9999935626983643,3.6418851268038566e-10,6.150516128400341e-06,8.553482899742448e-08,1.1265503729873672e-07,6.572467015075745e-09,0.9999935626983643
/Users/christopherbrantner/local/work/projects/toyVisionModel/outputs/chips/validation/scratches/scratches_275_bb00.png,scratches,scratches,0.9999996423721313,1.619655971840661e-11,3.1848651360633085e-07,5.598096919356976e-08,6.305750144264266e-09,1.1279718270529315e-09,0.9999996423721313
/Users/christopherbrantner/local/work/projects/toyVisionModel/outputs/chips/validation/scratches/scratches_275_bb01.png,scratches,scratches,0.9999959468841553,1.1221662488125617e-11,3.7040183542558225e-06,3.3385222764081846e-07,3.103562917772251e-08,6.040041244936845e-10,0.9999959468841553
/Users/christopherbrantner/local/work/projects/toyVisionModel/outputs/chips/validation/scratches/scratches_275_bb02.png,scratches,scratches,0.9999617338180542,5.214793041830035e-10,3.5500012018019333e-05,2.306132728335797e-06,4.908378059553797e-07,1.0567763553126497e-08,0.9999617338180542
/Users/christopherbrantner/local/work/projects/toyVisionModel/outputs/chips/validation/scratches/scratches_275_bb03.png,scratches,scratches,0.9999998807907104,4.297316322232625e-11,1.1481514405886628e-07,3.3430944679224694e-09,3.998059175391866e-11,4.4322476244751385e-11,0.9999998807907104
/Users/christopherbrantner/local/work/projects/toyVisionModel/outputs/chips/validation/scratches/scratches_276_bb00.png,scratches,scratches,0.999984622001648,5.423188564890324e-10,1.4714702956553083e-05,2.63085837559629e-07,5.161153353583359e-07,2.6752598358825708e-08,0.999984622001648
/Users/christopherbrantner/local/work/projects/toyVisionModel/outputs/chips/validation/scratches/scratches_276_bb01.png,scratches,scratches,1.0,2.27682744213158e-14,9.035140635660355e-09,4.1778483450549686e-11,5.924375139770843e-12,1.2174050829927285e-12,1.0
/Users/christopherbrantner/local/work/projects/toyVisionModel/outputs/chips/validation/scratches/scratches_277_bb00.png,scratches,scratches,1.0,3.8409780998144294e-13,3.499047451782644e-08,4.778467621591176e-10,1.8864829837150765e-11,6.013551635819514e-12,1.0
/Users/christopherbrantner/local/work/projects/toyVisionModel/outputs/chips/validation/scratches/scratches_277_bb01.png,scratches,scratches,0.9998953342437744,1.1826548074189702e-10,0.00010292296065017581,1.2288627431189525e-06,5.802057785331272e-07,7.2131918216200575e-09,0.9998953342437744
/Users/christopherbrantner/local/work/projects/toyVisionModel/outputs/chips/validation/scratches/scratches_278_bb00.png,scratches,scratches,1.0,8.128404091305164e-13,1.763530477205677e-08,2.1903473479412128e-10,6.673276514712612e-12,5.895181044712761e-12,1.0
/Users/christopherbrantner/local/work/projects/toyVisionModel/outputs/chips/validation/scratches/scratches_278_bb01.png,scratches,scratches,0.993085503578186,9.120179100818859e-08,0.006342383101582527,0.00040107080712914467,0.0001695816172286868,1.4277902664616704e-06,0.993085503578186
/Users/christopherbrantner/local/work/projects/toyVisionModel/outputs/chips/validation/scratches/scratches_278_bb02.png,scratches,scratches,0.9999978542327881,2.4003028731289788e-11,1.9689948658196954e-06,1.0917062809312483e-07,3.0206962264855974e-08,8.465944056901265e-10,0.9999978542327881
/Users/christopherbrantner/local/work/projects/toyVisionModel/outputs/chips/validation/scratches/scratches_279_bb00.png,scratches,scratches,1.0,1.124610712714691e-12,1.3723076008886892e-08,4.1569116204787093e-11,3.376264112037175e-12,4.408419809753816e-12,1.0
/Users/christopherbrantner/local/work/projects/toyVisionModel/outputs/chips/validation/scratches/scratches_279_bb01.png,scratches,scratches,0.9999825954437256,1.430168622418293e-10,1.584050005476456e-05,1.4731754163221922e-06,1.589896356790632e-07,4.910670980962095e-09,0.9999825954437256
/Users/christopherbrantner/local/work/projects/toyVisionModel/outputs/chips/validation/scratches/scratches_280_bb00.png,scratches,scratches,1.0,7.64030332056631e-12,5.485269127802894e-08,7.948440794436351e-10,1.8716701799537105e-11,2.024839150516211e-11,1.0
/Users/christopherbrantner/local/work/projects/toyVisionModel/outputs/chips/validation/scratches/scratches_280_bb01.png,scratches,scratches,0.9999974966049194,1.0638119725403516e-11,2.3990360205061734e-06,1.0180477261201304e-07,1.5664316066477113e-08,7.221414022318129e-10,0.9999974966049194
/Users/christopherbrantner/local/work/projects/toyVisionModel/outputs/chips/validation/scratches/scratches_281_bb00.png,scratches,scratches,0.9999915361404419,4.182391377671735e-10,8.096999408735428e-06,1.945379608514486e-07,6.15842097317909e-08,8.660742345512062e-09,0.9999915361404419
/Users/christopherbrantner/local/work/projects/toyVisionModel/outputs/chips/validation/scratches/scratches_282_bb00.png,scratches,scratches,0.9989877343177795,2.190745584940146e-09,0.000888508278876543,0.00011741475464077666,6.334379577310756e-06,6.049191370038898e-08,0.9989877343177795
/Users/christopherbrantner/local/work/projects/toyVisionModel/outputs/chips/validation/scratches/scratches_283_bb00.png,scratches,scratches,0.9976319074630737,6.933682517029638e-09,0.0021645391825586557,0.0001951088197529316,8.234804226958659e-06,1.385981533985614e-07,0.9976319074630737
/Users/christopherbrantner/local/work/projects/toyVisionModel/outputs/chips/validation/scratches/scratches_283_bb01.png,scratches,scratches,0.9999922513961792,2.944023913542537e-10,7.39985716791125e-06,1.7665273333022924e-07,8.963584008370162e-08,8.520184557880839e-09,0.9999922513961792
/Users/christopherbrantner/local/work/projects/toyVisionModel/outputs/chips/validation/scratches/scratches_284_bb00.png,scratches,scratches,0.9702585339546204,7.95635628492164e-08,0.02857350744307041,0.0010627330048009753,0.00010434459545649588,8.544903948859428e-07,0.9702585339546204
/Users/christopherbrantner/local/work/projects/toyVisionModel/outputs/chips/validation/scratches/scratches_284_bb01.png,scratches,scratches,0.9842633605003357,5.532202607128056e-08,0.014964660629630089,0.00045629320084117353,0.0003150633710902184,5.752841047979018e-07,0.9842633605003357
/Users/christopherbrantner/local/work/projects/toyVisionModel/outputs/chips/validation/scratches/scratches_285_bb00.png,scratches,scratches,0.9976596832275391,6.00040239717714e-09,0.0022233373019844294,0.00010372128599556163,1.3229193427832797e-05,1.354817129595176e-07,0.9976596832275391
/Users/christopherbrantner/local/work/projects/toyVisionModel/outputs/chips/validation/scratches/scratches_285_bb01.png,scratches,scratches,0.9948002099990845,8.86609452521725e-09,0.002791585400700569,0.0023621725849807262,4.584114867611788e-05,1.5163224986736168e-07,0.9948002099990845
/Users/christopherbrantner/local/work/projects/toyVisionModel/outputs/chips/validation/scratches/scratches_286_bb00.png,scratches,scratches,0.9999656677246094,2.017951361565906e-09,3.0172435799613595e-05,3.4531544770288747e-06,6.698651873193739e-07,1.9647652393928183e-08,0.9999656677246094
/Users/christopherbrantner/local/work/projects/toyVisionModel/outputs/chips/validation/scratches/scratches_287_bb00.png,scratches,scratches,0.9992890357971191,2.226797022331084e-07,0.0005067606689408422,0.000167972975759767,3.242570528527722e-05,3.549526581991813e-06,0.9992890357971191
/Users/christopherbrantner/local/work/projects/toyVisionModel/outputs/chips/validation/scratches/scratches_288_bb00.png,scratches,scratches,0.9999778270721436,2.409008326154094e-09,1.6491743735969067e-05,4.09512858823291e-06,1.5900458265605266e-06,2.500066820232405e-08,0.9999778270721436
/Users/christopherbrantner/local/work/projects/toyVisionModel/outputs/chips/validation/scratches/scratches_289_bb00.png,scratches,scratches,0.9999973773956299,2.1237881245306234e-12,2.5726508283696603e-06,1.3434171997062094e-08,2.5260618485845043e-08,1.3764996087406445e-10,0.9999973773956299
/Users/christopherbrantner/local/work/projects/toyVisionModel/outputs/chips/validation/scratches/scratches_290_bb00.png,scratches,scratches,0.9999854564666748,3.6248698487284514e-10,1.3910570487496443e-05,1.3990974601085782e-08,6.39122617940302e-07,2.1561131546832257e-08,0.9999854564666748
/Users/christopherbrantner/local/work/projects/toyVisionModel/outputs/chips/validation/scratches/scratches_290_bb01.png,scratches,scratches,0.9999988079071045,3.8969719812209647e-11,1.236847651853168e-06,1.8189664219292467e-09,4.3244764214023235e-08,3.1007949541361768e-09,0.9999988079071045
/Users/christopherbrantner/local/work/projects/toyVisionModel/outputs/chips/validation/scratches/scratches_291_bb00.png,scratches,scratches,1.0,2.8020576649441e-14,6.968498222903463e-09,9.44160895299806e-12,5.077751413784526e-11,8.079918678571829e-12,1.0
/Users/christopherbrantner/local/work/projects/toyVisionModel/outputs/chips/validation/scratches/scratches_292_bb00.png,scratches,scratches,0.9999698400497437,4.760072158660478e-08,1.9935980162699707e-05,9.88698229775764e-06,2.092760524874393e-07,8.701091047669252e-08,0.9999698400497437
/Users/christopherbrantner/local/work/projects/toyVisionModel/outputs/chips/validation/scratches/scratches_292_bb01.png,scratches,scratches,0.9999898672103882,2.0252803878406667e-09,9.739064807945397e-06,6.469871038916608e-08,2.3446547459116118e-07,2.83771832698676e-08,0.9999898672103882
/Users/christopherbrantner/local/work/projects/toyVisionModel/outputs/chips/validation/scratches/scratches_293_bb00.png,scratches,scratches,0.9999761581420898,1.6884026399210939e-09,2.2807953428127803e-05,1.4882250809478137e-07,8.421822599302686e-07,6.799893981224159e-08,0.9999761581420898
/Users/christopherbrantner/local/work/projects/toyVisionModel/outputs/chips/validation/scratches/scratches_293_bb01.png,scratches,scratches,0.9999996423721313,7.855782864496508e-12,2.3368711765670014e-07,1.405884404448443e-07,5.487796883585361e-09,7.014832603680077e-10,0.9999996423721313
/Users/christopherbrantner/local/work/projects/toyVisionModel/outputs/chips/validation/scratches/scratches_294_bb00.png,scratches,scratches,0.9999290704727173,1.0762756907922721e-08,6.036186096025631e-05,5.688380952051375e-06,4.766423899127403e-06,1.3514342356302222e-07,0.9999290704727173
/Users/christopherbrantner/local/work/projects/toyVisionModel/outputs/chips/validation/scratches/scratches_294_bb01.png,scratches,scratches,0.9992067217826843,4.060343883338646e-08,0.0003267781576141715,0.0004591896722558886,6.968189154576976e-06,4.650190987831593e-07,0.9992067217826843
/Users/christopherbrantner/local/work/projects/toyVisionModel/outputs/chips/validation/scratches/scratches_294_bb02.png,scratches,scratches,0.9999881982803345,1.6230190524879617e-09,1.0842109077202622e-05,6.667171987828624e-07,1.8768228926546726e-07,2.6085361426453346e-08,0.9999881982803345
/Users/christopherbrantner/local/work/projects/toyVisionModel/outputs/chips/validation/scratches/scratches_295_bb00.png,scratches,scratches,0.9999160766601562,6.496730264871076e-09,7.223978900583461e-05,1.1447950782894623e-05,2.0177320436687296e-07,3.6399466551984005e-08,0.9999160766601562
/Users/christopherbrantner/local/work/projects/toyVisionModel/outputs/chips/validation/scratches/scratches_295_bb01.png,scratches,scratches,0.9999349117279053,2.5295379124656847e-09,4.938295387546532e-05,1.365070329484297e-05,1.998899961108691e-06,9.285500368605426e-08,0.9999349117279053
/Users/christopherbrantner/local/work/projects/toyVisionModel/outputs/chips/validation/scratches/scratches_295_bb02.png,scratches,scratches,0.9999967813491821,8.298291220842913e-11,1.2086201195415924e-06,2.07638913707342e-06,1.2775765334538391e-08,2.5030186812102784e-09,0.9999967813491821
/Users/christopherbrantner/local/work/projects/toyVisionModel/outputs/chips/validation/scratches/scratches_295_bb03.png,scratches,scratches,0.9998359680175781,5.559255833453847e-10,0.00010051534627564251,6.09097296546679e-05,2.63238075604022e-06,4.10638882897274e-08,0.9998359680175781
/Users/christopherbrantner/local/work/projects/toyVisionModel/outputs/chips/validation/scratches/scratches_296_bb00.png,scratches,scratches,0.9999990463256836,1.5191067154196602e-11,8.776129334364668e-07,1.327928345062901e-07,4.323823965535212e-09,4.159479427556789e-10,0.9999990463256836
/Users/christopherbrantner/local/work/projects/toyVisionModel/outputs/chips/validation/scratches/scratches_296_bb01.png,scratches,scratches,0.999901533126831,2.176747893045672e-09,8.050847100093961e-05,1.571799293742515e-05,2.253432739962591e-06,5.196523034101119e-08,0.999901533126831
/Users/christopherbrantner/local/work/projects/toyVisionModel/outputs/chips/validation/scratches/scratches_296_bb02.png,scratches,scratches,0.9990012049674988,8.573972820613562e-08,0.0008014421327970922,0.0001317625428782776,6.499421579064801e-05,5.003990395380242e-07,0.9990012049674988
/Users/christopherbrantner/local/work/projects/toyVisionModel/outputs/chips/validation/scratches/scratches_296_bb03.png,scratches,scratches,0.9999992847442627,1.1206027078491942e-10,7.280388558683626e-07,1.4327241615319508e-09,1.0273006445515875e-08,1.5697595445729462e-09,0.9999992847442627
/Users/christopherbrantner/local/work/projects/toyVisionModel/outputs/chips/validation/scratches/scratches_296_bb04.png,scratches,scratches,0.9999957084655762,1.5631492628065402e-11,3.737000724868267e-06,6.143011432868661e-07,2.3303558194243124e-08,1.9240695703359734e-09,0.9999957084655762
/Users/christopherbrantner/local/work/projects/toyVisionModel/outputs/chips/validation/scratches/scratches_297_bb00.png,scratches,scratches,0.9999629259109497,4.2726411297877576e-10,3.339511022204533e-05,2.8941090022271965e-06,8.423936037615931e-07,1.504799662654932e-08,0.9999629259109497
/Users/christopherbrantner/local/work/projects/toyVisionModel/outputs/chips/validation/scratches/scratches_297_bb01.png,scratches,scratches,0.9999562501907349,1.3992212943847449e-09,4.167002407484688e-05,6.442135713768948e-07,1.3121117490300094e-06,2.6716911349922157e-08,0.9999562501907349
/Users/christopherbrantner/local/work/projects/toyVisionModel/outputs/chips/validation/scratches/scratches_298_bb00.png,scratches,scratches,0.9999616146087646,5.7611422299430615e-09,2.4568336812080815e-05,1.3581180610344745e-05,2.5760485300452274e-07,3.5438322498748676e-08,0.9999616146087646
/Users/christopherbrantner/local/work/projects/toyVisionModel/outputs/chips/validation/scratches/scratches_299_bb00.png,scratches,scratches,0.9999932050704956,1.1159005275374057e-08,5.6938583838928025e-06,1.070903863364947e-06,3.738805531838807e-08,2.4220575767230912e-08,0.9999932050704956
/Users/christopherbrantner/local/work/projects/toyVisionModel/outputs/chips/validation/scratches/scratches_300_bb00.png,scratches,scratches,0.999998927116394,1.5333201288519893e-12,4.881852078142401e-07,6.028949997016753e-07,1.609773203625764e-09,1.2856937736671625e-10,0.999998927116394
/Users/christopherbrantner/local/work/projects/toyVisionModel/outputs/chips/validation/scratches/scratches_300_bb01.png,scratches,scratches,0.9999814033508301,7.234308291304004e-11,1.4544515579473227e-05,3.7945508211123524e-06,2.0057021288266697e-07,5.137104519548075e-09,0.9999814033508301
