chip_path,source_image,bbox_index,true_label,pred_label,confidence
/Users/christopherbrantner/local/work/projects/toyVisionModel/outputs/chips/validation/crazing/crazing_241_bb00.png,/Users/christopherbrantner/local/work/projects/toyVisionModel/NEU-DET/validation/images/crazing/crazing_241.jpg,0,crazing,crazing,0.9990530610084534
/Users/christopherbrantner/local/work/projects/toyVisionModel/outputs/chips/validation/crazing/crazing_241_bb01.png,/Users/christopherbrantner/local/work/projects/toyVisionModel/NEU-DET/validation/images/crazing/crazing_241.jpg,1,crazing,crazing,0.9996180534362793
/Users/christopherbrantner/local/work/projects/toyVisionModel/outputs/chips/validation/crazing/crazing_241_bb02.png,/Users/christopherbrantner/local/work/projects/toyVisionModel/NEU-DET/validation/images/crazing/crazing_241.jpg,2,crazing,crazing,0.998829185962677
/Users/christopherbrantner/local/work/projects/toyVisionModel/outputs/chips/validation/crazing/crazing_242_bb00.png,/Users/christopherbrantner/local/work/projects/toyVisionModel/NEU-DET/validation/images/crazing/crazing_242.jpg,0,crazing,crazing,0.9930559992790222
/Users/christopherbrantner/local/work/projects/toyVisionModel/outputs/chips/validation/crazing/crazing_242_bb01.png,/Users/christopherbrantner/local/work/projects/toyVisionModel/NEU-DET/validation/images/crazing/crazing_242.jpg,1,crazing,crazing,0.9997405409812927
/Users/christopherbrantner/local/work/projects/toyVisionModel/outputs/chips/validation/crazing/crazing_242_bb02.png,/Users/christopherbrantner/local/work/projects/toyVisionModel/NEU-DET/validation/images/crazing/crazing_242.jpg,2,crazing,crazing,0.9993391633033752
/Users/christopherbrantner/local/work/projects/toyVisionModel/outputs/chips/validation/crazing/crazing_243_bb00.png,/Users/christopherbrantner/local/work/projects/toyVisionModel/NEU-DET/validation/images/crazing/crazing_243.jpg,0,crazing,crazing,0.9982619881629944
/Users/christopherbrantner/local/work/projects/toyVisionModel/outputs/chips/validation/crazing/crazing_243_bb01.png,/Users/christopherbrantner/local/work/projects/toyVisionModel/NEU-DET/validation/images/crazing/crazing_243.jpg,1,crazing,crazing,0.999798595905304
/Users/christopherbrantner/local/work/projects/toyVisionModel/outputs/chips/validation/crazing/crazing_243_bb02.png,/Users/christopherbrantner/local/work/projects/toyVisionModel/NEU-DET/validation/images/crazing/crazing_243.jpg,2,crazing,crazing,0.999413013458252
/Users/christopherbrantner/local/work/projects/toyVisionModel/outputs/chips/validation/crazing/crazing_243_bb03.png,/Users/christopherbrantner/local/work/projects/toyVisionModel/NEU-DET/validation/images/crazing/crazing_243.jpg,3,crazing,crazing,0.991985559463501
/Users/christopherbrantner/local/work/projects/toyVisionModel/outputs/chips/validation/crazing/crazing_244_bb00.png,/Users/christopherbrantner/local/work/projects/toyVisionModel/NEU-DET/validation/images/crazing/crazing_244.jpg,0,crazing,crazing,0.9988616704940796
/Users/christopherbrantner/local/work/projects/toyVisionModel/outputs/chips/validation/crazing/crazing_244_bb01.png,/Users/christopherbrantner/local/work/projects/toyVisionModel/NEU-DET/validation/images/crazing/crazing_244.jpg,1,crazing,crazing,0.9997836947441101
/Users/christopherbrantner/local/work/projects/toyVisionModel/outputs/chips/validation/crazing/crazing_244_bb02.png,/Users/christopherbrantner/local/work/projects/toyVisionModel/NEU-DET/validation/images/crazing/crazing_244.jpg,2,crazing,crazing,0.9984310269355774
/Users/christopherbrantner/local/work/projects/toyVisionModel/outputs/chips/validation/crazing/crazing_245_bb00.png,/Users/christopherbrantner/local/work/projects/toyVisionModel/NEU-DET/validation/images/crazing/crazing_245.jpg,0,crazing,crazing,0.9999595880508423
/Users/christopherbrantner/local/work/projects/toyVisionModel/outputs/chips/validation/crazing/crazing_245_bb01.png,/Users/christopherbrantner/local/work/projects/toyVisionModel/NEU-DET/validation/images/crazing/crazing_245.jpg,1,crazing,crazing,0.9981178045272827
/Users/christopherbrantner/local/work/projects/toyVisionModel/outputs/chips/validation/crazing/crazing_246_bb00.png,/Users/christopherbrantner/local/work/projects/toyVisionModel/NEU-DET/validation/images/crazing/crazing_246.jpg,0,crazing,crazing,0.9959388971328735
/Users/christopherbrantner/local/work/projects/toyVisionModel/outputs/chips/validation/crazing/crazing_246_bb01.png,/Users/christopherbrantner/local/work/projects/toyVisionModel/NEU-DET/validation/images/crazing/crazing_246.jpg,1,crazing,crazing,0.9987732768058777
/Users/christopherbrantner/local/work/projects/toyVisionModel/outputs/chips/validation/crazing/crazing_246_bb02.png,/Users/christopherbrantner/local/work/projects/toyVisionModel/NEU-DET/validation/images/crazing/crazing_246.jpg,2,crazing,crazing,0.9852088689804077
/Users/christopherbrantner/local/work/projects/toyVisionModel/outputs/chips/validation/crazing/crazing_246_bb03.png,/Users/christopherbrantner/local/work/projects/toyVisionModel/NEU-DET/validation/images/crazing/crazing_246.jpg,3,crazing,crazing,0.9955588579177856
/Users/christopherbrantner/local/work/projects/toyVisionModel/outputs/chips/validation/crazing/crazing_247_bb00.png,/Users/christopherbrantner/local/work/projects/toyVisionModel/NEU-DET/validation/images/crazing/crazing_247.jpg,0,crazing,crazing,0.9995853304862976
/Users/christopherbrantner/local/work/projects/toyVisionModel/outputs/chips/validation/crazing/crazing_247_bb01.png,/Users/christopherbrantner/local/work/projects/toyVisionModel/NEU-DET/validation/images/crazing/crazing_247.jpg,1,crazing,crazing,0.9985211491584778
/Users/christopherbrantner/local/work/projects/toyVisionModel/outputs/chips/validation/crazing/crazing_247_bb02.png,/Users/christopherbrantner/local/work/projects/toyVisionModel/NEU-DET/validation/images/crazing/crazing_247.jpg,2,crazing,crazing,0.9993639588356018
/Users/christopherbrantner/local/work/projects/toyVisionModel/outputs/chips/validation/crazing/crazing_248_bb00.png,/Users/christopherbrantner/local/work/projects/toyVisionModel/NEU-DET/validation/images/crazing/crazing_248.jpg,0,crazing,crazing,0.9997902512550354
/Users/christopherbrantner/local/work/projects/toyVisionModel/outputs/chips/validation/crazing/crazing_248_bb01.png,/Users/christopherbrantner/local/work/projects/toyVisionModel/NEU-DET/validation/images/crazing/crazing_248.jpg,1,crazing,crazing,0.999405026435852
/Users/christopherbrantner/local/work/projects/toyVisionModel/outputs/chips/validation/crazing/crazing_248_bb02.png,/Users/christopherbrantner/local/work/projects/toyVisionModel/NEU-DET/validation/images/crazing/crazing_248.jpg,2,crazing,crazing,0.9996488094329834
/Users/christopherbrantner/local/work/projects/toyVisionModel/outputs/chips/validation/crazing/crazing_249_bb00.png,/Users/christopherbrantner/local/work/projects/toyVisionModel/NEU-DET/validation/images/crazing/crazing_249.jpg,0,crazing,crazing,0.9964141249656677
/Users/christopherbrantner/local/work/projects/toyVisionModel/outputs/chips/validation/crazing/crazing_249_bb01.png,/Users/christopherbrantner/local/work/projects/toyVisionModel/NEU-DET/validation/images/crazing/crazing_249.jpg,1,crazing,crazing,0.9999356269836426
/Users/christopherbrantner/local/work/projects/toyVisionModel/outputs/chips/validation/crazing/crazing_249_bb02.png,/Users/christopherbrantner/local/work/projects/toyVisionModel/NEU-DET/validation/images/crazing/crazing_249.jpg,2,crazing,crazing,0.9989763498306274
/Users/christopherbrantner/local/work/projects/toyVisionModel/outputs/chips/validation/crazing/crazing_250_bb00.png,/Users/christopherbrantner/local/work/projects/toyVisionModel/NEU-DET/validation/images/crazing/crazing_250.jpg,0,crazing,crazing,0.9901219010353088
/Users/christopherbrantner/local/work/projects/toyVisionModel/outputs/chips/validation/crazing/crazing_250_bb01.png,/Users/christopherbrantner/local/work/projects/toyVisionModel/NEU-DET/validation/images/crazing/crazing_250.jpg,1,crazing,crazing,0.9998660087585449
/Users/christopherbrantner/local/work/projects/toyVisionModel/outputs/chips/validation/crazing/crazing_250_bb02.png,/Users/christopherbrantner/local/work/projects/toyVisionModel/NEU-DET/validation/images/crazing/crazing_250.jpg,2,crazing,crazing,0.9967231154441833
/Users/christopherbrantner/local/work/projects/toyVisionModel/outputs/chips/validation/crazing/crazing_251_bb00.png,/Users/christopherbrantner/local/work/projects/toyVisionModel/NEU-DET/validation/images/crazing/crazing_251.jpg,0,crazing,crazing,0.9979202151298523
/Users/christopherbrantner/local/work/projects/toyVisionModel/outputs/chips/validation/crazing/crazing_251_bb01.png,/Users/christopherbrantner/local/work/projects/toyVisionModel/NEU-DET/validation/images/crazing/crazing_251.jpg,1,crazing,crazing,0.9995332956314087
/Users/christopherbrantner/local/work/projects/toyVisionModel/outputs/chips/validation/crazing/crazing_251_bb02.png,/Users/christopherbrantner/local/work/projects/toyVisionModel/NEU-DET/validation/images/crazing/crazing_251.jpg,2,crazing,crazing,0.9998452663421631
/Users/christopherbrantner/local/work/projects/toyVisionModel/outputs/chips/validation/crazing/crazing_252_bb00.png,/Users/christopherbrantner/local/work/projects/toyVisionModel/NEU-DET/validation/images/crazing/crazing_252.jpg,0,crazing,crazing,0.9996024966239929
/Users/christopherbrantner/local/work/projects/toyVisionModel/outputs/chips/validation/crazing/crazing_252_bb01.png,/Users/christopherbrantner/local/work/projects/toyVisionModel/NEU-DET/validation/images/crazing/crazing_252.jpg,1,crazing,crazing,0.9984704852104187
/Users/christopherbrantner/local/work/projects/toyVisionModel/outputs/chips/validation/crazing/crazing_252_bb02.png,/Users/christopherbrantner/local/work/projects/toyVisionModel/NEU-DET/validation/images/crazing/crazing_252.jpg,2,crazing,crazing,0.9997615218162537
/Users/christopherbrantner/local/work/projects/toyVisionModel/outputs/chips/validation/crazing/crazing_253_bb00.png,/Users/christopherbrantner/local/work/projects/toyVisionModel/NEU-DET/validation/images/crazing/crazing_253.jpg,0,crazing,crazing,0.999902606010437
/Users/christopherbrantner/local/work/projects/toyVisionModel/outputs/chips/validation/crazing/crazing_253_bb01.png,/Users/christopherbrantner/local/work/projects/toyVisionModel/NEU-DET/validation/images/crazing/crazing_253.jpg,1,crazing,crazing,0.999822199344635
/Users/christopherbrantner/local/work/projects/toyVisionModel/outputs/chips/validation/crazing/crazing_253_bb02.png,/Users/christopherbrantner/local/work/projects/toyVisionModel/NEU-DET/validation/images/crazing/crazing_253.jpg,2,crazing,crazing,0.9997565150260925
/Users/christopherbrantner/local/work/projects/toyVisionModel/outputs/chips/validation/crazing/crazing_254_bb00.png,/Users/christopherbrantner/local/work/projects/toyVisionModel/NEU-DET/validation/images/crazing/crazing_254.jpg,0,crazing,crazing,0.9990078806877136
/Users/christopherbrantner/local/work/projects/toyVisionModel/outputs/chips/validation/crazing/crazing_255_bb00.png,/Users/christopherbrantner/local/work/projects/toyVisionModel/NEU-DET/validation/images/crazing/crazing_255.jpg,0,crazing,crazing,0.9977509379386902
/Users/christopherbrantner/local/work/projects/toyVisionModel/outputs/chips/validation/crazing/crazing_255_bb01.png,/Users/christopherbrantner/local/work/projects/toyVisionModel/NEU-DET/validation/images/crazing/crazing_255.jpg,1,crazing,crazing,0.9976701140403748
/Users/christopherbrantner/local/work/projects/toyVisionModel/outputs/chips/validation/crazing/crazing_255_bb02.png,/Users/christopherbrantner/local/work/projects/toyVisionModel/NEU-DET/validation/images/crazing/crazing_255.jpg,2,crazing,crazing,0.9984826445579529
/Users/christopherbrantner/local/work/projects/toyVisionModel/outputs/chips/validation/crazing/crazing_256_bb00.png,/Users/christopherbrantner/local/work/projects/toyVisionModel/NEU-DET/validation/images/crazing/crazing_256.jpg,0,crazing,crazing,0.9971556663513184
/Users/christopherbrantner/local/work/projects/toyVisionModel/outputs/chips/validation/crazing/crazing_256_bb01.png,/Users/christopherbrantner/local/work/projects/toyVisionModel/NEU-DET/validation/images/crazing/crazing_256.jpg,1,crazing,crazing,0.9981739521026611
/Users/christopherbrantner/local/work/projects/toyVisionModel/outputs/chips/validation/crazing/crazing_256_bb02.png,/Users/christopherbrantner/local/work/projects/toyVisionModel/NEU-DET/validation/images/crazing/crazing_256.jpg,2,crazing,crazing,0.9989665746688843
/Users/christopherbrantner/local/work/projects/toyVisionModel/outputs/chips/validation/crazing/crazing_257_bb00.png,/Users/christopherbrantner/local/work/projects/toyVisionModel/NEU-DET/validation/images/crazing/crazing_257.jpg,0,crazing,crazing,0.9988382458686829
/Users/christopherbrantner/local/work/projects/toyVisionModel/outputs/chips/validation/crazing/crazing_257_bb01.png,/Users/christopherbrantner/local/work/projects/toyVisionModel/NEU-DET/validation/images/crazing/crazing_257.jpg,1,crazing,crazing,0.4657546281814575
/Users/christopherbrantner/local/work/projects/toyVisionModel/outputs/chips/validation/crazing/crazing_257_bb02.png,/Users/christopherbrantner/local/work/projects/toyVisionModel/NEU-DET/validation/images/crazing/crazing_257.jpg,2,crazing,crazing,0.9693478941917419
/Users/christopherbrantner/local/work/projects/toyVisionModel/outputs/chips/validation/crazing/crazing_258_bb00.png,/Users/christopherbrantner/local/work/projects/toyVisionModel/NEU-DET/validation/images/crazing/crazing_258.jpg,0,crazing,crazing,0.9989941716194153
/Users/christopherbrantner/local/work/projects/toyVisionModel/outputs/chips/validation/crazing/crazing_258_bb01.png,/Users/christopherbrantner/local/work/projects/toyVisionModel/NEU-DET/validation/images/crazing/crazing_258.jpg,1,crazing,crazing,0.9998319149017334
/Users/christopherbrantner/local/work/projects/toyVisionModel/outputs/chips/validation/crazing/crazing_259_bb00.png,/Users/christopherbrantner/local/work/projects/toyVisionModel/NEU-DET/validation/images/crazing/crazing_259.jpg,0,crazing,crazing,0.9983939528465271
/Users/christopherbrantner/local/work/projects/toyVisionModel/outputs/chips/validation/crazing/crazing_259_bb01.png,/Users/christopherbrantner/local/work/projects/toyVisionModel/NEU-DET/validation/images/crazing/crazing_259.jpg,1,crazing,crazing,0.9977545142173767
/Users/christopherbrantner/local/work/projects/toyVisionModel/outputs/chips/validation/crazing/crazing_259_bb02.png,/Users/christopherbrantner/local/work/projects/toyVisionModel/NEU-DET/validation/images/crazing/crazing_259.jpg,2,crazing,crazing,0.9984305500984192
/Users/christopherbrantner/local/work/projects/toyVisionModel/outputs/chips/validation/crazing/crazing_260_bb00.png,/Users/christopherbrantner/local/work/projects/toyVisionModel/NEU-DET/validation/images/crazing/crazing_260.jpg,0,crazing,crazing,0.9996398687362671
/Users/christopherbrantner/local/work/projects/toyVisionModel/outputs/chips/validation/crazing/crazing_260_bb01.png,/Users/christopherbrantner/local/work/projects/toyVisionModel/NEU-DET/validation/images/crazing/crazing_260.jpg,1,crazing,crazing,0.9988678693771362
/Users/christopherbrantner/local/work/projects/toyVisionModel/outputs/chips/validation/crazing/crazing_261_bb00.png,/Users/christopherbrantner/local/work/projects/toyVisionModel/NEU-DET/validation/images/crazing/crazing_261.jpg,0,crazing,crazing,0.9992844462394714
/Users/christopherbrantner/local/work/projects/toyVisionModel/outputs/chips/validation/crazing/crazing_261_bb01.png,/Users/christopherbrantner/local/work/projects/toyVisionModel/NEU-DET/validation/images/crazing/crazing_261.jpg,1,crazing,crazing,0.9997668862342834
/Users/christopherbrantner/local/work/projects/toyVisionModel/outputs/chips/validation/crazing/crazing_261_bb02.png,/Users/christopherbrantner/local/work/projects/toyVisionModel/NEU-DET/validation/images/crazing/crazing_261.jpg,2,crazing,crazing,0.998039186000824
/Users/christopherbrantner/local/work/projects/toyVisionModel/outputs/chips/validation/crazing/crazing_262_bb00.png,/Users/christopherbrantner/local/work/projects/toyVisionModel/NEU-DET/validation/images/crazing/crazing_262.jpg,0,crazing,crazing,0.9995985627174377
/Users/christopherbrantner/local/work/projects/toyVisionModel/outputs/chips/validation/crazing/crazing_262_bb01.png,/Users/christopherbrantner/local/work/projects/toyVisionModel/NEU-DET/validation/images/crazing/crazing_262.jpg,1,crazing,crazing,0.9986615180969238
/Users/christopherbrantner/local/work/projects/toyVisionModel/outputs/chips/validation/crazing/crazing_262_bb02.png,/Users/christopherbrantner/local/work/projects/toyVisionModel/NEU-DET/validation/images/crazing/crazing_262.jpg,2,crazing,crazing,0.9998868703842163
/Users/christopherbrantner/local/work/projects/toyVisionModel/outputs/chips/validation/crazing/crazing_263_bb00.png,/Users/christopherbrantner/local/work/projects/toyVisionModel/NEU-DET/validation/images/crazing/crazing_263.jpg,0,crazing,crazing,0.9994396567344666
/Users/christopherbrantner/local/work/projects/toyVisionModel/outputs/chips/validation/crazing/crazing_263_bb01.png,/Users/christopherbrantner/local/work/projects/toyVisionModel/NEU-DET/validation/images/crazing/crazing_263.jpg,1,crazing,crazing,0.9987824559211731
/Users/christopherbrantner/local/work/projects/toyVisionModel/outputs/chips/validation/crazing/crazing_264_bb00.png,/Users/christopherbrantner/local/work/projects/toyVisionModel/NEU-DET/validation/images/crazing/crazing_264.jpg,0,crazing,crazing,0.9998565912246704
/Users/christopherbrantner/local/work/projects/toyVisionModel/outputs/chips/validation/crazing/crazing_264_bb01.png,/Users/christopherbrantner/local/work/projects/toyVisionModel/NEU-DET/validation/images/crazing/crazing_264.jpg,1,crazing,crazing,0.9983312487602234
/Users/christopherbrantner/local/work/projects/toyVisionModel/outputs/chips/validation/crazing/crazing_265_bb00.png,/Users/christopherbrantner/local/work/projects/toyVisionModel/NEU-DET/validation/images/crazing/crazing_265.jpg,0,crazing,crazing,0.9978864789009094
/Users/christopherbrantner/local/work/projects/toyVisionModel/outputs/chips/validation/crazing/crazing_265_bb01.png,/Users/christopherbrantner/local/work/projects/toyVisionModel/NEU-DET/validation/images/crazing/crazing_265.jpg,1,crazing,crazing,0.9997290968894958
/Users/christopherbrantner/local/work/projects/toyVisionModel/outputs/chips/validation/crazing/crazing_266_bb00.png,/Users/christopherbrantner/local/work/projects/toyVisionModel/NEU-DET/validation/images/crazing/crazing_266.jpg,0,crazing,crazing,0.9989370703697205
/Users/christopherbrantner/local/work/projects/toyVisionModel/outputs/chips/validation/crazing/crazing_266_bb01.png,/Users/christopherbrantner/local/work/projects/toyVisionModel/NEU-DET/validation/images/crazing/crazing_266.jpg,1,crazing,crazing,0.9991760849952698
/Users/christopherbrantner/local/work/projects/toyVisionModel/outputs/chips/validation/crazing/crazing_267_bb00.png,/Users/christopherbrantner/local/work/projects/toyVisionModel/NEU-DET/validation/images/crazing/crazing_267.jpg,0,crazing,crazing,0.9983750581741333
/Users/christopherbrantner/local/work/projects/toyVisionModel/outputs/chips/validation/crazing/crazing_267_bb01.png,/Users/christopherbrantner/local/work/projects/toyVisionModel/NEU-DET/validation/images/crazing/crazing_267.jpg,1,crazing,crazing,0.9995062351226807
/Users/christopherbrantner/local/work/projects/toyVisionModel/outputs/chips/validation/crazing/crazing_267_bb02.png,/Users/christopherbrantner/local/work/projects/toyVisionModel/NEU-DET/validation/images/crazing/crazing_267.jpg,2,crazing,crazing,0.9999299049377441
/Users/christopherbrantner/local/work/projects/toyVisionModel/outputs/chips/validation/crazing/crazing_268_bb00.png,/Users/christopherbrantner/local/work/projects/toyVisionModel/NEU-DET/validation/images/crazing/crazing_268.jpg,0,crazing,crazing,0.9989932179450989
/Users/christopherbrantner/local/work/projects/toyVisionModel/outputs/chips/validation/crazing/crazing_268_bb01.png,/Users/christopherbrantner/local/work/projects/toyVisionModel/NEU-DET/validation/images/crazing/crazing_268.jpg,1,crazing,crazing,0.9987806677818298
/Users/christopherbrantner/local/work/projects/toyVisionModel/outputs/chips/validation/crazing/crazing_268_bb02.png,/Users/christopherbrantner/local/work/projects/toyVisionModel/NEU-DET/validation/images/crazing/crazing_268.jpg,2,crazing,crazing,0.998763918876648
/Users/christopherbrantner/local/work/projects/toyVisionModel/outputs/chips/validation/crazing/crazing_269_bb00.png,/Users/christopherbrantner/local/work/projects/toyVisionModel/NEU-DET/validation/images/crazing/crazing_269.jpg,0,crazing,crazing,0.9998251795768738
/Users/christopherbrantner/local/work/projects/toyVisionModel/outputs/chips/validation/crazing/crazing_269_bb01.png,/Users/christopherbrantner/local/work/projects/toyVisionModel/NEU-DET/validation/images/crazing/crazing_269.jpg,1,crazing,crazing,0.998451828956604
/Users/christopherbrantner/local/work/projects/toyVisionModel/outputs/chips/validation/crazing/crazing_269_bb02.png,/Users/christopherbrantner/local/work/projects/toyVisionModel/NEU-DET/validation/images/crazing/crazing_269.jpg,2,crazing,crazing,0.9998086094856262
/Users/christopherbrantner/local/work/projects/toyVisionModel/outputs/chips/validation/crazing/crazing_270_bb00.png,/Users/christopherbrantner/local/work/projects/toyVisionModel/NEU-DET/validation/images/crazing/crazing_270.jpg,0,crazing,crazing,0.9976856708526611
/Users/christopherbrantner/local/work/projects/toyVisionModel/outputs/chips/validation/crazing/crazing_270_bb01.png,/Users/christopherbrantner/local/work/projects/toyVisionModel/NEU-DET/validation/images/crazing/crazing_270.jpg,1,crazing,crazing,0.999409556388855
/Users/christopherbrantner/local/work/projects/toyVisionModel/outputs/chips/validation/crazing/crazing_270_bb02.png,/Users/christopherbrantner/local/work/projects/toyVisionModel/NEU-DET/validation/images/crazing/crazing_270.jpg,2,crazing,crazing,0.9996852874755859
/Users/christopherbrantner/local/work/projects/toyVisionModel/outputs/chips/validation/crazing/crazing_271_bb00.png,/Users/christopherbrantner/local/work/projects/toyVisionModel/NEU-DET/validation/images/crazing/crazing_271.jpg,0,crazing,crazing,0.9924448132514954
/Users/christopherbrantner/local/work/projects/toyVisionModel/outputs/chips/validation/crazing/crazing_271_bb01.png,/Users/christopherbrantner/local/work/projects/toyVisionModel/NEU-DET/validation/images/crazing/crazing_271.jpg,1,crazing,crazing,0.9998173117637634
/Users/christopherbrantner/local/work/projects/toyVisionModel/outputs/chips/validation/crazing/crazing_271_bb02.png,/Users/christopherbrantner/local/work/projects/toyVisionModel/NEU-DET/validation/images/crazing/crazing_271.jpg,2,crazing,crazing,0.9965032339096069
/Users/christopherbrantner/local/work/projects/toyVisionModel/outputs/chips/validation/crazing/crazing_271_bb03.png,/Users/christopherbrantner/local/work/projects/toyVisionModel/NEU-DET/validation/images/crazing/crazing_271.jpg,3,crazing,crazing,0.9982654452323914
/Users/christopherbrantner/local/work/projects/toyVisionModel/outputs/chips/validation/crazing/crazing_272_bb00.png,/Users/christopherbrantner/local/work/projects/toyVisionModel/NEU-DET/validation/images/crazing/crazing_272.jpg,0,crazing,crazing,0.9993439316749573
/Users/christopherbrantner/local/work/projects/toyVisionModel/outputs/chips/validation/crazing/crazing_272_bb01.png,/Users/christopherbrantner/local/work/projects/toyVisionModel/NEU-DET/validation/images/crazing/crazing_272.jpg,1,crazing,crazing,0.9991182684898376
/Users/christopherbrantner/local/work/projects/toyVisionModel/outputs/chips/validation/crazing/crazing_272_bb02.png,/Users/christopherbrantner/local/work/projects/toyVisionModel/NEU-DET/validation/images/crazing/crazing_272.jpg,2,crazing,crazing,0.9914972186088562
/Users/christopherbrantner/local/work/projects/toyVisionModel/outputs/chips/validation/crazing/crazing_273_bb00.png,/Users/christopherbrantner/local/work/projects/toyVisionModel/NEU-DET/validation/images/crazing/crazing_273.jpg,0,crazing,crazing,0.9905905723571777
/Users/christopherbrantner/local/work/projects/toyVisionModel/outputs/chips/validation/crazing/crazing_273_bb01.png,/Users/christopherbrantner/local/work/projects/toyVisionModel/NEU-DET/validation/images/crazing/crazing_273.jpg,1,crazing,crazing,0.9429820775985718
/Users/christopherbrantner/local/work/projects/toyVisionModel/outputs/chips/validation/crazing/crazing_273_bb02.png,/Users/christopherbrantner/local/work/projects/toyVisionModel/NEU-DET/validation/images/crazing/crazing_273.jpg,2,crazing,crazing,0.999776303768158
/Users/christopherbrantner/local/work/projects/toyVisionModel/outputs/chips/validation/crazing/crazing_274_bb00.png,/Users/christopherbrantner/local/work/projects/toyVisionModel/NEU-DET/validation/images/crazing/crazing_274.jpg,0,crazing,crazing,0.9984671473503113
/Users/christopherbrantner/local/work/projects/toyVisionModel/outputs/chips/validation/crazing/crazing_274_bb01.png,/Users/christopherbrantner/local/work/projects/toyVisionModel/NEU-DET/validation/images/crazing/crazing_274.jpg,1,crazing,crazing,0.9969894289970398
/Users/christopherbrantner/local/work/projects/toyVisionModel/outputs/chips/validation/crazing/crazing_274_bb02.png,/Users/christopherbrantner/local/work/projects/toyVisionModel/NEU-DET/validation/images/crazing/crazing_274.jpg,2,crazing,crazing,0.9953592419624329
/Users/christopherbrantner/local/work/projects/toyVisionModel/outputs/chips/validation/crazing/crazing_274_bb03.png,/Users/christopherbrantner/local/work/projects/toyVisionModel/NEU-DET/validation/images/crazing/crazing_274.jpg,3,crazing,crazing,0.9725140929222107
/Users/christopherbrantner/local/work/projects/toyVisionModel/outputs/chips/validation/crazing/crazing_275_bb00.png,/Users/christopherbrantner/local/work/projects/toyVisionModel/NEU-DET/validation/images/crazing/crazing_275.jpg,0,crazing,crazing,0.9996050000190735
/Users/christopherbrantner/local/work/projects/toyVisionModel/outputs/chips/validation/crazing/crazing_275_bb01.png,/Users/christopherbrantner/local/work/projects/toyVisionModel/NEU-DET/validation/images/crazing/crazing_275.jpg,1,crazing,crazing,0.9954535961151123
/Users/christopherbrantner/local/work/projects/toyVisionModel/outputs/chips/validation/crazing/crazing_275_bb02.png,/Users/christopherbrantner/local/work/projects/toyVisionModel/NEU-DET/validation/images/crazing/crazing_275.jpg,2,crazing,crazing,0.9992840886116028
/Users/christopherbrantner/local/work/projects/toyVisionModel/outputs/chips/validation/crazing/crazing_276_bb00.png,/Users/christopherbrantner/local/work/projects/toyVisionModel/NEU-DET/validation/images/crazing/crazing_276.jpg,0,crazing,crazing,0.9952660799026489
/Users/christopherbrantner/local/work/projects/toyVisionModel/outputs/chips/validation/crazing/crazing_276_bb01.png,/Users/christopherbrantner/local/work/projects/toyVisionModel/NEU-DET/validation/images/crazing/crazing_276.jpg,1,crazing,crazing,0.9993579983711243
/Users/christopherbrantner/local/work/projects/toyVisionModel/outputs/chips/validation/crazing/crazing_277_bb00.png,/Users/christopherbrantner/local/work/projects/toyVisionModel/NEU-DET/validation/images/crazing/crazing_277.jpg,0,crazing,crazing,0.9992145299911499
/Users/christopherbrantner/local/work/projects/toyVisionModel/outputs/chips/validation/crazing/crazing_277_bb01.png,/Users/christopherbrantner/local/work/projects/toyVisionModel/NEU-DET/validation/images/crazing/crazing_277.jpg,1,crazing,crazing,0.9996732473373413
/Users/christopherbrantner/local/work/projects/toyVisionModel/outputs/chips/validation/crazing/crazing_278_bb00.png,/Users/christopherbrantner/local/work/projects/toyVisionModel/NEU-DET/validation/images/crazing/crazing_278.jpg,0,crazing,crazing,0.9931892156600952
/Users/christopherbrantner/local/work/projects/toyVisionModel/outputs/chips/validation/crazing/crazing_278_bb01.png,/Users/christopherbrantner/local/work/projects/toyVisionModel/NEU-DET/validation/images/crazing/crazing_278.jpg,1,crazing,crazing,0.9980977177619934
/Users/christopherbrantner/local/work/projects/toyVisionModel/outputs/chips/validation/crazing/crazing_278_bb02.png,/Users/christopherbrantner/local/work/projects/toyVisionModel/NEU-DET/validation/images/crazing/crazing_278.jpg,2,crazing,crazing,0.9943832159042358
/Users/christopherbrantner/local/work/projects/toyVisionModel/outputs/chips/validation/crazing/crazing_278_bb03.png,/Users/christopherbrantner/local/work/projects/toyVisionModel/NEU-DET/validation/images/crazing/crazing_278.jpg,3,crazing,crazing,0.9376224279403687
/Users/christopherbrantner/local/work/projects/toyVisionModel/outputs/chips/validation/crazing/crazing_279_bb00.png,/Users/christopherbrantner/local/work/projects/toyVisionModel/NEU-DET/validation/images/crazing/crazing_279.jpg,0,crazing,crazing,0.9989326596260071
/Users/christopherbrantner/local/work/projects/toyVisionModel/outputs/chips/validation/crazing/crazing_279_bb01.png,/Users/christopherbrantner/local/work/projects/toyVisionModel/NEU-DET/validation/images/crazing/crazing_279.jpg,1,crazing,crazing,0.9983285069465637
/Users/christopherbrantner/local/work/projects/toyVisionModel/outputs/chips/validation/crazing/crazing_280_bb00.png,/Users/christopherbrantner/local/work/projects/toyVisionModel/NEU-DET/validation/images/crazing/crazing_280.jpg,0,crazing,crazing,0.9996862411499023
/Users/christopherbrantner/local/work/projects/toyVisionModel/outputs/chips/validation/crazing/crazing_281_bb00.png,/Users/christopherbrantner/local/work/projects/toyVisionModel/NEU-DET/validation/images/crazing/crazing_281.jpg,0,crazing,crazing,0.9993999004364014
/Users/christopherbrantner/local/work/projects/toyVisionModel/outputs/chips/validation/crazing/crazing_281_bb01.png,/Users/christopherbrantner/local/work/projects/toyVisionModel/NEU-DET/validation/images/crazing/crazing_281.jpg,1,crazing,crazing,0.9989328980445862
/Users/christopherbrantner/local/work/projects/toyVisionModel/outputs/chips/validation/crazing/crazing_282_bb00.png,/Users/christopherbrantner/local/work/projects/toyVisionModel/NEU-DET/validation/images/crazing/crazing_282.jpg,0,crazing,crazing,0.9988724589347839
/Users/christopherbrantner/local/work/projects/toyVisionModel/outputs/chips/validation/crazing/crazing_282_bb01.png,/Users/christopherbrantner/local/work/projects/toyVisionModel/NEU-DET/validation/images/crazing/crazing_282.jpg,1,crazing,crazing,0.9992154836654663
/Users/christopherbrantner/local/work/projects/toyVisionModel/outputs/chips/validation/crazing/crazing_283_bb00.png,/Users/christopherbrantner/local/work/projects/toyVisionModel/NEU-DET/validation/images/crazing/crazing_283.jpg,0,crazing,crazing,0.999373733997345
/Users/christopherbrantner/local/work/projects/toyVisionModel/outputs/chips/validation/crazing/crazing_283_bb01.png,/Users/christopherbrantner/local/work/projects/toyVisionModel/NEU-DET/validation/images/crazing/crazing_283.jpg,1,crazing,crazing,0.9998123049736023
/Users/christopherbrantner/local/work/projects/toyVisionModel/outputs/chips/validation/crazing/crazing_283_bb02.png,/Users/christopherbrantner/local/work/projects/toyVisionModel/NEU-DET/validation/images/crazing/crazing_283.jpg,2,crazing,crazing,0.9998069405555725
/Users/christopherbrantner/local/work/projects/toyVisionModel/outputs/chips/validation/crazing/crazing_283_bb03.png,/Users/christopherbrantner/local/work/projects/toyVisionModel/NEU-DET/validation/images/crazing/crazing_283.jpg,3,crazing,crazing,0.9995136260986328
/Users/christopherbrantner/local/work/projects/toyVisionModel/outputs/chips/validation/crazing/crazing_284_bb00.png,/Users/christopherbrantner/local/work/projects/toyVisionModel/NEU-DET/validation/images/crazing/crazing_284.jpg,0,crazing,crazing,0.9859077334403992
/Users/christopherbrantner/local/work/projects/toyVisionModel/outputs/chips/validation/crazing/crazing_284_bb01.png,/Users/christopherbrantner/local/work/projects/toyVisionModel/NEU-DET/validation/images/crazing/crazing_284.jpg,1,crazing,crazing,0.9992558360099792
/Users/christopherbrantner/local/work/projects/toyVisionModel/outputs/chips/validation/crazing/crazing_285_bb00.png,/Users/christopherbrantner/local/work/projects/toyVisionModel/NEU-DET/validation/images/crazing/crazing_285.jpg,0,crazing,crazing,0.9996663331985474
/Users/christopherbrantner/local/work/projects/toyVisionModel/outputs/chips/validation/crazing/crazing_285_bb01.png,/Users/christopherbrantner/local/work/projects/toyVisionModel/NEU-DET/validation/images/crazing/crazing_285.jpg,1,crazing,crazing,0.9995673298835754
/Users/christopherbrantner/local/work/projects/toyVisionModel/outputs/chips/validation/crazing/crazing_285_bb02.png,/Users/christopherbrantner/local/work/projects/toyVisionModel/NEU-DET/validation/images/crazing/crazing_285.jpg,2,crazing,crazing,0.9974084496498108
/Users/christopherbrantner/local/work/projects/toyVisionModel/outputs/chips/validation/crazing/crazing_286_bb00.png,/Users/christopherbrantner/local/work/projects/toyVisionModel/NEU-DET/validation/images/crazing/crazing_286.jpg,0,crazing,crazing,0.49551084637641907
/Users/christopherbrantner/local/work/projects/toyVisionModel/outputs/chips/validation/crazing/crazing_286_bb01.png,/Users/christopherbrantner/local/work/projects/toyVisionModel/NEU-DET/validation/images/crazing/crazing_286.jpg,1,crazing,crazing,0.7957108616828918
/Users/christopherbrantner/local/work/projects/toyVisionModel/outputs/chips/validation/crazing/crazing_286_bb02.png,/Users/christopherbrantner/local/work/projects/toyVisionModel/NEU-DET/validation/images/crazing/crazing_286.jpg,2,crazing,crazing,0.9975925087928772
/Users/christopherbrantner/local/work/projects/toyVisionModel/outputs/chips/validation/crazing/crazing_287_bb00.png,/Users/christopherbrantner/local/work/projects/toyVisionModel/NEU-DET/validation/images/crazing/crazing_287.jpg,0,crazing,crazing,0.9997625946998596
/Users/christopherbrantner/local/work/projects/toyVisionModel/outputs/chips/validation/crazing/crazing_287_bb01.png,/Users/christopherbrantner/local/work/projects/toyVisionModel/NEU-DET/validation/images/crazing/crazing_287.jpg,1,crazing,crazing,0.9996639490127563
/Users/christopherbrantner/local/work/projects/toyVisionModel/outputs/chips/validation/crazing/crazing_288_bb00.png,/Users/christopherbrantner/local/work/projects/toyVisionModel/NEU-DET/validation/images/crazing/crazing_288.jpg,0,crazing,crazing,0.9996939897537231
/Users/christopherbrantner/local/work/projects/toyVisionModel/outputs/chips/validation/crazing/crazing_288_bb01.png,/Users/christopherbrantner/local/work/projects/toyVisionModel/NEU-DET/validation/images/crazing/crazing_288.jpg,1,crazing,crazing,0.9949093461036682
/Users/christopherbrantner/local/work/projects/toyVisionModel/outputs/chips/validation/crazing/crazing_289_bb00.png,/Users/christopherbrantner/local/work/projects/toyVisionModel/NEU-DET/validation/images/crazing/crazing_289.jpg,0,crazing,crazing,0.9650613069534302
/Users/christopherbrantner/local/work/projects/toyVisionModel/outputs/chips/validation/crazing/crazing_290_bb00.png,/Users/christopherbrantner/local/work/projects/toyVisionModel/NEU-DET/validation/images/crazing/crazing_290.jpg,0,crazing,crazing,0.9979130625724792
/Users/christopherbrantner/local/work/projects/toyVisionModel/outputs/chips/validation/crazing/crazing_290_bb01.png,/Users/christopherbrantner/local/work/projects/toyVisionModel/NEU-DET/validation/images/crazing/crazing_290.jpg,1,crazing,crazing,0.9994627833366394
/Users/christopherbrantner/local/work/projects/toyVisionModel/outputs/chips/validation/crazing/crazing_290_bb02.png,/Users/christopherbrantner/local/work/projects/toyVisionModel/NEU-DET/validation/images/crazing/crazing_290.jpg,2,crazing,crazing,0.9594049453735352
/Users/christopherbrantner/local/work/projects/toyVisionModel/outputs/chips/validation/crazing/crazing_291_bb00.png,/Users/christopherbrantner/local/work/projects/toyVisionModel/NEU-DET/validation/images/crazing/crazing_291.jpg,0,crazing,crazing,0.9964972138404846
/Users/christopherbrantner/local/work/projects/toyVisionModel/outputs/chips/validation/crazing/crazing_291_bb01.png,/Users/christopherbrantner/local/work/projects/toyVisionModel/NEU-DET/validation/images/crazing/crazing_291.jpg,1,crazing,crazing,0.9960924983024597
/Users/christopherbrantner/local/work/projects/toyVisionModel/outputs/chips/validation/crazing/crazing_291_bb02.png,/Users/christopherbrantner/local/work/projects/toyVisionModel/NEU-DET/validation/images/crazing/crazing_291.jpg,2,crazing,crazing,0.9979215264320374
/Users/christopherbrantner/local/work/projects/toyVisionModel/outputs/chips/validation/crazing/crazing_292_bb00.png,/Users/christopherbrantner/local/work/projects/toyVisionModel/NEU-DET/validation/images/crazing/crazing_292.jpg,0,crazing,crazing,0.9993007183074951
/Users/christopherbrantner/local/work/projects/toyVisionModel/outputs/chips/validation/crazing/crazing_292_bb01.png,/Users/christopherbrantner/local/work/projects/toyVisionModel/NEU-DET/validation/images/crazing/crazing_292.jpg,1,crazing,crazing,0.9986079335212708
/Users/christopherbrantner/local/work/projects/toyVisionModel/outputs/chips/validation/crazing/crazing_292_bb02.png,/Users/christopherbrantner/local/work/projects/toyVisionModel/NEU-DET/validation/images/crazing/crazing_292.jpg,2,crazing,crazing,0.9979522228240967
/Users/christopherbrantner/local/work/projects/toyVisionModel/outputs/chips/validation/crazing/crazing_293_bb00.png,/Users/christopherbrantner/local/work/projects/toyVisionModel/NEU-DET/validation/images/crazing/crazing_293.jpg,0,crazing,crazing,0.9998583793640137
/Users/christopherbrantner/local/work/projects/toyVisionModel/outputs/chips/validation/crazing/crazing_293_bb01.png,/Users/christopherbrantner/local/work/projects/toyVisionModel/NEU-DET/validation/images/crazing/crazing_293.jpg,1,crazing,crazing,0.9999349117279053
/Users/christopherbrantner/local/work/projects/toyVisionModel/outputs/chips/validation/crazing/crazing_293_bb02.png,/Users/christopherbrantner/local/work/projects/toyVisionModel/NEU-DET/validation/images/crazing/crazing_293.jpg,2,crazing,crazing,0.9992352724075317
/Users/christopherbrantner/local/work/projects/toyVisionModel/outputs/chips/validation/crazing/crazing_294_bb00.png,/Users/christopherbrantner/local/work/projects/toyVisionModel/NEU-DET/validation/images/crazing/crazing_294.jpg,0,crazing,crazing,0.9999114274978638
/Users/christopherbrantner/local/work/projects/toyVisionModel/outputs/chips/validation/crazing/crazing_294_bb01.png,/Users/christopherbrantner/local/work/projects/toyVisionModel/NEU-DET/validation/images/crazing/crazing_294.jpg,1,crazing,crazing,0.9996709823608398
/Users/christopherbrantner/local/work/projects/toyVisionModel/outputs/chips/validation/crazing/crazing_295_bb00.png,/Users/christopherbrantner/local/work/projects/toyVisionModel/NEU-DET/validation/images/crazing/crazing_295.jpg,0,crazing,crazing,0.9997336268424988
/Users/christopherbrantner/local/work/projects/toyVisionModel/outputs/chips/validation/crazing/crazing_295_bb01.png,/Users/christopherbrantner/local/work/projects/toyVisionModel/NEU-DET/validation/images/crazing/crazing_295.jpg,1,crazing,crazing,0.9993778467178345
/Users/christopherbrantner/local/work/projects/toyVisionModel/outputs/chips/validation/crazing/crazing_296_bb00.png,/Users/christopherbrantner/local/work/projects/toyVisionModel/NEU-DET/validation/images/crazing/crazing_296.jpg,0,crazing,crazing,0.9942750334739685
/Users/christopherbrantner/local/work/projects/toyVisionModel/outputs/chips/validation/crazing/crazing_296_bb01.png,/Users/christopherbrantner/local/work/projects/toyVisionModel/NEU-DET/validation/images/crazing/crazing_296.jpg,1,crazing,crazing,0.995640754699707
/Users/christopherbrantner/local/work/projects/toyVisionModel/outputs/chips/validation/crazing/crazing_297_bb00.png,/Users/christopherbrantner/local/work/projects/toyVisionModel/NEU-DET/validation/images/crazing/crazing_297.jpg,0,crazing,crazing,0.9993482232093811
/Users/christopherbrantner/local/work/projects/toyVisionModel/outputs/chips/validation/crazing/crazing_297_bb01.png,/Users/christopherbrantner/local/work/projects/toyVisionModel/NEU-DET/validation/images/crazing/crazing_297.jpg,1,crazing,crazing,0.9976902008056641
/Users/christopherbrantner/local/work/projects/toyVisionModel/outputs/chips/validation/crazing/crazing_297_bb02.png,/Users/christopherbrantner/local/work/projects/toyVisionModel/NEU-DET/validation/images/crazing/crazing_297.jpg,2,crazing,crazing,0.9883367419242859
/Users/christopherbrantner/local/work/projects/toyVisionModel/outputs/chips/validation/crazing/crazing_298_bb00.png,/Users/christopherbrantner/local/work/projects/toyVisionModel/NEU-DET/validation/images/crazing/crazing_298.jpg,0,crazing,crazing,0.9990666508674622
/Users/christopherbrantner/local/work/projects/toyVisionModel/outputs/chips/validation/crazing/crazing_298_bb01.png,/Users/christopherbrantner/local/work/projects/toyVisionModel/NEU-DET/validation/images/crazing/crazing_298.jpg,1,crazing,crazing,0.9995445609092712
/Users/christopherbrantner/local/work/projects/toyVisionModel/outputs/chips/validation/crazing/crazing_299_bb00.png,/Users/christopherbrantner/local/work/projects/toyVisionModel/NEU-DET/validation/images/crazing/crazing_299.jpg,0,crazing,crazing,0.9641753435134888
/Users/christopherbrantner/local/work/projects/toyVisionModel/outputs/chips/validation/crazing/crazing_299_bb01.png,/Users/christopherbrantner/local/work/projects/toyVisionModel/NEU-DET/validation/images/crazing/crazing_299.jpg,1,crazing,crazing,0.9994046688079834
/Users/christopherbrantner/local/work/projects/toyVisionModel/outputs/chips/validation/crazing/crazing_299_bb02.png,/Users/christopherbrantner/local/work/projects/toyVisionModel/NEU-DET/validation/images/crazing/crazing_299.jpg,2,crazing,crazing,0.9967978596687317
/Users/christopherbrantner/local/work/projects/toyVisionModel/outputs/chips/validation/crazing/crazing_299_bb03.png,/Users/christopherbrantner/local/work/projects/toyVisionModel/NEU-DET/validation/images/crazing/crazing_299.jpg,3,crazing,crazing,0.9907476902008057
/Users/christopherbrantner/local/work/projects/toyVisionModel/outputs/chips/validation/crazing/crazing_300_bb00.png,/Users/christopherbrantner/local/work/projects/toyVisionModel/NEU-DET/validation/images/crazing/crazing_300.jpg,0,crazing,crazing,0.9976897239685059
/Users/christopherbrantner/local/work/projects/toyVisionModel/outputs/chips/validation/crazing/crazing_300_bb01.png,/Users/christopherbrantner/local/work/projects/toyVisionModel/NEU-DET/validation/images/crazing/crazing_300.jpg,1,crazing,crazing,0.9952008724212646
/Users/christopherbrantner/local/work/projects/toyVisionModel/outputs/chips/validation/crazing/crazing_300_bb02.png,/Users/christopherbrantner/local/work/projects/toyVisionModel/NEU-DET/validation/images/crazing/crazing_300.jpg,2,crazing,crazing,0.9991880059242249
/Users/christopherbrantner/local/work/projects/toyVisionModel/outputs/chips/validation/inclusion/inclusion_241_bb00.png,/Users/christopherbrantner/local/work/projects/toyVisionModel/NEU-DET/validation/images/inclusion/inclusion_241.jpg,0,inclusion,inclusion,0.9999463558197021
/Users/christopherbrantner/local/work/projects/toyVisionModel/outputs/chips/validation/inclusion/inclusion_241_bb01.png,/Users/christopherbrantner/local/work/projects/toyVisionModel/NEU-DET/validation/images/inclusion/inclusion_241.jpg,1,inclusion,inclusion,0.999984860420227
/Users/christopherbrantner/local/work/projects/toyVisionModel/outputs/chips/validation/inclusion/inclusion_242_bb00.png,/Users/christopherbrantner/local/work/projects/toyVisionModel/NEU-DET/validation/images/inclusion/inclusion_242.jpg,0,inclusion,inclusion,0.9999834299087524
/Users/christopherbrantner/local/work/projects/toyVisionModel/outputs/chips/validation/inclusion/inclusion_242_bb01.png,/Users/christopherbrantner/local/work/projects/toyVisionModel/NEU-DET/validation/images/inclusion/inclusion_242.jpg,1,inclusion,inclusion,0.9999852180480957
/Users/christopherbrantner/local/work/projects/toyVisionModel/outputs/chips/validation/inclusion/inclusion_243_bb00.png,/Users/christopherbrantner/local/work/projects/toyVisionModel/NEU-DET/validation/images/inclusion/inclusion_243.jpg,0,inclusion,inclusion,0.9999744892120361
/Users/christopherbrantner/local/work/projects/toyVisionModel/outputs/chips/validation/inclusion/inclusion_243_bb01.png,/Users/christopherbrantner/local/work/projects/toyVisionModel/NEU-DET/validation/images/inclusion/inclusion_243.jpg,1,inclusion,inclusion,0.9999858140945435
/Users/christopherbrantner/local/work/projects/toyVisionModel/outputs/chips/validation/inclusion/inclusion_243_bb02.png,/Users/christopherbrantner/local/work/projects/toyVisionModel/NEU-DET/validation/images/inclusion/inclusion_243.jpg,2,inclusion,inclusion,0.9994999170303345
/Users/christopherbrantner/local/work/projects/toyVisionModel/outputs/chips/validation/inclusion/inclusion_244_bb00.png,/Users/christopherbrantner/local/work/projects/toyVisionModel/NEU-DET/validation/images/inclusion/inclusion_244.jpg,0,inclusion,inclusion,0.9999878406524658
/Users/christopherbrantner/local/work/projects/toyVisionModel/outputs/chips/validation/inclusion/inclusion_244_bb01.png,/Users/christopherbrantner/local/work/projects/toyVisionModel/NEU-DET/validation/images/inclusion/inclusion_244.jpg,1,inclusion,inclusion,0.999981164932251
/Users/christopherbrantner/local/work/projects/toyVisionModel/outputs/chips/validation/inclusion/inclusion_244_bb02.png,/Users/christopherbrantner/local/work/projects/toyVisionModel/NEU-DET/validation/images/inclusion/inclusion_244.jpg,2,inclusion,inclusion,0.9999644756317139
/Users/christopherbrantner/local/work/projects/toyVisionModel/outputs/chips/validation/inclusion/inclusion_245_bb00.png,/Users/christopherbrantner/local/work/projects/toyVisionModel/NEU-DET/validation/images/inclusion/inclusion_245.jpg,0,inclusion,inclusion,0.9999855756759644
/Users/christopherbrantner/local/work/projects/toyVisionModel/outputs/chips/validation/inclusion/inclusion_246_bb00.png,/Users/christopherbrantner/local/work/projects/toyVisionModel/NEU-DET/validation/images/inclusion/inclusion_246.jpg,0,inclusion,inclusion,0.9999966621398926
/Users/christopherbrantner/local/work/projects/toyVisionModel/outputs/chips/validation/inclusion/inclusion_246_bb01.png,/Users/christopherbrantner/local/work/projects/toyVisionModel/NEU-DET/validation/images/inclusion/inclusion_246.jpg,1,inclusion,inclusion,0.9997369647026062
/Users/christopherbrantner/local/work/projects/toyVisionModel/outputs/chips/validation/inclusion/inclusion_247_bb00.png,/Users/christopherbrantner/local/work/projects/toyVisionModel/NEU-DET/validation/images/inclusion/inclusion_247.jpg,0,inclusion,inclusion,0.9997532963752747
/Users/christopherbrantner/local/work/projects/toyVisionModel/outputs/chips/validation/inclusion/inclusion_248_bb00.png,/Users/christopherbrantner/local/work/projects/toyVisionModel/NEU-DET/validation/images/inclusion/inclusion_248.jpg,0,inclusion,inclusion,0.999575674533844
/Users/christopherbrantner/local/work/projects/toyVisionModel/outputs/chips/validation/inclusion/inclusion_248_bb01.png,/Users/christopherbrantner/local/work/projects/toyVisionModel/NEU-DET/validation/images/inclusion/inclusion_248.jpg,1,inclusion,inclusion,0.9992645382881165
/Users/christopherbrantner/local/work/projects/toyVisionModel/outputs/chips/validation/inclusion/inclusion_249_bb00.png,/Users/christopherbrantner/local/work/projects/toyVisionModel/NEU-DET/validation/images/inclusion/inclusion_249.jpg,0,inclusion,inclusion,0.9999954700469971
/Users/christopherbrantner/local/work/projects/toyVisionModel/outputs/chips/validation/inclusion/inclusion_249_bb01.png,/Users/christopherbrantner/local/work/projects/toyVisionModel/NEU-DET/validation/images/inclusion/inclusion_249.jpg,1,inclusion,inclusion,0.9999722242355347
/Users/christopherbrantner/local/work/projects/toyVisionModel/outputs/chips/validation/inclusion/inclusion_250_bb00.png,/Users/christopherbrantner/local/work/projects/toyVisionModel/NEU-DET/validation/images/inclusion/inclusion_250.jpg,0,inclusion,inclusion,0.999988317489624
/Users/christopherbrantner/local/work/projects/toyVisionModel/outputs/chips/validation/inclusion/inclusion_251_bb00.png,/Users/christopherbrantner/local/work/projects/toyVisionModel/NEU-DET/validation/images/inclusion/inclusion_251.jpg,0,inclusion,inclusion,0.9996745586395264
/Users/christopherbrantner/local/work/projects/toyVisionModel/outputs/chips/validation/inclusion/inclusion_252_bb00.png,/Users/christopherbrantner/local/work/projects/toyVisionModel/NEU-DET/validation/images/inclusion/inclusion_252.jpg,0,inclusion,inclusion,0.9999895095825195
/Users/christopherbrantner/local/work/projects/toyVisionModel/outputs/chips/validation/inclusion/inclusion_252_bb01.png,/Users/christopherbrantner/local/work/projects/toyVisionModel/NEU-DET/validation/images/inclusion/inclusion_252.jpg,1,inclusion,inclusion,0.9998201727867126
/Users/christopherbrantner/local/work/projects/toyVisionModel/outputs/chips/validation/inclusion/inclusion_253_bb00.png,/Users/christopherbrantner/local/work/projects/toyVisionModel/NEU-DET/validation/images/inclusion/inclusion_253.jpg,0,inclusion,inclusion,0.9999994039535522
/Users/christopherbrantner/local/work/projects/toyVisionModel/outputs/chips/validation/inclusion/inclusion_254_bb00.png,/Users/christopherbrantner/local/work/projects/toyVisionModel/NEU-DET/validation/images/inclusion/inclusion_254.jpg,0,inclusion,inclusion,0.9999731779098511
/Users/christopherbrantner/local/work/projects/toyVisionModel/outputs/chips/validation/inclusion/inclusion_254_bb01.png,/Users/christopherbrantner/local/work/projects/toyVisionModel/NEU-DET/validation/images/inclusion/inclusion_254.jpg,1,inclusion,inclusion,0.9999668598175049
/Users/christopherbrantner/local/work/projects/toyVisionModel/outputs/chips/validation/inclusion/inclusion_255_bb00.png,/Users/christopherbrantner/local/work/projects/toyVisionModel/NEU-DET/validation/images/inclusion/inclusion_255.jpg,0,inclusion,inclusion,0.9999865293502808
/Users/christopherbrantner/local/work/projects/toyVisionModel/outputs/chips/validation/inclusion/inclusion_255_bb01.png,/Users/christopherbrantner/local/work/projects/toyVisionModel/NEU-DET/validation/images/inclusion/inclusion_255.jpg,1,inclusion,inclusion,0.9999978542327881
/Users/christopherbrantner/local/work/projects/toyVisionModel/outputs/chips/validation/inclusion/inclusion_256_bb00.png,/Users/christopherbrantner/local/work/projects/toyVisionModel/NEU-DET/validation/images/inclusion/inclusion_256.jpg,0,inclusion,inclusion,0.9999991655349731
/Users/christopherbrantner/local/work/projects/toyVisionModel/outputs/chips/validation/inclusion/inclusion_256_bb01.png,/Users/christopherbrantner/local/work/projects/toyVisionModel/NEU-DET/validation/images/inclusion/inclusion_256.jpg,1,inclusion,inclusion,0.9999982118606567
/Users/christopherbrantner/local/work/projects/toyVisionModel/outputs/chips/validation/inclusion/inclusion_257_bb00.png,/Users/christopherbrantner/local/work/projects/toyVisionModel/NEU-DET/validation/images/inclusion/inclusion_257.jpg,0,inclusion,inclusion,0.9999885559082031
/Users/christopherbrantner/local/work/projects/toyVisionModel/outputs/chips/validation/inclusion/inclusion_257_bb01.png,/Users/christopherbrantner/local/work/projects/toyVisionModel/NEU-DET/validation/images/inclusion/inclusion_257.jpg,1,inclusion,inclusion,0.9999915361404419
/Users/christopherbrantner/local/work/projects/toyVisionModel/outputs/chips/validation/inclusion/inclusion_258_bb00.png,/Users/christopherbrantner/local/work/projects/toyVisionModel/NEU-DET/validation/images/inclusion/inclusion_258.jpg,0,inclusion,inclusion,0.9999701976776123
/Users/christopherbrantner/local/work/projects/toyVisionModel/outputs/chips/validation/inclusion/inclusion_258_bb01.png,/Users/christopherbrantner/local/work/projects/toyVisionModel/NEU-DET/validation/images/inclusion/inclusion_258.jpg,1,inclusion,inclusion,0.9997681975364685
/Users/christopherbrantner/local/work/projects/toyVisionModel/outputs/chips/validation/inclusion/inclusion_259_bb00.png,/Users/christopherbrantner/local/work/projects/toyVisionModel/NEU-DET/validation/images/inclusion/inclusion_259.jpg,0,inclusion,inclusion,0.9999481439590454
/Users/christopherbrantner/local/work/projects/toyVisionModel/outputs/chips/validation/inclusion/inclusion_260_bb00.png,/Users/christopherbrantner/local/work/projects/toyVisionModel/NEU-DET/validation/images/inclusion/inclusion_260.jpg,0,inclusion,inclusion,0.9999979734420776
/Users/christopherbrantner/local/work/projects/toyVisionModel/outputs/chips/validation/inclusion/inclusion_260_bb01.png,/Users/christopherbrantner/local/work/projects/toyVisionModel/NEU-DET/validation/images/inclusion/inclusion_260.jpg,1,inclusion,inclusion,0.9999938011169434
/Users/christopherbrantner/local/work/projects/toyVisionModel/outputs/chips/validation/inclusion/inclusion_261_bb00.png,/Users/christopherbrantner/local/work/projects/toyVisionModel/NEU-DET/validation/images/inclusion/inclusion_261.jpg,0,inclusion,inclusion,0.9999971389770508
/Users/christopherbrantner/local/work/projects/toyVisionModel/outputs/chips/validation/inclusion/inclusion_261_bb01.png,/Users/christopherbrantner/local/work/projects/toyVisionModel/NEU-DET/validation/images/inclusion/inclusion_261.jpg,1,inclusion,inclusion,0.9999719858169556
/Users/christopherbrantner/local/work/projects/toyVisionModel/outputs/chips/validation/inclusion/inclusion_262_bb00.png,/Users/christopherbrantner/local/work/projects/toyVisionModel/NEU-DET/validation/images/inclusion/inclusion_262.jpg,0,inclusion,inclusion,0.9997478127479553
/Users/christopherbrantner/local/work/projects/toyVisionModel/outputs/chips/validation/inclusion/inclusion_262_bb01.png,/Users/christopherbrantner/local/work/projects/toyVisionModel/NEU-DET/validation/images/inclusion/inclusion_262.jpg,1,inclusion,inclusion,0.9994516968727112
/Users/christopherbrantner/local/work/projects/toyVisionModel/outputs/chips/validation/inclusion/inclusion_262_bb02.png,/Users/christopherbrantner/local/work/projects/toyVisionModel/NEU-DET/validation/images/inclusion/inclusion_262.jpg,2,inclusion,inclusion,0.9999995231628418
/Users/christopherbrantner/local/work/projects/toyVisionModel/outputs/chips/validation/inclusion/inclusion_263_bb00.png,/Users/christopherbrantner/local/work/projects/toyVisionModel/NEU-DET/validation/images/inclusion/inclusion_263.jpg,0,inclusion,inclusion,0.9998975992202759
/Users/christopherbrantner/local/work/projects/toyVisionModel/outputs/chips/validation/inclusion/inclusion_263_bb01.png,/Users/christopherbrantner/local/work/projects/toyVisionModel/NEU-DET/validation/images/inclusion/inclusion_263.jpg,1,inclusion,inclusion,0.9999046325683594
/Users/christopherbrantner/local/work/projects/toyVisionModel/outputs/chips/validation/inclusion/inclusion_264_bb00.png,/Users/christopherbrantner/local/work/projects/toyVisionModel/NEU-DET/validation/images/inclusion/inclusion_264.jpg,0,inclusion,inclusion,0.9999502897262573
/Users/christopherbrantner/local/work/projects/toyVisionModel/outputs/chips/validation/inclusion/inclusion_264_bb01.png,/Users/christopherbrantner/local/work/projects/toyVisionModel/NEU-DET/validation/images/inclusion/inclusion_264.jpg,1,inclusion,inclusion,0.9974789023399353
/Users/christopherbrantner/local/work/projects/toyVisionModel/outputs/chips/validation/inclusion/inclusion_264_bb02.png,/Users/christopherbrantner/local/work/projects/toyVisionModel/NEU-DET/validation/images/inclusion/inclusion_264.jpg,2,inclusion,inclusion,0.9999959468841553
/Users/christopherbrantner/local/work/projects/toyVisionModel/outputs/chips/validation/inclusion/inclusion_264_bb03.png,/Users/christopherbrantner/local/work/projects/toyVisionModel/NEU-DET/validation/images/inclusion/inclusion_264.jpg,3,inclusion,inclusion,0.9999998807907104
/Users/christopherbrantner/local/work/projects/toyVisionModel/outputs/chips/validation/inclusion/inclusion_265_bb00.png,/Users/christopherbrantner/local/work/projects/toyVisionModel/NEU-DET/validation/images/inclusion/inclusion_265.jpg,0,inclusion,inclusion,0.9999996423721313
/Users/christopherbrantner/local/work/projects/toyVisionModel/outputs/chips/validation/inclusion/inclusion_265_bb01.png,/Users/christopherbrantner/local/work/projects/toyVisionModel/NEU-DET/validation/images/inclusion/inclusion_265.jpg,1,inclusion,inclusion,0.9999958276748657
/Users/christopherbrantner/local/work/projects/toyVisionModel/outputs/chips/validation/inclusion/inclusion_265_bb02.png,/Users/christopherbrantner/local/work/projects/toyVisionModel/NEU-DET/validation/images/inclusion/inclusion_265.jpg,2,inclusion,inclusion,0.9922227263450623
/Users/christopherbrantner/local/work/projects/toyVisionModel/outputs/chips/validation/inclusion/inclusion_265_bb03.png,/Users/christopherbrantner/local/work/projects/toyVisionModel/NEU-DET/validation/images/inclusion/inclusion_265.jpg,3,inclusion,inclusion,0.9997578263282776
/Users/christopherbrantner/local/work/projects/toyVisionModel/outputs/chips/validation/inclusion/inclusion_266_bb00.png,/Users/christopherbrantner/local/work/projects/toyVisionModel/NEU-DET/validation/images/inclusion/inclusion_266.jpg,0,inclusion,inclusion,0.9999992847442627
/Users/christopherbrantner/local/work/projects/toyVisionModel/outputs/chips/validation/inclusion/inclusion_266_bb01.png,/Users/christopherbrantner/local/work/projects/toyVisionModel/NEU-DET/validation/images/inclusion/inclusion_266.jpg,1,inclusion,inclusion,0.9999986886978149
/Users/christopherbrantner/local/work/projects/toyVisionModel/outputs/chips/validation/inclusion/inclusion_266_bb02.png,/Users/christopherbrantner/local/work/projects/toyVisionModel/NEU-DET/validation/images/inclusion/inclusion_266.jpg,2,inclusion,inclusion,0.9999977350234985
/Users/christopherbrantner/local/work/projects/toyVisionModel/outputs/chips/validation/inclusion/inclusion_267_bb00.png,/Users/christopherbrantner/local/work/projects/toyVisionModel/NEU-DET/validation/images/inclusion/inclusion_267.jpg,0,inclusion,inclusion,0.9996980428695679
/Users/christopherbrantner/local/work/projects/toyVisionModel/outputs/chips/validation/inclusion/inclusion_267_bb01.png,/Users/christopherbrantner/local/work/projects/toyVisionModel/NEU-DET/validation/images/inclusion/inclusion_267.jpg,1,inclusion,inclusion,0.9999997615814209
/Users/christopherbrantner/local/work/projects/toyVisionModel/outputs/chips/validation/inclusion/inclusion_267_bb02.png,/Users/christopherbrantner/local/work/projects/toyVisionModel/NEU-DET/validation/images/inclusion/inclusion_267.jpg,2,inclusion,inclusion,0.9999988079071045
/Users/christopherbrantner/local/work/projects/toyVisionModel/outputs/chips/validation/inclusion/inclusion_268_bb00.png,/Users/christopherbrantner/local/work/projects/toyVisionModel/NEU-DET/validation/images/inclusion/inclusion_268.jpg,0,inclusion,inclusion,0.9998576641082764
/Users/christopherbrantner/local/work/projects/toyVisionModel/outputs/chips/validation/inclusion/inclusion_269_bb00.png,/Users/christopherbrantner/local/work/projects/toyVisionModel/NEU-DET/validation/images/inclusion/inclusion_269.jpg,0,inclusion,inclusion,0.999957799911499
/Users/christopherbrantner/local/work/projects/toyVisionModel/outputs/chips/validation/inclusion/inclusion_269_bb01.png,/Users/christopherbrantner/local/work/projects/toyVisionModel/NEU-DET/validation/images/inclusion/inclusion_269.jpg,1,inclusion,inclusion,0.9996784925460815
/Users/christopherbrantner/local/work/projects/toyVisionModel/outputs/chips/validation/inclusion/inclusion_269_bb02.png,/Users/christopherbrantner/local/work/projects/toyVisionModel/NEU-DET/validation/images/inclusion/inclusion_269.jpg,2,inclusion,inclusion,0.9489319920539856
/Users/christopherbrantner/local/work/projects/toyVisionModel/outputs/chips/validation/inclusion/inclusion_270_bb00.png,/Users/christopherbrantner/local/work/projects/toyVisionModel/NEU-DET/validation/images/inclusion/inclusion_270.jpg,0,inclusion,inclusion,0.9999997615814209
/Users/christopherbrantner/local/work/projects/toyVisionModel/outputs/chips/validation/inclusion/inclusion_271_bb00.png,/Users/christopherbrantner/local/work/projects/toyVisionModel/NEU-DET/validation/images/inclusion/inclusion_271.jpg,0,inclusion,inclusion,0.9998255372047424
/Users/christopherbrantner/local/work/projects/toyVisionModel/outputs/chips/validation/inclusion/inclusion_271_bb01.png,/Users/christopherbrantner/local/work/projects/toyVisionModel/NEU-DET/validation/images/inclusion/inclusion_271.jpg,1,inclusion,inclusion,0.9997972846031189
/Users/christopherbrantner/local/work/projects/toyVisionModel/outputs/chips/validation/inclusion/inclusion_271_bb02.png,/Users/christopherbrantner/local/work/projects/toyVisionModel/NEU-DET/validation/images/inclusion/inclusion_271.jpg,2,inclusion,inclusion,0.9923156499862671
/Users/christopherbrantner/local/work/projects/toyVisionModel/outputs/chips/validation/inclusion/inclusion_272_bb00.png,/Users/christopherbrantner/local/work/projects/toyVisionModel/NEU-DET/validation/images/inclusion/inclusion_272.jpg,0,inclusion,inclusion,0.9999990463256836
/Users/christopherbrantner/local/work/projects/toyVisionModel/outputs/chips/validation/inclusion/inclusion_272_bb01.png,/Users/christopherbrantner/local/work/projects/toyVisionModel/NEU-DET/validation/images/inclusion/inclusion_272.jpg,1,inclusion,inclusion,0.9999990463256836
/Users/christopherbrantner/local/work/projects/toyVisionModel/outputs/chips/validation/inclusion/inclusion_272_bb02.png,/Users/christopherbrantner/local/work/projects/toyVisionModel/NEU-DET/validation/images/inclusion/inclusion_272.jpg,2,inclusion,inclusion,0.9999960660934448
/Users/christopherbrantner/local/work/projects/toyVisionModel/outputs/chips/validation/inclusion/inclusion_273_bb00.png,/Users/christopherbrantner/local/work/projects/toyVisionModel/NEU-DET/validation/images/inclusion/inclusion_273.jpg,0,inclusion,inclusion,0.999998927116394
/Users/christopherbrantner/local/work/projects/toyVisionModel/outputs/chips/validation/inclusion/inclusion_273_bb01.png,/Users/christopherbrantner/local/work/projects/toyVisionModel/NEU-DET/validation/images/inclusion/inclusion_273.jpg,1,inclusion,inclusion,0.9999969005584717
/Users/christopherbrantner/local/work/projects/toyVisionModel/outputs/chips/validation/inclusion/inclusion_274_bb00.png,/Users/christopherbrantner/local/work/projects/toyVisionModel/NEU-DET/validation/images/inclusion/inclusion_274.jpg,0,inclusion,inclusion,0.9989606142044067
/Users/christopherbrantner/local/work/projects/toyVisionModel/outputs/chips/validation/inclusion/inclusion_274_bb01.png,/Users/christopherbrantner/local/work/projects/toyVisionModel/NEU-DET/validation/images/inclusion/inclusion_274.jpg,1,inclusion,inclusion,0.999516487121582
/Users/christopherbrantner/local/work/projects/toyVisionModel/outputs/chips/validation/inclusion/inclusion_274_bb02.png,/Users/christopherbrantner/local/work/projects/toyVisionModel/NEU-DET/validation/images/inclusion/inclusion_274.jpg,2,inclusion,inclusion,0.9999932050704956
/Users/christopherbrantner/local/work/projects/toyVisionModel/outputs/chips/validation/inclusion/inclusion_274_bb03.png,/Users/christopherbrantner/local/work/projects/toyVisionModel/NEU-DET/validation/images/inclusion/inclusion_274.jpg,3,inclusion,inclusion,0.9987097978591919
/Users/christopherbrantner/local/work/projects/toyVisionModel/outputs/chips/validation/inclusion/inclusion_275_bb00.png,/Users/christopherbrantner/local/work/projects/toyVisionModel/NEU-DET/validation/images/inclusion/inclusion_275.jpg,0,inclusion,inclusion,0.9999874830245972
/Users/christopherbrantner/local/work/projects/toyVisionModel/outputs/chips/validation/inclusion/inclusion_275_bb01.png,/Users/christopherbrantner/local/work/projects/toyVisionModel/NEU-DET/validation/images/inclusion/inclusion_275.jpg,1,inclusion,inclusion,0.9998408555984497
/Users/christopherbrantner/local/work/projects/toyVisionModel/outputs/chips/validation/inclusion/inclusion_275_bb02.png,/Users/christopherbrantner/local/work/projects/toyVisionModel/NEU-DET/validation/images/inclusion/inclusion_275.jpg,2,inclusion,inclusion,0.9999803304672241
/Users/christopherbrantner/local/work/projects/toyVisionModel/outputs/chips/validation/inclusion/inclusion_275_bb03.png,/Users/christopherbrantner/local/work/projects/toyVisionModel/NEU-DET/validation/images/inclusion/inclusion_275.jpg,3,inclusion,inclusion,0.9999966621398926
/Users/christopherbrantner/local/work/projects/toyVisionModel/outputs/chips/validation/inclusion/inclusion_275_bb04.png,/Users/christopherbrantner/local/work/projects/toyVisionModel/NEU-DET/validation/images/inclusion/inclusion_275.jpg,4,inclusion,inclusion,0.9999942779541016
/Users/christopherbrantner/local/work/projects/toyVisionModel/outputs/chips/validation/inclusion/inclusion_275_bb05.png,/Users/christopherbrantner/local/work/projects/toyVisionModel/NEU-DET/validation/images/inclusion/inclusion_275.jpg,5,inclusion,inclusion,0.9999995231628418
/Users/christopherbrantner/local/work/projects/toyVisionModel/outputs/chips/validation/inclusion/inclusion_276_bb00.png,/Users/christopherbrantner/local/work/projects/toyVisionModel/NEU-DET/validation/images/inclusion/inclusion_276.jpg,0,inclusion,inclusion,0.999972939491272
/Users/christopherbrantner/local/work/projects/toyVisionModel/outputs/chips/validation/inclusion/inclusion_276_bb01.png,/Users/christopherbrantner/local/work/projects/toyVisionModel/NEU-DET/validation/images/inclusion/inclusion_276.jpg,1,inclusion,inclusion,0.9999983310699463
/Users/christopherbrantner/local/work/projects/toyVisionModel/outputs/chips/validation/inclusion/inclusion_277_bb00.png,/Users/christopherbrantner/local/work/projects/toyVisionModel/NEU-DET/validation/images/inclusion/inclusion_277.jpg,0,inclusion,inclusion,0.9999953508377075
/Users/christopherbrantner/local/work/projects/toyVisionModel/outputs/chips/validation/inclusion/inclusion_278_bb00.png,/Users/christopherbrantner/local/work/projects/toyVisionModel/NEU-DET/validation/images/inclusion/inclusion_278.jpg,0,inclusion,inclusion,0.9999958276748657
/Users/christopherbrantner/local/work/projects/toyVisionModel/outputs/chips/validation/inclusion/inclusion_278_bb01.png,/Users/christopherbrantner/local/work/projects/toyVisionModel/NEU-DET/validation/images/inclusion/inclusion_278.jpg,1,inclusion,inclusion,0.9999909400939941
/Users/christopherbrantner/local/work/projects/toyVisionModel/outputs/chips/validation/inclusion/inclusion_278_bb02.png,/Users/christopherbrantner/local/work/projects/toyVisionModel/NEU-DET/validation/images/inclusion/inclusion_278.jpg,2,inclusion,inclusion,0.9999914169311523
/Users/christopherbrantner/local/work/projects/toyVisionModel/outputs/chips/validation/inclusion/inclusion_279_bb00.png,/Users/christopherbrantner/local/work/projects/toyVisionModel/NEU-DET/validation/images/inclusion/inclusion_279.jpg,0,inclusion,inclusion,0.9999985694885254
/Users/christopherbrantner/local/work/projects/toyVisionModel/outputs/chips/validation/inclusion/inclusion_279_bb01.png,/Users/christopherbrantner/local/work/projects/toyVisionModel/NEU-DET/validation/images/inclusion/inclusion_279.jpg,1,inclusion,inclusion,0.9999977350234985
/Users/christopherbrantner/local/work/projects/toyVisionModel/outputs/chips/validation/inclusion/inclusion_280_bb00.png,/Users/christopherbrantner/local/work/projects/toyVisionModel/NEU-DET/validation/images/inclusion/inclusion_280.jpg,0,inclusion,inclusion,0.9999083280563354
/Users/christopherbrantner/local/work/projects/toyVisionModel/outputs/chips/validation/inclusion/inclusion_280_bb01.png,/Users/christopherbrantner/local/work/projects/toyVisionModel/NEU-DET/validation/images/inclusion/inclusion_280.jpg,1,inclusion,inclusion,0.9999994039535522
/Users/christopherbrantner/local/work/projects/toyVisionModel/outputs/chips/validation/inclusion/inclusion_281_bb00.png,/Users/christopherbrantner/local/work/projects/toyVisionModel/NEU-DET/validation/images/inclusion/inclusion_281.jpg,0,inclusion,inclusion,0.9999991655349731
/Users/christopherbrantner/local/work/projects/toyVisionModel/outputs/chips/validation/inclusion/inclusion_281_bb01.png,/Users/christopherbrantner/local/work/projects/toyVisionModel/NEU-DET/validation/images/inclusion/inclusion_281.jpg,1,inclusion,inclusion,0.999998927116394
/Users/christopherbrantner/local/work/projects/toyVisionModel/outputs/chips/validation/inclusion/inclusion_282_bb00.png,/Users/christopherbrantner/local/work/projects/toyVisionModel/NEU-DET/validation/images/inclusion/inclusion_282.jpg,0,inclusion,inclusion,0.9999996423721313
/Users/christopherbrantner/local/work/projects/toyVisionModel/outputs/chips/validation/inclusion/inclusion_282_bb01.png,/Users/christopherbrantner/local/work/projects/toyVisionModel/NEU-DET/validation/images/inclusion/inclusion_282.jpg,1,inclusion,inclusion,0.9999992847442627
/Users/christopherbrantner/local/work/projects/toyVisionModel/outputs/chips/validation/inclusion/inclusion_283_bb00.png,/Users/christopherbrantner/local/work/projects/toyVisionModel/NEU-DET/validation/images/inclusion/inclusion_283.jpg,0,inclusion,inclusion,0.9999443292617798
/Users/christopherbrantner/local/work/projects/toyVisionModel/outputs/chips/validation/inclusion/inclusion_284_bb00.png,/Users/christopherbrantner/local/work/projects/toyVisionModel/NEU-DET/validation/images/inclusion/inclusion_284.jpg,0,inclusion,inclusion,0.9999980926513672
/Users/christopherbrantner/local/work/projects/toyVisionModel/outputs/chips/validation/inclusion/inclusion_284_bb01.png,/Users/christopherbrantner/local/work/projects/toyVisionModel/NEU-DET/validation/images/inclusion/inclusion_284.jpg,1,inclusion,inclusion,0.9988899827003479
/Users/christopherbrantner/local/work/projects/toyVisionModel/outputs/chips/validation/inclusion/inclusion_284_bb02.png,/Users/christopherbrantner/local/work/projects/toyVisionModel/NEU-DET/validation/images/inclusion/inclusion_284.jpg,2,inclusion,inclusion,0.9996080994606018
/Users/christopherbrantner/local/work/projects/toyVisionModel/outputs/chips/validation/inclusion/inclusion_285_bb00.png,/Users/christopherbrantner/local/work/projects/toyVisionModel/NEU-DET/validation/images/inclusion/inclusion_285.jpg,0,inclusion,inclusion,0.999963641166687
/Users/christopherbrantner/local/work/projects/toyVisionModel/outputs/chips/validation/inclusion/inclusion_286_bb00.png,/Users/christopherbrantner/local/work/projects/toyVisionModel/NEU-DET/validation/images/inclusion/inclusion_286.jpg,0,inclusion,inclusion,0.9999945163726807
/Users/christopherbrantner/local/work/projects/toyVisionModel/outputs/chips/validation/inclusion/inclusion_286_bb01.png,/Users/christopherbrantner/local/work/projects/toyVisionModel/NEU-DET/validation/images/inclusion/inclusion_286.jpg,1,inclusion,inclusion,0.9999998807907104
/Users/christopherbrantner/local/work/projects/toyVisionModel/outputs/chips/validation/inclusion/inclusion_287_bb00.png,/Users/christopherbrantner/local/work/projects/toyVisionModel/NEU-DET/validation/images/inclusion/inclusion_287.jpg,0,inclusion,inclusion,0.9999752044677734
/Users/christopherbrantner/local/work/projects/toyVisionModel/outputs/chips/validation/inclusion/inclusion_287_bb01.png,/Users/christopherbrantner/local/work/projects/toyVisionModel/NEU-DET/validation/images/inclusion/inclusion_287.jpg,1,inclusion,inclusion,0.9999959468841553
/Users/christopherbrantner/local/work/projects/toyVisionModel/outputs/chips/validation/inclusion/inclusion_287_bb02.png,/Users/christopherbrantner/local/work/projects/toyVisionModel/NEU-DET/validation/images/inclusion/inclusion_287.jpg,2,inclusion,inclusion,0.999769389629364
/Users/christopherbrantner/local/work/projects/toyVisionModel/outputs/chips/validation/inclusion/inclusion_287_bb03.png,/Users/christopherbrantner/local/work/projects/toyVisionModel/NEU-DET/validation/images/inclusion/inclusion_287.jpg,3,inclusion,inclusion,0.9999961853027344
/Users/christopherbrantner/local/work/projects/toyVisionModel/outputs/chips/validation/inclusion/inclusion_287_bb04.png,/Users/christopherbrantner/local/work/projects/toyVisionModel/NEU-DET/validation/images/inclusion/inclusion_287.jpg,4,inclusion,inclusion,0.9999815225601196
/Users/christopherbrantner/local/work/projects/toyVisionModel/outputs/chips/validation/inclusion/inclusion_287_bb05.png,/Users/christopherbrantner/local/work/projects/toyVisionModel/NEU-DET/validation/images/inclusion/inclusion_287.jpg,5,inclusion,inclusion,0.9999994039535522
/Users/christopherbrantner/local/work/projects/toyVisionModel/outputs/chips/validation/inclusion/inclusion_287_bb06.png,/Users/christopherbrantner/local/work/projects/toyVisionModel/NEU-DET/validation/images/inclusion/inclusion_287.jpg,6,inclusion,inclusion,0.9999717473983765
/Users/christopherbrantner/local/work/projects/toyVisionModel/outputs/chips/validation/inclusion/inclusion_287_bb07.png,/Users/christopherbrantner/local/work/projects/toyVisionModel/NEU-DET/validation/images/inclusion/inclusion_287.jpg,7,inclusion,inclusion,0.9999415874481201
/Users/christopherbrantner/local/work/projects/toyVisionModel/outputs/chips/validation/inclusion/inclusion_288_bb00.png,/Users/christopherbrantner/local/work/projects/toyVisionModel/NEU-DET/validation/images/inclusion/inclusion_288.jpg,0,inclusion,inclusion,0.999972939491272
/Users/christopherbrantner/local/work/projects/toyVisionModel/outputs/chips/validation/inclusion/inclusion_288_bb01.png,/Users/christopherbrantner/local/work/projects/toyVisionModel/NEU-DET/validation/images/inclusion/inclusion_288.jpg,1,inclusion,inclusion,0.9999432563781738
/Users/christopherbrantner/local/work/projects/toyVisionModel/outputs/chips/validation/inclusion/inclusion_289_bb00.png,/Users/christopherbrantner/local/work/projects/toyVisionModel/NEU-DET/validation/images/inclusion/inclusion_289.jpg,0,inclusion,inclusion,0.9999998807907104
/Users/christopherbrantner/local/work/projects/toyVisionModel/outputs/chips/validation/inclusion/inclusion_289_bb01.png,/Users/christopherbrantner/local/work/projects/toyVisionModel/NEU-DET/validation/images/inclusion/inclusion_289.jpg,1,inclusion,inclusion,0.9999996423721313
/Users/christopherbrantner/local/work/projects/toyVisionModel/outputs/chips/validation/inclusion/inclusion_289_bb02.png,/Users/christopherbrantner/local/work/projects/toyVisionModel/NEU-DET/validation/images/inclusion/inclusion_289.jpg,2,inclusion,inclusion,0.9999891519546509
/Users/christopherbrantner/local/work/projects/toyVisionModel/outputs/chips/validation/inclusion/inclusion_289_bb03.png,/Users/christopherbrantner/local/work/projects/toyVisionModel/NEU-DET/validation/images/inclusion/inclusion_289.jpg,3,inclusion,inclusion,0.9999998807907104
/Users/christopherbrantner/local/work/projects/toyVisionModel/outputs/chips/validation/inclusion/inclusion_290_bb00.png,/Users/christopherbrantner/local/work/projects/toyVisionModel/NEU-DET/validation/images/inclusion/inclusion_290.jpg,0,inclusion,inclusion,0.9999876022338867
/Users/christopherbrantner/local/work/projects/toyVisionModel/outputs/chips/validation/inclusion/inclusion_291_bb00.png,/Users/christopherbrantner/local/work/projects/toyVisionModel/NEU-DET/validation/images/inclusion/inclusion_291.jpg,0,inclusion,inclusion,0.9999973773956299
/Users/christopherbrantner/local/work/projects/toyVisionModel/outputs/chips/validation/inclusion/inclusion_291_bb01.png,/Users/christopherbrantner/local/work/projects/toyVisionModel/NEU-DET/validation/images/inclusion/inclusion_291.jpg,1,inclusion,inclusion,0.9999619722366333
/Users/christopherbrantner/local/work/projects/toyVisionModel/outputs/chips/validation/inclusion/inclusion_291_bb02.png,/Users/christopherbrantner/local/work/projects/toyVisionModel/NEU-DET/validation/images/inclusion/inclusion_291.jpg,2,inclusion,inclusion,0.9993613362312317
/Users/christopherbrantner/local/work/projects/toyVisionModel/outputs/chips/validation/inclusion/inclusion_291_bb03.png,/Users/christopherbrantner/local/work/projects/toyVisionModel/NEU-DET/validation/images/inclusion/inclusion_291.jpg,3,inclusion,inclusion,0.9999946355819702
/Users/christopherbrantner/local/work/projects/toyVisionModel/outputs/chips/validation/inclusion/inclusion_292_bb00.png,/Users/christopherbrantner/local/work/projects/toyVisionModel/NEU-DET/validation/images/inclusion/inclusion_292.jpg,0,inclusion,inclusion,0.9999886751174927
/Users/christopherbrantner/local/work/projects/toyVisionModel/outputs/chips/validation/inclusion/inclusion_292_bb01.png,/Users/christopherbrantner/local/work/projects/toyVisionModel/NEU-DET/validation/images/inclusion/inclusion_292.jpg,1,inclusion,inclusion,0.9999998807907104
/Users/christopherbrantner/local/work/projects/toyVisionModel/outputs/chips/validation/inclusion/inclusion_292_bb02.png,/Users/christopherbrantner/local/work/projects/toyVisionModel/NEU-DET/validation/images/inclusion/inclusion_292.jpg,2,inclusion,inclusion,0.9996891021728516
/Users/christopherbrantner/local/work/projects/toyVisionModel/outputs/chips/validation/inclusion/inclusion_292_bb03.png,/Users/christopherbrantner/local/work/projects/toyVisionModel/NEU-DET/validation/images/inclusion/inclusion_292.jpg,3,inclusion,inclusion,0.9999996423721313
/Users/christopherbrantner/local/work/projects/toyVisionModel/outputs/chips/validation/inclusion/inclusion_292_bb04.png,/Users/christopherbrantner/local/work/projects/toyVisionModel/NEU-DET/validation/images/inclusion/inclusion_292.jpg,4,inclusion,inclusion,0.999987006187439
/Users/christopherbrantner/local/work/projects/toyVisionModel/outputs/chips/validation/inclusion/inclusion_292_bb05.png,/Users/christopherbrantner/local/work/projects/toyVisionModel/NEU-DET/validation/images/inclusion/inclusion_292.jpg,5,inclusion,inclusion,0.9995309114456177
/Users/christopherbrantner/local/work/projects/toyVisionModel/outputs/chips/validation/inclusion/inclusion_292_bb06.png,/Users/christopherbrantner/local/work/projects/toyVisionModel/NEU-DET/validation/images/inclusion/inclusion_292.jpg,6,inclusion,inclusion,0.9999697208404541
/Users/christopherbrantner/local/work/projects/toyVisionModel/outputs/chips/validation/inclusion/inclusion_293_bb00.png,/Users/christopherbrantner/local/work/projects/toyVisionModel/NEU-DET/validation/images/inclusion/inclusion_293.jpg,0,inclusion,inclusion,0.9999363422393799
/Users/christopherbrantner/local/work/projects/toyVisionModel/outputs/chips/validation/inclusion/inclusion_293_bb01.png,/Users/christopherbrantner/local/work/projects/toyVisionModel/NEU-DET/validation/images/inclusion/inclusion_293.jpg,1,inclusion,inclusion,0.9999978542327881
/Users/christopherbrantner/local/work/projects/toyVisionModel/outputs/chips/validation/inclusion/inclusion_293_bb02.png,/Users/christopherbrantner/local/work/projects/toyVisionModel/NEU-DET/validation/images/inclusion/inclusion_293.jpg,2,inclusion,inclusion,0.9999855756759644
/Users/christopherbrantner/local/work/projects/toyVisionModel/outputs/chips/validation/inclusion/inclusion_294_bb00.png,/Users/christopherbrantner/local/work/projects/toyVisionModel/NEU-DET/validation/images/inclusion/inclusion_294.jpg,0,inclusion,inclusion,0.9999994039535522
/Users/christopherbrantner/local/work/projects/toyVisionModel/outputs/chips/validation/inclusion/inclusion_294_bb01.png,/Users/christopherbrantner/local/work/projects/toyVisionModel/NEU-DET/validation/images/inclusion/inclusion_294.jpg,1,inclusion,inclusion,1.0
/Users/christopherbrantner/local/work/projects/toyVisionModel/outputs/chips/validation/inclusion/inclusion_295_bb00.png,/Users/christopherbrantner/local/work/projects/toyVisionModel/NEU-DET/validation/images/inclusion/inclusion_295.jpg,0,inclusion,inclusion,0.999997615814209
/Users/christopherbrantner/local/work/projects/toyVisionModel/outputs/chips/validation/inclusion/inclusion_295_bb01.png,/Users/christopherbrantner/local/work/projects/toyVisionModel/NEU-DET/validation/images/inclusion/inclusion_295.jpg,1,inclusion,inclusion,0.9999998807907104
/Users/christopherbrantner/local/work/projects/toyVisionModel/outputs/chips/validation/inclusion/inclusion_296_bb00.png,/Users/christopherbrantner/local/work/projects/toyVisionModel/NEU-DET/validation/images/inclusion/inclusion_296.jpg,0,inclusion,inclusion,0.6729918718338013
/Users/christopherbrantner/local/work/projects/toyVisionModel/outputs/chips/validation/inclusion/inclusion_296_bb01.png,/Users/christopherbrantner/local/work/projects/toyVisionModel/NEU-DET/validation/images/inclusion/inclusion_296.jpg,1,inclusion,inclusion,0.9999024868011475
/Users/christopherbrantner/local/work/projects/toyVisionModel/outputs/chips/validation/inclusion/inclusion_297_bb00.png,/Users/christopherbrantner/local/work/projects/toyVisionModel/NEU-DET/validation/images/inclusion/inclusion_297.jpg,0,inclusion,inclusion,0.9354583621025085
/Users/christopherbrantner/local/work/projects/toyVisionModel/outputs/chips/validation/inclusion/inclusion_298_bb00.png,/Users/christopherbrantner/local/work/projects/toyVisionModel/NEU-DET/validation/images/inclusion/inclusion_298.jpg,0,inclusion,inclusion,0.9999983310699463
/Users/christopherbrantner/local/work/projects/toyVisionModel/outputs/chips/validation/inclusion/inclusion_298_bb01.png,/Users/christopherbrantner/local/work/projects/toyVisionModel/NEU-DET/validation/images/inclusion/inclusion_298.jpg,1,inclusion,inclusion,0.9999986886978149
/Users/christopherbrantner/local/work/projects/toyVisionModel/outputs/chips/validation/inclusion/inclusion_298_bb02.png,/Users/christopherbrantner/local/work/projects/toyVisionModel/NEU-DET/validation/images/inclusion/inclusion_298.jpg,2,inclusion,inclusion,0.9998825788497925
/Users/christopherbrantner/local/work/projects/toyVisionModel/outputs/chips/validation/inclusion/inclusion_298_bb03.png,/Users/christopherbrantner/local/work/projects/toyVisionModel/NEU-DET/validation/images/inclusion/inclusion_298.jpg,3,inclusion,inclusion,0.9256356358528137
/Users/christopherbrantner/local/work/projects/toyVisionModel/outputs/chips/validation/inclusion/inclusion_298_bb04.png,/Users/christopherbrantner/local/work/projects/toyVisionModel/NEU-DET/validation/images/inclusion/inclusion_298.jpg,4,inclusion,inclusion,0.9998859167098999
/Users/christopherbrantner/local/work/projects/toyVisionModel/outputs/chips/validation/inclusion/inclusion_299_bb00.png,/Users/christopherbrantner/local/work/projects/toyVisionModel/NEU-DET/validation/images/inclusion/inclusion_299.jpg,0,inclusion,inclusion,0.9999338388442993
/Users/christopherbrantner/local/work/projects/toyVisionModel/outputs/chips/validation/inclusion/inclusion_299_bb01.png,/Users/christopherbrantner/local/work/projects/toyVisionModel/NEU-DET/validation/images/inclusion/inclusion_299.jpg,1,inclusion,inclusion,0.9999711513519287
/Users/christopherbrantner/local/work/projects/toyVisionModel/outputs/chips/validation/inclusion/inclusion_300_bb00.png,/Users/christopherbrantner/local/work/projects/toyVisionModel/NEU-DET/validation/images/inclusion/inclusion_300.jpg,0,inclusion,inclusion,1.0
/Users/christopherbrantner/local/work/projects/toyVisionModel/outputs/chips/validation/inclusion/inclusion_300_bb01.png,/Users/christopherbrantner/local/work/projects/toyVisionModel/NEU-DET/validation/images/inclusion/inclusion_300.jpg,1,inclusion,inclusion,0.9999973773956299
/Users/christopherbrantner/local/work/projects/toyVisionModel/outputs/chips/validation/inclusion/inclusion_300_bb02.png,/Users/christopherbrantner/local/work/projects/toyVisionModel/NEU-DET/validation/images/inclusion/inclusion_300.jpg,2,inclusion,inclusion,0.9999645948410034
/Users/christopherbrantner/local/work/projects/toyVisionModel/outputs/chips/validation/inclusion/patches_245_bb06.png,/Users/christopherbrantner/local/work/projects/toyVisionModel/NEU-DET/validation/images/patches/patches_245.jpg,6,inclusion,inclusion,0.9999814033508301
/Users/christopherbrantner/local/work/projects/toyVisionModel/outputs/chips/validation/inclusion/patches_249_bb02.png,/Users/christopherbrantner/local/work/projects/toyVisionModel/NEU-DET/validation/images/patches/patches_249.jpg,2,inclusion,inclusion,0.9999833106994629
/Users/christopherbrantner/local/work/projects/toyVisionModel/outputs/chips/validation/inclusion/patches_259_bb03.png,/Users/christopherbrantner/local/work/projects/toyVisionModel/NEU-DET/validation/images/patches/patches_259.jpg,3,inclusion,inclusion,0.9984328150749207
/Users/christopherbrantner/local/work/projects/toyVisionModel/outputs/chips/validation/inclusion/patches_259_bb04.png,/Users/christopherbrantner/local/work/projects/toyVisionModel/NEU-DET/validation/images/patches/patches_259.jpg,4,inclusion,inclusion,0.9997958540916443
/Users/christopherbrantner/local/work/projects/toyVisionModel/outputs/chips/validation/inclusion/patches_260_bb01.png,/Users/christopherbrantner/local/work/projects/toyVisionModel/NEU-DET/validation/images/patches/patches_260.jpg,1,inclusion,crazing,0.9159404635429382
/Users/christopherbrantner/local/work/projects/toyVisionModel/outputs/chips/validation/inclusion/patches_265_bb03.png,/Users/christopherbrantner/local/work/projects/toyVisionModel/NEU-DET/validation/images/patches/patches_265.jpg,3,inclusion,inclusion,0.9997633099555969
/Users/christopherbrantner/local/work/projects/toyVisionModel/outputs/chips/validation/inclusion/patches_274_bb01.png,/Users/christopherbrantner/local/work/projects/toyVisionModel/NEU-DET/validation/images/patches/patches_274.jpg,1,inclusion,inclusion,0.9999129772186279
/Users/christopherbrantner/local/work/projects/toyVisionModel/outputs/chips/validation/inclusion/pitted_surface_279_bb01.png,/Users/christopherbrantner/local/work/projects/toyVisionModel/NEU-DET/validation/images/pitted_surface/pitted_surface_279.jpg,1,inclusion,inclusion,0.7974172830581665
/Users/christopherbrantner/local/work/projects/toyVisionModel/outputs/chips/validation/inclusion/pitted_surface_281_bb01.png,/Users/christopherbrantner/local/work/projects/toyVisionModel/NEU-DET/validation/images/pitted_surface/pitted_surface_281.jpg,1,inclusion,inclusion,0.9999444484710693
/Users/christopherbrantner/local/work/projects/toyVisionModel/outputs/chips/validation/inclusion/scratches_242_bb02.png,/Users/christopherbrantner/local/work/projects/toyVisionModel/NEU-DET/validation/images/scratches/scratches_242.jpg,2,inclusion,patches,0.7075837850570679
/Users/christopherbrantner/local/work/projects/toyVisionModel/outputs/chips/validation/inclusion/scratches_244_bb03.png,/Users/christopherbrantner/local/work/projects/toyVisionModel/NEU-DET/validation/images/scratches/scratches_244.jpg,3,inclusion,inclusion,0.9666517972946167
/Users/christopherbrantner/local/work/projects/toyVisionModel/outputs/chips/validation/inclusion/scratches_290_bb02.png,/Users/christopherbrantner/local/work/projects/toyVisionModel/NEU-DET/validation/images/scratches/scratches_290.jpg,2,inclusion,inclusion,0.989080011844635
/Users/christopherbrantner/local/work/projects/toyVisionModel/outputs/chips/validation/patches/patches_241_bb00.png,/Users/christopherbrantner/local/work/projects/toyVisionModel/NEU-DET/validation/images/patches/patches_241.jpg,0,patches,patches,0.9999997615814209
/Users/christopherbrantner/local/work/projects/toyVisionModel/outputs/chips/validation/patches/patches_242_bb00.png,/Users/christopherbrantner/local/work/projects/toyVisionModel/NEU-DET/validation/images/patches/patches_242.jpg,0,patches,patches,0.9999988079071045
/Users/christopherbrantner/local/work/projects/toyVisionModel/outputs/chips/validation/patches/patches_242_bb01.png,/Users/christopherbrantner/local/work/projects/toyVisionModel/NEU-DET/validation/images/patches/patches_242.jpg,1,patches,patches,0.9999901056289673
/Users/christopherbrantner/local/work/projects/toyVisionModel/outputs/chips/validation/patches/patches_242_bb02.png,/Users/christopherbrantner/local/work/projects/toyVisionModel/NEU-DET/validation/images/patches/patches_242.jpg,2,patches,patches,0.9999946355819702
/Users/christopherbrantner/local/work/projects/toyVisionModel/outputs/chips/validation/patches/patches_243_bb00.png,/Users/christopherbrantner/local/work/projects/toyVisionModel/NEU-DET/validation/images/patches/patches_243.jpg,0,patches,patches,0.9999986886978149
/Users/christopherbrantner/local/work/projects/toyVisionModel/outputs/chips/validation/patches/patches_243_bb01.png,/Users/christopherbrantner/local/work/projects/toyVisionModel/NEU-DET/validation/images/patches/patches_243.jpg,1,patches,patches,0.9999501705169678
/Users/christopherbrantner/local/work/projects/toyVisionModel/outputs/chips/validation/patches/patches_243_bb02.png,/Users/christopherbrantner/local/work/projects/toyVisionModel/NEU-DET/validation/images/patches/patches_243.jpg,2,patches,patches,0.9999854564666748
/Users/christopherbrantner/local/work/projects/toyVisionModel/outputs/chips/validation/patches/patches_243_bb03.png,/Users/christopherbrantner/local/work/projects/toyVisionModel/NEU-DET/validation/images/patches/patches_243.jpg,3,patches,patches,0.9999982118606567
/Users/christopherbrantner/local/work/projects/toyVisionModel/outputs/chips/validation/patches/patches_243_bb04.png,/Users/christopherbrantner/local/work/projects/toyVisionModel/NEU-DET/validation/images/patches/patches_243.jpg,4,patches,patches,0.9999743700027466
/Users/christopherbrantner/local/work/projects/toyVisionModel/outputs/chips/validation/patches/patches_244_bb00.png,/Users/christopherbrantner/local/work/projects/toyVisionModel/NEU-DET/validation/images/patches/patches_244.jpg,0,patches,patches,0.999982476234436
/Users/christopherbrantner/local/work/projects/toyVisionModel/outputs/chips/validation/patches/patches_244_bb01.png,/Users/christopherbrantner/local/work/projects/toyVisionModel/NEU-DET/validation/images/patches/patches_244.jpg,1,patches,patches,0.9998766183853149
/Users/christopherbrantner/local/work/projects/toyVisionModel/outputs/chips/validation/patches/patches_245_bb00.png,/Users/christopherbrantner/local/work/projects/toyVisionModel/NEU-DET/validation/images/patches/patches_245.jpg,0,patches,patches,0.9999995231628418
/Users/christopherbrantner/local/work/projects/toyVisionModel/outputs/chips/validation/patches/patches_245_bb01.png,/Users/christopherbrantner/local/work/projects/toyVisionModel/NEU-DET/validation/images/patches/patches_245.jpg,1,patches,patches,0.9996069073677063
/Users/christopherbrantner/local/work/projects/toyVisionModel/outputs/chips/validation/patches/patches_245_bb02.png,/Users/christopherbrantner/local/work/projects/toyVisionModel/NEU-DET/validation/images/patches/patches_245.jpg,2,patches,patches,0.9999986886978149
/Users/christopherbrantner/local/work/projects/toyVisionModel/outputs/chips/validation/patches/patches_245_bb03.png,/Users/christopherbrantner/local/work/projects/toyVisionModel/NEU-DET/validation/images/patches/patches_245.jpg,3,patches,patches,0.9746363162994385
/Users/christopherbrantner/local/work/projects/toyVisionModel/outputs/chips/validation/patches/patches_245_bb04.png,/Users/christopherbrantner/local/work/projects/toyVisionModel/NEU-DET/validation/images/patches/patches_245.jpg,4,patches,patches,0.9999988079071045
/Users/christopherbrantner/local/work/projects/toyVisionModel/outputs/chips/validation/patches/patches_245_bb05.png,/Users/christopherbrantner/local/work/projects/toyVisionModel/NEU-DET/validation/images/patches/patches_245.jpg,5,patches,patches,0.7867142558097839
/Users/christopherbrantner/local/work/projects/toyVisionModel/outputs/chips/validation/patches/patches_246_bb00.png,/Users/christopherbrantner/local/work/projects/toyVisionModel/NEU-DET/validation/images/patches/patches_246.jpg,0,patches,patches,0.9999996423721313
/Users/christopherbrantner/local/work/projects/toyVisionModel/outputs/chips/validation/patches/patches_246_bb01.png,/Users/christopherbrantner/local/work/projects/toyVisionModel/NEU-DET/validation/images/patches/patches_246.jpg,1,patches,patches,0.9999963045120239
/Users/christopherbrantner/local/work/projects/toyVisionModel/outputs/chips/validation/patches/patches_246_bb02.png,/Users/christopherbrantner/local/work/projects/toyVisionModel/NEU-DET/validation/images/patches/patches_246.jpg,2,patches,patches,0.9999849796295166
/Users/christopherbrantner/local/work/projects/toyVisionModel/outputs/chips/validation/patches/patches_246_bb03.png,/Users/christopherbrantner/local/work/projects/toyVisionModel/NEU-DET/validation/images/patches/patches_246.jpg,3,patches,patches,0.9999760389328003
/Users/christopherbrantner/local/work/projects/toyVisionModel/outputs/chips/validation/patches/patches_246_bb04.png,/Users/christopherbrantner/local/work/projects/toyVisionModel/NEU-DET/validation/images/patches/patches_246.jpg,4,patches,patches,0.9996005892753601
/Users/christopherbrantner/local/work/projects/toyVisionModel/outputs/chips/validation/patches/patches_247_bb00.png,/Users/christopherbrantner/local/work/projects/toyVisionModel/NEU-DET/validation/images/patches/patches_247.jpg,0,patches,patches,0.9999942779541016
/Users/christopherbrantner/local/work/projects/toyVisionModel/outputs/chips/validation/patches/patches_247_bb01.png,/Users/christopherbrantner/local/work/projects/toyVisionModel/NEU-DET/validation/images/patches/patches_247.jpg,1,patches,patches,0.9999830722808838
/Users/christopherbrantner/local/work/projects/toyVisionModel/outputs/chips/validation/patches/patches_248_bb00.png,/Users/christopherbrantner/local/work/projects/toyVisionModel/NEU-DET/validation/images/patches/patches_248.jpg,0,patches,patches,0.9999957084655762
/Users/christopherbrantner/local/work/projects/toyVisionModel/outputs/chips/validation/patches/patches_248_bb01.png,/Users/christopherbrantner/local/work/projects/toyVisionModel/NEU-DET/validation/images/patches/patches_248.jpg,1,patches,patches,0.9999959468841553
/Users/christopherbrantner/local/work/projects/toyVisionModel/outputs/chips/validation/patches/patches_248_bb02.png,/Users/christopherbrantner/local/work/projects/toyVisionModel/NEU-DET/validation/images/patches/patches_248.jpg,2,patches,patches,0.9981781244277954
/Users/christopherbrantner/local/work/projects/toyVisionModel/outputs/chips/validation/patches/patches_248_bb03.png,/Users/christopherbrantner/local/work/projects/toyVisionModel/NEU-DET/validation/images/patches/patches_248.jpg,3,patches,patches,0.9999972581863403
/Users/christopherbrantner/local/work/projects/toyVisionModel/outputs/chips/validation/patches/patches_248_bb04.png,/Users/christopherbrantner/local/work/projects/toyVisionModel/NEU-DET/validation/images/patches/patches_248.jpg,4,patches,patches,0.9999308586120605
/Users/christopherbrantner/local/work/projects/toyVisionModel/outputs/chips/validation/patches/patches_249_bb00.png,/Users/christopherbrantner/local/work/projects/toyVisionModel/NEU-DET/validation/images/patches/patches_249.jpg,0,patches,patches,0.9999922513961792
/Users/christopherbrantner/local/work/projects/toyVisionModel/outputs/chips/validation/patches/patches_249_bb01.png,/Users/christopherbrantner/local/work/projects/toyVisionModel/NEU-DET/validation/images/patches/patches_249.jpg,1,patches,patches,0.9999898672103882
/Users/christopherbrantner/local/work/projects/toyVisionModel/outputs/chips/validation/patches/patches_250_bb00.png,/Users/christopherbrantner/local/work/projects/toyVisionModel/NEU-DET/validation/images/patches/patches_250.jpg,0,patches,patches,0.9999988079071045
/Users/christopherbrantner/local/work/projects/toyVisionModel/outputs/chips/validation/patches/patches_250_bb01.png,/Users/christopherbrantner/local/work/projects/toyVisionModel/NEU-DET/validation/images/patches/patches_250.jpg,1,patches,patches,0.9999972581863403
/Users/christopherbrantner/local/work/projects/toyVisionModel/outputs/chips/validation/patches/patches_250_bb02.png,/Users/christopherbrantner/local/work/projects/toyVisionModel/NEU-DET/validation/images/patches/patches_250.jpg,2,patches,patches,0.9999890327453613
/Users/christopherbrantner/local/work/projects/toyVisionModel/outputs/chips/validation/patches/patches_250_bb03.png,/Users/christopherbrantner/local/work/projects/toyVisionModel/NEU-DET/validation/images/patches/patches_250.jpg,3,patches,patches,0.9994890689849854
/Users/christopherbrantner/local/work/projects/toyVisionModel/outputs/chips/validation/patches/patches_251_bb00.png,/Users/christopherbrantner/local/work/projects/toyVisionModel/NEU-DET/validation/images/patches/patches_251.jpg,0,patches,patches,0.9999971389770508
/Users/christopherbrantner/local/work/projects/toyVisionModel/outputs/chips/validation/patches/patches_252_bb00.png,/Users/christopherbrantner/local/work/projects/toyVisionModel/NEU-DET/validation/images/patches/patches_252.jpg,0,patches,patches,0.9999986886978149
/Users/christopherbrantner/local/work/projects/toyVisionModel/outputs/chips/validation/patches/patches_252_bb01.png,/Users/christopherbrantner/local/work/projects/toyVisionModel/NEU-DET/validation/images/patches/patches_252.jpg,1,patches,patches,0.9999805688858032
/Users/christopherbrantner/local/work/projects/toyVisionModel/outputs/chips/validation/patches/patches_252_bb02.png,/Users/christopherbrantner/local/work/projects/toyVisionModel/NEU-DET/validation/images/patches/patches_252.jpg,2,patches,patches,0.9999043941497803
/Users/christopherbrantner/local/work/projects/toyVisionModel/outputs/chips/validation/patches/patches_253_bb00.png,/Users/christopherbrantner/local/work/projects/toyVisionModel/NEU-DET/validation/images/patches/patches_253.jpg,0,patches,patches,0.9394242763519287
/Users/christopherbrantner/local/work/projects/toyVisionModel/outputs/chips/validation/patches/patches_253_bb01.png,/Users/christopherbrantner/local/work/projects/toyVisionModel/NEU-DET/validation/images/patches/patches_253.jpg,1,patches,patches,0.9827044606208801
/Users/christopherbrantner/local/work/projects/toyVisionModel/outputs/chips/validation/patches/patches_253_bb02.png,/Users/christopherbrantner/local/work/projects/toyVisionModel/NEU-DET/validation/images/patches/patches_253.jpg,2,patches,patches,0.9994685053825378
/Users/christopherbrantner/local/work/projects/toyVisionModel/outputs/chips/validation/patches/patches_254_bb00.png,/Users/christopherbrantner/local/work/projects/toyVisionModel/NEU-DET/validation/images/patches/patches_254.jpg,0,patches,patches,0.9999971389770508
/Users/christopherbrantner/local/work/projects/toyVisionModel/outputs/chips/validation/patches/patches_254_bb01.png,/Users/christopherbrantner/local/work/projects/toyVisionModel/NEU-DET/validation/images/patches/patches_254.jpg,1,patches,patches,0.9999988079071045
/Users/christopherbrantner/local/work/projects/toyVisionModel/outputs/chips/validation/patches/patches_255_bb00.png,/Users/christopherbrantner/local/work/projects/toyVisionModel/NEU-DET/validation/images/patches/patches_255.jpg,0,patches,patches,0.996978759765625
/Users/christopherbrantner/local/work/projects/toyVisionModel/outputs/chips/validation/patches/patches_255_bb01.png,/Users/christopherbrantner/local/work/projects/toyVisionModel/NEU-DET/validation/images/patches/patches_255.jpg,1,patches,patches,0.9999994039535522
/Users/christopherbrantner/local/work/projects/toyVisionModel/outputs/chips/validation/patches/patches_255_bb02.png,/Users/christopherbrantner/local/work/projects/toyVisionModel/NEU-DET/validation/images/patches/patches_255.jpg,2,patches,patches,0.9986774325370789
/Users/christopherbrantner/local/work/projects/toyVisionModel/outputs/chips/validation/patches/patches_256_bb00.png,/Users/christopherbrantner/local/work/projects/toyVisionModel/NEU-DET/validation/images/patches/patches_256.jpg,0,patches,patches,0.9999898672103882
/Users/christopherbrantner/local/work/projects/toyVisionModel/outputs/chips/validation/patches/patches_256_bb01.png,/Users/christopherbrantner/local/work/projects/toyVisionModel/NEU-DET/validation/images/patches/patches_256.jpg,1,patches,patches,0.999988317489624
/Users/christopherbrantner/local/work/projects/toyVisionModel/outputs/chips/validation/patches/patches_257_bb00.png,/Users/christopherbrantner/local/work/projects/toyVisionModel/NEU-DET/validation/images/patches/patches_257.jpg,0,patches,patches,0.9999984502792358
/Users/christopherbrantner/local/work/projects/toyVisionModel/outputs/chips/validation/patches/patches_257_bb01.png,/Users/christopherbrantner/local/work/projects/toyVisionModel/NEU-DET/validation/images/patches/patches_257.jpg,1,patches,patches,0.9999957084655762
/Users/christopherbrantner/local/work/projects/toyVisionModel/outputs/chips/validation/patches/patches_257_bb02.png,/Users/christopherbrantner/local/work/projects/toyVisionModel/NEU-DET/validation/images/patches/patches_257.jpg,2,patches,patches,0.9999768733978271
/Users/christopherbrantner/local/work/projects/toyVisionModel/outputs/chips/validation/patches/patches_257_bb03.png,/Users/christopherbrantner/local/work/projects/toyVisionModel/NEU-DET/validation/images/patches/patches_257.jpg,3,patches,patches,0.9753053188323975
/Users/christopherbrantner/local/work/projects/toyVisionModel/outputs/chips/validation/patches/patches_258_bb00.png,/Users/christopherbrantner/local/work/projects/toyVisionModel/NEU-DET/validation/images/patches/patches_258.jpg,0,patches,patches,0.9999617338180542
/Users/christopherbrantner/local/work/projects/toyVisionModel/outputs/chips/validation/patches/patches_258_bb01.png,/Users/christopherbrantner/local/work/projects/toyVisionModel/NEU-DET/validation/images/patches/patches_258.jpg,1,patches,patches,0.999984860420227
/Users/christopherbrantner/local/work/projects/toyVisionModel/outputs/chips/validation/patches/patches_258_bb02.png,/Users/christopherbrantner/local/work/projects/toyVisionModel/NEU-DET/validation/images/patches/patches_258.jpg,2,patches,patches,0.9996891021728516
/Users/christopherbrantner/local/work/projects/toyVisionModel/outputs/chips/validation/patches/patches_259_bb00.png,/Users/christopherbrantner/local/work/projects/toyVisionModel/NEU-DET/validation/images/patches/patches_259.jpg,0,patches,patches,0.9999997615814209
/Users/christopherbrantner/local/work/projects/toyVisionModel/outputs/chips/validation/patches/patches_259_bb01.png,/Users/christopherbrantner/local/work/projects/toyVisionModel/NEU-DET/validation/images/patches/patches_259.jpg,1,patches,patches,0.9997103810310364
/Users/christopherbrantner/local/work/projects/toyVisionModel/outputs/chips/validation/patches/patches_259_bb02.png,/Users/christopherbrantner/local/work/projects/toyVisionModel/NEU-DET/validation/images/patches/patches_259.jpg,2,patches,patches,0.999609649181366
/Users/christopherbrantner/local/work/projects/toyVisionModel/outputs/chips/validation/patches/patches_260_bb00.png,/Users/christopherbrantner/local/work/projects/toyVisionModel/NEU-DET/validation/images/patches/patches_260.jpg,0,patches,patches,0.9998748302459717
/Users/christopherbrantner/local/work/projects/toyVisionModel/outputs/chips/validation/patches/patches_261_bb00.png,/Users/christopherbrantner/local/work/projects/toyVisionModel/NEU-DET/validation/images/patches/patches_261.jpg,0,patches,patches,0.9993612170219421
/Users/christopherbrantner/local/work/projects/toyVisionModel/outputs/chips/validation/patches/patches_261_bb01.png,/Users/christopherbrantner/local/work/projects/toyVisionModel/NEU-DET/validation/images/patches/patches_261.jpg,1,patches,patches,0.9999233484268188
/Users/christopherbrantner/local/work/projects/toyVisionModel/outputs/chips/validation/patches/patches_261_bb02.png,/Users/christopherbrantner/local/work/projects/toyVisionModel/NEU-DET/validation/images/patches/patches_261.jpg,2,patches,patches,0.9997468590736389
/Users/christopherbrantner/local/work/projects/toyVisionModel/outputs/chips/validation/patches/patches_261_bb03.png,/Users/christopherbrantner/local/work/projects/toyVisionModel/NEU-DET/validation/images/patches/patches_261.jpg,3,patches,patches,0.99933260679245
/Users/christopherbrantner/local/work/projects/toyVisionModel/outputs/chips/validation/patches/patches_262_bb00.png,/Users/christopherbrantner/local/work/projects/toyVisionModel/NEU-DET/validation/images/patches/patches_262.jpg,0,patches,patches,0.9999972581863403
/Users/christopherbrantner/local/work/projects/toyVisionModel/outputs/chips/validation/patches/patches_262_bb01.png,/Users/christopherbrantner/local/work/projects/toyVisionModel/NEU-DET/validation/images/patches/patches_262.jpg,1,patches,patches,0.9999611377716064
/Users/christopherbrantner/local/work/projects/toyVisionModel/outputs/chips/validation/patches/patches_262_bb02.png,/Users/christopherbrantner/local/work/projects/toyVisionModel/NEU-DET/validation/images/patches/patches_262.jpg,2,patches,patches,0.9970806241035461
/Users/christopherbrantner/local/work/projects/toyVisionModel/outputs/chips/validation/patches/patches_263_bb00.png,/Users/christopherbrantner/local/work/projects/toyVisionModel/NEU-DET/validation/images/patches/patches_263.jpg,0,patches,patches,0.9999481439590454
/Users/christopherbrantner/local/work/projects/toyVisionModel/outputs/chips/validation/patches/patches_263_bb01.png,/Users/christopherbrantner/local/work/projects/toyVisionModel/NEU-DET/validation/images/patches/patches_263.jpg,1,patches,patches,0.9999703168869019
/Users/christopherbrantner/local/work/projects/toyVisionModel/outputs/chips/validation/patches/patches_264_bb00.png,/Users/christopherbrantner/local/work/projects/toyVisionModel/NEU-DET/validation/images/patches/patches_264.jpg,0,patches,patches,0.9979103207588196
/Users/christopherbrantner/local/work/projects/toyVisionModel/outputs/chips/validation/patches/patches_264_bb01.png,/Users/christopherbrantner/local/work/projects/toyVisionModel/NEU-DET/validation/images/patches/patches_264.jpg,1,patches,patches,0.9988915324211121
/Users/christopherbrantner/local/work/projects/toyVisionModel/outputs/chips/validation/patches/patches_265_bb00.png,/Users/christopherbrantner/local/work/projects/toyVisionModel/NEU-DET/validation/images/patches/patches_265.jpg,0,patches,patches,0.9999996423721313
/Users/christopherbrantner/local/work/projects/toyVisionModel/outputs/chips/validation/patches/patches_265_bb01.png,/Users/christopherbrantner/local/work/projects/toyVisionModel/NEU-DET/validation/images/patches/patches_265.jpg,1,patches,patches,0.9999970197677612
/Users/christopherbrantner/local/work/projects/toyVisionModel/outputs/chips/validation/patches/patches_265_bb02.png,/Users/christopherbrantner/local/work/projects/toyVisionModel/NEU-DET/validation/images/patches/patches_265.jpg,2,patches,patches,0.9999964237213135
/Users/christopherbrantner/local/work/projects/toyVisionModel/outputs/chips/validation/patches/patches_266_bb00.png,/Users/christopherbrantner/local/work/projects/toyVisionModel/NEU-DET/validation/images/patches/patches_266.jpg,0,patches,patches,0.9999916553497314
/Users/christopherbrantner/local/work/projects/toyVisionModel/outputs/chips/validation/patches/patches_266_bb01.png,/Users/christopherbrantner/local/work/projects/toyVisionModel/NEU-DET/validation/images/patches/patches_266.jpg,1,patches,patches,0.9994545578956604
/Users/christopherbrantner/local/work/projects/toyVisionModel/outputs/chips/validation/patches/patches_266_bb02.png,/Users/christopherbrantner/local/work/projects/toyVisionModel/NEU-DET/validation/images/patches/patches_266.jpg,2,patches,patches,0.998090922832489
/Users/christopherbrantner/local/work/projects/toyVisionModel/outputs/chips/validation/patches/patches_267_bb00.png,/Users/christopherbrantner/local/work/projects/toyVisionModel/NEU-DET/validation/images/patches/patches_267.jpg,0,patches,patches,0.9999964237213135
/Users/christopherbrantner/local/work/projects/toyVisionModel/outputs/chips/validation/patches/patches_267_bb01.png,/Users/christopherbrantner/local/work/projects/toyVisionModel/NEU-DET/validation/images/patches/patches_267.jpg,1,patches,patches,0.9999977350234985
/Users/christopherbrantner/local/work/projects/toyVisionModel/outputs/chips/validation/patches/patches_267_bb02.png,/Users/christopherbrantner/local/work/projects/toyVisionModel/NEU-DET/validation/images/patches/patches_267.jpg,2,patches,patches,0.998847246170044
/Users/christopherbrantner/local/work/projects/toyVisionModel/outputs/chips/validation/patches/patches_267_bb03.png,/Users/christopherbrantner/local/work/projects/toyVisionModel/NEU-DET/validation/images/patches/patches_267.jpg,3,patches,patches,0.9996269941329956
/Users/christopherbrantner/local/work/projects/toyVisionModel/outputs/chips/validation/patches/patches_268_bb00.png,/Users/christopherbrantner/local/work/projects/toyVisionModel/NEU-DET/validation/images/patches/patches_268.jpg,0,patches,patches,0.9999793767929077
/Users/christopherbrantner/local/work/projects/toyVisionModel/outputs/chips/validation/patches/patches_268_bb01.png,/Users/christopherbrantner/local/work/projects/toyVisionModel/NEU-DET/validation/images/patches/patches_268.jpg,1,patches,patches,0.9999738931655884
/Users/christopherbrantner/local/work/projects/toyVisionModel/outputs/chips/validation/patches/patches_268_bb02.png,/Users/christopherbrantner/local/work/projects/toyVisionModel/NEU-DET/validation/images/patches/patches_268.jpg,2,patches,patches,0.9999667406082153
/Users/christopherbrantner/local/work/projects/toyVisionModel/outputs/chips/validation/patches/patches_269_bb00.png,/Users/christopherbrantner/local/work/projects/toyVisionModel/NEU-DET/validation/images/patches/patches_269.jpg,0,patches,patches,0.9999967813491821
/Users/christopherbrantner/local/work/projects/toyVisionModel/outputs/chips/validation/patches/patches_269_bb01.png,/Users/christopherbrantner/local/work/projects/toyVisionModel/NEU-DET/validation/images/patches/patches_269.jpg,1,patches,patches,0.9999511241912842
/Users/christopherbrantner/local/work/projects/toyVisionModel/outputs/chips/validation/patches/patches_269_bb02.png,/Users/christopherbrantner/local/work/projects/toyVisionModel/NEU-DET/validation/images/patches/patches_269.jpg,2,patches,patches,0.999811589717865
/Users/christopherbrantner/local/work/projects/toyVisionModel/outputs/chips/validation/patches/patches_270_bb00.png,/Users/christopherbrantner/local/work/projects/toyVisionModel/NEU-DET/validation/images/patches/patches_270.jpg,0,patches,patches,0.9999997615814209
/Users/christopherbrantner/local/work/projects/toyVisionModel/outputs/chips/validation/patches/patches_270_bb01.png,/Users/christopherbrantner/local/work/projects/toyVisionModel/NEU-DET/validation/images/patches/patches_270.jpg,1,patches,patches,0.9999876022338867
/Users/christopherbrantner/local/work/projects/toyVisionModel/outputs/chips/validation/patches/patches_271_bb00.png,/Users/christopherbrantner/local/work/projects/toyVisionModel/NEU-DET/validation/images/patches/patches_271.jpg,0,patches,patches,0.9999988079071045
/Users/christopherbrantner/local/work/projects/toyVisionModel/outputs/chips/validation/patches/patches_271_bb01.png,/Users/christopherbrantner/local/work/projects/toyVisionModel/NEU-DET/validation/images/patches/patches_271.jpg,1,patches,patches,0.9999909400939941
/Users/christopherbrantner/local/work/projects/toyVisionModel/outputs/chips/validation/patches/patches_272_bb00.png,/Users/christopherbrantner/local/work/projects/toyVisionModel/NEU-DET/validation/images/patches/patches_272.jpg,0,patches,patches,0.9999997615814209
/Users/christopherbrantner/local/work/projects/toyVisionModel/outputs/chips/validation/patches/patches_273_bb00.png,/Users/christopherbrantner/local/work/projects/toyVisionModel/NEU-DET/validation/images/patches/patches_273.jpg,0,patches,patches,0.9999995231628418
/Users/christopherbrantner/local/work/projects/toyVisionModel/outputs/chips/validation/patches/patches_273_bb01.png,/Users/christopherbrantner/local/work/projects/toyVisionModel/NEU-DET/validation/images/patches/patches_273.jpg,1,patches,patches,0.9999992847442627
/Users/christopherbrantner/local/work/projects/toyVisionModel/outputs/chips/validation/patches/patches_273_bb02.png,/Users/christopherbrantner/local/work/projects/toyVisionModel/NEU-DET/validation/images/patches/patches_273.jpg,2,patches,patches,0.9999213218688965
/Users/christopherbrantner/local/work/projects/toyVisionModel/outputs/chips/validation/patches/patches_274_bb00.png,/Users/christopherbrantner/local/work/projects/toyVisionModel/NEU-DET/validation/images/patches/patches_274.jpg,0,patches,patches,0.9999964237213135
/Users/christopherbrantner/local/work/projects/toyVisionModel/outputs/chips/validation/patches/patches_275_bb00.png,/Users/christopherbrantner/local/work/projects/toyVisionModel/NEU-DET/validation/images/patches/patches_275.jpg,0,patches,patches,0.9981749057769775
/Users/christopherbrantner/local/work/projects/toyVisionModel/outputs/chips/validation/patches/patches_275_bb01.png,/Users/christopherbrantner/local/work/projects/toyVisionModel/NEU-DET/validation/images/patches/patches_275.jpg,1,patches,patches,0.9992421865463257
/Users/christopherbrantner/local/work/projects/toyVisionModel/outputs/chips/validation/patches/patches_276_bb00.png,/Users/christopherbrantner/local/work/projects/toyVisionModel/NEU-DET/validation/images/patches/patches_276.jpg,0,patches,patches,0.9999995231628418
/Users/christopherbrantner/local/work/projects/toyVisionModel/outputs/chips/validation/patches/patches_276_bb01.png,/Users/christopherbrantner/local/work/projects/toyVisionModel/NEU-DET/validation/images/patches/patches_276.jpg,1,patches,patches,1.0
/Users/christopherbrantner/local/work/projects/toyVisionModel/outputs/chips/validation/patches/patches_276_bb02.png,/Users/christopherbrantner/local/work/projects/toyVisionModel/NEU-DET/validation/images/patches/patches_276.jpg,2,patches,patches,0.9999949932098389
/Users/christopherbrantner/local/work/projects/toyVisionModel/outputs/chips/validation/patches/patches_276_bb03.png,/Users/christopherbrantner/local/work/projects/toyVisionModel/NEU-DET/validation/images/patches/patches_276.jpg,3,patches,patches,0.9999812841415405
/Users/christopherbrantner/local/work/projects/toyVisionModel/outputs/chips/validation/patches/patches_277_bb00.png,/Users/christopherbrantner/local/work/projects/toyVisionModel/NEU-DET/validation/images/patches/patches_277.jpg,0,patches,patches,0.9999953508377075
/Users/christopherbrantner/local/work/projects/toyVisionModel/outputs/chips/validation/patches/patches_277_bb01.png,/Users/christopherbrantner/local/work/projects/toyVisionModel/NEU-DET/validation/images/patches/patches_277.jpg,1,patches,patches,0.9999703168869019
/Users/christopherbrantner/local/work/projects/toyVisionModel/outputs/chips/validation/patches/patches_277_bb02.png,/Users/christopherbrantner/local/work/projects/toyVisionModel/NEU-DET/validation/images/patches/patches_277.jpg,2,patches,patches,0.9999866485595703
/Users/christopherbrantner/local/work/projects/toyVisionModel/outputs/chips/validation/patches/patches_277_bb03.png,/Users/christopherbrantner/local/work/projects/toyVisionModel/NEU-DET/validation/images/patches/patches_277.jpg,3,patches,patches,0.9998175501823425
/Users/christopherbrantner/local/work/projects/toyVisionModel/outputs/chips/validation/patches/patches_278_bb00.png,/Users/christopherbrantner/local/work/projects/toyVisionModel/NEU-DET/validation/images/patches/patches_278.jpg,0,patches,patches,0.999554455280304
/Users/christopherbrantner/local/work/projects/toyVisionModel/outputs/chips/validation/patches/patches_278_bb01.png,/Users/christopherbrantner/local/work/projects/toyVisionModel/NEU-DET/validation/images/patches/patches_278.jpg,1,patches,patches,0.9983705878257751
/Users/christopherbrantner/local/work/projects/toyVisionModel/outputs/chips/validation/patches/patches_279_bb00.png,/Users/christopherbrantner/local/work/projects/toyVisionModel/NEU-DET/validation/images/patches/patches_279.jpg,0,patches,patches,0.9999698400497437
/Users/christopherbrantner/local/work/projects/toyVisionModel/outputs/chips/validation/patches/patches_279_bb01.png,/Users/christopherbrantner/local/work/projects/toyVisionModel/NEU-DET/validation/images/patches/patches_279.jpg,1,patches,patches,0.9999947547912598
/Users/christopherbrantner/local/work/projects/toyVisionModel/outputs/chips/validation/patches/patches_279_bb02.png,/Users/christopherbrantner/local/work/projects/toyVisionModel/NEU-DET/validation/images/patches/patches_279.jpg,2,patches,patches,0.9999532699584961
/Users/christopherbrantner/local/work/projects/toyVisionModel/outputs/chips/validation/patches/patches_280_bb00.png,/Users/christopherbrantner/local/work/projects/toyVisionModel/NEU-DET/validation/images/patches/patches_280.jpg,0,patches,patches,0.9999803304672241
/Users/christopherbrantner/local/work/projects/toyVisionModel/outputs/chips/validation/patches/patches_280_bb01.png,/Users/christopherbrantner/local/work/projects/toyVisionModel/NEU-DET/validation/images/patches/patches_280.jpg,1,patches,patches,0.9999721050262451
/Users/christopherbrantner/local/work/projects/toyVisionModel/outputs/chips/validation/patches/patches_281_bb00.png,/Users/christopherbrantner/local/work/projects/toyVisionModel/NEU-DET/validation/images/patches/patches_281.jpg,0,patches,patches,0.9999910593032837
/Users/christopherbrantner/local/work/projects/toyVisionModel/outputs/chips/validation/patches/patches_281_bb01.png,/Users/christopherbrantner/local/work/projects/toyVisionModel/NEU-DET/validation/images/patches/patches_281.jpg,1,patches,patches,0.9999728202819824
/Users/christopherbrantner/local/work/projects/toyVisionModel/outputs/chips/validation/patches/patches_281_bb02.png,/Users/christopherbrantner/local/work/projects/toyVisionModel/NEU-DET/validation/images/patches/patches_281.jpg,2,patches,patches,0.9999808073043823
/Users/christopherbrantner/local/work/projects/toyVisionModel/outputs/chips/validation/patches/patches_282_bb00.png,/Users/christopherbrantner/local/work/projects/toyVisionModel/NEU-DET/validation/images/patches/patches_282.jpg,0,patches,patches,0.9999991655349731
/Users/christopherbrantner/local/work/projects/toyVisionModel/outputs/chips/validation/patches/patches_282_bb01.png,/Users/christopherbrantner/local/work/projects/toyVisionModel/NEU-DET/validation/images/patches/patches_282.jpg,1,patches,patches,0.9999788999557495
/Users/christopherbrantner/local/work/projects/toyVisionModel/outputs/chips/validation/patches/patches_282_bb02.png,/Users/christopherbrantner/local/work/projects/toyVisionModel/NEU-DET/validation/images/patches/patches_282.jpg,2,patches,patches,0.9990352392196655
/Users/christopherbrantner/local/work/projects/toyVisionModel/outputs/chips/validation/patches/patches_283_bb00.png,/Users/christopherbrantner/local/work/projects/toyVisionModel/NEU-DET/validation/images/patches/patches_283.jpg,0,patches,patches,0.999566376209259
/Users/christopherbrantner/local/work/projects/toyVisionModel/outputs/chips/validation/patches/patches_283_bb01.png,/Users/christopherbrantner/local/work/projects/toyVisionModel/NEU-DET/validation/images/patches/patches_283.jpg,1,patches,patches,0.9823153018951416
/Users/christopherbrantner/local/work/projects/toyVisionModel/outputs/chips/validation/patches/patches_283_bb02.png,/Users/christopherbrantner/local/work/projects/toyVisionModel/NEU-DET/validation/images/patches/patches_283.jpg,2,patches,patches,0.9983606934547424
/Users/christopherbrantner/local/work/projects/toyVisionModel/outputs/chips/validation/patches/patches_283_bb03.png,/Users/christopherbrantner/local/work/projects/toyVisionModel/NEU-DET/validation/images/patches/patches_283.jpg,3,patches,patches,0.9996758699417114
/Users/christopherbrantner/local/work/projects/toyVisionModel/outputs/chips/validation/patches/patches_284_bb00.png,/Users/christopherbrantner/local/work/projects/toyVisionModel/NEU-DET/validation/images/patches/patches_284.jpg,0,patches,patches,0.9999970197677612
/Users/christopherbrantner/local/work/projects/toyVisionModel/outputs/chips/validation/patches/patches_284_bb01.png,/Users/christopherbrantner/local/work/projects/toyVisionModel/NEU-DET/validation/images/patches/patches_284.jpg,1,patches,patches,0.9999860525131226
/Users/christopherbrantner/local/work/projects/toyVisionModel/outputs/chips/validation/patches/patches_285_bb00.png,/Users/christopherbrantner/local/work/projects/toyVisionModel/NEU-DET/validation/images/patches/patches_285.jpg,0,patches,patches,0.9999436140060425
/Users/christopherbrantner/local/work/projects/toyVisionModel/outputs/chips/validation/patches/patches_285_bb01.png,/Users/christopherbrantner/local/work/projects/toyVisionModel/NEU-DET/validation/images/patches/patches_285.jpg,1,patches,patches,0.999962568283081
/Users/christopherbrantner/local/work/projects/toyVisionModel/outputs/chips/validation/patches/patches_285_bb02.png,/Users/christopherbrantner/local/work/projects/toyVisionModel/NEU-DET/validation/images/patches/patches_285.jpg,2,patches,patches,0.995475709438324
/Users/christopherbrantner/local/work/projects/toyVisionModel/outputs/chips/validation/patches/patches_286_bb00.png,/Users/christopherbrantner/local/work/projects/toyVisionModel/NEU-DET/validation/images/patches/patches_286.jpg,0,patches,patches,0.9999911785125732
/Users/christopherbrantner/local/work/projects/toyVisionModel/outputs/chips/validation/patches/patches_286_bb01.png,/Users/christopherbrantner/local/work/projects/toyVisionModel/NEU-DET/validation/images/patches/patches_286.jpg,1,patches,patches,0.9999853372573853
/Users/christopherbrantner/local/work/projects/toyVisionModel/outputs/chips/validation/patches/patches_286_bb02.png,/Users/christopherbrantner/local/work/projects/toyVisionModel/NEU-DET/validation/images/patches/patches_286.jpg,2,patches,patches,0.9986171722412109
/Users/christopherbrantner/local/work/projects/toyVisionModel/outputs/chips/validation/patches/patches_286_bb03.png,/Users/christopherbrantner/local/work/projects/toyVisionModel/NEU-DET/validation/images/patches/patches_286.jpg,3,patches,patches,0.9949994087219238
/Users/christopherbrantner/local/work/projects/toyVisionModel/outputs/chips/validation/patches/patches_287_bb00.png,/Users/christopherbrantner/local/work/projects/toyVisionModel/NEU-DET/validation/images/patches/patches_287.jpg,0,patches,patches,0.9999651908874512
/Users/christopherbrantner/local/work/projects/toyVisionModel/outputs/chips/validation/patches/patches_287_bb01.png,/Users/christopherbrantner/local/work/projects/toyVisionModel/NEU-DET/validation/images/patches/patches_287.jpg,1,patches,patches,0.9997301697731018
/Users/christopherbrantner/local/work/projects/toyVisionModel/outputs/chips/validation/patches/patches_288_bb00.png,/Users/christopherbrantner/local/work/projects/toyVisionModel/NEU-DET/validation/images/patches/patches_288.jpg,0,patches,patches,0.9999874830245972
/Users/christopherbrantner/local/work/projects/toyVisionModel/outputs/chips/validation/patches/patches_288_bb01.png,/Users/christopherbrantner/local/work/projects/toyVisionModel/NEU-DET/validation/images/patches/patches_288.jpg,1,patches,patches,0.9996230602264404
/Users/christopherbrantner/local/work/projects/toyVisionModel/outputs/chips/validation/patches/patches_289_bb00.png,/Users/christopherbrantner/local/work/projects/toyVisionModel/NEU-DET/validation/images/patches/patches_289.jpg,0,patches,patches,0.9824773669242859
/Users/christopherbrantner/local/work/projects/toyVisionModel/outputs/chips/validation/patches/patches_289_bb01.png,/Users/christopherbrantner/local/work/projects/toyVisionModel/NEU-DET/validation/images/patches/patches_289.jpg,1,patches,patches,0.989257276058197
/Users/christopherbrantner/local/work/projects/toyVisionModel/outputs/chips/validation/patches/patches_289_bb02.png,/Users/christopherbrantner/local/work/projects/toyVisionModel/NEU-DET/validation/images/patches/patches_289.jpg,2,patches,patches,0.9999878406524658
/Users/christopherbrantner/local/work/projects/toyVisionModel/outputs/chips/validation/patches/patches_289_bb03.png,/Users/christopherbrantner/local/work/projects/toyVisionModel/NEU-DET/validation/images/patches/patches_289.jpg,3,patches,patches,0.9988985061645508
/Users/christopherbrantner/local/work/projects/toyVisionModel/outputs/chips/validation/patches/patches_289_bb04.png,/Users/christopherbrantner/local/work/projects/toyVisionModel/NEU-DET/validation/images/patches/patches_289.jpg,4,patches,patches,0.9999233484268188
/Users/christopherbrantner/local/work/projects/toyVisionModel/outputs/chips/validation/patches/patches_290_bb00.png,/Users/christopherbrantner/local/work/projects/toyVisionModel/NEU-DET/validation/images/patches/patches_290.jpg,0,patches,patches,0.9999985694885254
/Users/christopherbrantner/local/work/projects/toyVisionModel/outputs/chips/validation/patches/patches_290_bb01.png,/Users/christopherbrantner/local/work/projects/toyVisionModel/NEU-DET/validation/images/patches/patches_290.jpg,1,patches,patches,0.9999520778656006
/Users/christopherbrantner/local/work/projects/toyVisionModel/outputs/chips/validation/patches/patches_290_bb02.png,/Users/christopherbrantner/local/work/projects/toyVisionModel/NEU-DET/validation/images/patches/patches_290.jpg,2,patches,patches,0.9856064915657043
/Users/christopherbrantner/local/work/projects/toyVisionModel/outputs/chips/validation/patches/patches_290_bb03.png,/Users/christopherbrantner/local/work/projects/toyVisionModel/NEU-DET/validation/images/patches/patches_290.jpg,3,patches,patches,0.9999237060546875
/Users/christopherbrantner/local/work/projects/toyVisionModel/outputs/chips/validation/patches/patches_290_bb04.png,/Users/christopherbrantner/local/work/projects/toyVisionModel/NEU-DET/validation/images/patches/patches_290.jpg,4,patches,patches,0.9984716773033142
/Users/christopherbrantner/local/work/projects/toyVisionModel/outputs/chips/validation/patches/patches_291_bb00.png,/Users/christopherbrantner/local/work/projects/toyVisionModel/NEU-DET/validation/images/patches/patches_291.jpg,0,patches,patches,0.9999996423721313
/Users/christopherbrantner/local/work/projects/toyVisionModel/outputs/chips/validation/patches/patches_291_bb01.png,/Users/christopherbrantner/local/work/projects/toyVisionModel/NEU-DET/validation/images/patches/patches_291.jpg,1,patches,patches,0.9999485015869141
/Users/christopherbrantner/local/work/projects/toyVisionModel/outputs/chips/validation/patches/patches_291_bb02.png,/Users/christopherbrantner/local/work/projects/toyVisionModel/NEU-DET/validation/images/patches/patches_291.jpg,2,patches,patches,0.9998226761817932
/Users/christopherbrantner/local/work/projects/toyVisionModel/outputs/chips/validation/patches/patches_291_bb03.png,/Users/christopherbrantner/local/work/projects/toyVisionModel/NEU-DET/validation/images/patches/patches_291.jpg,3,patches,patches,0.9996693134307861
/Users/christopherbrantner/local/work/projects/toyVisionModel/outputs/chips/validation/patches/patches_292_bb00.png,/Users/christopherbrantner/local/work/projects/toyVisionModel/NEU-DET/validation/images/patches/patches_292.jpg,0,patches,patches,1.0
/Users/christopherbrantner/local/work/projects/toyVisionModel/outputs/chips/validation/patches/patches_292_bb01.png,/Users/christopherbrantner/local/work/projects/toyVisionModel/NEU-DET/validation/images/patches/patches_292.jpg,1,patches,patches,0.9998536109924316
/Users/christopherbrantner/local/work/projects/toyVisionModel/outputs/chips/validation/patches/patches_292_bb02.png,/Users/christopherbrantner/local/work/projects/toyVisionModel/NEU-DET/validation/images/patches/patches_292.jpg,2,patches,patches,0.999994158744812
/Users/christopherbrantner/local/work/projects/toyVisionModel/outputs/chips/validation/patches/patches_292_bb03.png,/Users/christopherbrantner/local/work/projects/toyVisionModel/NEU-DET/validation/images/patches/patches_292.jpg,3,patches,patches,0.999977707862854
/Users/christopherbrantner/local/work/projects/toyVisionModel/outputs/chips/validation/patches/patches_292_bb04.png,/Users/christopherbrantner/local/work/projects/toyVisionModel/NEU-DET/validation/images/patches/patches_292.jpg,4,patches,patches,0.9946730732917786
/Users/christopherbrantner/local/work/projects/toyVisionModel/outputs/chips/validation/patches/patches_293_bb00.png,/Users/christopherbrantner/local/work/projects/toyVisionModel/NEU-DET/validation/images/patches/patches_293.jpg,0,patches,patches,0.9999988079071045
/Users/christopherbrantner/local/work/projects/toyVisionModel/outputs/chips/validation/patches/patches_293_bb01.png,/Users/christopherbrantner/local/work/projects/toyVisionModel/NEU-DET/validation/images/patches/patches_293.jpg,1,patches,patches,0.9999747276306152
/Users/christopherbrantner/local/work/projects/toyVisionModel/outputs/chips/validation/patches/patches_294_bb00.png,/Users/christopherbrantner/local/work/projects/toyVisionModel/NEU-DET/validation/images/patches/patches_294.jpg,0,patches,patches,0.9999780654907227
/Users/christopherbrantner/local/work/projects/toyVisionModel/outputs/chips/validation/patches/patches_294_bb01.png,/Users/christopherbrantner/local/work/projects/toyVisionModel/NEU-DET/validation/images/patches/patches_294.jpg,1,patches,patches,0.9994134902954102
/Users/christopherbrantner/local/work/projects/toyVisionModel/outputs/chips/validation/patches/patches_295_bb00.png,/Users/christopherbrantner/local/work/projects/toyVisionModel/NEU-DET/validation/images/patches/patches_295.jpg,0,patches,patches,0.9999872446060181
/Users/christopherbrantner/local/work/projects/toyVisionModel/outputs/chips/validation/patches/patches_295_bb01.png,/Users/christopherbrantner/local/work/projects/toyVisionModel/NEU-DET/validation/images/patches/patches_295.jpg,1,patches,patches,0.9259145259857178
/Users/christopherbrantner/local/work/projects/toyVisionModel/outputs/chips/validation/patches/patches_295_bb02.png,/Users/christopherbrantner/local/work/projects/toyVisionModel/NEU-DET/validation/images/patches/patches_295.jpg,2,patches,patches,0.9988961219787598
/Users/christopherbrantner/local/work/projects/toyVisionModel/outputs/chips/validation/patches/patches_296_bb00.png,/Users/christopherbrantner/local/work/projects/toyVisionModel/NEU-DET/validation/images/patches/patches_296.jpg,0,patches,patches,0.9999969005584717
/Users/christopherbrantner/local/work/projects/toyVisionModel/outputs/chips/validation/patches/patches_296_bb01.png,/Users/christopherbrantner/local/work/projects/toyVisionModel/NEU-DET/validation/images/patches/patches_296.jpg,1,patches,patches,0.9998871088027954
/Users/christopherbrantner/local/work/projects/toyVisionModel/outputs/chips/validation/patches/patches_296_bb02.png,/Users/christopherbrantner/local/work/projects/toyVisionModel/NEU-DET/validation/images/patches/patches_296.jpg,2,patches,patches,0.9958345890045166
/Users/christopherbrantner/local/work/projects/toyVisionModel/outputs/chips/validation/patches/patches_297_bb00.png,/Users/christopherbrantner/local/work/projects/toyVisionModel/NEU-DET/validation/images/patches/patches_297.jpg,0,patches,patches,0.999968409538269
/Users/christopherbrantner/local/work/projects/toyVisionModel/outputs/chips/validation/patches/patches_297_bb01.png,/Users/christopherbrantner/local/work/projects/toyVisionModel/NEU-DET/validation/images/patches/patches_297.jpg,1,patches,patches,0.9995385408401489
/Users/christopherbrantner/local/work/projects/toyVisionModel/outputs/chips/validation/patches/patches_297_bb02.png,/Users/christopherbrantner/local/work/projects/toyVisionModel/NEU-DET/validation/images/patches/patches_297.jpg,2,patches,patches,0.6451151967048645
/Users/christopherbrantner/local/work/projects/toyVisionModel/outputs/chips/validation/patches/patches_298_bb00.png,/Users/christopherbrantner/local/work/projects/toyVisionModel/NEU-DET/validation/images/patches/patches_298.jpg,0,patches,patches,0.9999748468399048
/Users/christopherbrantner/local/work/projects/toyVisionModel/outputs/chips/validation/patches/patches_298_bb01.png,/Users/christopherbrantner/local/work/projects/toyVisionModel/NEU-DET/validation/images/patches/patches_298.jpg,1,patches,patches,0.9999942779541016
/Users/christopherbrantner/local/work/projects/toyVisionModel/outputs/chips/validation/patches/patches_298_bb02.png,/Users/christopherbrantner/local/work/projects/toyVisionModel/NEU-DET/validation/images/patches/patches_298.jpg,2,patches,patches,0.9999914169311523
/Users/christopherbrantner/local/work/projects/toyVisionModel/outputs/chips/validation/patches/patches_298_bb03.png,/Users/christopherbrantner/local/work/projects/toyVisionModel/NEU-DET/validation/images/patches/patches_298.jpg,3,patches,patches,0.9999300241470337
/Users/christopherbrantner/local/work/projects/toyVisionModel/outputs/chips/validation/patches/patches_299_bb00.png,/Users/christopherbrantner/local/work/projects/toyVisionModel/NEU-DET/validation/images/patches/patches_299.jpg,0,patches,patches,0.9999434947967529
/Users/christopherbrantner/local/work/projects/toyVisionModel/outputs/chips/validation/patches/patches_299_bb01.png,/Users/christopherbrantner/local/work/projects/toyVisionModel/NEU-DET/validation/images/patches/patches_299.jpg,1,patches,patches,0.9263949394226074
/Users/christopherbrantner/local/work/projects/toyVisionModel/outputs/chips/validation/patches/patches_299_bb02.png,/Users/christopherbrantner/local/work/projects/toyVisionModel/NEU-DET/validation/images/patches/patches_299.jpg,2,patches,patches,0.9776671528816223
/Users/christopherbrantner/local/work/projects/toyVisionModel/outputs/chips/validation/patches/patches_300_bb00.png,/Users/christopherbrantner/local/work/projects/toyVisionModel/NEU-DET/validation/images/patches/patches_300.jpg,0,patches,patches,0.999987006187439
/Users/christopherbrantner/local/work/projects/toyVisionModel/outputs/chips/validation/patches/patches_300_bb01.png,/Users/christopherbrantner/local/work/projects/toyVisionModel/NEU-DET/validation/images/patches/patches_300.jpg,1,patches,patches,0.9999003410339355
/Users/christopherbrantner/local/work/projects/toyVisionModel/outputs/chips/validation/patches/pitted_surface_245_bb02.png,/Users/christopherbrantner/local/work/projects/toyVisionModel/NEU-DET/validation/images/pitted_surface/pitted_surface_245.jpg,2,patches,patches,0.9584159851074219
/Users/christopherbrantner/local/work/projects/toyVisionModel/outputs/chips/validation/patches/pitted_surface_247_bb01.png,/Users/christopherbrantner/local/work/projects/toyVisionModel/NEU-DET/validation/images/pitted_surface/pitted_surface_247.jpg,1,patches,patches,0.9944144487380981
/Users/christopherbrantner/local/work/projects/toyVisionModel/outputs/chips/validation/patches/pitted_surface_258_bb01.png,/Users/christopherbrantner/local/work/projects/toyVisionModel/NEU-DET/validation/images/pitted_surface/pitted_surface_258.jpg,1,patches,rolled-in_scale,0.525154709815979
/Users/christopherbrantner/local/work/projects/toyVisionModel/outputs/chips/validation/patches/pitted_surface_261_bb01.png,/Users/christopherbrantner/local/work/projects/toyVisionModel/NEU-DET/validation/images/pitted_surface/pitted_surface_261.jpg,1,patches,patches,0.8555734753608704
/Users/christopherbrantner/local/work/projects/toyVisionModel/outputs/chips/validation/patches/pitted_surface_261_bb02.png,/Users/christopherbrantner/local/work/projects/toyVisionModel/NEU-DET/validation/images/pitted_surface/pitted_surface_261.jpg,2,patches,patches,0.9995861649513245
/Users/christopherbrantner/local/work/projects/toyVisionModel/outputs/chips/validation/patches/pitted_surface_272_bb02.png,/Users/christopherbrantner/local/work/projects/toyVisionModel/NEU-DET/validation/images/pitted_surface/pitted_surface_272.jpg,2,patches,patches,0.9634919762611389
/Users/christopherbrantner/local/work/projects/toyVisionModel/outputs/chips/validation/patches/pitted_surface_276_bb01.png,/Users/christopherbrantner/local/work/projects/toyVisionModel/NEU-DET/validation/images/pitted_surface/pitted_surface_276.jpg,1,patches,patches,0.6334542632102966
/Users/christopherbrantner/local/work/projects/toyVisionModel/outputs/chips/validation/patches/pitted_surface_276_bb02.png,/Users/christopherbrantner/local/work/projects/toyVisionModel/NEU-DET/validation/images/pitted_surface/pitted_surface_276.jpg,2,patches,patches,0.978154718875885
/Users/christopherbrantner/local/work/projects/toyVisionModel/outputs/chips/validation/patches/pitted_surface_277_bb01.png,/Users/christopherbrantner/local/work/projects/toyVisionModel/NEU-DET/validation/images/pitted_surface/pitted_surface_277.jpg,1,patches,inclusion,0.5898895859718323
/Users/christopherbrantner/local/work/projects/toyVisionModel/outputs/chips/validation/patches/pitted_surface_279_bb02.png,/Users/christopherbrantner/local/work/projects/toyVisionModel/NEU-DET/validation/images/pitted_surface/pitted_surface_279.jpg,2,patches,inclusion,0.927702009677887
/Users/christopherbrantner/local/work/projects/toyVisionModel/outputs/chips/validation/patches/pitted_surface_291_bb01.png,/Users/christopherbrantner/local/work/projects/toyVisionModel/NEU-DET/validation/images/pitted_surface/pitted_surface_291.jpg,1,patches,patches,0.4887399971485138
/Users/christopherbrantner/local/work/projects/toyVisionModel/outputs/chips/validation/patches/pitted_surface_292_bb02.png,/Users/christopherbrantner/local/work/projects/toyVisionModel/NEU-DET/validation/images/pitted_surface/pitted_surface_292.jpg,2,patches,patches,0.99856036901474
/Users/christopherbrantner/local/work/projects/toyVisionModel/outputs/chips/validation/patches/pitted_surface_292_bb03.png,/Users/christopherbrantner/local/work/projects/toyVisionModel/NEU-DET/validation/images/pitted_surface/pitted_surface_292.jpg,3,patches,patches,0.9951037168502808
/Users/christopherbrantner/local/work/projects/toyVisionModel/outputs/chips/validation/patches/pitted_surface_294_bb02.png,/Users/christopherbrantner/local/work/projects/toyVisionModel/NEU-DET/validation/images/pitted_surface/pitted_surface_294.jpg,2,patches,inclusion,0.8080045580863953
/Users/christopherbrantner/local/work/projects/toyVisionModel/outputs/chips/validation/patches/pitted_surface_295_bb01.png,/Users/christopherbrantner/local/work/projects/toyVisionModel/NEU-DET/validation/images/pitted_surface/pitted_surface_295.jpg,1,patches,patches,0.9976504445075989
/Users/christopherbrantner/local/work/projects/toyVisionModel/outputs/chips/validation/patches/pitted_surface_296_bb02.png,/Users/christopherbrantner/local/work/projects/toyVisionModel/NEU-DET/validation/images/pitted_surface/pitted_surface_296.jpg,2,patches,patches,0.9997839331626892
/Users/christopherbrantner/local/work/projects/toyVisionModel/outputs/chips/validation/pitted_surface/pitted_surface_241_bb00.png,/Users/christopherbrantner/local/work/projects/toyVisionModel/NEU-DET/validation/images/pitted_surface/pitted_surface_241.jpg,0,pitted_surface,pitted_surface,0.9999895095825195
/Users/christopherbrantner/local/work/projects/toyVisionModel/outputs/chips/validation/pitted_surface/pitted_surface_242_bb00.png,/Users/christopherbrantner/local/work/projects/toyVisionModel/NEU-DET/validation/images/pitted_surface/pitted_surface_242.jpg,0,pitted_surface,pitted_surface,0.9999345541000366
/Users/christopherbrantner/local/work/projects/toyVisionModel/outputs/chips/validation/pitted_surface/pitted_surface_242_bb01.png,/Users/christopherbrantner/local/work/projects/toyVisionModel/NEU-DET/validation/images/pitted_surface/pitted_surface_242.jpg,1,pitted_surface,pitted_surface,0.9994391798973083
/Users/christopherbrantner/local/work/projects/toyVisionModel/outputs/chips/validation/pitted_surface/pitted_surface_243_bb00.png,/Users/christopherbrantner/local/work/projects/toyVisionModel/NEU-DET/validation/images/pitted_surface/pitted_surface_243.jpg,0,pitted_surface,pitted_surface,0.9995831847190857
/Users/christopherbrantner/local/work/projects/toyVisionModel/outputs/chips/validation/pitted_surface/pitted_surface_244_bb00.png,/Users/christopherbrantner/local/work/projects/toyVisionModel/NEU-DET/validation/images/pitted_surface/pitted_surface_244.jpg,0,pitted_surface,pitted_surface,0.9999995231628418
/Users/christopherbrantner/local/work/projects/toyVisionModel/outputs/chips/validation/pitted_surface/pitted_surface_245_bb00.png,/Users/christopherbrantner/local/work/projects/toyVisionModel/NEU-DET/validation/images/pitted_surface/pitted_surface_245.jpg,0,pitted_surface,pitted_surface,0.999967098236084
/Users/christopherbrantner/local/work/projects/toyVisionModel/outputs/chips/validation/pitted_surface/pitted_surface_245_bb01.png,/Users/christopherbrantner/local/work/projects/toyVisionModel/NEU-DET/validation/images/pitted_surface/pitted_surface_245.jpg,1,pitted_surface,pitted_surface,0.9997820258140564
/Users/christopherbrantner/local/work/projects/toyVisionModel/outputs/chips/validation/pitted_surface/pitted_surface_246_bb00.png,/Users/christopherbrantner/local/work/projects/toyVisionModel/NEU-DET/validation/images/pitted_surface/pitted_surface_246.jpg,0,pitted_surface,pitted_surface,0.9998791217803955
/Users/christopherbrantner/local/work/projects/toyVisionModel/outputs/chips/validation/pitted_surface/pitted_surface_246_bb01.png,/Users/christopherbrantner/local/work/projects/toyVisionModel/NEU-DET/validation/images/pitted_surface/pitted_surface_246.jpg,1,pitted_surface,pitted_surface,0.9996015429496765
/Users/christopherbrantner/local/work/projects/toyVisionModel/outputs/chips/validation/pitted_surface/pitted_surface_247_bb00.png,/Users/christopherbrantner/local/work/projects/toyVisionModel/NEU-DET/validation/images/pitted_surface/pitted_surface_247.jpg,0,pitted_surface,pitted_surface,0.9998942613601685
/Users/christopherbrantner/local/work/projects/toyVisionModel/outputs/chips/validation/pitted_surface/pitted_surface_248_bb00.png,/Users/christopherbrantner/local/work/projects/toyVisionModel/NEU-DET/validation/images/pitted_surface/pitted_surface_248.jpg,0,pitted_surface,pitted_surface,0.9998985528945923
/Users/christopherbrantner/local/work/projects/toyVisionModel/outputs/chips/validation/pitted_surface/pitted_surface_248_bb01.png,/Users/christopherbrantner/local/work/projects/toyVisionModel/NEU-DET/validation/images/pitted_surface/pitted_surface_248.jpg,1,pitted_surface,pitted_surface,0.9732648730278015
/Users/christopherbrantner/local/work/projects/toyVisionModel/outputs/chips/validation/pitted_surface/pitted_surface_249_bb00.png,/Users/christopherbrantner/local/work/projects/toyVisionModel/NEU-DET/validation/images/pitted_surface/pitted_surface_249.jpg,0,pitted_surface,pitted_surface,0.9996323585510254
/Users/christopherbrantner/local/work/projects/toyVisionModel/outputs/chips/validation/pitted_surface/pitted_surface_250_bb00.png,/Users/christopherbrantner/local/work/projects/toyVisionModel/NEU-DET/validation/images/pitted_surface/pitted_surface_250.jpg,0,pitted_surface,pitted_surface,0.9995220899581909
/Users/christopherbrantner/local/work/projects/toyVisionModel/outputs/chips/validation/pitted_surface/pitted_surface_251_bb00.png,/Users/christopherbrantner/local/work/projects/toyVisionModel/NEU-DET/validation/images/pitted_surface/pitted_surface_251.jpg,0,pitted_surface,pitted_surface,0.9997233748435974
/Users/christopherbrantner/local/work/projects/toyVisionModel/outputs/chips/validation/pitted_surface/pitted_surface_252_bb00.png,/Users/christopherbrantner/local/work/projects/toyVisionModel/NEU-DET/validation/images/pitted_surface/pitted_surface_252.jpg,0,pitted_surface,pitted_surface,0.998651921749115
/Users/christopherbrantner/local/work/projects/toyVisionModel/outputs/chips/validation/pitted_surface/pitted_surface_253_bb00.png,/Users/christopherbrantner/local/work/projects/toyVisionModel/NEU-DET/validation/images/pitted_surface/pitted_surface_253.jpg,0,pitted_surface,pitted_surface,0.9999634027481079
/Users/christopherbrantner/local/work/projects/toyVisionModel/outputs/chips/validation/pitted_surface/pitted_surface_253_bb01.png,/Users/christopherbrantner/local/work/projects/toyVisionModel/NEU-DET/validation/images/pitted_surface/pitted_surface_253.jpg,1,pitted_surface,pitted_surface,0.9763826131820679
/Users/christopherbrantner/local/work/projects/toyVisionModel/outputs/chips/validation/pitted_surface/pitted_surface_254_bb00.png,/Users/christopherbrantner/local/work/projects/toyVisionModel/NEU-DET/validation/images/pitted_surface/pitted_surface_254.jpg,0,pitted_surface,pitted_surface,0.9998226761817932
/Users/christopherbrantner/local/work/projects/toyVisionModel/outputs/chips/validation/pitted_surface/pitted_surface_255_bb00.png,/Users/christopherbrantner/local/work/projects/toyVisionModel/NEU-DET/validation/images/pitted_surface/pitted_surface_255.jpg,0,pitted_surface,pitted_surface,0.9994350075721741
/Users/christopherbrantner/local/work/projects/toyVisionModel/outputs/chips/validation/pitted_surface/pitted_surface_256_bb00.png,/Users/christopherbrantner/local/work/projects/toyVisionModel/NEU-DET/validation/images/pitted_surface/pitted_surface_256.jpg,0,pitted_surface,pitted_surface,0.9984318614006042
/Users/christopherbrantner/local/work/projects/toyVisionModel/outputs/chips/validation/pitted_surface/pitted_surface_256_bb01.png,/Users/christopherbrantner/local/work/projects/toyVisionModel/NEU-DET/validation/images/pitted_surface/pitted_surface_256.jpg,1,pitted_surface,pitted_surface,0.9998687505722046
/Users/christopherbrantner/local/work/projects/toyVisionModel/outputs/chips/validation/pitted_surface/pitted_surface_257_bb00.png,/Users/christopherbrantner/local/work/projects/toyVisionModel/NEU-DET/validation/images/pitted_surface/pitted_surface_257.jpg,0,pitted_surface,pitted_surface,0.9989345669746399
/Users/christopherbrantner/local/work/projects/toyVisionModel/outputs/chips/validation/pitted_surface/pitted_surface_258_bb00.png,/Users/christopherbrantner/local/work/projects/toyVisionModel/NEU-DET/validation/images/pitted_surface/pitted_surface_258.jpg,0,pitted_surface,pitted_surface,0.9999071359634399
/Users/christopherbrantner/local/work/projects/toyVisionModel/outputs/chips/validation/pitted_surface/pitted_surface_259_bb00.png,/Users/christopherbrantner/local/work/projects/toyVisionModel/NEU-DET/validation/images/pitted_surface/pitted_surface_259.jpg,0,pitted_surface,pitted_surface,0.998955249786377
/Users/christopherbrantner/local/work/projects/toyVisionModel/outputs/chips/validation/pitted_surface/pitted_surface_260_bb00.png,/Users/christopherbrantner/local/work/projects/toyVisionModel/NEU-DET/validation/images/pitted_surface/pitted_surface_260.jpg,0,pitted_surface,pitted_surface,0.9997172951698303
/Users/christopherbrantner/local/work/projects/toyVisionModel/outputs/chips/validation/pitted_surface/pitted_surface_261_bb00.png,/Users/christopherbrantner/local/work/projects/toyVisionModel/NEU-DET/validation/images/pitted_surface/pitted_surface_261.jpg,0,pitted_surface,pitted_surface,0.9999082088470459
/Users/christopherbrantner/local/work/projects/toyVisionModel/outputs/chips/validation/pitted_surface/pitted_surface_262_bb00.png,/Users/christopherbrantner/local/work/projects/toyVisionModel/NEU-DET/validation/images/pitted_surface/pitted_surface_262.jpg,0,pitted_surface,pitted_surface,0.9998595714569092
/Users/christopherbrantner/local/work/projects/toyVisionModel/outputs/chips/validation/pitted_surface/pitted_surface_263_bb00.png,/Users/christopherbrantner/local/work/projects/toyVisionModel/NEU-DET/validation/images/pitted_surface/pitted_surface_263.jpg,0,pitted_surface,pitted_surface,0.9992707371711731
/Users/christopherbrantner/local/work/projects/toyVisionModel/outputs/chips/validation/pitted_surface/pitted_surface_264_bb00.png,/Users/christopherbrantner/local/work/projects/toyVisionModel/NEU-DET/validation/images/pitted_surface/pitted_surface_264.jpg,0,pitted_surface,pitted_surface,0.9990683197975159
/Users/christopherbrantner/local/work/projects/toyVisionModel/outputs/chips/validation/pitted_surface/pitted_surface_265_bb00.png,/Users/christopherbrantner/local/work/projects/toyVisionModel/NEU-DET/validation/images/pitted_surface/pitted_surface_265.jpg,0,pitted_surface,pitted_surface,0.9945337772369385
/Users/christopherbrantner/local/work/projects/toyVisionModel/outputs/chips/validation/pitted_surface/pitted_surface_266_bb00.png,/Users/christopherbrantner/local/work/projects/toyVisionModel/NEU-DET/validation/images/pitted_surface/pitted_surface_266.jpg,0,pitted_surface,pitted_surface,0.9998220801353455
/Users/christopherbrantner/local/work/projects/toyVisionModel/outputs/chips/validation/pitted_surface/pitted_surface_266_bb01.png,/Users/christopherbrantner/local/work/projects/toyVisionModel/NEU-DET/validation/images/pitted_surface/pitted_surface_266.jpg,1,pitted_surface,rolled-in_scale,0.38572654128074646
/Users/christopherbrantner/local/work/projects/toyVisionModel/outputs/chips/validation/pitted_surface/pitted_surface_266_bb02.png,/Users/christopherbrantner/local/work/projects/toyVisionModel/NEU-DET/validation/images/pitted_surface/pitted_surface_266.jpg,2,pitted_surface,pitted_surface,0.9907495379447937
/Users/christopherbrantner/local/work/projects/toyVisionModel/outputs/chips/validation/pitted_surface/pitted_surface_267_bb00.png,/Users/christopherbrantner/local/work/projects/toyVisionModel/NEU-DET/validation/images/pitted_surface/pitted_surface_267.jpg,0,pitted_surface,pitted_surface,0.999559223651886
/Users/christopherbrantner/local/work/projects/toyVisionModel/outputs/chips/validation/pitted_surface/pitted_surface_267_bb01.png,/Users/christopherbrantner/local/work/projects/toyVisionModel/NEU-DET/validation/images/pitted_surface/pitted_surface_267.jpg,1,pitted_surface,pitted_surface,0.9992318153381348
/Users/christopherbrantner/local/work/projects/toyVisionModel/outputs/chips/validation/pitted_surface/pitted_surface_268_bb00.png,/Users/christopherbrantner/local/work/projects/toyVisionModel/NEU-DET/validation/images/pitted_surface/pitted_surface_268.jpg,0,pitted_surface,pitted_surface,0.9998167157173157
/Users/christopherbrantner/local/work/projects/toyVisionModel/outputs/chips/validation/pitted_surface/pitted_surface_268_bb01.png,/Users/christopherbrantner/local/work/projects/toyVisionModel/NEU-DET/validation/images/pitted_surface/pitted_surface_268.jpg,1,pitted_surface,pitted_surface,0.9995898604393005
/Users/christopherbrantner/local/work/projects/toyVisionModel/outputs/chips/validation/pitted_surface/pitted_surface_269_bb00.png,/Users/christopherbrantner/local/work/projects/toyVisionModel/NEU-DET/validation/images/pitted_surface/pitted_surface_269.jpg,0,pitted_surface,pitted_surface,0.9998470544815063
/Users/christopherbrantner/local/work/projects/toyVisionModel/outputs/chips/validation/pitted_surface/pitted_surface_269_bb01.png,/Users/christopherbrantner/local/work/projects/toyVisionModel/NEU-DET/validation/images/pitted_surface/pitted_surface_269.jpg,1,pitted_surface,pitted_surface,0.9955304265022278
/Users/christopherbrantner/local/work/projects/toyVisionModel/outputs/chips/validation/pitted_surface/pitted_surface_270_bb00.png,/Users/christopherbrantner/local/work/projects/toyVisionModel/NEU-DET/validation/images/pitted_surface/pitted_surface_270.jpg,0,pitted_surface,pitted_surface,0.9997817873954773
/Users/christopherbrantner/local/work/projects/toyVisionModel/outputs/chips/validation/pitted_surface/pitted_surface_271_bb00.png,/Users/christopherbrantner/local/work/projects/toyVisionModel/NEU-DET/validation/images/pitted_surface/pitted_surface_271.jpg,0,pitted_surface,pitted_surface,0.9999302625656128
/Users/christopherbrantner/local/work/projects/toyVisionModel/outputs/chips/validation/pitted_surface/pitted_surface_271_bb01.png,/Users/christopherbrantner/local/work/projects/toyVisionModel/NEU-DET/validation/images/pitted_surface/pitted_surface_271.jpg,1,pitted_surface,pitted_surface,0.9995130300521851
/Users/christopherbrantner/local/work/projects/toyVisionModel/outputs/chips/validation/pitted_surface/pitted_surface_272_bb00.png,/Users/christopherbrantner/local/work/projects/toyVisionModel/NEU-DET/validation/images/pitted_surface/pitted_surface_272.jpg,0,pitted_surface,pitted_surface,0.999736487865448
/Users/christopherbrantner/local/work/projects/toyVisionModel/outputs/chips/validation/pitted_surface/pitted_surface_272_bb01.png,/Users/christopherbrantner/local/work/projects/toyVisionModel/NEU-DET/validation/images/pitted_surface/pitted_surface_272.jpg,1,pitted_surface,pitted_surface,0.9994320273399353
/Users/christopherbrantner/local/work/projects/toyVisionModel/outputs/chips/validation/pitted_surface/pitted_surface_273_bb00.png,/Users/christopherbrantner/local/work/projects/toyVisionModel/NEU-DET/validation/images/pitted_surface/pitted_surface_273.jpg,0,pitted_surface,pitted_surface,0.9906311631202698
/Users/christopherbrantner/local/work/projects/toyVisionModel/outputs/chips/validation/pitted_surface/pitted_surface_274_bb00.png,/Users/christopherbrantner/local/work/projects/toyVisionModel/NEU-DET/validation/images/pitted_surface/pitted_surface_274.jpg,0,pitted_surface,pitted_surface,0.9979561567306519
/Users/christopherbrantner/local/work/projects/toyVisionModel/outputs/chips/validation/pitted_surface/pitted_surface_275_bb00.png,/Users/christopherbrantner/local/work/projects/toyVisionModel/NEU-DET/validation/images/pitted_surface/pitted_surface_275.jpg,0,pitted_surface,pitted_surface,0.9999696016311646
/Users/christopherbrantner/local/work/projects/toyVisionModel/outputs/chips/validation/pitted_surface/pitted_surface_276_bb00.png,/Users/christopherbrantner/local/work/projects/toyVisionModel/NEU-DET/validation/images/pitted_surface/pitted_surface_276.jpg,0,pitted_surface,pitted_surface,0.9999816417694092
/Users/christopherbrantner/local/work/projects/toyVisionModel/outputs/chips/validation/pitted_surface/pitted_surface_277_bb00.png,/Users/christopherbrantner/local/work/projects/toyVisionModel/NEU-DET/validation/images/pitted_surface/pitted_surface_277.jpg,0,pitted_surface,pitted_surface,0.9996705055236816
/Users/christopherbrantner/local/work/projects/toyVisionModel/outputs/chips/validation/pitted_surface/pitted_surface_278_bb00.png,/Users/christopherbrantner/local/work/projects/toyVisionModel/NEU-DET/validation/images/pitted_surface/pitted_surface_278.jpg,0,pitted_surface,pitted_surface,0.9997782111167908
/Users/christopherbrantner/local/work/projects/toyVisionModel/outputs/chips/validation/pitted_surface/pitted_surface_279_bb00.png,/Users/christopherbrantner/local/work/projects/toyVisionModel/NEU-DET/validation/images/pitted_surface/pitted_surface_279.jpg,0,pitted_surface,pitted_surface,0.9999996423721313
/Users/christopherbrantner/local/work/projects/toyVisionModel/outputs/chips/validation/pitted_surface/pitted_surface_280_bb00.png,/Users/christopherbrantner/local/work/projects/toyVisionModel/NEU-DET/validation/images/pitted_surface/pitted_surface_280.jpg,0,pitted_surface,pitted_surface,0.9999969005584717
/Users/christopherbrantner/local/work/projects/toyVisionModel/outputs/chips/validation/pitted_surface/pitted_surface_280_bb01.png,/Users/christopherbrantner/local/work/projects/toyVisionModel/NEU-DET/validation/images/pitted_surface/pitted_surface_280.jpg,1,pitted_surface,pitted_surface,0.9915984869003296
/Users/christopherbrantner/local/work/projects/toyVisionModel/outputs/chips/validation/pitted_surface/pitted_surface_280_bb02.png,/Users/christopherbrantner/local/work/projects/toyVisionModel/NEU-DET/validation/images/pitted_surface/pitted_surface_280.jpg,2,pitted_surface,pitted_surface,0.6317021250724792
/Users/christopherbrantner/local/work/projects/toyVisionModel/outputs/chips/validation/pitted_surface/pitted_surface_281_bb00.png,/Users/christopherbrantner/local/work/projects/toyVisionModel/NEU-DET/validation/images/pitted_surface/pitted_surface_281.jpg,0,pitted_surface,pitted_surface,0.999065101146698
/Users/christopherbrantner/local/work/projects/toyVisionModel/outputs/chips/validation/pitted_surface/pitted_surface_282_bb00.png,/Users/christopherbrantner/local/work/projects/toyVisionModel/NEU-DET/validation/images/pitted_surface/pitted_surface_282.jpg,0,pitted_surface,pitted_surface,0.9999276399612427
/Users/christopherbrantner/local/work/projects/toyVisionModel/outputs/chips/validation/pitted_surface/pitted_surface_282_bb01.png,/Users/christopherbrantner/local/work/projects/toyVisionModel/NEU-DET/validation/images/pitted_surface/pitted_surface_282.jpg,1,pitted_surface,pitted_surface,0.999852180480957
/Users/christopherbrantner/local/work/projects/toyVisionModel/outputs/chips/validation/pitted_surface/pitted_surface_283_bb00.png,/Users/christopherbrantner/local/work/projects/toyVisionModel/NEU-DET/validation/images/pitted_surface/pitted_surface_283.jpg,0,pitted_surface,pitted_surface,0.9997785687446594
/Users/christopherbrantner/local/work/projects/toyVisionModel/outputs/chips/validation/pitted_surface/pitted_surface_284_bb00.png,/Users/christopherbrantner/local/work/projects/toyVisionModel/NEU-DET/validation/images/pitted_surface/pitted_surface_284.jpg,0,pitted_surface,pitted_surface,0.999843955039978
/Users/christopherbrantner/local/work/projects/toyVisionModel/outputs/chips/validation/pitted_surface/pitted_surface_284_bb01.png,/Users/christopherbrantner/local/work/projects/toyVisionModel/NEU-DET/validation/images/pitted_surface/pitted_surface_284.jpg,1,pitted_surface,pitted_surface,0.9977244734764099
/Users/christopherbrantner/local/work/projects/toyVisionModel/outputs/chips/validation/pitted_surface/pitted_surface_285_bb00.png,/Users/christopherbrantner/local/work/projects/toyVisionModel/NEU-DET/validation/images/pitted_surface/pitted_surface_285.jpg,0,pitted_surface,pitted_surface,0.9999362230300903
/Users/christopherbrantner/local/work/projects/toyVisionModel/outputs/chips/validation/pitted_surface/pitted_surface_286_bb00.png,/Users/christopherbrantner/local/work/projects/toyVisionModel/NEU-DET/validation/images/pitted_surface/pitted_surface_286.jpg,0,pitted_surface,pitted_surface,0.9988539218902588
/Users/christopherbrantner/local/work/projects/toyVisionModel/outputs/chips/validation/pitted_surface/pitted_surface_287_bb00.png,/Users/christopherbrantner/local/work/projects/toyVisionModel/NEU-DET/validation/images/pitted_surface/pitted_surface_287.jpg,0,pitted_surface,pitted_surface,0.9997660517692566
/Users/christopherbrantner/local/work/projects/toyVisionModel/outputs/chips/validation/pitted_surface/pitted_surface_288_bb00.png,/Users/christopherbrantner/local/work/projects/toyVisionModel/NEU-DET/validation/images/pitted_surface/pitted_surface_288.jpg,0,pitted_surface,pitted_surface,0.9989012479782104
/Users/christopherbrantner/local/work/projects/toyVisionModel/outputs/chips/validation/pitted_surface/pitted_surface_289_bb00.png,/Users/christopherbrantner/local/work/projects/toyVisionModel/NEU-DET/validation/images/pitted_surface/pitted_surface_289.jpg,0,pitted_surface,pitted_surface,0.999889612197876
/Users/christopherbrantner/local/work/projects/toyVisionModel/outputs/chips/validation/pitted_surface/pitted_surface_289_bb01.png,/Users/christopherbrantner/local/work/projects/toyVisionModel/NEU-DET/validation/images/pitted_surface/pitted_surface_289.jpg,1,pitted_surface,pitted_surface,0.999958872795105
/Users/christopherbrantner/local/work/projects/toyVisionModel/outputs/chips/validation/pitted_surface/pitted_surface_290_bb00.png,/Users/christopherbrantner/local/work/projects/toyVisionModel/NEU-DET/validation/images/pitted_surface/pitted_surface_290.jpg,0,pitted_surface,pitted_surface,0.999822199344635
/Users/christopherbrantner/local/work/projects/toyVisionModel/outputs/chips/validation/pitted_surface/pitted_surface_290_bb01.png,/Users/christopherbrantner/local/work/projects/toyVisionModel/NEU-DET/validation/images/pitted_surface/pitted_surface_290.jpg,1,pitted_surface,pitted_surface,0.9999485015869141
/Users/christopherbrantner/local/work/projects/toyVisionModel/outputs/chips/validation/pitted_surface/pitted_surface_290_bb02.png,/Users/christopherbrantner/local/work/projects/toyVisionModel/NEU-DET/validation/images/pitted_surface/pitted_surface_290.jpg,2,pitted_surface,pitted_surface,0.9718677997589111
/Users/christopherbrantner/local/work/projects/toyVisionModel/outputs/chips/validation/pitted_surface/pitted_surface_291_bb00.png,/Users/christopherbrantner/local/work/projects/toyVisionModel/NEU-DET/validation/images/pitted_surface/pitted_surface_291.jpg,0,pitted_surface,pitted_surface,0.9999710321426392
/Users/christopherbrantner/local/work/projects/toyVisionModel/outputs/chips/validation/pitted_surface/pitted_surface_292_bb00.png,/Users/christopherbrantner/local/work/projects/toyVisionModel/NEU-DET/validation/images/pitted_surface/pitted_surface_292.jpg,0,pitted_surface,pitted_surface,0.9999654293060303
/Users/christopherbrantner/local/work/projects/toyVisionModel/outputs/chips/validation/pitted_surface/pitted_surface_292_bb01.png,/Users/christopherbrantner/local/work/projects/toyVisionModel/NEU-DET/validation/images/pitted_surface/pitted_surface_292.jpg,1,pitted_surface,pitted_surface,0.987058699131012
/Users/christopherbrantner/local/work/projects/toyVisionModel/outputs/chips/validation/pitted_surface/pitted_surface_293_bb00.png,/Users/christopherbrantner/local/work/projects/toyVisionModel/NEU-DET/validation/images/pitted_surface/pitted_surface_293.jpg,0,pitted_surface,pitted_surface,0.9999834299087524
/Users/christopherbrantner/local/work/projects/toyVisionModel/outputs/chips/validation/pitted_surface/pitted_surface_294_bb00.png,/Users/christopherbrantner/local/work/projects/toyVisionModel/NEU-DET/validation/images/pitted_surface/pitted_surface_294.jpg,0,pitted_surface,pitted_surface,0.9998821020126343
/Users/christopherbrantner/local/work/projects/toyVisionModel/outputs/chips/validation/pitted_surface/pitted_surface_294_bb01.png,/Users/christopherbrantner/local/work/projects/toyVisionModel/NEU-DET/validation/images/pitted_surface/pitted_surface_294.jpg,1,pitted_surface,pitted_surface,0.9996582269668579
/Users/christopherbrantner/local/work/projects/toyVisionModel/outputs/chips/validation/pitted_surface/pitted_surface_295_bb00.png,/Users/christopherbrantner/local/work/projects/toyVisionModel/NEU-DET/validation/images/pitted_surface/pitted_surface_295.jpg,0,pitted_surface,pitted_surface,0.9999254941940308
/Users/christopherbrantner/local/work/projects/toyVisionModel/outputs/chips/validation/pitted_surface/pitted_surface_296_bb00.png,/Users/christopherbrantner/local/work/projects/toyVisionModel/NEU-DET/validation/images/pitted_surface/pitted_surface_296.jpg,0,pitted_surface,pitted_surface,0.9999632835388184
/Users/christopherbrantner/local/work/projects/toyVisionModel/outputs/chips/validation/pitted_surface/pitted_surface_296_bb01.png,/Users/christopherbrantner/local/work/projects/toyVisionModel/NEU-DET/validation/images/pitted_surface/pitted_surface_296.jpg,1,pitted_surface,pitted_surface,0.9999793767929077
/Users/christopherbrantner/local/work/projects/toyVisionModel/outputs/chips/validation/pitted_surface/pitted_surface_297_bb00.png,/Users/christopherbrantner/local/work/projects/toyVisionModel/NEU-DET/validation/images/pitted_surface/pitted_surface_297.jpg,0,pitted_surface,pitted_surface,0.9999648332595825
/Users/christopherbrantner/local/work/projects/toyVisionModel/outputs/chips/validation/pitted_surface/pitted_surface_298_bb00.png,/Users/christopherbrantner/local/work/projects/toyVisionModel/NEU-DET/validation/images/pitted_surface/pitted_surface_298.jpg,0,pitted_surface,pitted_surface,0.9999513626098633
/Users/christopherbrantner/local/work/projects/toyVisionModel/outputs/chips/validation/pitted_surface/pitted_surface_298_bb01.png,/Users/christopherbrantner/local/work/projects/toyVisionModel/NEU-DET/validation/images/pitted_surface/pitted_surface_298.jpg,1,pitted_surface,pitted_surface,0.779147744178772
/Users/christopherbrantner/local/work/projects/toyVisionModel/outputs/chips/validation/pitted_surface/pitted_surface_299_bb00.png,/Users/christopherbrantner/local/work/projects/toyVisionModel/NEU-DET/validation/images/pitted_surface/pitted_surface_299.jpg,0,pitted_surface,pitted_surface,0.9999998807907104
/Users/christopherbrantner/local/work/projects/toyVisionModel/outputs/chips/validation/pitted_surface/pitted_surface_299_bb01.png,/Users/christopherbrantner/local/work/projects/toyVisionModel/NEU-DET/validation/images/pitted_surface/pitted_surface_299.jpg,1,pitted_surface,pitted_surface,0.9148666262626648
/Users/christopherbrantner/local/work/projects/toyVisionModel/outputs/chips/validation/pitted_surface/pitted_surface_299_bb02.png,/Users/christopherbrantner/local/work/projects/toyVisionModel/NEU-DET/validation/images/pitted_surface/pitted_surface_299.jpg,2,pitted_surface,pitted_surface,0.9998574256896973
/Users/christopherbrantner/local/work/projects/toyVisionModel/outputs/chips/validation/pitted_surface/pitted_surface_300_bb00.png,/Users/christopherbrantner/local/work/projects/toyVisionModel/NEU-DET/validation/images/pitted_surface/pitted_surface_300.jpg,0,pitted_surface,pitted_surface,0.9999991655349731
/Users/christopherbrantner/local/work/projects/toyVisionModel/outputs/chips/validation/pitted_surface/pitted_surface_300_bb01.png,/Users/christopherbrantner/local/work/projects/toyVisionModel/NEU-DET/validation/images/pitted_surface/pitted_surface_300.jpg,1,pitted_surface,pitted_surface,0.9999377727508545
/Users/christopherbrantner/local/work/projects/toyVisionModel/outputs/chips/validation/rolled-in_scale/rolled-in_scale_241_bb00.png,/Users/christopherbrantner/local/work/projects/toyVisionModel/NEU-DET/validation/images/rolled-in_scale/rolled-in_scale_241.jpg,0,rolled-in_scale,rolled-in_scale,0.8236939311027527
/Users/christopherbrantner/local/work/projects/toyVisionModel/outputs/chips/validation/rolled-in_scale/rolled-in_scale_241_bb01.png,/Users/christopherbrantner/local/work/projects/toyVisionModel/NEU-DET/validation/images/rolled-in_scale/rolled-in_scale_241.jpg,1,rolled-in_scale,crazing,0.5463362336158752
/Users/christopherbrantner/local/work/projects/toyVisionModel/outputs/chips/validation/rolled-in_scale/rolled-in_scale_242_bb00.png,/Users/christopherbrantner/local/work/projects/toyVisionModel/NEU-DET/validation/images/rolled-in_scale/rolled-in_scale_242.jpg,0,rolled-in_scale,crazing,0.5049599409103394
/Users/christopherbrantner/local/work/projects/toyVisionModel/outputs/chips/validation/rolled-in_scale/rolled-in_scale_242_bb01.png,/Users/christopherbrantner/local/work/projects/toyVisionModel/NEU-DET/validation/images/rolled-in_scale/rolled-in_scale_242.jpg,1,rolled-in_scale,crazing,0.7047334909439087
/Users/christopherbrantner/local/work/projects/toyVisionModel/outputs/chips/validation/rolled-in_scale/rolled-in_scale_243_bb00.png,/Users/christopherbrantner/local/work/projects/toyVisionModel/NEU-DET/validation/images/rolled-in_scale/rolled-in_scale_243.jpg,0,rolled-in_scale,rolled-in_scale,0.46773993968963623
/Users/christopherbrantner/local/work/projects/toyVisionModel/outputs/chips/validation/rolled-in_scale/rolled-in_scale_244_bb00.png,/Users/christopherbrantner/local/work/projects/toyVisionModel/NEU-DET/validation/images/rolled-in_scale/rolled-in_scale_244.jpg,0,rolled-in_scale,crazing,0.5725418329238892
/Users/christopherbrantner/local/work/projects/toyVisionModel/outputs/chips/validation/rolled-in_scale/rolled-in_scale_244_bb01.png,/Users/christopherbrantner/local/work/projects/toyVisionModel/NEU-DET/validation/images/rolled-in_scale/rolled-in_scale_244.jpg,1,rolled-in_scale,rolled-in_scale,0.8720983862876892
/Users/christopherbrantner/local/work/projects/toyVisionModel/outputs/chips/validation/rolled-in_scale/rolled-in_scale_244_bb02.png,/Users/christopherbrantner/local/work/projects/toyVisionModel/NEU-DET/validation/images/rolled-in_scale/rolled-in_scale_244.jpg,2,rolled-in_scale,rolled-in_scale,0.866206705570221
/Users/christopherbrantner/local/work/projects/toyVisionModel/outputs/chips/validation/rolled-in_scale/rolled-in_scale_245_bb00.png,/Users/christopherbrantner/local/work/projects/toyVisionModel/NEU-DET/validation/images/rolled-in_scale/rolled-in_scale_245.jpg,0,rolled-in_scale,crazing,0.5219647884368896
/Users/christopherbrantner/local/work/projects/toyVisionModel/outputs/chips/validation/rolled-in_scale/rolled-in_scale_245_bb01.png,/Users/christopherbrantner/local/work/projects/toyVisionModel/NEU-DET/validation/images/rolled-in_scale/rolled-in_scale_245.jpg,1,rolled-in_scale,crazing,0.5518413186073303
/Users/christopherbrantner/local/work/projects/toyVisionModel/outputs/chips/validation/rolled-in_scale/rolled-in_scale_246_bb00.png,/Users/christopherbrantner/local/work/projects/toyVisionModel/NEU-DET/validation/images/rolled-in_scale/rolled-in_scale_246.jpg,0,rolled-in_scale,crazing,0.8681378960609436
/Users/christopherbrantner/local/work/projects/toyVisionModel/outputs/chips/validation/rolled-in_scale/rolled-in_scale_246_bb01.png,/Users/christopherbrantner/local/work/projects/toyVisionModel/NEU-DET/validation/images/rolled-in_scale/rolled-in_scale_246.jpg,1,rolled-in_scale,crazing,0.464141845703125
/Users/christopherbrantner/local/work/projects/toyVisionModel/outputs/chips/validation/rolled-in_scale/rolled-in_scale_247_bb00.png,/Users/christopherbrantner/local/work/projects/toyVisionModel/NEU-DET/validation/images/rolled-in_scale/rolled-in_scale_247.jpg,0,rolled-in_scale,crazing,0.7286596894264221
/Users/christopherbrantner/local/work/projects/toyVisionModel/outputs/chips/validation/rolled-in_scale/rolled-in_scale_247_bb01.png,/Users/christopherbrantner/local/work/projects/toyVisionModel/NEU-DET/validation/images/rolled-in_scale/rolled-in_scale_247.jpg,1,rolled-in_scale,rolled-in_scale,0.8056495189666748
/Users/christopherbrantner/local/work/projects/toyVisionModel/outputs/chips/validation/rolled-in_scale/rolled-in_scale_247_bb02.png,/Users/christopherbrantner/local/work/projects/toyVisionModel/NEU-DET/validation/images/rolled-in_scale/rolled-in_scale_247.jpg,2,rolled-in_scale,patches,0.8364399671554565
/Users/christopherbrantner/local/work/projects/toyVisionModel/outputs/chips/validation/rolled-in_scale/rolled-in_scale_248_bb00.png,/Users/christopherbrantner/local/work/projects/toyVisionModel/NEU-DET/validation/images/rolled-in_scale/rolled-in_scale_248.jpg,0,rolled-in_scale,rolled-in_scale,0.9504521489143372
/Users/christopherbrantner/local/work/projects/toyVisionModel/outputs/chips/validation/rolled-in_scale/rolled-in_scale_248_bb01.png,/Users/christopherbrantner/local/work/projects/toyVisionModel/NEU-DET/validation/images/rolled-in_scale/rolled-in_scale_248.jpg,1,rolled-in_scale,rolled-in_scale,0.5348432660102844
/Users/christopherbrantner/local/work/projects/toyVisionModel/outputs/chips/validation/rolled-in_scale/rolled-in_scale_249_bb00.png,/Users/christopherbrantner/local/work/projects/toyVisionModel/NEU-DET/validation/images/rolled-in_scale/rolled-in_scale_249.jpg,0,rolled-in_scale,crazing,0.6394558548927307
/Users/christopherbrantner/local/work/projects/toyVisionModel/outputs/chips/validation/rolled-in_scale/rolled-in_scale_250_bb00.png,/Users/christopherbrantner/local/work/projects/toyVisionModel/NEU-DET/validation/images/rolled-in_scale/rolled-in_scale_250.jpg,0,rolled-in_scale,rolled-in_scale,0.656427800655365
/Users/christopherbrantner/local/work/projects/toyVisionModel/outputs/chips/validation/rolled-in_scale/rolled-in_scale_250_bb01.png,/Users/christopherbrantner/local/work/projects/toyVisionModel/NEU-DET/validation/images/rolled-in_scale/rolled-in_scale_250.jpg,1,rolled-in_scale,rolled-in_scale,0.5913286805152893
/Users/christopherbrantner/local/work/projects/toyVisionModel/outputs/chips/validation/rolled-in_scale/rolled-in_scale_250_bb02.png,/Users/christopherbrantner/local/work/projects/toyVisionModel/NEU-DET/validation/images/rolled-in_scale/rolled-in_scale_250.jpg,2,rolled-in_scale,rolled-in_scale,0.8659651875495911
/Users/christopherbrantner/local/work/projects/toyVisionModel/outputs/chips/validation/rolled-in_scale/rolled-in_scale_251_bb00.png,/Users/christopherbrantner/local/work/projects/toyVisionModel/NEU-DET/validation/images/rolled-in_scale/rolled-in_scale_251.jpg,0,rolled-in_scale,pitted_surface,0.9337473511695862
/Users/christopherbrantner/local/work/projects/toyVisionModel/outputs/chips/validation/rolled-in_scale/rolled-in_scale_251_bb01.png,/Users/christopherbrantner/local/work/projects/toyVisionModel/NEU-DET/validation/images/rolled-in_scale/rolled-in_scale_251.jpg,1,rolled-in_scale,rolled-in_scale,0.6924334168434143
/Users/christopherbrantner/local/work/projects/toyVisionModel/outputs/chips/validation/rolled-in_scale/rolled-in_scale_252_bb00.png,/Users/christopherbrantner/local/work/projects/toyVisionModel/NEU-DET/validation/images/rolled-in_scale/rolled-in_scale_252.jpg,0,rolled-in_scale,crazing,0.9391118288040161
/Users/christopherbrantner/local/work/projects/toyVisionModel/outputs/chips/validation/rolled-in_scale/rolled-in_scale_252_bb01.png,/Users/christopherbrantner/local/work/projects/toyVisionModel/NEU-DET/validation/images/rolled-in_scale/rolled-in_scale_252.jpg,1,rolled-in_scale,crazing,0.9482432007789612
/Users/christopherbrantner/local/work/projects/toyVisionModel/outputs/chips/validation/rolled-in_scale/rolled-in_scale_253_bb00.png,/Users/christopherbrantner/local/work/projects/toyVisionModel/NEU-DET/validation/images/rolled-in_scale/rolled-in_scale_253.jpg,0,rolled-in_scale,crazing,0.733709990978241
/Users/christopherbrantner/local/work/projects/toyVisionModel/outputs/chips/validation/rolled-in_scale/rolled-in_scale_254_bb00.png,/Users/christopherbrantner/local/work/projects/toyVisionModel/NEU-DET/validation/images/rolled-in_scale/rolled-in_scale_254.jpg,0,rolled-in_scale,rolled-in_scale,0.9348514676094055
/Users/christopherbrantner/local/work/projects/toyVisionModel/outputs/chips/validation/rolled-in_scale/rolled-in_scale_255_bb00.png,/Users/christopherbrantner/local/work/projects/toyVisionModel/NEU-DET/validation/images/rolled-in_scale/rolled-in_scale_255.jpg,0,rolled-in_scale,pitted_surface,0.8339913487434387
/Users/christopherbrantner/local/work/projects/toyVisionModel/outputs/chips/validation/rolled-in_scale/rolled-in_scale_255_bb01.png,/Users/christopherbrantner/local/work/projects/toyVisionModel/NEU-DET/validation/images/rolled-in_scale/rolled-in_scale_255.jpg,1,rolled-in_scale,rolled-in_scale,0.887791633605957
/Users/christopherbrantner/local/work/projects/toyVisionModel/outputs/chips/validation/rolled-in_scale/rolled-in_scale_255_bb02.png,/Users/christopherbrantner/local/work/projects/toyVisionModel/NEU-DET/validation/images/rolled-in_scale/rolled-in_scale_255.jpg,2,rolled-in_scale,rolled-in_scale,0.7845531702041626
/Users/christopherbrantner/local/work/projects/toyVisionModel/outputs/chips/validation/rolled-in_scale/rolled-in_scale_255_bb03.png,/Users/christopherbrantner/local/work/projects/toyVisionModel/NEU-DET/validation/images/rolled-in_scale/rolled-in_scale_255.jpg,3,rolled-in_scale,rolled-in_scale,0.9700984358787537
/Users/christopherbrantner/local/work/projects/toyVisionModel/outputs/chips/validation/rolled-in_scale/rolled-in_scale_256_bb00.png,/Users/christopherbrantner/local/work/projects/toyVisionModel/NEU-DET/validation/images/rolled-in_scale/rolled-in_scale_256.jpg,0,rolled-in_scale,pitted_surface,0.560365617275238
/Users/christopherbrantner/local/work/projects/toyVisionModel/outputs/chips/validation/rolled-in_scale/rolled-in_scale_257_bb00.png,/Users/christopherbrantner/local/work/projects/toyVisionModel/NEU-DET/validation/images/rolled-in_scale/rolled-in_scale_257.jpg,0,rolled-in_scale,crazing,0.7164734601974487
/Users/christopherbrantner/local/work/projects/toyVisionModel/outputs/chips/validation/rolled-in_scale/rolled-in_scale_257_bb01.png,/Users/christopherbrantner/local/work/projects/toyVisionModel/NEU-DET/validation/images/rolled-in_scale/rolled-in_scale_257.jpg,1,rolled-in_scale,rolled-in_scale,0.982151985168457
/Users/christopherbrantner/local/work/projects/toyVisionModel/outputs/chips/validation/rolled-in_scale/rolled-in_scale_257_bb02.png,/Users/christopherbrantner/local/work/projects/toyVisionModel/NEU-DET/validation/images/rolled-in_scale/rolled-in_scale_257.jpg,2,rolled-in_scale,rolled-in_scale,0.9444871544837952
/Users/christopherbrantner/local/work/projects/toyVisionModel/outputs/chips/validation/rolled-in_scale/rolled-in_scale_258_bb00.png,/Users/christopherbrantner/local/work/projects/toyVisionModel/NEU-DET/validation/images/rolled-in_scale/rolled-in_scale_258.jpg,0,rolled-in_scale,crazing,0.5497920513153076
/Users/christopherbrantner/local/work/projects/toyVisionModel/outputs/chips/validation/rolled-in_scale/rolled-in_scale_259_bb00.png,/Users/christopherbrantner/local/work/projects/toyVisionModel/NEU-DET/validation/images/rolled-in_scale/rolled-in_scale_259.jpg,0,rolled-in_scale,rolled-in_scale,0.9649783372879028
/Users/christopherbrantner/local/work/projects/toyVisionModel/outputs/chips/validation/rolled-in_scale/rolled-in_scale_259_bb01.png,/Users/christopherbrantner/local/work/projects/toyVisionModel/NEU-DET/validation/images/rolled-in_scale/rolled-in_scale_259.jpg,1,rolled-in_scale,rolled-in_scale,0.7066097855567932
/Users/christopherbrantner/local/work/projects/toyVisionModel/outputs/chips/validation/rolled-in_scale/rolled-in_scale_259_bb02.png,/Users/christopherbrantner/local/work/projects/toyVisionModel/NEU-DET/validation/images/rolled-in_scale/rolled-in_scale_259.jpg,2,rolled-in_scale,rolled-in_scale,0.7726737260818481
/Users/christopherbrantner/local/work/projects/toyVisionModel/outputs/chips/validation/rolled-in_scale/rolled-in_scale_259_bb03.png,/Users/christopherbrantner/local/work/projects/toyVisionModel/NEU-DET/validation/images/rolled-in_scale/rolled-in_scale_259.jpg,3,rolled-in_scale,rolled-in_scale,0.8146008253097534
/Users/christopherbrantner/local/work/projects/toyVisionModel/outputs/chips/validation/rolled-in_scale/rolled-in_scale_260_bb00.png,/Users/christopherbrantner/local/work/projects/toyVisionModel/NEU-DET/validation/images/rolled-in_scale/rolled-in_scale_260.jpg,0,rolled-in_scale,rolled-in_scale,0.978864312171936
/Users/christopherbrantner/local/work/projects/toyVisionModel/outputs/chips/validation/rolled-in_scale/rolled-in_scale_260_bb01.png,/Users/christopherbrantner/local/work/projects/toyVisionModel/NEU-DET/validation/images/rolled-in_scale/rolled-in_scale_260.jpg,1,rolled-in_scale,rolled-in_scale,0.9313635230064392
/Users/christopherbrantner/local/work/projects/toyVisionModel/outputs/chips/validation/rolled-in_scale/rolled-in_scale_260_bb02.png,/Users/christopherbrantner/local/work/projects/toyVisionModel/NEU-DET/validation/images/rolled-in_scale/rolled-in_scale_260.jpg,2,rolled-in_scale,rolled-in_scale,0.8155932426452637
/Users/christopherbrantner/local/work/projects/toyVisionModel/outputs/chips/validation/rolled-in_scale/rolled-in_scale_261_bb00.png,/Users/christopherbrantner/local/work/projects/toyVisionModel/NEU-DET/validation/images/rolled-in_scale/rolled-in_scale_261.jpg,0,rolled-in_scale,rolled-in_scale,0.5313913822174072
/Users/christopherbrantner/local/work/projects/toyVisionModel/outputs/chips/validation/rolled-in_scale/rolled-in_scale_262_bb00.png,/Users/christopherbrantner/local/work/projects/toyVisionModel/NEU-DET/validation/images/rolled-in_scale/rolled-in_scale_262.jpg,0,rolled-in_scale,crazing,0.6373047828674316
/Users/christopherbrantner/local/work/projects/toyVisionModel/outputs/chips/validation/rolled-in_scale/rolled-in_scale_263_bb00.png,/Users/christopherbrantner/local/work/projects/toyVisionModel/NEU-DET/validation/images/rolled-in_scale/rolled-in_scale_263.jpg,0,rolled-in_scale,crazing,0.911241352558136
/Users/christopherbrantner/local/work/projects/toyVisionModel/outputs/chips/validation/rolled-in_scale/rolled-in_scale_263_bb01.png,/Users/christopherbrantner/local/work/projects/toyVisionModel/NEU-DET/validation/images/rolled-in_scale/rolled-in_scale_263.jpg,1,rolled-in_scale,crazing,0.7605921626091003
/Users/christopherbrantner/local/work/projects/toyVisionModel/outputs/chips/validation/rolled-in_scale/rolled-in_scale_264_bb00.png,/Users/christopherbrantner/local/work/projects/toyVisionModel/NEU-DET/validation/images/rolled-in_scale/rolled-in_scale_264.jpg,0,rolled-in_scale,crazing,0.9168363809585571
/Users/christopherbrantner/local/work/projects/toyVisionModel/outputs/chips/validation/rolled-in_scale/rolled-in_scale_264_bb01.png,/Users/christopherbrantner/local/work/projects/toyVisionModel/NEU-DET/validation/images/rolled-in_scale/rolled-in_scale_264.jpg,1,rolled-in_scale,crazing,0.951520562171936
/Users/christopherbrantner/local/work/projects/toyVisionModel/outputs/chips/validation/rolled-in_scale/rolled-in_scale_264_bb02.png,/Users/christopherbrantner/local/work/projects/toyVisionModel/NEU-DET/validation/images/rolled-in_scale/rolled-in_scale_264.jpg,2,rolled-in_scale,crazing,0.7471557855606079
/Users/christopherbrantner/local/work/projects/toyVisionModel/outputs/chips/validation/rolled-in_scale/rolled-in_scale_265_bb00.png,/Users/christopherbrantner/local/work/projects/toyVisionModel/NEU-DET/validation/images/rolled-in_scale/rolled-in_scale_265.jpg,0,rolled-in_scale,crazing,0.6339989304542542
/Users/christopherbrantner/local/work/projects/toyVisionModel/outputs/chips/validation/rolled-in_scale/rolled-in_scale_265_bb01.png,/Users/christopherbrantner/local/work/projects/toyVisionModel/NEU-DET/validation/images/rolled-in_scale/rolled-in_scale_265.jpg,1,rolled-in_scale,rolled-in_scale,0.8703076243400574
/Users/christopherbrantner/local/work/projects/toyVisionModel/outputs/chips/validation/rolled-in_scale/rolled-in_scale_266_bb00.png,/Users/christopherbrantner/local/work/projects/toyVisionModel/NEU-DET/validation/images/rolled-in_scale/rolled-in_scale_266.jpg,0,rolled-in_scale,rolled-in_scale,0.7674981355667114
/Users/christopherbrantner/local/work/projects/toyVisionModel/outputs/chips/validation/rolled-in_scale/rolled-in_scale_266_bb01.png,/Users/christopherbrantner/local/work/projects/toyVisionModel/NEU-DET/validation/images/rolled-in_scale/rolled-in_scale_266.jpg,1,rolled-in_scale,rolled-in_scale,0.9107683300971985
/Users/christopherbrantner/local/work/projects/toyVisionModel/outputs/chips/validation/rolled-in_scale/rolled-in_scale_267_bb00.png,/Users/christopherbrantner/local/work/projects/toyVisionModel/NEU-DET/validation/images/rolled-in_scale/rolled-in_scale_267.jpg,0,rolled-in_scale,rolled-in_scale,0.7066789269447327
/Users/christopherbrantner/local/work/projects/toyVisionModel/outputs/chips/validation/rolled-in_scale/rolled-in_scale_267_bb01.png,/Users/christopherbrantner/local/work/projects/toyVisionModel/NEU-DET/validation/images/rolled-in_scale/rolled-in_scale_267.jpg,1,rolled-in_scale,rolled-in_scale,0.5850211977958679
/Users/christopherbrantner/local/work/projects/toyVisionModel/outputs/chips/validation/rolled-in_scale/rolled-in_scale_267_bb02.png,/Users/christopherbrantner/local/work/projects/toyVisionModel/NEU-DET/validation/images/rolled-in_scale/rolled-in_scale_267.jpg,2,rolled-in_scale,rolled-in_scale,0.7455688714981079
/Users/christopherbrantner/local/work/projects/toyVisionModel/outputs/chips/validation/rolled-in_scale/rolled-in_scale_268_bb00.png,/Users/christopherbrantner/local/work/projects/toyVisionModel/NEU-DET/validation/images/rolled-in_scale/rolled-in_scale_268.jpg,0,rolled-in_scale,crazing,0.871131181716919
/Users/christopherbrantner/local/work/projects/toyVisionModel/outputs/chips/validation/rolled-in_scale/rolled-in_scale_268_bb01.png,/Users/christopherbrantner/local/work/projects/toyVisionModel/NEU-DET/validation/images/rolled-in_scale/rolled-in_scale_268.jpg,1,rolled-in_scale,crazing,0.7203251123428345
/Users/christopherbrantner/local/work/projects/toyVisionModel/outputs/chips/validation/rolled-in_scale/rolled-in_scale_269_bb00.png,/Users/christopherbrantner/local/work/projects/toyVisionModel/NEU-DET/validation/images/rolled-in_scale/rolled-in_scale_269.jpg,0,rolled-in_scale,rolled-in_scale,0.8300520181655884
/Users/christopherbrantner/local/work/projects/toyVisionModel/outputs/chips/validation/rolled-in_scale/rolled-in_scale_270_bb00.png,/Users/christopherbrantner/local/work/projects/toyVisionModel/NEU-DET/validation/images/rolled-in_scale/rolled-in_scale_270.jpg,0,rolled-in_scale,rolled-in_scale,0.9773504734039307
/Users/christopherbrantner/local/work/projects/toyVisionModel/outputs/chips/validation/rolled-in_scale/rolled-in_scale_270_bb01.png,/Users/christopherbrantner/local/work/projects/toyVisionModel/NEU-DET/validation/images/rolled-in_scale/rolled-in_scale_270.jpg,1,rolled-in_scale,rolled-in_scale,0.9505557417869568
/Users/christopherbrantner/local/work/projects/toyVisionModel/outputs/chips/validation/rolled-in_scale/rolled-in_scale_270_bb02.png,/Users/christopherbrantner/local/work/projects/toyVisionModel/NEU-DET/validation/images/rolled-in_scale/rolled-in_scale_270.jpg,2,rolled-in_scale,rolled-in_scale,0.6662694811820984
/Users/christopherbrantner/local/work/projects/toyVisionModel/outputs/chips/validation/rolled-in_scale/rolled-in_scale_271_bb00.png,/Users/christopherbrantner/local/work/projects/toyVisionModel/NEU-DET/validation/images/rolled-in_scale/rolled-in_scale_271.jpg,0,rolled-in_scale,rolled-in_scale,0.9580252766609192
/Users/christopherbrantner/local/work/projects/toyVisionModel/outputs/chips/validation/rolled-in_scale/rolled-in_scale_271_bb01.png,/Users/christopherbrantner/local/work/projects/toyVisionModel/NEU-DET/validation/images/rolled-in_scale/rolled-in_scale_271.jpg,1,rolled-in_scale,crazing,0.5779404640197754
/Users/christopherbrantner/local/work/projects/toyVisionModel/outputs/chips/validation/rolled-in_scale/rolled-in_scale_272_bb00.png,/Users/christopherbrantner/local/work/projects/toyVisionModel/NEU-DET/validation/images/rolled-in_scale/rolled-in_scale_272.jpg,0,rolled-in_scale,rolled-in_scale,0.9083197116851807
/Users/christopherbrantner/local/work/projects/toyVisionModel/outputs/chips/validation/rolled-in_scale/rolled-in_scale_272_bb01.png,/Users/christopherbrantner/local/work/projects/toyVisionModel/NEU-DET/validation/images/rolled-in_scale/rolled-in_scale_272.jpg,1,rolled-in_scale,rolled-in_scale,0.9871304631233215
/Users/christopherbrantner/local/work/projects/toyVisionModel/outputs/chips/validation/rolled-in_scale/rolled-in_scale_273_bb00.png,/Users/christopherbrantner/local/work/projects/toyVisionModel/NEU-DET/validation/images/rolled-in_scale/rolled-in_scale_273.jpg,0,rolled-in_scale,rolled-in_scale,0.9278250336647034
/Users/christopherbrantner/local/work/projects/toyVisionModel/outputs/chips/validation/rolled-in_scale/rolled-in_scale_273_bb01.png,/Users/christopherbrantner/local/work/projects/toyVisionModel/NEU-DET/validation/images/rolled-in_scale/rolled-in_scale_273.jpg,1,rolled-in_scale,rolled-in_scale,0.9493941068649292
/Users/christopherbrantner/local/work/projects/toyVisionModel/outputs/chips/validation/rolled-in_scale/rolled-in_scale_274_bb00.png,/Users/christopherbrantner/local/work/projects/toyVisionModel/NEU-DET/validation/images/rolled-in_scale/rolled-in_scale_274.jpg,0,rolled-in_scale,rolled-in_scale,0.9315968155860901
/Users/christopherbrantner/local/work/projects/toyVisionModel/outputs/chips/validation/rolled-in_scale/rolled-in_scale_274_bb01.png,/Users/christopherbrantner/local/work/projects/toyVisionModel/NEU-DET/validation/images/rolled-in_scale/rolled-in_scale_274.jpg,1,rolled-in_scale,rolled-in_scale,0.9844678044319153
/Users/christopherbrantner/local/work/projects/toyVisionModel/outputs/chips/validation/rolled-in_scale/rolled-in_scale_274_bb02.png,/Users/christopherbrantner/local/work/projects/toyVisionModel/NEU-DET/validation/images/rolled-in_scale/rolled-in_scale_274.jpg,2,rolled-in_scale,rolled-in_scale,0.968995988368988
/Users/christopherbrantner/local/work/projects/toyVisionModel/outputs/chips/validation/rolled-in_scale/rolled-in_scale_274_bb03.png,/Users/christopherbrantner/local/work/projects/toyVisionModel/NEU-DET/validation/images/rolled-in_scale/rolled-in_scale_274.jpg,3,rolled-in_scale,rolled-in_scale,0.8757662773132324
/Users/christopherbrantner/local/work/projects/toyVisionModel/outputs/chips/validation/rolled-in_scale/rolled-in_scale_275_bb00.png,/Users/christopherbrantner/local/work/projects/toyVisionModel/NEU-DET/validation/images/rolled-in_scale/rolled-in_scale_275.jpg,0,rolled-in_scale,rolled-in_scale,0.9964627623558044
/Users/christopherbrantner/local/work/projects/toyVisionModel/outputs/chips/validation/rolled-in_scale/rolled-in_scale_275_bb01.png,/Users/christopherbrantner/local/work/projects/toyVisionModel/NEU-DET/validation/images/rolled-in_scale/rolled-in_scale_275.jpg,1,rolled-in_scale,rolled-in_scale,0.9617733955383301
/Users/christopherbrantner/local/work/projects/toyVisionModel/outputs/chips/validation/rolled-in_scale/rolled-in_scale_275_bb02.png,/Users/christopherbrantner/local/work/projects/toyVisionModel/NEU-DET/validation/images/rolled-in_scale/rolled-in_scale_275.jpg,2,rolled-in_scale,rolled-in_scale,0.9901024103164673
/Users/christopherbrantner/local/work/projects/toyVisionModel/outputs/chips/validation/rolled-in_scale/rolled-in_scale_276_bb00.png,/Users/christopherbrantner/local/work/projects/toyVisionModel/NEU-DET/validation/images/rolled-in_scale/rolled-in_scale_276.jpg,0,rolled-in_scale,rolled-in_scale,0.9229676127433777
/Users/christopherbrantner/local/work/projects/toyVisionModel/outputs/chips/validation/rolled-in_scale/rolled-in_scale_276_bb01.png,/Users/christopherbrantner/local/work/projects/toyVisionModel/NEU-DET/validation/images/rolled-in_scale/rolled-in_scale_276.jpg,1,rolled-in_scale,rolled-in_scale,0.7687252163887024
/Users/christopherbrantner/local/work/projects/toyVisionModel/outputs/chips/validation/rolled-in_scale/rolled-in_scale_277_bb00.png,/Users/christopherbrantner/local/work/projects/toyVisionModel/NEU-DET/validation/images/rolled-in_scale/rolled-in_scale_277.jpg,0,rolled-in_scale,rolled-in_scale,0.999647855758667
/Users/christopherbrantner/local/work/projects/toyVisionModel/outputs/chips/validation/rolled-in_scale/rolled-in_scale_277_bb01.png,/Users/christopherbrantner/local/work/projects/toyVisionModel/NEU-DET/validation/images/rolled-in_scale/rolled-in_scale_277.jpg,1,rolled-in_scale,rolled-in_scale,0.9980236291885376
/Users/christopherbrantner/local/work/projects/toyVisionModel/outputs/chips/validation/rolled-in_scale/rolled-in_scale_277_bb02.png,/Users/christopherbrantner/local/work/projects/toyVisionModel/NEU-DET/validation/images/rolled-in_scale/rolled-in_scale_277.jpg,2,rolled-in_scale,rolled-in_scale,0.9675430655479431
/Users/christopherbrantner/local/work/projects/toyVisionModel/outputs/chips/validation/rolled-in_scale/rolled-in_scale_278_bb00.png,/Users/christopherbrantner/local/work/projects/toyVisionModel/NEU-DET/validation/images/rolled-in_scale/rolled-in_scale_278.jpg,0,rolled-in_scale,rolled-in_scale,0.8753728866577148
/Users/christopherbrantner/local/work/projects/toyVisionModel/outputs/chips/validation/rolled-in_scale/rolled-in_scale_278_bb01.png,/Users/christopherbrantner/local/work/projects/toyVisionModel/NEU-DET/validation/images/rolled-in_scale/rolled-in_scale_278.jpg,1,rolled-in_scale,rolled-in_scale,0.9975614547729492
/Users/christopherbrantner/local/work/projects/toyVisionModel/outputs/chips/validation/rolled-in_scale/rolled-in_scale_278_bb02.png,/Users/christopherbrantner/local/work/projects/toyVisionModel/NEU-DET/validation/images/rolled-in_scale/rolled-in_scale_278.jpg,2,rolled-in_scale,rolled-in_scale,0.9790253043174744
/Users/christopherbrantner/local/work/projects/toyVisionModel/outputs/chips/validation/rolled-in_scale/rolled-in_scale_279_bb00.png,/Users/christopherbrantner/local/work/projects/toyVisionModel/NEU-DET/validation/images/rolled-in_scale/rolled-in_scale_279.jpg,0,rolled-in_scale,rolled-in_scale,0.992489755153656
/Users/christopherbrantner/local/work/projects/toyVisionModel/outputs/chips/validation/rolled-in_scale/rolled-in_scale_279_bb01.png,/Users/christopherbrantner/local/work/projects/toyVisionModel/NEU-DET/validation/images/rolled-in_scale/rolled-in_scale_279.jpg,1,rolled-in_scale,crazing,0.6762235760688782
/Users/christopherbrantner/local/work/projects/toyVisionModel/outputs/chips/validation/rolled-in_scale/rolled-in_scale_279_bb02.png,/Users/christopherbrantner/local/work/projects/toyVisionModel/NEU-DET/validation/images/rolled-in_scale/rolled-in_scale_279.jpg,2,rolled-in_scale,rolled-in_scale,0.9536053538322449
/Users/christopherbrantner/local/work/projects/toyVisionModel/outputs/chips/validation/rolled-in_scale/rolled-in_scale_280_bb00.png,/Users/christopherbrantner/local/work/projects/toyVisionModel/NEU-DET/validation/images/rolled-in_scale/rolled-in_scale_280.jpg,0,rolled-in_scale,rolled-in_scale,0.9871565699577332
/Users/christopherbrantner/local/work/projects/toyVisionModel/outputs/chips/validation/rolled-in_scale/rolled-in_scale_280_bb01.png,/Users/christopherbrantner/local/work/projects/toyVisionModel/NEU-DET/validation/images/rolled-in_scale/rolled-in_scale_280.jpg,1,rolled-in_scale,rolled-in_scale,0.944193422794342
/Users/christopherbrantner/local/work/projects/toyVisionModel/outputs/chips/validation/rolled-in_scale/rolled-in_scale_281_bb00.png,/Users/christopherbrantner/local/work/projects/toyVisionModel/NEU-DET/validation/images/rolled-in_scale/rolled-in_scale_281.jpg,0,rolled-in_scale,rolled-in_scale,0.9947563409805298
/Users/christopherbrantner/local/work/projects/toyVisionModel/outputs/chips/validation/rolled-in_scale/rolled-in_scale_281_bb01.png,/Users/christopherbrantner/local/work/projects/toyVisionModel/NEU-DET/validation/images/rolled-in_scale/rolled-in_scale_281.jpg,1,rolled-in_scale,rolled-in_scale,0.9989288449287415
/Users/christopherbrantner/local/work/projects/toyVisionModel/outputs/chips/validation/rolled-in_scale/rolled-in_scale_281_bb02.png,/Users/christopherbrantner/local/work/projects/toyVisionModel/NEU-DET/validation/images/rolled-in_scale/rolled-in_scale_281.jpg,2,rolled-in_scale,rolled-in_scale,0.5846449732780457
/Users/christopherbrantner/local/work/projects/toyVisionModel/outputs/chips/validation/rolled-in_scale/rolled-in_scale_282_bb00.png,/Users/christopherbrantner/local/work/projects/toyVisionModel/NEU-DET/validation/images/rolled-in_scale/rolled-in_scale_282.jpg,0,rolled-in_scale,rolled-in_scale,0.9681993722915649
/Users/christopherbrantner/local/work/projects/toyVisionModel/outputs/chips/validation/rolled-in_scale/rolled-in_scale_282_bb01.png,/Users/christopherbrantner/local/work/projects/toyVisionModel/NEU-DET/validation/images/rolled-in_scale/rolled-in_scale_282.jpg,1,rolled-in_scale,rolled-in_scale,0.9828782081604004
/Users/christopherbrantner/local/work/projects/toyVisionModel/outputs/chips/validation/rolled-in_scale/rolled-in_scale_283_bb00.png,/Users/christopherbrantner/local/work/projects/toyVisionModel/NEU-DET/validation/images/rolled-in_scale/rolled-in_scale_283.jpg,0,rolled-in_scale,rolled-in_scale,0.968555748462677
/Users/christopherbrantner/local/work/projects/toyVisionModel/outputs/chips/validation/rolled-in_scale/rolled-in_scale_283_bb01.png,/Users/christopherbrantner/local/work/projects/toyVisionModel/NEU-DET/validation/images/rolled-in_scale/rolled-in_scale_283.jpg,1,rolled-in_scale,crazing,0.6839276552200317
/Users/christopherbrantner/local/work/projects/toyVisionModel/outputs/chips/validation/rolled-in_scale/rolled-in_scale_283_bb02.png,/Users/christopherbrantner/local/work/projects/toyVisionModel/NEU-DET/validation/images/rolled-in_scale/rolled-in_scale_283.jpg,2,rolled-in_scale,rolled-in_scale,0.9712885022163391
/Users/christopherbrantner/local/work/projects/toyVisionModel/outputs/chips/validation/rolled-in_scale/rolled-in_scale_284_bb00.png,/Users/christopherbrantner/local/work/projects/toyVisionModel/NEU-DET/validation/images/rolled-in_scale/rolled-in_scale_284.jpg,0,rolled-in_scale,rolled-in_scale,0.9978803396224976
/Users/christopherbrantner/local/work/projects/toyVisionModel/outputs/chips/validation/rolled-in_scale/rolled-in_scale_285_bb00.png,/Users/christopherbrantner/local/work/projects/toyVisionModel/NEU-DET/validation/images/rolled-in_scale/rolled-in_scale_285.jpg,0,rolled-in_scale,crazing,0.988955020904541
/Users/christopherbrantner/local/work/projects/toyVisionModel/outputs/chips/validation/rolled-in_scale/rolled-in_scale_285_bb01.png,/Users/christopherbrantner/local/work/projects/toyVisionModel/NEU-DET/validation/images/rolled-in_scale/rolled-in_scale_285.jpg,1,rolled-in_scale,rolled-in_scale,0.8004979491233826
/Users/christopherbrantner/local/work/projects/toyVisionModel/outputs/chips/validation/rolled-in_scale/rolled-in_scale_286_bb00.png,/Users/christopherbrantner/local/work/projects/toyVisionModel/NEU-DET/validation/images/rolled-in_scale/rolled-in_scale_286.jpg,0,rolled-in_scale,rolled-in_scale,0.9136448502540588
/Users/christopherbrantner/local/work/projects/toyVisionModel/outputs/chips/validation/rolled-in_scale/rolled-in_scale_286_bb01.png,/Users/christopherbrantner/local/work/projects/toyVisionModel/NEU-DET/validation/images/rolled-in_scale/rolled-in_scale_286.jpg,1,rolled-in_scale,rolled-in_scale,0.9299463629722595
/Users/christopherbrantner/local/work/projects/toyVisionModel/outputs/chips/validation/rolled-in_scale/rolled-in_scale_287_bb00.png,/Users/christopherbrantner/local/work/projects/toyVisionModel/NEU-DET/validation/images/rolled-in_scale/rolled-in_scale_287.jpg,0,rolled-in_scale,rolled-in_scale,0.9081020355224609
/Users/christopherbrantner/local/work/projects/toyVisionModel/outputs/chips/validation/rolled-in_scale/rolled-in_scale_287_bb01.png,/Users/christopherbrantner/local/work/projects/toyVisionModel/NEU-DET/validation/images/rolled-in_scale/rolled-in_scale_287.jpg,1,rolled-in_scale,rolled-in_scale,0.9567790031433105
/Users/christopherbrantner/local/work/projects/toyVisionModel/outputs/chips/validation/rolled-in_scale/rolled-in_scale_288_bb00.png,/Users/christopherbrantner/local/work/projects/toyVisionModel/NEU-DET/validation/images/rolled-in_scale/rolled-in_scale_288.jpg,0,rolled-in_scale,rolled-in_scale,0.7358077168464661
/Users/christopherbrantner/local/work/projects/toyVisionModel/outputs/chips/validation/rolled-in_scale/rolled-in_scale_288_bb01.png,/Users/christopherbrantner/local/work/projects/toyVisionModel/NEU-DET/validation/images/rolled-in_scale/rolled-in_scale_288.jpg,1,rolled-in_scale,rolled-in_scale,0.967002809047699
/Users/christopherbrantner/local/work/projects/toyVisionModel/outputs/chips/validation/rolled-in_scale/rolled-in_scale_289_bb00.png,/Users/christopherbrantner/local/work/projects/toyVisionModel/NEU-DET/validation/images/rolled-in_scale/rolled-in_scale_289.jpg,0,rolled-in_scale,rolled-in_scale,0.6197472214698792
/Users/christopherbrantner/local/work/projects/toyVisionModel/outputs/chips/validation/rolled-in_scale/rolled-in_scale_289_bb01.png,/Users/christopherbrantner/local/work/projects/toyVisionModel/NEU-DET/validation/images/rolled-in_scale/rolled-in_scale_289.jpg,1,rolled-in_scale,rolled-in_scale,0.8861027359962463
/Users/christopherbrantner/local/work/projects/toyVisionModel/outputs/chips/validation/rolled-in_scale/rolled-in_scale_290_bb00.png,/Users/christopherbrantner/local/work/projects/toyVisionModel/NEU-DET/validation/images/rolled-in_scale/rolled-in_scale_290.jpg,0,rolled-in_scale,rolled-in_scale,0.884307861328125
/Users/christopherbrantner/local/work/projects/toyVisionModel/outputs/chips/validation/rolled-in_scale/rolled-in_scale_290_bb01.png,/Users/christopherbrantner/local/work/projects/toyVisionModel/NEU-DET/validation/images/rolled-in_scale/rolled-in_scale_290.jpg,1,rolled-in_scale,rolled-in_scale,0.9967899918556213
/Users/christopherbrantner/local/work/projects/toyVisionModel/outputs/chips/validation/rolled-in_scale/rolled-in_scale_291_bb00.png,/Users/christopherbrantner/local/work/projects/toyVisionModel/NEU-DET/validation/images/rolled-in_scale/rolled-in_scale_291.jpg,0,rolled-in_scale,rolled-in_scale,0.9507767558097839
/Users/christopherbrantner/local/work/projects/toyVisionModel/outputs/chips/validation/rolled-in_scale/rolled-in_scale_291_bb01.png,/Users/christopherbrantner/local/work/projects/toyVisionModel/NEU-DET/validation/images/rolled-in_scale/rolled-in_scale_291.jpg,1,rolled-in_scale,crazing,0.6078922152519226
/Users/christopherbrantner/local/work/projects/toyVisionModel/outputs/chips/validation/rolled-in_scale/rolled-in_scale_291_bb02.png,/Users/christopherbrantner/local/work/projects/toyVisionModel/NEU-DET/validation/images/rolled-in_scale/rolled-in_scale_291.jpg,2,rolled-in_scale,rolled-in_scale,0.6601606011390686
/Users/christopherbrantner/local/work/projects/toyVisionModel/outputs/chips/validation/rolled-in_scale/rolled-in_scale_292_bb00.png,/Users/christopherbrantner/local/work/projects/toyVisionModel/NEU-DET/validation/images/rolled-in_scale/rolled-in_scale_292.jpg,0,rolled-in_scale,crazing,0.990665078163147
/Users/christopherbrantner/local/work/projects/toyVisionModel/outputs/chips/validation/rolled-in_scale/rolled-in_scale_292_bb01.png,/Users/christopherbrantner/local/work/projects/toyVisionModel/NEU-DET/validation/images/rolled-in_scale/rolled-in_scale_292.jpg,1,rolled-in_scale,rolled-in_scale,0.9771983623504639
/Users/christopherbrantner/local/work/projects/toyVisionModel/outputs/chips/validation/rolled-in_scale/rolled-in_scale_292_bb02.png,/Users/christopherbrantner/local/work/projects/toyVisionModel/NEU-DET/validation/images/rolled-in_scale/rolled-in_scale_292.jpg,2,rolled-in_scale,rolled-in_scale,0.9999083280563354
/Users/christopherbrantner/local/work/projects/toyVisionModel/outputs/chips/validation/rolled-in_scale/rolled-in_scale_292_bb03.png,/Users/christopherbrantner/local/work/projects/toyVisionModel/NEU-DET/validation/images/rolled-in_scale/rolled-in_scale_292.jpg,3,rolled-in_scale,rolled-in_scale,0.8199543952941895
/Users/christopherbrantner/local/work/projects/toyVisionModel/outputs/chips/validation/rolled-in_scale/rolled-in_scale_293_bb00.png,/Users/christopherbrantner/local/work/projects/toyVisionModel/NEU-DET/validation/images/rolled-in_scale/rolled-in_scale_293.jpg,0,rolled-in_scale,rolled-in_scale,0.5330188870429993
/Users/christopherbrantner/local/work/projects/toyVisionModel/outputs/chips/validation/rolled-in_scale/rolled-in_scale_293_bb01.png,/Users/christopherbrantner/local/work/projects/toyVisionModel/NEU-DET/validation/images/rolled-in_scale/rolled-in_scale_293.jpg,1,rolled-in_scale,crazing,0.8828940987586975
/Users/christopherbrantner/local/work/projects/toyVisionModel/outputs/chips/validation/rolled-in_scale/rolled-in_scale_294_bb00.png,/Users/christopherbrantner/local/work/projects/toyVisionModel/NEU-DET/validation/images/rolled-in_scale/rolled-in_scale_294.jpg,0,rolled-in_scale,rolled-in_scale,0.784683883190155
/Users/christopherbrantner/local/work/projects/toyVisionModel/outputs/chips/validation/rolled-in_scale/rolled-in_scale_294_bb01.png,/Users/christopherbrantner/local/work/projects/toyVisionModel/NEU-DET/validation/images/rolled-in_scale/rolled-in_scale_294.jpg,1,rolled-in_scale,rolled-in_scale,0.781079113483429
/Users/christopherbrantner/local/work/projects/toyVisionModel/outputs/chips/validation/rolled-in_scale/rolled-in_scale_295_bb00.png,/Users/christopherbrantner/local/work/projects/toyVisionModel/NEU-DET/validation/images/rolled-in_scale/rolled-in_scale_295.jpg,0,rolled-in_scale,rolled-in_scale,0.9850955605506897
/Users/christopherbrantner/local/work/projects/toyVisionModel/outputs/chips/validation/rolled-in_scale/rolled-in_scale_295_bb01.png,/Users/christopherbrantner/local/work/projects/toyVisionModel/NEU-DET/validation/images/rolled-in_scale/rolled-in_scale_295.jpg,1,rolled-in_scale,rolled-in_scale,0.9567826390266418
/Users/christopherbrantner/local/work/projects/toyVisionModel/outputs/chips/validation/rolled-in_scale/rolled-in_scale_295_bb02.png,/Users/christopherbrantner/local/work/projects/toyVisionModel/NEU-DET/validation/images/rolled-in_scale/rolled-in_scale_295.jpg,2,rolled-in_scale,rolled-in_scale,0.9955244064331055
/Users/christopherbrantner/local/work/projects/toyVisionModel/outputs/chips/validation/rolled-in_scale/rolled-in_scale_296_bb00.png,/Users/christopherbrantner/local/work/projects/toyVisionModel/NEU-DET/validation/images/rolled-in_scale/rolled-in_scale_296.jpg,0,rolled-in_scale,rolled-in_scale,0.6890835165977478
/Users/christopherbrantner/local/work/projects/toyVisionModel/outputs/chips/validation/rolled-in_scale/rolled-in_scale_297_bb00.png,/Users/christopherbrantner/local/work/projects/toyVisionModel/NEU-DET/validation/images/rolled-in_scale/rolled-in_scale_297.jpg,0,rolled-in_scale,crazing,0.7566532492637634
/Users/christopherbrantner/local/work/projects/toyVisionModel/outputs/chips/validation/rolled-in_scale/rolled-in_scale_297_bb01.png,/Users/christopherbrantner/local/work/projects/toyVisionModel/NEU-DET/validation/images/rolled-in_scale/rolled-in_scale_297.jpg,1,rolled-in_scale,rolled-in_scale,0.5521611571311951
/Users/christopherbrantner/local/work/projects/toyVisionModel/outputs/chips/validation/rolled-in_scale/rolled-in_scale_298_bb00.png,/Users/christopherbrantner/local/work/projects/toyVisionModel/NEU-DET/validation/images/rolled-in_scale/rolled-in_scale_298.jpg,0,rolled-in_scale,rolled-in_scale,0.8138322830200195
/Users/christopherbrantner/local/work/projects/toyVisionModel/outputs/chips/validation/rolled-in_scale/rolled-in_scale_299_bb00.png,/Users/christopherbrantner/local/work/projects/toyVisionModel/NEU-DET/validation/images/rolled-in_scale/rolled-in_scale_299.jpg,0,rolled-in_scale,rolled-in_scale,0.8914974927902222
/Users/christopherbrantner/local/work/projects/toyVisionModel/outputs/chips/validation/rolled-in_scale/rolled-in_scale_299_bb01.png,/Users/christopherbrantner/local/work/projects/toyVisionModel/NEU-DET/validation/images/rolled-in_scale/rolled-in_scale_299.jpg,1,rolled-in_scale,rolled-in_scale,0.7632803320884705
/Users/christopherbrantner/local/work/projects/toyVisionModel/outputs/chips/validation/rolled-in_scale/rolled-in_scale_300_bb00.png,/Users/christopherbrantner/local/work/projects/toyVisionModel/NEU-DET/validation/images/rolled-in_scale/rolled-in_scale_300.jpg,0,rolled-in_scale,rolled-in_scale,0.8473589420318604
/Users/christopherbrantner/local/work/projects/toyVisionModel/outputs/chips/validation/rolled-in_scale/rolled-in_scale_300_bb01.png,/Users/christopherbrantner/local/work/projects/toyVisionModel/NEU-DET/validation/images/rolled-in_scale/rolled-in_scale_300.jpg,1,rolled-in_scale,rolled-in_scale,0.647247314453125
/Users/christopherbrantner/local/work/projects/toyVisionModel/outputs/chips/validation/scratches/scratches_241_bb00.png,/Users/christopherbrantner/local/work/projects/toyVisionModel/NEU-DET/validation/images/scratches/scratches_241.jpg,0,scratches,scratches,0.9999978542327881
/Users/christopherbrantner/local/work/projects/toyVisionModel/outputs/chips/validation/scratches/scratches_241_bb01.png,/Users/christopherbrantner/local/work/projects/toyVisionModel/NEU-DET/validation/images/scratches/scratches_241.jpg,1,scratches,scratches,0.9999369382858276
/Users/christopherbrantner/local/work/projects/toyVisionModel/outputs/chips/validation/scratches/scratches_242_bb00.png,/Users/christopherbrantner/local/work/projects/toyVisionModel/NEU-DET/validation/images/scratches/scratches_242.jpg,0,scratches,scratches,0.9999951124191284
/Users/christopherbrantner/local/work/projects/toyVisionModel/outputs/chips/validation/scratches/scratches_242_bb01.png,/Users/christopherbrantner/local/work/projects/toyVisionModel/NEU-DET/validation/images/scratches/scratches_242.jpg,1,scratches,scratches,0.9981570839881897
/Users/christopherbrantner/local/work/projects/toyVisionModel/outputs/chips/validation/scratches/scratches_243_bb00.png,/Users/christopherbrantner/local/work/projects/toyVisionModel/NEU-DET/validation/images/scratches/scratches_243.jpg,0,scratches,scratches,0.9995371103286743
/Users/christopherbrantner/local/work/projects/toyVisionModel/outputs/chips/validation/scratches/scratches_243_bb01.png,/Users/christopherbrantner/local/work/projects/toyVisionModel/NEU-DET/validation/images/scratches/scratches_243.jpg,1,scratches,scratches,0.9986935257911682
/Users/christopherbrantner/local/work/projects/toyVisionModel/outputs/chips/validation/scratches/scratches_243_bb02.png,/Users/christopherbrantner/local/work/projects/toyVisionModel/NEU-DET/validation/images/scratches/scratches_243.jpg,2,scratches,scratches,0.9988865256309509
/Users/christopherbrantner/local/work/projects/toyVisionModel/outputs/chips/validation/scratches/scratches_243_bb03.png,/Users/christopherbrantner/local/work/projects/toyVisionModel/NEU-DET/validation/images/scratches/scratches_243.jpg,3,scratches,scratches,0.9975911378860474
/Users/christopherbrantner/local/work/projects/toyVisionModel/outputs/chips/validation/scratches/scratches_244_bb00.png,/Users/christopherbrantner/local/work/projects/toyVisionModel/NEU-DET/validation/images/scratches/scratches_244.jpg,0,scratches,scratches,0.9998940229415894
/Users/christopherbrantner/local/work/projects/toyVisionModel/outputs/chips/validation/scratches/scratches_244_bb01.png,/Users/christopherbrantner/local/work/projects/toyVisionModel/NEU-DET/validation/images/scratches/scratches_244.jpg,1,scratches,scratches,0.990833580493927
/Users/christopherbrantner/local/work/projects/toyVisionModel/outputs/chips/validation/scratches/scratches_244_bb02.png,/Users/christopherbrantner/local/work/projects/toyVisionModel/NEU-DET/validation/images/scratches/scratches_244.jpg,2,scratches,scratches,0.997357189655304
/Users/christopherbrantner/local/work/projects/toyVisionModel/outputs/chips/validation/scratches/scratches_245_bb00.png,/Users/christopherbrantner/local/work/projects/toyVisionModel/NEU-DET/validation/images/scratches/scratches_245.jpg,0,scratches,scratches,0.9835180044174194
/Users/christopherbrantner/local/work/projects/toyVisionModel/outputs/chips/validation/scratches/scratches_245_bb01.png,/Users/christopherbrantner/local/work/projects/toyVisionModel/NEU-DET/validation/images/scratches/scratches_245.jpg,1,scratches,scratches,0.9999839067459106
/Users/christopherbrantner/local/work/projects/toyVisionModel/outputs/chips/validation/scratches/scratches_246_bb00.png,/Users/christopherbrantner/local/work/projects/toyVisionModel/NEU-DET/validation/images/scratches/scratches_246.jpg,0,scratches,scratches,0.999957799911499
/Users/christopherbrantner/local/work/projects/toyVisionModel/outputs/chips/validation/scratches/scratches_247_bb00.png,/Users/christopherbrantner/local/work/projects/toyVisionModel/NEU-DET/validation/images/scratches/scratches_247.jpg,0,scratches,scratches,0.9951404333114624
/Users/christopherbrantner/local/work/projects/toyVisionModel/outputs/chips/validation/scratches/scratches_247_bb01.png,/Users/christopherbrantner/local/work/projects/toyVisionModel/NEU-DET/validation/images/scratches/scratches_247.jpg,1,scratches,scratches,0.9112913012504578
/Users/christopherbrantner/local/work/projects/toyVisionModel/outputs/chips/validation/scratches/scratches_248_bb00.png,/Users/christopherbrantner/local/work/projects/toyVisionModel/NEU-DET/validation/images/scratches/scratches_248.jpg,0,scratches,scratches,0.9998760223388672
/Users/christopherbrantner/local/work/projects/toyVisionModel/outputs/chips/validation/scratches/scratches_248_bb01.png,/Users/christopherbrantner/local/work/projects/toyVisionModel/NEU-DET/validation/images/scratches/scratches_248.jpg,1,scratches,scratches,0.9981873631477356
/Users/christopherbrantner/local/work/projects/toyVisionModel/outputs/chips/validation/scratches/scratches_249_bb00.png,/Users/christopherbrantner/local/work/projects/toyVisionModel/NEU-DET/validation/images/scratches/scratches_249.jpg,0,scratches,scratches,0.9998626708984375
/Users/christopherbrantner/local/work/projects/toyVisionModel/outputs/chips/validation/scratches/scratches_250_bb00.png,/Users/christopherbrantner/local/work/projects/toyVisionModel/NEU-DET/validation/images/scratches/scratches_250.jpg,0,scratches,scratches,0.9999088048934937
/Users/christopherbrantner/local/work/projects/toyVisionModel/outputs/chips/validation/scratches/scratches_250_bb01.png,/Users/christopherbrantner/local/work/projects/toyVisionModel/NEU-DET/validation/images/scratches/scratches_250.jpg,1,scratches,scratches,0.9810841679573059
/Users/christopherbrantner/local/work/projects/toyVisionModel/outputs/chips/validation/scratches/scratches_251_bb00.png,/Users/christopherbrantner/local/work/projects/toyVisionModel/NEU-DET/validation/images/scratches/scratches_251.jpg,0,scratches,scratches,0.999931812286377
/Users/christopherbrantner/local/work/projects/toyVisionModel/outputs/chips/validation/scratches/scratches_251_bb01.png,/Users/christopherbrantner/local/work/projects/toyVisionModel/NEU-DET/validation/images/scratches/scratches_251.jpg,1,scratches,scratches,0.9995282888412476
/Users/christopherbrantner/local/work/projects/toyVisionModel/outputs/chips/validation/scratches/scratches_252_bb00.png,/Users/christopherbrantner/local/work/projects/toyVisionModel/NEU-DET/validation/images/scratches/scratches_252.jpg,0,scratches,scratches,0.9998106360435486
/Users/christopherbrantner/local/work/projects/toyVisionModel/outputs/chips/validation/scratches/scratches_252_bb01.png,/Users/christopherbrantner/local/work/projects/toyVisionModel/NEU-DET/validation/images/scratches/scratches_252.jpg,1,scratches,scratches,0.9969700574874878
/Users/christopherbrantner/local/work/projects/toyVisionModel/outputs/chips/validation/scratches/scratches_253_bb00.png,/Users/christopherbrantner/local/work/projects/toyVisionModel/NEU-DET/validation/images/scratches/scratches_253.jpg,0,scratches,scratches,0.999854564666748
/Users/christopherbrantner/local/work/projects/toyVisionModel/outputs/chips/validation/scratches/scratches_253_bb01.png,/Users/christopherbrantner/local/work/projects/toyVisionModel/NEU-DET/validation/images/scratches/scratches_253.jpg,1,scratches,scratches,0.9997088313102722
/Users/christopherbrantner/local/work/projects/toyVisionModel/outputs/chips/validation/scratches/scratches_254_bb00.png,/Users/christopherbrantner/local/work/projects/toyVisionModel/NEU-DET/validation/images/scratches/scratches_254.jpg,0,scratches,scratches,0.9995655417442322
/Users/christopherbrantner/local/work/projects/toyVisionModel/outputs/chips/validation/scratches/scratches_255_bb00.png,/Users/christopherbrantner/local/work/projects/toyVisionModel/NEU-DET/validation/images/scratches/scratches_255.jpg,0,scratches,scratches,0.9999997615814209
/Users/christopherbrantner/local/work/projects/toyVisionModel/outputs/chips/validation/scratches/scratches_256_bb00.png,/Users/christopherbrantner/local/work/projects/toyVisionModel/NEU-DET/validation/images/scratches/scratches_256.jpg,0,scratches,scratches,0.9999974966049194
/Users/christopherbrantner/local/work/projects/toyVisionModel/outputs/chips/validation/scratches/scratches_257_bb00.png,/Users/christopherbrantner/local/work/projects/toyVisionModel/NEU-DET/validation/images/scratches/scratches_257.jpg,0,scratches,scratches,1.0
/Users/christopherbrantner/local/work/projects/toyVisionModel/outputs/chips/validation/scratches/scratches_258_bb00.png,/Users/christopherbrantner/local/work/projects/toyVisionModel/NEU-DET/validation/images/scratches/scratches_258.jpg,0,scratches,scratches,1.0
/Users/christopherbrantner/local/work/projects/toyVisionModel/outputs/chips/validation/scratches/scratches_259_bb00.png,/Users/christopherbrantner/local/work/projects/toyVisionModel/NEU-DET/validation/images/scratches/scratches_259.jpg,0,scratches,scratches,1.0
/Users/christopherbrantner/local/work/projects/toyVisionModel/outputs/chips/validation/scratches/scratches_260_bb00.png,/Users/christopherbrantner/local/work/projects/toyVisionModel/NEU-DET/validation/images/scratches/scratches_260.jpg,0,scratches,scratches,1.0
/Users/christopherbrantner/local/work/projects/toyVisionModel/outputs/chips/validation/scratches/scratches_260_bb01.png,/Users/christopherbrantner/local/work/projects/toyVisionModel/NEU-DET/validation/images/scratches/scratches_260.jpg,1,scratches,scratches,0.5795384645462036
/Users/christopherbrantner/local/work/projects/toyVisionModel/outputs/chips/validation/scratches/scratches_260_bb02.png,/Users/christopherbrantner/local/work/projects/toyVisionModel/NEU-DET/validation/images/scratches/scratches_260.jpg,2,scratches,scratches,0.9990002512931824
/Users/christopherbrantner/local/work/projects/toyVisionModel/outputs/chips/validation/scratches/scratches_261_bb00.png,/Users/christopherbrantner/local/work/projects/toyVisionModel/NEU-DET/validation/images/scratches/scratches_261.jpg,0,scratches,scratches,1.0
/Users/christopherbrantner/local/work/projects/toyVisionModel/outputs/chips/validation/scratches/scratches_262_bb00.png,/Users/christopherbrantner/local/work/projects/toyVisionModel/NEU-DET/validation/images/scratches/scratches_262.jpg,0,scratches,scratches,0.9999998807907104
/Users/christopherbrantner/local/work/projects/toyVisionModel/outputs/chips/validation/scratches/scratches_262_bb01.png,/Users/christopherbrantner/local/work/projects/toyVisionModel/NEU-DET/validation/images/scratches/scratches_262.jpg,1,scratches,scratches,0.9999313354492188
/Users/christopherbrantner/local/work/projects/toyVisionModel/outputs/chips/validation/scratches/scratches_263_bb00.png,/Users/christopherbrantner/local/work/projects/toyVisionModel/NEU-DET/validation/images/scratches/scratches_263.jpg,0,scratches,scratches,0.9999998807907104
/Users/christopherbrantner/local/work/projects/toyVisionModel/outputs/chips/validation/scratches/scratches_263_bb01.png,/Users/christopherbrantner/local/work/projects/toyVisionModel/NEU-DET/validation/images/scratches/scratches_263.jpg,1,scratches,scratches,0.99981290102005
/Users/christopherbrantner/local/work/projects/toyVisionModel/outputs/chips/validation/scratches/scratches_264_bb00.png,/Users/christopherbrantner/local/work/projects/toyVisionModel/NEU-DET/validation/images/scratches/scratches_264.jpg,0,scratches,scratches,0.9999997615814209
/Users/christopherbrantner/local/work/projects/toyVisionModel/outputs/chips/validation/scratches/scratches_264_bb01.png,/Users/christopherbrantner/local/work/projects/toyVisionModel/NEU-DET/validation/images/scratches/scratches_264.jpg,1,scratches,scratches,0.9994179010391235
/Users/christopherbrantner/local/work/projects/toyVisionModel/outputs/chips/validation/scratches/scratches_264_bb02.png,/Users/christopherbrantner/local/work/projects/toyVisionModel/NEU-DET/validation/images/scratches/scratches_264.jpg,2,scratches,scratches,0.9999548196792603
/Users/christopherbrantner/local/work/projects/toyVisionModel/outputs/chips/validation/scratches/scratches_265_bb00.png,/Users/christopherbrantner/local/work/projects/toyVisionModel/NEU-DET/validation/images/scratches/scratches_265.jpg,0,scratches,scratches,0.9999898672103882
/Users/christopherbrantner/local/work/projects/toyVisionModel/outputs/chips/validation/scratches/scratches_265_bb01.png,/Users/christopherbrantner/local/work/projects/toyVisionModel/NEU-DET/validation/images/scratches/scratches_265.jpg,1,scratches,scratches,0.9999274015426636
/Users/christopherbrantner/local/work/projects/toyVisionModel/outputs/chips/validation/scratches/scratches_266_bb00.png,/Users/christopherbrantner/local/work/projects/toyVisionModel/NEU-DET/validation/images/scratches/scratches_266.jpg,0,scratches,scratches,0.9991810917854309
/Users/christopherbrantner/local/work/projects/toyVisionModel/outputs/chips/validation/scratches/scratches_266_bb01.png,/Users/christopherbrantner/local/work/projects/toyVisionModel/NEU-DET/validation/images/scratches/scratches_266.jpg,1,scratches,scratches,0.9949473142623901
/Users/christopherbrantner/local/work/projects/toyVisionModel/outputs/chips/validation/scratches/scratches_267_bb00.png,/Users/christopherbrantner/local/work/projects/toyVisionModel/NEU-DET/validation/images/scratches/scratches_267.jpg,0,scratches,scratches,0.999998927116394
/Users/christopherbrantner/local/work/projects/toyVisionModel/outputs/chips/validation/scratches/scratches_267_bb01.png,/Users/christopherbrantner/local/work/projects/toyVisionModel/NEU-DET/validation/images/scratches/scratches_267.jpg,1,scratches,scratches,0.9999948740005493
/Users/christopherbrantner/local/work/projects/toyVisionModel/outputs/chips/validation/scratches/scratches_268_bb00.png,/Users/christopherbrantner/local/work/projects/toyVisionModel/NEU-DET/validation/images/scratches/scratches_268.jpg,0,scratches,scratches,0.9999957084655762
/Users/christopherbrantner/local/work/projects/toyVisionModel/outputs/chips/validation/scratches/scratches_268_bb01.png,/Users/christopherbrantner/local/work/projects/toyVisionModel/NEU-DET/validation/images/scratches/scratches_268.jpg,1,scratches,scratches,0.9999550580978394
/Users/christopherbrantner/local/work/projects/toyVisionModel/outputs/chips/validation/scratches/scratches_269_bb00.png,/Users/christopherbrantner/local/work/projects/toyVisionModel/NEU-DET/validation/images/scratches/scratches_269.jpg,0,scratches,scratches,0.9999995231628418
/Users/christopherbrantner/local/work/projects/toyVisionModel/outputs/chips/validation/scratches/scratches_269_bb01.png,/Users/christopherbrantner/local/work/projects/toyVisionModel/NEU-DET/validation/images/scratches/scratches_269.jpg,1,scratches,scratches,0.999998927116394
/Users/christopherbrantner/local/work/projects/toyVisionModel/outputs/chips/validation/scratches/scratches_269_bb02.png,/Users/christopherbrantner/local/work/projects/toyVisionModel/NEU-DET/validation/images/scratches/scratches_269.jpg,2,scratches,scratches,0.999987006187439
/Users/christopherbrantner/local/work/projects/toyVisionModel/outputs/chips/validation/scratches/scratches_270_bb00.png,/Users/christopherbrantner/local/work/projects/toyVisionModel/NEU-DET/validation/images/scratches/scratches_270.jpg,0,scratches,scratches,0.9953480362892151
/Users/christopherbrantner/local/work/projects/toyVisionModel/outputs/chips/validation/scratches/scratches_270_bb01.png,/Users/christopherbrantner/local/work/projects/toyVisionModel/NEU-DET/validation/images/scratches/scratches_270.jpg,1,scratches,scratches,1.0
/Users/christopherbrantner/local/work/projects/toyVisionModel/outputs/chips/validation/scratches/scratches_271_bb00.png,/Users/christopherbrantner/local/work/projects/toyVisionModel/NEU-DET/validation/images/scratches/scratches_271.jpg,0,scratches,scratches,0.9999837875366211
/Users/christopherbrantner/local/work/projects/toyVisionModel/outputs/chips/validation/scratches/scratches_271_bb01.png,/Users/christopherbrantner/local/work/projects/toyVisionModel/NEU-DET/validation/images/scratches/scratches_271.jpg,1,scratches,scratches,0.9999984502792358
/Users/christopherbrantner/local/work/projects/toyVisionModel/outputs/chips/validation/scratches/scratches_271_bb02.png,/Users/christopherbrantner/local/work/projects/toyVisionModel/NEU-DET/validation/images/scratches/scratches_271.jpg,2,scratches,scratches,0.9999717473983765
/Users/christopherbrantner/local/work/projects/toyVisionModel/outputs/chips/validation/scratches/scratches_271_bb03.png,/Users/christopherbrantner/local/work/projects/toyVisionModel/NEU-DET/validation/images/scratches/scratches_271.jpg,3,scratches,scratches,0.9999992847442627
/Users/christopherbrantner/local/work/projects/toyVisionModel/outputs/chips/validation/scratches/scratches_272_bb00.png,/Users/christopherbrantner/local/work/projects/toyVisionModel/NEU-DET/validation/images/scratches/scratches_272.jpg,0,scratches,scratches,0.999994158744812
/Users/christopherbrantner/local/work/projects/toyVisionModel/outputs/chips/validation/scratches/scratches_272_bb01.png,/Users/christopherbrantner/local/work/projects/toyVisionModel/NEU-DET/validation/images/scratches/scratches_272.jpg,1,scratches,scratches,0.9999995231628418
/Users/christopherbrantner/local/work/projects/toyVisionModel/outputs/chips/validation/scratches/scratches_273_bb00.png,/Users/christopherbrantner/local/work/projects/toyVisionModel/NEU-DET/validation/images/scratches/scratches_273.jpg,0,scratches,scratches,0.9999990463256836
/Users/christopherbrantner/local/work/projects/toyVisionModel/outputs/chips/validation/scratches/scratches_273_bb01.png,/Users/christopherbrantner/local/work/projects/toyVisionModel/NEU-DET/validation/images/scratches/scratches_273.jpg,1,scratches,scratches,0.9999996423721313
/Users/christopherbrantner/local/work/projects/toyVisionModel/outputs/chips/validation/scratches/scratches_273_bb02.png,/Users/christopherbrantner/local/work/projects/toyVisionModel/NEU-DET/validation/images/scratches/scratches_273.jpg,2,scratches,scratches,0.9999891519546509
/Users/christopherbrantner/local/work/projects/toyVisionModel/outputs/chips/validation/scratches/scratches_274_bb00.png,/Users/christopherbrantner/local/work/projects/toyVisionModel/NEU-DET/validation/images/scratches/scratches_274.jpg,0,scratches,scratches,0.9999998807907104
/Users/christopherbrantner/local/work/projects/toyVisionModel/outputs/chips/validation/scratches/scratches_274_bb01.png,/Users/christopherbrantner/local/work/projects/toyVisionModel/NEU-DET/validation/images/scratches/scratches_274.jpg,1,scratches,scratches,1.0
/Users/christopherbrantner/local/work/projects/toyVisionModel/outputs/chips/validation/scratches/scratches_274_bb02.png,/Users/christopherbrantner/local/work/projects/toyVisionModel/NEU-DET/validation/images/scratches/scratches_274.jpg,2,scratches,scratches,0.9999935626983643
/Users/christopherbrantner/local/work/projects/toyVisionModel/outputs/chips/validation/scratches/scratches_275_bb00.png,/Users/christopherbrantner/local/work/projects/toyVisionModel/NEU-DET/validation/images/scratches/scratches_275.jpg,0,scratches,scratches,0.9999996423721313
/Users/christopherbrantner/local/work/projects/toyVisionModel/outputs/chips/validation/scratches/scratches_275_bb01.png,/Users/christopherbrantner/local/work/projects/toyVisionModel/NEU-DET/validation/images/scratches/scratches_275.jpg,1,scratches,scratches,0.9999959468841553
/Users/christopherbrantner/local/work/projects/toyVisionModel/outputs/chips/validation/scratches/scratches_275_bb02.png,/Users/christopherbrantner/local/work/projects/toyVisionModel/NEU-DET/validation/images/scratches/scratches_275.jpg,2,scratches,scratches,0.9999617338180542
/Users/christopherbrantner/local/work/projects/toyVisionModel/outputs/chips/validation/scratches/scratches_275_bb03.png,/Users/christopherbrantner/local/work/projects/toyVisionModel/NEU-DET/validation/images/scratches/scratches_275.jpg,3,scratches,scratches,0.9999998807907104
/Users/christopherbrantner/local/work/projects/toyVisionModel/outputs/chips/validation/scratches/scratches_276_bb00.png,/Users/christopherbrantner/local/work/projects/toyVisionModel/NEU-DET/validation/images/scratches/scratches_276.jpg,0,scratches,scratches,0.999984622001648
/Users/christopherbrantner/local/work/projects/toyVisionModel/outputs/chips/validation/scratches/scratches_276_bb01.png,/Users/christopherbrantner/local/work/projects/toyVisionModel/NEU-DET/validation/images/scratches/scratches_276.jpg,1,scratches,scratches,1.0
/Users/christopherbrantner/local/work/projects/toyVisionModel/outputs/chips/validation/scratches/scratches_277_bb00.png,/Users/christopherbrantner/local/work/projects/toyVisionModel/NEU-DET/validation/images/scratches/scratches_277.jpg,0,scratches,scratches,1.0
/Users/christopherbrantner/local/work/projects/toyVisionModel/outputs/chips/validation/scratches/scratches_277_bb01.png,/Users/christopherbrantner/local/work/projects/toyVisionModel/NEU-DET/validation/images/scratches/scratches_277.jpg,1,scratches,scratches,0.9998953342437744
/Users/christopherbrantner/local/work/projects/toyVisionModel/outputs/chips/validation/scratches/scratches_278_bb00.png,/Users/christopherbrantner/local/work/projects/toyVisionModel/NEU-DET/validation/images/scratches/scratches_278.jpg,0,scratches,scratches,1.0
/Users/christopherbrantner/local/work/projects/toyVisionModel/outputs/chips/validation/scratches/scratches_278_bb01.png,/Users/christopherbrantner/local/work/projects/toyVisionModel/NEU-DET/validation/images/scratches/scratches_278.jpg,1,scratches,scratches,0.993085503578186
/Users/christopherbrantner/local/work/projects/toyVisionModel/outputs/chips/validation/scratches/scratches_278_bb02.png,/Users/christopherbrantner/local/work/projects/toyVisionModel/NEU-DET/validation/images/scratches/scratches_278.jpg,2,scratches,scratches,0.9999978542327881
/Users/christopherbrantner/local/work/projects/toyVisionModel/outputs/chips/validation/scratches/scratches_279_bb00.png,/Users/christopherbrantner/local/work/projects/toyVisionModel/NEU-DET/validation/images/scratches/scratches_279.jpg,0,scratches,scratches,1.0
/Users/christopherbrantner/local/work/projects/toyVisionModel/outputs/chips/validation/scratches/scratches_279_bb01.png,/Users/christopherbrantner/local/work/projects/toyVisionModel/NEU-DET/validation/images/scratches/scratches_279.jpg,1,scratches,scratches,0.9999825954437256
/Users/christopherbrantner/local/work/projects/toyVisionModel/outputs/chips/validation/scratches/scratches_280_bb00.png,/Users/christopherbrantner/local/work/projects/toyVisionModel/NEU-DET/validation/images/scratches/scratches_280.jpg,0,scratches,scratches,1.0
/Users/christopherbrantner/local/work/projects/toyVisionModel/outputs/chips/validation/scratches/scratches_280_bb01.png,/Users/christopherbrantner/local/work/projects/toyVisionModel/NEU-DET/validation/images/scratches/scratches_280.jpg,1,scratches,scratches,0.9999974966049194
/Users/christopherbrantner/local/work/projects/toyVisionModel/outputs/chips/validation/scratches/scratches_281_bb00.png,/Users/christopherbrantner/local/work/projects/toyVisionModel/NEU-DET/validation/images/scratches/scratches_281.jpg,0,scratches,scratches,0.9999915361404419
/Users/christopherbrantner/local/work/projects/toyVisionModel/outputs/chips/validation/scratches/scratches_282_bb00.png,/Users/christopherbrantner/local/work/projects/toyVisionModel/NEU-DET/validation/images/scratches/scratches_282.jpg,0,scratches,scratches,0.9989877343177795
/Users/christopherbrantner/local/work/projects/toyVisionModel/outputs/chips/validation/scratches/scratches_283_bb00.png,/Users/christopherbrantner/local/work/projects/toyVisionModel/NEU-DET/validation/images/scratches/scratches_283.jpg,0,scratches,scratches,0.9976319074630737
/Users/christopherbrantner/local/work/projects/toyVisionModel/outputs/chips/validation/scratches/scratches_283_bb01.png,/Users/christopherbrantner/local/work/projects/toyVisionModel/NEU-DET/validation/images/scratches/scratches_283.jpg,1,scratches,scratches,0.9999922513961792
/Users/christopherbrantner/local/work/projects/toyVisionModel/outputs/chips/validation/scratches/scratches_284_bb00.png,/Users/christopherbrantner/local/work/projects/toyVisionModel/NEU-DET/validation/images/scratches/scratches_284.jpg,0,scratches,scratches,0.9702585339546204
/Users/christopherbrantner/local/work/projects/toyVisionModel/outputs/chips/validation/scratches/scratches_284_bb01.png,/Users/christopherbrantner/local/work/projects/toyVisionModel/NEU-DET/validation/images/scratches/scratches_284.jpg,1,scratches,scratches,0.9842633605003357
/Users/christopherbrantner/local/work/projects/toyVisionModel/outputs/chips/validation/scratches/scratches_285_bb00.png,/Users/christopherbrantner/local/work/projects/toyVisionModel/NEU-DET/validation/images/scratches/scratches_285.jpg,0,scratches,scratches,0.9976596832275391
/Users/christopherbrantner/local/work/projects/toyVisionModel/outputs/chips/validation/scratches/scratches_285_bb01.png,/Users/christopherbrantner/local/work/projects/toyVisionModel/NEU-DET/validation/images/scratches/scratches_285.jpg,1,scratches,scratches,0.9948002099990845
/Users/christopherbrantner/local/work/projects/toyVisionModel/outputs/chips/validation/scratches/scratches_286_bb00.png,/Users/christopherbrantner/local/work/projects/toyVisionModel/NEU-DET/validation/images/scratches/scratches_286.jpg,0,scratches,scratches,0.9999656677246094
/Users/christopherbrantner/local/work/projects/toyVisionModel/outputs/chips/validation/scratches/scratches_287_bb00.png,/Users/christopherbrantner/local/work/projects/toyVisionModel/NEU-DET/validation/images/scratches/scratches_287.jpg,0,scratches,scratches,0.9992890357971191
/Users/christopherbrantner/local/work/projects/toyVisionModel/outputs/chips/validation/scratches/scratches_288_bb00.png,/Users/christopherbrantner/local/work/projects/toyVisionModel/NEU-DET/validation/images/scratches/scratches_288.jpg,0,scratches,scratches,0.9999778270721436
/Users/christopherbrantner/local/work/projects/toyVisionModel/outputs/chips/validation/scratches/scratches_289_bb00.png,/Users/christopherbrantner/local/work/projects/toyVisionModel/NEU-DET/validation/images/scratches/scratches_289.jpg,0,scratches,scratches,0.9999973773956299
/Users/christopherbrantner/local/work/projects/toyVisionModel/outputs/chips/validation/scratches/scratches_290_bb00.png,/Users/christopherbrantner/local/work/projects/toyVisionModel/NEU-DET/validation/images/scratches/scratches_290.jpg,0,scratches,scratches,0.9999854564666748
/Users/christopherbrantner/local/work/projects/toyVisionModel/outputs/chips/validation/scratches/scratches_290_bb01.png,/Users/christopherbrantner/local/work/projects/toyVisionModel/NEU-DET/validation/images/scratches/scratches_290.jpg,1,scratches,scratches,0.9999988079071045
/Users/christopherbrantner/local/work/projects/toyVisionModel/outputs/chips/validation/scratches/scratches_291_bb00.png,/Users/christopherbrantner/local/work/projects/toyVisionModel/NEU-DET/validation/images/scratches/scratches_291.jpg,0,scratches,scratches,1.0
/Users/christopherbrantner/local/work/projects/toyVisionModel/outputs/chips/validation/scratches/scratches_292_bb00.png,/Users/christopherbrantner/local/work/projects/toyVisionModel/NEU-DET/validation/images/scratches/scratches_292.jpg,0,scratches,scratches,0.9999698400497437
/Users/christopherbrantner/local/work/projects/toyVisionModel/outputs/chips/validation/scratches/scratches_292_bb01.png,/Users/christopherbrantner/local/work/projects/toyVisionModel/NEU-DET/validation/images/scratches/scratches_292.jpg,1,scratches,scratches,0.9999898672103882
/Users/christopherbrantner/local/work/projects/toyVisionModel/outputs/chips/validation/scratches/scratches_293_bb00.png,/Users/christopherbrantner/local/work/projects/toyVisionModel/NEU-DET/validation/images/scratches/scratches_293.jpg,0,scratches,scratches,0.9999761581420898
/Users/christopherbrantner/local/work/projects/toyVisionModel/outputs/chips/validation/scratches/scratches_293_bb01.png,/Users/christopherbrantner/local/work/projects/toyVisionModel/NEU-DET/validation/images/scratches/scratches_293.jpg,1,scratches,scratches,0.9999996423721313
/Users/christopherbrantner/local/work/projects/toyVisionModel/outputs/chips/validation/scratches/scratches_294_bb00.png,/Users/christopherbrantner/local/work/projects/toyVisionModel/NEU-DET/validation/images/scratches/scratches_294.jpg,0,scratches,scratches,0.9999290704727173
/Users/christopherbrantner/local/work/projects/toyVisionModel/outputs/chips/validation/scratches/scratches_294_bb01.png,/Users/christopherbrantner/local/work/projects/toyVisionModel/NEU-DET/validation/images/scratches/scratches_294.jpg,1,scratches,scratches,0.9992067217826843
/Users/christopherbrantner/local/work/projects/toyVisionModel/outputs/chips/validation/scratches/scratches_294_bb02.png,/Users/christopherbrantner/local/work/projects/toyVisionModel/NEU-DET/validation/images/scratches/scratches_294.jpg,2,scratches,scratches,0.9999881982803345
/Users/christopherbrantner/local/work/projects/toyVisionModel/outputs/chips/validation/scratches/scratches_295_bb00.png,/Users/christopherbrantner/local/work/projects/toyVisionModel/NEU-DET/validation/images/scratches/scratches_295.jpg,0,scratches,scratches,0.9999160766601562
/Users/christopherbrantner/local/work/projects/toyVisionModel/outputs/chips/validation/scratches/scratches_295_bb01.png,/Users/christopherbrantner/local/work/projects/toyVisionModel/NEU-DET/validation/images/scratches/scratches_295.jpg,1,scratches,scratches,0.9999349117279053
/Users/christopherbrantner/local/work/projects/toyVisionModel/outputs/chips/validation/scratches/scratches_295_bb02.png,/Users/christopherbrantner/local/work/projects/toyVisionModel/NEU-DET/validation/images/scratches/scratches_295.jpg,2,scratches,scratches,0.9999967813491821
/Users/christopherbrantner/local/work/projects/toyVisionModel/outputs/chips/validation/scratches/scratches_295_bb03.png,/Users/christopherbrantner/local/work/projects/toyVisionModel/NEU-DET/validation/images/scratches/scratches_295.jpg,3,scratches,scratches,0.9998359680175781
/Users/christopherbrantner/local/work/projects/toyVisionModel/outputs/chips/validation/scratches/scratches_296_bb00.png,/Users/christopherbrantner/local/work/projects/toyVisionModel/NEU-DET/validation/images/scratches/scratches_296.jpg,0,scratches,scratches,0.9999990463256836
/Users/christopherbrantner/local/work/projects/toyVisionModel/outputs/chips/validation/scratches/scratches_296_bb01.png,/Users/christopherbrantner/local/work/projects/toyVisionModel/NEU-DET/validation/images/scratches/scratches_296.jpg,1,scratches,scratches,0.999901533126831
/Users/christopherbrantner/local/work/projects/toyVisionModel/outputs/chips/validation/scratches/scratches_296_bb02.png,/Users/christopherbrantner/local/work/projects/toyVisionModel/NEU-DET/validation/images/scratches/scratches_296.jpg,2,scratches,scratches,0.9990012049674988
/Users/christopherbrantner/local/work/projects/toyVisionModel/outputs/chips/validation/scratches/scratches_296_bb03.png,/Users/christopherbrantner/local/work/projects/toyVisionModel/NEU-DET/validation/images/scratches/scratches_296.jpg,3,scratches,scratches,0.9999992847442627
/Users/christopherbrantner/local/work/projects/toyVisionModel/outputs/chips/validation/scratches/scratches_296_bb04.png,/Users/christopherbrantner/local/work/projects/toyVisionModel/NEU-DET/validation/images/scratches/scratches_296.jpg,4,scratches,scratches,0.9999957084655762
/Users/christopherbrantner/local/work/projects/toyVisionModel/outputs/chips/validation/scratches/scratches_297_bb00.png,/Users/christopherbrantner/local/work/projects/toyVisionModel/NEU-DET/validation/images/scratches/scratches_297.jpg,0,scratches,scratches,0.9999629259109497
/Users/christopherbrantner/local/work/projects/toyVisionModel/outputs/chips/validation/scratches/scratches_297_bb01.png,/Users/christopherbrantner/local/work/projects/toyVisionModel/NEU-DET/validation/images/scratches/scratches_297.jpg,1,scratches,scratches,0.9999562501907349
/Users/christopherbrantner/local/work/projects/toyVisionModel/outputs/chips/validation/scratches/scratches_298_bb00.png,/Users/christopherbrantner/local/work/projects/toyVisionModel/NEU-DET/validation/images/scratches/scratches_298.jpg,0,scratches,scratches,0.9999616146087646
/Users/christopherbrantner/local/work/projects/toyVisionModel/outputs/chips/validation/scratches/scratches_299_bb00.png,/Users/christopherbrantner/local/work/projects/toyVisionModel/NEU-DET/validation/images/scratches/scratches_299.jpg,0,scratches,scratches,0.9999932050704956
/Users/christopherbrantner/local/work/projects/toyVisionModel/outputs/chips/validation/scratches/scratches_300_bb00.png,/Users/christopherbrantner/local/work/projects/toyVisionModel/NEU-DET/validation/images/scratches/scratches_300.jpg,0,scratches,scratches,0.999998927116394
/Users/christopherbrantner/local/work/projects/toyVisionModel/outputs/chips/validation/scratches/scratches_300_bb01.png,/Users/christopherbrantner/local/work/projects/toyVisionModel/NEU-DET/validation/images/scratches/scratches_300.jpg,1,scratches,scratches,0.9999814033508301
