chipPath,sourceImage,bboxIndex,trueLabel,bboxXmin,bboxYmin,bboxXmax,bboxYmax,split
/Users/christopherbrantner/local/projects/portfolio/surface-defect-classifier/results/chips/train/crazing/crazing_1_bb00.png,/Users/christopherbrantner/local/projects/portfolio/surface-defect-classifier/NEU-DET/train/images/crazing/crazing_1.jpg,0,crazing,2,2,193,194,train
/Users/christopherbrantner/local/projects/portfolio/surface-defect-classifier/results/chips/train/crazing/crazing_10_bb00.png,/Users/christopherbrantner/local/projects/portfolio/surface-defect-classifier/NEU-DET/train/images/crazing/crazing_10.jpg,0,crazing,60,20,194,69,train
/Users/christopherbrantner/local/projects/portfolio/surface-defect-classifier/results/chips/train/crazing/crazing_10_bb01.png,/Users/christopherbrantner/local/projects/portfolio/surface-defect-classifier/NEU-DET/train/images/crazing/crazing_10.jpg,1,crazing,9,84,197,198,train
/Users/christopherbrantner/local/projects/portfolio/surface-defect-classifier/results/chips/train/crazing/crazing_100_bb00.png,/Users/christopherbrantner/local/projects/portfolio/surface-defect-classifier/NEU-DET/train/images/crazing/crazing_100.jpg,0,crazing,1,10,108,121,train
/Users/christopherbrantner/local/projects/portfolio/surface-defect-classifier/results/chips/train/crazing/crazing_100_bb01.png,/Users/christopherbrantner/local/projects/portfolio/surface-defect-classifier/NEU-DET/train/images/crazing/crazing_100.jpg,1,crazing,35,1,200,83,train
/Users/christopherbrantner/local/projects/portfolio/surface-defect-classifier/results/chips/train/crazing/crazing_100_bb02.png,/Users/christopherbrantner/local/projects/portfolio/surface-defect-classifier/NEU-DET/train/images/crazing/crazing_100.jpg,2,crazing,120,109,196,198,train
/Users/christopherbrantner/local/projects/portfolio/surface-defect-classifier/results/chips/train/crazing/crazing_100_bb03.png,/Users/christopherbrantner/local/projects/portfolio/surface-defect-classifier/NEU-DET/train/images/crazing/crazing_100.jpg,3,crazing,8,112,164,190,train
/Users/christopherbrantner/local/projects/portfolio/surface-defect-classifier/results/chips/train/crazing/crazing_101_bb00.png,/Users/christopherbrantner/local/projects/portfolio/surface-defect-classifier/NEU-DET/train/images/crazing/crazing_101.jpg,0,crazing,40,12,187,152,train
/Users/christopherbrantner/local/projects/portfolio/surface-defect-classifier/results/chips/train/crazing/crazing_102_bb00.png,/Users/christopherbrantner/local/projects/portfolio/surface-defect-classifier/NEU-DET/train/images/crazing/crazing_102.jpg,0,crazing,2,2,144,153,train
/Users/christopherbrantner/local/projects/portfolio/surface-defect-classifier/results/chips/train/crazing/crazing_102_bb01.png,/Users/christopherbrantner/local/projects/portfolio/surface-defect-classifier/NEU-DET/train/images/crazing/crazing_102.jpg,1,crazing,150,85,199,178,train
/Users/christopherbrantner/local/projects/portfolio/surface-defect-classifier/results/chips/train/crazing/crazing_103_bb00.png,/Users/christopherbrantner/local/projects/portfolio/surface-defect-classifier/NEU-DET/train/images/crazing/crazing_103.jpg,0,crazing,1,18,130,99,train
/Users/christopherbrantner/local/projects/portfolio/surface-defect-classifier/results/chips/train/crazing/crazing_103_bb01.png,/Users/christopherbrantner/local/projects/portfolio/surface-defect-classifier/NEU-DET/train/images/crazing/crazing_103.jpg,1,crazing,126,29,198,130,train
/Users/christopherbrantner/local/projects/portfolio/surface-defect-classifier/results/chips/train/crazing/crazing_103_bb02.png,/Users/christopherbrantner/local/projects/portfolio/surface-defect-classifier/NEU-DET/train/images/crazing/crazing_103.jpg,2,crazing,1,107,86,191,train
/Users/christopherbrantner/local/projects/portfolio/surface-defect-classifier/results/chips/train/crazing/crazing_104_bb00.png,/Users/christopherbrantner/local/projects/portfolio/surface-defect-classifier/NEU-DET/train/images/crazing/crazing_104.jpg,0,crazing,4,4,110,136,train
/Users/christopherbrantner/local/projects/portfolio/surface-defect-classifier/results/chips/train/crazing/crazing_104_bb01.png,/Users/christopherbrantner/local/projects/portfolio/surface-defect-classifier/NEU-DET/train/images/crazing/crazing_104.jpg,1,crazing,142,10,197,56,train
/Users/christopherbrantner/local/projects/portfolio/surface-defect-classifier/results/chips/train/crazing/crazing_104_bb02.png,/Users/christopherbrantner/local/projects/portfolio/surface-defect-classifier/NEU-DET/train/images/crazing/crazing_104.jpg,2,crazing,137,42,199,116,train
/Users/christopherbrantner/local/projects/portfolio/surface-defect-classifier/results/chips/train/patches/crazing_104_bb03.png,/Users/christopherbrantner/local/projects/portfolio/surface-defect-classifier/NEU-DET/train/images/crazing/crazing_104.jpg,3,patches,78,169,118,200,train
/Users/christopherbrantner/local/projects/portfolio/surface-defect-classifier/results/chips/train/crazing/crazing_105_bb00.png,/Users/christopherbrantner/local/projects/portfolio/surface-defect-classifier/NEU-DET/train/images/crazing/crazing_105.jpg,0,crazing,4,3,113,134,train
/Users/christopherbrantner/local/projects/portfolio/surface-defect-classifier/results/chips/train/crazing/crazing_105_bb01.png,/Users/christopherbrantner/local/projects/portfolio/surface-defect-classifier/NEU-DET/train/images/crazing/crazing_105.jpg,1,crazing,133,1,197,149,train
/Users/christopherbrantner/local/projects/portfolio/surface-defect-classifier/results/chips/train/crazing/crazing_105_bb02.png,/Users/christopherbrantner/local/projects/portfolio/surface-defect-classifier/NEU-DET/train/images/crazing/crazing_105.jpg,2,crazing,59,1,197,45,train
/Users/christopherbrantner/local/projects/portfolio/surface-defect-classifier/results/chips/train/inclusion/crazing_105_bb03.png,/Users/christopherbrantner/local/projects/portfolio/surface-defect-classifier/NEU-DET/train/images/crazing/crazing_105.jpg,3,inclusion,5,91,121,125,train
/Users/christopherbrantner/local/projects/portfolio/surface-defect-classifier/results/chips/train/crazing/crazing_106_bb00.png,/Users/christopherbrantner/local/projects/portfolio/surface-defect-classifier/NEU-DET/train/images/crazing/crazing_106.jpg,0,crazing,1,24,127,101,train
/Users/christopherbrantner/local/projects/portfolio/surface-defect-classifier/results/chips/train/crazing/crazing_106_bb01.png,/Users/christopherbrantner/local/projects/portfolio/surface-defect-classifier/NEU-DET/train/images/crazing/crazing_106.jpg,1,crazing,16,120,189,156,train
/Users/christopherbrantner/local/projects/portfolio/surface-defect-classifier/results/chips/train/crazing/crazing_106_bb02.png,/Users/christopherbrantner/local/projects/portfolio/surface-defect-classifier/NEU-DET/train/images/crazing/crazing_106.jpg,2,crazing,113,152,177,188,train
/Users/christopherbrantner/local/projects/portfolio/surface-defect-classifier/results/chips/train/crazing/crazing_107_bb00.png,/Users/christopherbrantner/local/projects/portfolio/surface-defect-classifier/NEU-DET/train/images/crazing/crazing_107.jpg,0,crazing,112,46,199,138,train
/Users/christopherbrantner/local/projects/portfolio/surface-defect-classifier/results/chips/train/crazing/crazing_107_bb01.png,/Users/christopherbrantner/local/projects/portfolio/surface-defect-classifier/NEU-DET/train/images/crazing/crazing_107.jpg,1,crazing,2,1,105,79,train
/Users/christopherbrantner/local/projects/portfolio/surface-defect-classifier/results/chips/train/crazing/crazing_107_bb02.png,/Users/christopherbrantner/local/projects/portfolio/surface-defect-classifier/NEU-DET/train/images/crazing/crazing_107.jpg,2,crazing,11,146,127,199,train
/Users/christopherbrantner/local/projects/portfolio/surface-defect-classifier/results/chips/train/crazing/crazing_108_bb00.png,/Users/christopherbrantner/local/projects/portfolio/surface-defect-classifier/NEU-DET/train/images/crazing/crazing_108.jpg,0,crazing,3,21,69,149,train
/Users/christopherbrantner/local/projects/portfolio/surface-defect-classifier/results/chips/train/crazing/crazing_108_bb01.png,/Users/christopherbrantner/local/projects/portfolio/surface-defect-classifier/NEU-DET/train/images/crazing/crazing_108.jpg,1,crazing,90,115,198,193,train
/Users/christopherbrantner/local/projects/portfolio/surface-defect-classifier/results/chips/train/crazing/crazing_109_bb00.png,/Users/christopherbrantner/local/projects/portfolio/surface-defect-classifier/NEU-DET/train/images/crazing/crazing_109.jpg,0,crazing,77,1,199,42,train
/Users/christopherbrantner/local/projects/portfolio/surface-defect-classifier/results/chips/train/crazing/crazing_109_bb01.png,/Users/christopherbrantner/local/projects/portfolio/surface-defect-classifier/NEU-DET/train/images/crazing/crazing_109.jpg,1,crazing,39,38,198,87,train
/Users/christopherbrantner/local/projects/portfolio/surface-defect-classifier/results/chips/train/crazing/crazing_109_bb02.png,/Users/christopherbrantner/local/projects/portfolio/surface-defect-classifier/NEU-DET/train/images/crazing/crazing_109.jpg,2,crazing,32,88,145,131,train
/Users/christopherbrantner/local/projects/portfolio/surface-defect-classifier/results/chips/train/crazing/crazing_11_bb00.png,/Users/christopherbrantner/local/projects/portfolio/surface-defect-classifier/NEU-DET/train/images/crazing/crazing_11.jpg,0,crazing,20,68,112,111,train
/Users/christopherbrantner/local/projects/portfolio/surface-defect-classifier/results/chips/train/crazing/crazing_11_bb01.png,/Users/christopherbrantner/local/projects/portfolio/surface-defect-classifier/NEU-DET/train/images/crazing/crazing_11.jpg,1,crazing,85,12,193,70,train
/Users/christopherbrantner/local/projects/portfolio/surface-defect-classifier/results/chips/train/crazing/crazing_11_bb02.png,/Users/christopherbrantner/local/projects/portfolio/surface-defect-classifier/NEU-DET/train/images/crazing/crazing_11.jpg,2,crazing,62,134,142,184,train
/Users/christopherbrantner/local/projects/portfolio/surface-defect-classifier/results/chips/train/crazing/crazing_110_bb00.png,/Users/christopherbrantner/local/projects/portfolio/surface-defect-classifier/NEU-DET/train/images/crazing/crazing_110.jpg,0,crazing,105,18,193,75,train
/Users/christopherbrantner/local/projects/portfolio/surface-defect-classifier/results/chips/train/crazing/crazing_110_bb01.png,/Users/christopherbrantner/local/projects/portfolio/surface-defect-classifier/NEU-DET/train/images/crazing/crazing_110.jpg,1,crazing,1,16,89,79,train
/Users/christopherbrantner/local/projects/portfolio/surface-defect-classifier/results/chips/train/crazing/crazing_111_bb00.png,/Users/christopherbrantner/local/projects/portfolio/surface-defect-classifier/NEU-DET/train/images/crazing/crazing_111.jpg,0,crazing,37,28,167,109,train
/Users/christopherbrantner/local/projects/portfolio/surface-defect-classifier/results/chips/train/crazing/crazing_111_bb01.png,/Users/christopherbrantner/local/projects/portfolio/surface-defect-classifier/NEU-DET/train/images/crazing/crazing_111.jpg,1,crazing,119,12,199,126,train
/Users/christopherbrantner/local/projects/portfolio/surface-defect-classifier/results/chips/train/crazing/crazing_112_bb00.png,/Users/christopherbrantner/local/projects/portfolio/surface-defect-classifier/NEU-DET/train/images/crazing/crazing_112.jpg,0,crazing,14,44,123,106,train
/Users/christopherbrantner/local/projects/portfolio/surface-defect-classifier/results/chips/train/crazing/crazing_112_bb01.png,/Users/christopherbrantner/local/projects/portfolio/surface-defect-classifier/NEU-DET/train/images/crazing/crazing_112.jpg,1,crazing,3,119,138,182,train
/Users/christopherbrantner/local/projects/portfolio/surface-defect-classifier/results/chips/train/patches/crazing_112_bb02.png,/Users/christopherbrantner/local/projects/portfolio/surface-defect-classifier/NEU-DET/train/images/crazing/crazing_112.jpg,2,patches,124,34,165,112,train
/Users/christopherbrantner/local/projects/portfolio/surface-defect-classifier/results/chips/train/crazing/crazing_113_bb00.png,/Users/christopherbrantner/local/projects/portfolio/surface-defect-classifier/NEU-DET/train/images/crazing/crazing_113.jpg,0,crazing,23,134,123,186,train
/Users/christopherbrantner/local/projects/portfolio/surface-defect-classifier/results/chips/train/crazing/crazing_113_bb01.png,/Users/christopherbrantner/local/projects/portfolio/surface-defect-classifier/NEU-DET/train/images/crazing/crazing_113.jpg,1,crazing,1,48,162,116,train
/Users/christopherbrantner/local/projects/portfolio/surface-defect-classifier/results/chips/train/crazing/crazing_114_bb00.png,/Users/christopherbrantner/local/projects/portfolio/surface-defect-classifier/NEU-DET/train/images/crazing/crazing_114.jpg,0,crazing,41,139,169,188,train
/Users/christopherbrantner/local/projects/portfolio/surface-defect-classifier/results/chips/train/crazing/crazing_114_bb01.png,/Users/christopherbrantner/local/projects/portfolio/surface-defect-classifier/NEU-DET/train/images/crazing/crazing_114.jpg,1,crazing,5,52,46,198,train
/Users/christopherbrantner/local/projects/portfolio/surface-defect-classifier/results/chips/train/crazing/crazing_114_bb02.png,/Users/christopherbrantner/local/projects/portfolio/surface-defect-classifier/NEU-DET/train/images/crazing/crazing_114.jpg,2,crazing,2,16,94,91,train
/Users/christopherbrantner/local/projects/portfolio/surface-defect-classifier/results/chips/train/crazing/crazing_115_bb00.png,/Users/christopherbrantner/local/projects/portfolio/surface-defect-classifier/NEU-DET/train/images/crazing/crazing_115.jpg,0,crazing,9,25,187,74,train
/Users/christopherbrantner/local/projects/portfolio/surface-defect-classifier/results/chips/train/crazing/crazing_115_bb01.png,/Users/christopherbrantner/local/projects/portfolio/surface-defect-classifier/NEU-DET/train/images/crazing/crazing_115.jpg,1,crazing,24,79,109,135,train
/Users/christopherbrantner/local/projects/portfolio/surface-defect-classifier/results/chips/train/crazing/crazing_115_bb02.png,/Users/christopherbrantner/local/projects/portfolio/surface-defect-classifier/NEU-DET/train/images/crazing/crazing_115.jpg,2,crazing,97,45,192,141,train
/Users/christopherbrantner/local/projects/portfolio/surface-defect-classifier/results/chips/train/crazing/crazing_116_bb00.png,/Users/christopherbrantner/local/projects/portfolio/surface-defect-classifier/NEU-DET/train/images/crazing/crazing_116.jpg,0,crazing,121,13,174,69,train
/Users/christopherbrantner/local/projects/portfolio/surface-defect-classifier/results/chips/train/crazing/crazing_116_bb01.png,/Users/christopherbrantner/local/projects/portfolio/surface-defect-classifier/NEU-DET/train/images/crazing/crazing_116.jpg,1,crazing,19,113,134,186,train
/Users/christopherbrantner/local/projects/portfolio/surface-defect-classifier/results/chips/train/crazing/crazing_117_bb00.png,/Users/christopherbrantner/local/projects/portfolio/surface-defect-classifier/NEU-DET/train/images/crazing/crazing_117.jpg,0,crazing,12,39,154,144,train
/Users/christopherbrantner/local/projects/portfolio/surface-defect-classifier/results/chips/train/crazing/crazing_117_bb01.png,/Users/christopherbrantner/local/projects/portfolio/surface-defect-classifier/NEU-DET/train/images/crazing/crazing_117.jpg,1,crazing,66,138,169,189,train
/Users/christopherbrantner/local/projects/portfolio/surface-defect-classifier/results/chips/train/crazing/crazing_118_bb00.png,/Users/christopherbrantner/local/projects/portfolio/surface-defect-classifier/NEU-DET/train/images/crazing/crazing_118.jpg,0,crazing,7,144,79,188,train
/Users/christopherbrantner/local/projects/portfolio/surface-defect-classifier/results/chips/train/crazing/crazing_118_bb01.png,/Users/christopherbrantner/local/projects/portfolio/surface-defect-classifier/NEU-DET/train/images/crazing/crazing_118.jpg,1,crazing,1,65,75,138,train
/Users/christopherbrantner/local/projects/portfolio/surface-defect-classifier/results/chips/train/crazing/crazing_118_bb02.png,/Users/christopherbrantner/local/projects/portfolio/surface-defect-classifier/NEU-DET/train/images/crazing/crazing_118.jpg,2,crazing,44,120,178,173,train
/Users/christopherbrantner/local/projects/portfolio/surface-defect-classifier/results/chips/train/crazing/crazing_118_bb03.png,/Users/christopherbrantner/local/projects/portfolio/surface-defect-classifier/NEU-DET/train/images/crazing/crazing_118.jpg,3,crazing,58,82,195,133,train
/Users/christopherbrantner/local/projects/portfolio/surface-defect-classifier/results/chips/train/crazing/crazing_119_bb00.png,/Users/christopherbrantner/local/projects/portfolio/surface-defect-classifier/NEU-DET/train/images/crazing/crazing_119.jpg,0,crazing,72,63,193,147,train
/Users/christopherbrantner/local/projects/portfolio/surface-defect-classifier/results/chips/train/crazing/crazing_119_bb01.png,/Users/christopherbrantner/local/projects/portfolio/surface-defect-classifier/NEU-DET/train/images/crazing/crazing_119.jpg,1,crazing,1,112,136,157,train
/Users/christopherbrantner/local/projects/portfolio/surface-defect-classifier/results/chips/train/crazing/crazing_119_bb02.png,/Users/christopherbrantner/local/projects/portfolio/surface-defect-classifier/NEU-DET/train/images/crazing/crazing_119.jpg,2,crazing,64,14,171,58,train
/Users/christopherbrantner/local/projects/portfolio/surface-defect-classifier/results/chips/train/crazing/crazing_119_bb03.png,/Users/christopherbrantner/local/projects/portfolio/surface-defect-classifier/NEU-DET/train/images/crazing/crazing_119.jpg,3,crazing,5,18,137,98,train
/Users/christopherbrantner/local/projects/portfolio/surface-defect-classifier/results/chips/train/crazing/crazing_12_bb00.png,/Users/christopherbrantner/local/projects/portfolio/surface-defect-classifier/NEU-DET/train/images/crazing/crazing_12.jpg,0,crazing,1,1,141,50,train
/Users/christopherbrantner/local/projects/portfolio/surface-defect-classifier/results/chips/train/crazing/crazing_12_bb01.png,/Users/christopherbrantner/local/projects/portfolio/surface-defect-classifier/NEU-DET/train/images/crazing/crazing_12.jpg,1,crazing,1,107,119,162,train
/Users/christopherbrantner/local/projects/portfolio/surface-defect-classifier/results/chips/train/crazing/crazing_120_bb00.png,/Users/christopherbrantner/local/projects/portfolio/surface-defect-classifier/NEU-DET/train/images/crazing/crazing_120.jpg,0,crazing,83,6,178,57,train
/Users/christopherbrantner/local/projects/portfolio/surface-defect-classifier/results/chips/train/crazing/crazing_120_bb01.png,/Users/christopherbrantner/local/projects/portfolio/surface-defect-classifier/NEU-DET/train/images/crazing/crazing_120.jpg,1,crazing,106,68,200,108,train
/Users/christopherbrantner/local/projects/portfolio/surface-defect-classifier/results/chips/train/crazing/crazing_120_bb02.png,/Users/christopherbrantner/local/projects/portfolio/surface-defect-classifier/NEU-DET/train/images/crazing/crazing_120.jpg,2,crazing,1,81,117,146,train
/Users/christopherbrantner/local/projects/portfolio/surface-defect-classifier/results/chips/train/crazing/crazing_120_bb03.png,/Users/christopherbrantner/local/projects/portfolio/surface-defect-classifier/NEU-DET/train/images/crazing/crazing_120.jpg,3,crazing,1,81,117,146,train
/Users/christopherbrantner/local/projects/portfolio/surface-defect-classifier/results/chips/train/crazing/crazing_120_bb04.png,/Users/christopherbrantner/local/projects/portfolio/surface-defect-classifier/NEU-DET/train/images/crazing/crazing_120.jpg,4,crazing,91,110,199,152,train
/Users/christopherbrantner/local/projects/portfolio/surface-defect-classifier/results/chips/train/crazing/crazing_121_bb00.png,/Users/christopherbrantner/local/projects/portfolio/surface-defect-classifier/NEU-DET/train/images/crazing/crazing_121.jpg,0,crazing,72,114,173,171,train
/Users/christopherbrantner/local/projects/portfolio/surface-defect-classifier/results/chips/train/crazing/crazing_121_bb01.png,/Users/christopherbrantner/local/projects/portfolio/surface-defect-classifier/NEU-DET/train/images/crazing/crazing_121.jpg,1,crazing,23,21,156,72,train
/Users/christopherbrantner/local/projects/portfolio/surface-defect-classifier/results/chips/train/crazing/crazing_122_bb00.png,/Users/christopherbrantner/local/projects/portfolio/surface-defect-classifier/NEU-DET/train/images/crazing/crazing_122.jpg,0,crazing,82,136,195,166,train
/Users/christopherbrantner/local/projects/portfolio/surface-defect-classifier/results/chips/train/crazing/crazing_122_bb01.png,/Users/christopherbrantner/local/projects/portfolio/surface-defect-classifier/NEU-DET/train/images/crazing/crazing_122.jpg,1,crazing,44,73,109,133,train
/Users/christopherbrantner/local/projects/portfolio/surface-defect-classifier/results/chips/train/crazing/crazing_123_bb00.png,/Users/christopherbrantner/local/projects/portfolio/surface-defect-classifier/NEU-DET/train/images/crazing/crazing_123.jpg,0,crazing,78,121,194,167,train
/Users/christopherbrantner/local/projects/portfolio/surface-defect-classifier/results/chips/train/crazing/crazing_124_bb00.png,/Users/christopherbrantner/local/projects/portfolio/surface-defect-classifier/NEU-DET/train/images/crazing/crazing_124.jpg,0,crazing,42,24,185,71,train
/Users/christopherbrantner/local/projects/portfolio/surface-defect-classifier/results/chips/train/crazing/crazing_124_bb01.png,/Users/christopherbrantner/local/projects/portfolio/surface-defect-classifier/NEU-DET/train/images/crazing/crazing_124.jpg,1,crazing,1,12,39,160,train
/Users/christopherbrantner/local/projects/portfolio/surface-defect-classifier/results/chips/train/crazing/crazing_125_bb00.png,/Users/christopherbrantner/local/projects/portfolio/surface-defect-classifier/NEU-DET/train/images/crazing/crazing_125.jpg,0,crazing,71,80,193,127,train
/Users/christopherbrantner/local/projects/portfolio/surface-defect-classifier/results/chips/train/crazing/crazing_125_bb01.png,/Users/christopherbrantner/local/projects/portfolio/surface-defect-classifier/NEU-DET/train/images/crazing/crazing_125.jpg,1,crazing,64,23,196,93,train
/Users/christopherbrantner/local/projects/portfolio/surface-defect-classifier/results/chips/train/crazing/crazing_125_bb02.png,/Users/christopherbrantner/local/projects/portfolio/surface-defect-classifier/NEU-DET/train/images/crazing/crazing_125.jpg,2,crazing,114,66,200,177,train
/Users/christopherbrantner/local/projects/portfolio/surface-defect-classifier/results/chips/train/crazing/crazing_126_bb00.png,/Users/christopherbrantner/local/projects/portfolio/surface-defect-classifier/NEU-DET/train/images/crazing/crazing_126.jpg,0,crazing,1,63,108,124,train
/Users/christopherbrantner/local/projects/portfolio/surface-defect-classifier/results/chips/train/crazing/crazing_126_bb01.png,/Users/christopherbrantner/local/projects/portfolio/surface-defect-classifier/NEU-DET/train/images/crazing/crazing_126.jpg,1,crazing,90,23,198,74,train
/Users/christopherbrantner/local/projects/portfolio/surface-defect-classifier/results/chips/train/crazing/crazing_127_bb00.png,/Users/christopherbrantner/local/projects/portfolio/surface-defect-classifier/NEU-DET/train/images/crazing/crazing_127.jpg,0,crazing,13,132,119,191,train
/Users/christopherbrantner/local/projects/portfolio/surface-defect-classifier/results/chips/train/crazing/crazing_127_bb01.png,/Users/christopherbrantner/local/projects/portfolio/surface-defect-classifier/NEU-DET/train/images/crazing/crazing_127.jpg,1,crazing,58,24,145,115,train
/Users/christopherbrantner/local/projects/portfolio/surface-defect-classifier/results/chips/train/crazing/crazing_128_bb00.png,/Users/christopherbrantner/local/projects/portfolio/surface-defect-classifier/NEU-DET/train/images/crazing/crazing_128.jpg,0,crazing,1,34,60,95,train
/Users/christopherbrantner/local/projects/portfolio/surface-defect-classifier/results/chips/train/crazing/crazing_128_bb01.png,/Users/christopherbrantner/local/projects/portfolio/surface-defect-classifier/NEU-DET/train/images/crazing/crazing_128.jpg,1,crazing,89,79,156,137,train
/Users/christopherbrantner/local/projects/portfolio/surface-defect-classifier/results/chips/train/crazing/crazing_128_bb02.png,/Users/christopherbrantner/local/projects/portfolio/surface-defect-classifier/NEU-DET/train/images/crazing/crazing_128.jpg,2,crazing,90,28,174,75,train
/Users/christopherbrantner/local/projects/portfolio/surface-defect-classifier/results/chips/train/crazing/crazing_129_bb00.png,/Users/christopherbrantner/local/projects/portfolio/surface-defect-classifier/NEU-DET/train/images/crazing/crazing_129.jpg,0,crazing,1,76,94,123,train
/Users/christopherbrantner/local/projects/portfolio/surface-defect-classifier/results/chips/train/crazing/crazing_129_bb01.png,/Users/christopherbrantner/local/projects/portfolio/surface-defect-classifier/NEU-DET/train/images/crazing/crazing_129.jpg,1,crazing,98,58,169,134,train
/Users/christopherbrantner/local/projects/portfolio/surface-defect-classifier/results/chips/train/crazing/crazing_13_bb00.png,/Users/christopherbrantner/local/projects/portfolio/surface-defect-classifier/NEU-DET/train/images/crazing/crazing_13.jpg,0,crazing,71,21,140,114,train
/Users/christopherbrantner/local/projects/portfolio/surface-defect-classifier/results/chips/train/crazing/crazing_13_bb01.png,/Users/christopherbrantner/local/projects/portfolio/surface-defect-classifier/NEU-DET/train/images/crazing/crazing_13.jpg,1,crazing,1,126,89,176,train
/Users/christopherbrantner/local/projects/portfolio/surface-defect-classifier/results/chips/train/crazing/crazing_13_bb02.png,/Users/christopherbrantner/local/projects/portfolio/surface-defect-classifier/NEU-DET/train/images/crazing/crazing_13.jpg,2,crazing,124,117,199,173,train
/Users/christopherbrantner/local/projects/portfolio/surface-defect-classifier/results/chips/train/crazing/crazing_130_bb00.png,/Users/christopherbrantner/local/projects/portfolio/surface-defect-classifier/NEU-DET/train/images/crazing/crazing_130.jpg,0,crazing,2,134,155,179,train
/Users/christopherbrantner/local/projects/portfolio/surface-defect-classifier/results/chips/train/crazing/crazing_130_bb01.png,/Users/christopherbrantner/local/projects/portfolio/surface-defect-classifier/NEU-DET/train/images/crazing/crazing_130.jpg,1,crazing,2,6,84,99,train
/Users/christopherbrantner/local/projects/portfolio/surface-defect-classifier/results/chips/train/crazing/crazing_130_bb02.png,/Users/christopherbrantner/local/projects/portfolio/surface-defect-classifier/NEU-DET/train/images/crazing/crazing_130.jpg,2,crazing,77,104,199,158,train
/Users/christopherbrantner/local/projects/portfolio/surface-defect-classifier/results/chips/train/crazing/crazing_131_bb00.png,/Users/christopherbrantner/local/projects/portfolio/surface-defect-classifier/NEU-DET/train/images/crazing/crazing_131.jpg,0,crazing,1,21,153,76,train
/Users/christopherbrantner/local/projects/portfolio/surface-defect-classifier/results/chips/train/crazing/crazing_131_bb01.png,/Users/christopherbrantner/local/projects/portfolio/surface-defect-classifier/NEU-DET/train/images/crazing/crazing_131.jpg,1,crazing,18,130,122,186,train
/Users/christopherbrantner/local/projects/portfolio/surface-defect-classifier/results/chips/train/crazing/crazing_131_bb02.png,/Users/christopherbrantner/local/projects/portfolio/surface-defect-classifier/NEU-DET/train/images/crazing/crazing_131.jpg,2,crazing,131,17,194,106,train
/Users/christopherbrantner/local/projects/portfolio/surface-defect-classifier/results/chips/train/crazing/crazing_132_bb00.png,/Users/christopherbrantner/local/projects/portfolio/surface-defect-classifier/NEU-DET/train/images/crazing/crazing_132.jpg,0,crazing,45,29,148,83,train
/Users/christopherbrantner/local/projects/portfolio/surface-defect-classifier/results/chips/train/crazing/crazing_132_bb01.png,/Users/christopherbrantner/local/projects/portfolio/surface-defect-classifier/NEU-DET/train/images/crazing/crazing_132.jpg,1,crazing,37,89,152,149,train
/Users/christopherbrantner/local/projects/portfolio/surface-defect-classifier/results/chips/train/crazing/crazing_133_bb00.png,/Users/christopherbrantner/local/projects/portfolio/surface-defect-classifier/NEU-DET/train/images/crazing/crazing_133.jpg,0,crazing,57,137,162,194,train
/Users/christopherbrantner/local/projects/portfolio/surface-defect-classifier/results/chips/train/crazing/crazing_133_bb01.png,/Users/christopherbrantner/local/projects/portfolio/surface-defect-classifier/NEU-DET/train/images/crazing/crazing_133.jpg,1,crazing,47,94,169,161,train
/Users/christopherbrantner/local/projects/portfolio/surface-defect-classifier/results/chips/train/crazing/crazing_134_bb00.png,/Users/christopherbrantner/local/projects/portfolio/surface-defect-classifier/NEU-DET/train/images/crazing/crazing_134.jpg,0,crazing,33,26,133,80,train
/Users/christopherbrantner/local/projects/portfolio/surface-defect-classifier/results/chips/train/crazing/crazing_134_bb01.png,/Users/christopherbrantner/local/projects/portfolio/surface-defect-classifier/NEU-DET/train/images/crazing/crazing_134.jpg,1,crazing,40,89,141,148,train
/Users/christopherbrantner/local/projects/portfolio/surface-defect-classifier/results/chips/train/crazing/crazing_135_bb00.png,/Users/christopherbrantner/local/projects/portfolio/surface-defect-classifier/NEU-DET/train/images/crazing/crazing_135.jpg,0,crazing,13,23,158,106,train
/Users/christopherbrantner/local/projects/portfolio/surface-defect-classifier/results/chips/train/crazing/crazing_135_bb01.png,/Users/christopherbrantner/local/projects/portfolio/surface-defect-classifier/NEU-DET/train/images/crazing/crazing_135.jpg,1,crazing,50,117,178,191,train
/Users/christopherbrantner/local/projects/portfolio/surface-defect-classifier/results/chips/train/crazing/crazing_136_bb00.png,/Users/christopherbrantner/local/projects/portfolio/surface-defect-classifier/NEU-DET/train/images/crazing/crazing_136.jpg,0,crazing,1,88,88,144,train
/Users/christopherbrantner/local/projects/portfolio/surface-defect-classifier/results/chips/train/crazing/crazing_136_bb01.png,/Users/christopherbrantner/local/projects/portfolio/surface-defect-classifier/NEU-DET/train/images/crazing/crazing_136.jpg,1,crazing,126,111,191,184,train
/Users/christopherbrantner/local/projects/portfolio/surface-defect-classifier/results/chips/train/crazing/crazing_137_bb00.png,/Users/christopherbrantner/local/projects/portfolio/surface-defect-classifier/NEU-DET/train/images/crazing/crazing_137.jpg,0,crazing,32,78,164,136,train
/Users/christopherbrantner/local/projects/portfolio/surface-defect-classifier/results/chips/train/crazing/crazing_137_bb01.png,/Users/christopherbrantner/local/projects/portfolio/surface-defect-classifier/NEU-DET/train/images/crazing/crazing_137.jpg,1,crazing,38,140,95,192,train
/Users/christopherbrantner/local/projects/portfolio/surface-defect-classifier/results/chips/train/crazing/crazing_137_bb02.png,/Users/christopherbrantner/local/projects/portfolio/surface-defect-classifier/NEU-DET/train/images/crazing/crazing_137.jpg,2,crazing,38,10,88,67,train
/Users/christopherbrantner/local/projects/portfolio/surface-defect-classifier/results/chips/train/crazing/crazing_138_bb00.png,/Users/christopherbrantner/local/projects/portfolio/surface-defect-classifier/NEU-DET/train/images/crazing/crazing_138.jpg,0,crazing,26,63,141,142,train
/Users/christopherbrantner/local/projects/portfolio/surface-defect-classifier/results/chips/train/crazing/crazing_138_bb01.png,/Users/christopherbrantner/local/projects/portfolio/surface-defect-classifier/NEU-DET/train/images/crazing/crazing_138.jpg,1,crazing,56,19,115,66,train
/Users/christopherbrantner/local/projects/portfolio/surface-defect-classifier/results/chips/train/crazing/crazing_139_bb00.png,/Users/christopherbrantner/local/projects/portfolio/surface-defect-classifier/NEU-DET/train/images/crazing/crazing_139.jpg,0,crazing,1,5,99,70,train
/Users/christopherbrantner/local/projects/portfolio/surface-defect-classifier/results/chips/train/crazing/crazing_139_bb01.png,/Users/christopherbrantner/local/projects/portfolio/surface-defect-classifier/NEU-DET/train/images/crazing/crazing_139.jpg,1,crazing,7,83,97,136,train
/Users/christopherbrantner/local/projects/portfolio/surface-defect-classifier/results/chips/train/crazing/crazing_14_bb00.png,/Users/christopherbrantner/local/projects/portfolio/surface-defect-classifier/NEU-DET/train/images/crazing/crazing_14.jpg,0,crazing,22,116,108,170,train
/Users/christopherbrantner/local/projects/portfolio/surface-defect-classifier/results/chips/train/crazing/crazing_140_bb00.png,/Users/christopherbrantner/local/projects/portfolio/surface-defect-classifier/NEU-DET/train/images/crazing/crazing_140.jpg,0,crazing,27,115,145,185,train
/Users/christopherbrantner/local/projects/portfolio/surface-defect-classifier/results/chips/train/crazing/crazing_140_bb01.png,/Users/christopherbrantner/local/projects/portfolio/surface-defect-classifier/NEU-DET/train/images/crazing/crazing_140.jpg,1,crazing,146,3,194,164,train
/Users/christopherbrantner/local/projects/portfolio/surface-defect-classifier/results/chips/train/crazing/crazing_141_bb00.png,/Users/christopherbrantner/local/projects/portfolio/surface-defect-classifier/NEU-DET/train/images/crazing/crazing_141.jpg,0,crazing,4,34,58,134,train
/Users/christopherbrantner/local/projects/portfolio/surface-defect-classifier/results/chips/train/crazing/crazing_141_bb01.png,/Users/christopherbrantner/local/projects/portfolio/surface-defect-classifier/NEU-DET/train/images/crazing/crazing_141.jpg,1,crazing,73,117,198,157,train
/Users/christopherbrantner/local/projects/portfolio/surface-defect-classifier/results/chips/train/crazing/crazing_142_bb00.png,/Users/christopherbrantner/local/projects/portfolio/surface-defect-classifier/NEU-DET/train/images/crazing/crazing_142.jpg,0,crazing,2,143,100,178,train
/Users/christopherbrantner/local/projects/portfolio/surface-defect-classifier/results/chips/train/crazing/crazing_142_bb01.png,/Users/christopherbrantner/local/projects/portfolio/surface-defect-classifier/NEU-DET/train/images/crazing/crazing_142.jpg,1,crazing,121,109,185,164,train
/Users/christopherbrantner/local/projects/portfolio/surface-defect-classifier/results/chips/train/crazing/crazing_142_bb02.png,/Users/christopherbrantner/local/projects/portfolio/surface-defect-classifier/NEU-DET/train/images/crazing/crazing_142.jpg,2,crazing,2,83,84,135,train
/Users/christopherbrantner/local/projects/portfolio/surface-defect-classifier/results/chips/train/crazing/crazing_143_bb00.png,/Users/christopherbrantner/local/projects/portfolio/surface-defect-classifier/NEU-DET/train/images/crazing/crazing_143.jpg,0,crazing,12,104,95,186,train
/Users/christopherbrantner/local/projects/portfolio/surface-defect-classifier/results/chips/train/crazing/crazing_143_bb01.png,/Users/christopherbrantner/local/projects/portfolio/surface-defect-classifier/NEU-DET/train/images/crazing/crazing_143.jpg,1,crazing,9,31,137,100,train
/Users/christopherbrantner/local/projects/portfolio/surface-defect-classifier/results/chips/train/crazing/crazing_144_bb00.png,/Users/christopherbrantner/local/projects/portfolio/surface-defect-classifier/NEU-DET/train/images/crazing/crazing_144.jpg,0,crazing,42,24,189,71,train
/Users/christopherbrantner/local/projects/portfolio/surface-defect-classifier/results/chips/train/crazing/crazing_144_bb01.png,/Users/christopherbrantner/local/projects/portfolio/surface-defect-classifier/NEU-DET/train/images/crazing/crazing_144.jpg,1,crazing,50,91,127,157,train
/Users/christopherbrantner/local/projects/portfolio/surface-defect-classifier/results/chips/train/crazing/crazing_145_bb00.png,/Users/christopherbrantner/local/projects/portfolio/surface-defect-classifier/NEU-DET/train/images/crazing/crazing_145.jpg,0,crazing,20,9,95,83,train
/Users/christopherbrantner/local/projects/portfolio/surface-defect-classifier/results/chips/train/crazing/crazing_145_bb01.png,/Users/christopherbrantner/local/projects/portfolio/surface-defect-classifier/NEU-DET/train/images/crazing/crazing_145.jpg,1,crazing,27,91,164,176,train
/Users/christopherbrantner/local/projects/portfolio/surface-defect-classifier/results/chips/train/crazing/crazing_146_bb00.png,/Users/christopherbrantner/local/projects/portfolio/surface-defect-classifier/NEU-DET/train/images/crazing/crazing_146.jpg,0,crazing,43,109,95,193,train
/Users/christopherbrantner/local/projects/portfolio/surface-defect-classifier/results/chips/train/crazing/crazing_147_bb00.png,/Users/christopherbrantner/local/projects/portfolio/surface-defect-classifier/NEU-DET/train/images/crazing/crazing_147.jpg,0,crazing,90,117,164,159,train
/Users/christopherbrantner/local/projects/portfolio/surface-defect-classifier/results/chips/train/crazing/crazing_147_bb01.png,/Users/christopherbrantner/local/projects/portfolio/surface-defect-classifier/NEU-DET/train/images/crazing/crazing_147.jpg,1,crazing,3,42,72,93,train
/Users/christopherbrantner/local/projects/portfolio/surface-defect-classifier/results/chips/train/crazing/crazing_148_bb00.png,/Users/christopherbrantner/local/projects/portfolio/surface-defect-classifier/NEU-DET/train/images/crazing/crazing_148.jpg,0,crazing,4,39,85,97,train
/Users/christopherbrantner/local/projects/portfolio/surface-defect-classifier/results/chips/train/crazing/crazing_149_bb00.png,/Users/christopherbrantner/local/projects/portfolio/surface-defect-classifier/NEU-DET/train/images/crazing/crazing_149.jpg,0,crazing,33,5,149,69,train
/Users/christopherbrantner/local/projects/portfolio/surface-defect-classifier/results/chips/train/crazing/crazing_149_bb01.png,/Users/christopherbrantner/local/projects/portfolio/surface-defect-classifier/NEU-DET/train/images/crazing/crazing_149.jpg,1,crazing,26,108,154,179,train
/Users/christopherbrantner/local/projects/portfolio/surface-defect-classifier/results/chips/train/crazing/crazing_15_bb00.png,/Users/christopherbrantner/local/projects/portfolio/surface-defect-classifier/NEU-DET/train/images/crazing/crazing_15.jpg,0,crazing,27,46,149,101,train
/Users/christopherbrantner/local/projects/portfolio/surface-defect-classifier/results/chips/train/crazing/crazing_15_bb01.png,/Users/christopherbrantner/local/projects/portfolio/surface-defect-classifier/NEU-DET/train/images/crazing/crazing_15.jpg,1,crazing,27,16,167,65,train
/Users/christopherbrantner/local/projects/portfolio/surface-defect-classifier/results/chips/train/crazing/crazing_150_bb00.png,/Users/christopherbrantner/local/projects/portfolio/surface-defect-classifier/NEU-DET/train/images/crazing/crazing_150.jpg,0,crazing,52,148,186,196,train
/Users/christopherbrantner/local/projects/portfolio/surface-defect-classifier/results/chips/train/crazing/crazing_151_bb00.png,/Users/christopherbrantner/local/projects/portfolio/surface-defect-classifier/NEU-DET/train/images/crazing/crazing_151.jpg,0,crazing,91,21,134,106,train
/Users/christopherbrantner/local/projects/portfolio/surface-defect-classifier/results/chips/train/crazing/crazing_152_bb00.png,/Users/christopherbrantner/local/projects/portfolio/surface-defect-classifier/NEU-DET/train/images/crazing/crazing_152.jpg,0,crazing,48,98,146,135,train
/Users/christopherbrantner/local/projects/portfolio/surface-defect-classifier/results/chips/train/crazing/crazing_152_bb01.png,/Users/christopherbrantner/local/projects/portfolio/surface-defect-classifier/NEU-DET/train/images/crazing/crazing_152.jpg,1,crazing,2,137,135,191,train
/Users/christopherbrantner/local/projects/portfolio/surface-defect-classifier/results/chips/train/patches/crazing_152_bb02.png,/Users/christopherbrantner/local/projects/portfolio/surface-defect-classifier/NEU-DET/train/images/crazing/crazing_152.jpg,2,patches,156,136,191,168,train
/Users/christopherbrantner/local/projects/portfolio/surface-defect-classifier/results/chips/train/crazing/crazing_153_bb00.png,/Users/christopherbrantner/local/projects/portfolio/surface-defect-classifier/NEU-DET/train/images/crazing/crazing_153.jpg,0,crazing,1,97,65,158,train
/Users/christopherbrantner/local/projects/portfolio/surface-defect-classifier/results/chips/train/crazing/crazing_153_bb01.png,/Users/christopherbrantner/local/projects/portfolio/surface-defect-classifier/NEU-DET/train/images/crazing/crazing_153.jpg,1,crazing,76,113,147,197,train
/Users/christopherbrantner/local/projects/portfolio/surface-defect-classifier/results/chips/train/crazing/crazing_154_bb00.png,/Users/christopherbrantner/local/projects/portfolio/surface-defect-classifier/NEU-DET/train/images/crazing/crazing_154.jpg,0,crazing,1,24,90,99,train
/Users/christopherbrantner/local/projects/portfolio/surface-defect-classifier/results/chips/train/crazing/crazing_154_bb01.png,/Users/christopherbrantner/local/projects/portfolio/surface-defect-classifier/NEU-DET/train/images/crazing/crazing_154.jpg,1,crazing,97,45,172,117,train
/Users/christopherbrantner/local/projects/portfolio/surface-defect-classifier/results/chips/train/crazing/crazing_154_bb02.png,/Users/christopherbrantner/local/projects/portfolio/surface-defect-classifier/NEU-DET/train/images/crazing/crazing_154.jpg,2,crazing,98,128,182,173,train
/Users/christopherbrantner/local/projects/portfolio/surface-defect-classifier/results/chips/train/crazing/crazing_155_bb00.png,/Users/christopherbrantner/local/projects/portfolio/surface-defect-classifier/NEU-DET/train/images/crazing/crazing_155.jpg,0,crazing,15,9,107,82,train
/Users/christopherbrantner/local/projects/portfolio/surface-defect-classifier/results/chips/train/crazing/crazing_155_bb01.png,/Users/christopherbrantner/local/projects/portfolio/surface-defect-classifier/NEU-DET/train/images/crazing/crazing_155.jpg,1,crazing,111,55,191,168,train
/Users/christopherbrantner/local/projects/portfolio/surface-defect-classifier/results/chips/train/crazing/crazing_155_bb02.png,/Users/christopherbrantner/local/projects/portfolio/surface-defect-classifier/NEU-DET/train/images/crazing/crazing_155.jpg,2,crazing,2,91,108,149,train
/Users/christopherbrantner/local/projects/portfolio/surface-defect-classifier/results/chips/train/crazing/crazing_156_bb00.png,/Users/christopherbrantner/local/projects/portfolio/surface-defect-classifier/NEU-DET/train/images/crazing/crazing_156.jpg,0,crazing,1,25,92,94,train
/Users/christopherbrantner/local/projects/portfolio/surface-defect-classifier/results/chips/train/crazing/crazing_156_bb01.png,/Users/christopherbrantner/local/projects/portfolio/surface-defect-classifier/NEU-DET/train/images/crazing/crazing_156.jpg,1,crazing,103,24,193,113,train
/Users/christopherbrantner/local/projects/portfolio/surface-defect-classifier/results/chips/train/crazing/crazing_156_bb02.png,/Users/christopherbrantner/local/projects/portfolio/surface-defect-classifier/NEU-DET/train/images/crazing/crazing_156.jpg,2,crazing,43,98,132,156,train
/Users/christopherbrantner/local/projects/portfolio/surface-defect-classifier/results/chips/train/crazing/crazing_157_bb00.png,/Users/christopherbrantner/local/projects/portfolio/surface-defect-classifier/NEU-DET/train/images/crazing/crazing_157.jpg,0,crazing,64,3,161,80,train
/Users/christopherbrantner/local/projects/portfolio/surface-defect-classifier/results/chips/train/crazing/crazing_157_bb01.png,/Users/christopherbrantner/local/projects/portfolio/surface-defect-classifier/NEU-DET/train/images/crazing/crazing_157.jpg,1,crazing,48,87,166,157,train
/Users/christopherbrantner/local/projects/portfolio/surface-defect-classifier/results/chips/train/crazing/crazing_158_bb00.png,/Users/christopherbrantner/local/projects/portfolio/surface-defect-classifier/NEU-DET/train/images/crazing/crazing_158.jpg,0,crazing,51,57,125,135,train
/Users/christopherbrantner/local/projects/portfolio/surface-defect-classifier/results/chips/train/crazing/crazing_159_bb00.png,/Users/christopherbrantner/local/projects/portfolio/surface-defect-classifier/NEU-DET/train/images/crazing/crazing_159.jpg,0,crazing,35,4,124,63,train
/Users/christopherbrantner/local/projects/portfolio/surface-defect-classifier/results/chips/train/crazing/crazing_159_bb01.png,/Users/christopherbrantner/local/projects/portfolio/surface-defect-classifier/NEU-DET/train/images/crazing/crazing_159.jpg,1,crazing,35,118,197,183,train
/Users/christopherbrantner/local/projects/portfolio/surface-defect-classifier/results/chips/train/crazing/crazing_16_bb00.png,/Users/christopherbrantner/local/projects/portfolio/surface-defect-classifier/NEU-DET/train/images/crazing/crazing_16.jpg,0,crazing,105,124,178,175,train
/Users/christopherbrantner/local/projects/portfolio/surface-defect-classifier/results/chips/train/crazing/crazing_16_bb01.png,/Users/christopherbrantner/local/projects/portfolio/surface-defect-classifier/NEU-DET/train/images/crazing/crazing_16.jpg,1,crazing,11,102,75,157,train
/Users/christopherbrantner/local/projects/portfolio/surface-defect-classifier/results/chips/train/crazing/crazing_160_bb00.png,/Users/christopherbrantner/local/projects/portfolio/surface-defect-classifier/NEU-DET/train/images/crazing/crazing_160.jpg,0,crazing,18,20,154,77,train
/Users/christopherbrantner/local/projects/portfolio/surface-defect-classifier/results/chips/train/crazing/crazing_160_bb01.png,/Users/christopherbrantner/local/projects/portfolio/surface-defect-classifier/NEU-DET/train/images/crazing/crazing_160.jpg,1,crazing,13,108,136,190,train
/Users/christopherbrantner/local/projects/portfolio/surface-defect-classifier/results/chips/train/crazing/crazing_161_bb00.png,/Users/christopherbrantner/local/projects/portfolio/surface-defect-classifier/NEU-DET/train/images/crazing/crazing_161.jpg,0,crazing,77,9,152,138,train
/Users/christopherbrantner/local/projects/portfolio/surface-defect-classifier/results/chips/train/crazing/crazing_162_bb00.png,/Users/christopherbrantner/local/projects/portfolio/surface-defect-classifier/NEU-DET/train/images/crazing/crazing_162.jpg,0,crazing,58,12,130,149,train
/Users/christopherbrantner/local/projects/portfolio/surface-defect-classifier/results/chips/train/crazing/crazing_163_bb00.png,/Users/christopherbrantner/local/projects/portfolio/surface-defect-classifier/NEU-DET/train/images/crazing/crazing_163.jpg,0,crazing,1,86,69,185,train
/Users/christopherbrantner/local/projects/portfolio/surface-defect-classifier/results/chips/train/crazing/crazing_163_bb01.png,/Users/christopherbrantner/local/projects/portfolio/surface-defect-classifier/NEU-DET/train/images/crazing/crazing_163.jpg,1,crazing,86,135,191,198,train
/Users/christopherbrantner/local/projects/portfolio/surface-defect-classifier/results/chips/train/crazing/crazing_163_bb02.png,/Users/christopherbrantner/local/projects/portfolio/surface-defect-classifier/NEU-DET/train/images/crazing/crazing_163.jpg,2,crazing,72,28,189,87,train
/Users/christopherbrantner/local/projects/portfolio/surface-defect-classifier/results/chips/train/crazing/crazing_164_bb00.png,/Users/christopherbrantner/local/projects/portfolio/surface-defect-classifier/NEU-DET/train/images/crazing/crazing_164.jpg,0,crazing,12,61,91,176,train
/Users/christopherbrantner/local/projects/portfolio/surface-defect-classifier/results/chips/train/crazing/crazing_165_bb00.png,/Users/christopherbrantner/local/projects/portfolio/surface-defect-classifier/NEU-DET/train/images/crazing/crazing_165.jpg,0,crazing,50,105,138,170,train
/Users/christopherbrantner/local/projects/portfolio/surface-defect-classifier/results/chips/train/crazing/crazing_165_bb01.png,/Users/christopherbrantner/local/projects/portfolio/surface-defect-classifier/NEU-DET/train/images/crazing/crazing_165.jpg,1,crazing,51,1,127,65,train
/Users/christopherbrantner/local/projects/portfolio/surface-defect-classifier/results/chips/train/crazing/crazing_166_bb00.png,/Users/christopherbrantner/local/projects/portfolio/surface-defect-classifier/NEU-DET/train/images/crazing/crazing_166.jpg,0,crazing,35,31,181,105,train
/Users/christopherbrantner/local/projects/portfolio/surface-defect-classifier/results/chips/train/crazing/crazing_166_bb01.png,/Users/christopherbrantner/local/projects/portfolio/surface-defect-classifier/NEU-DET/train/images/crazing/crazing_166.jpg,1,crazing,28,145,157,189,train
/Users/christopherbrantner/local/projects/portfolio/surface-defect-classifier/results/chips/train/crazing/crazing_167_bb00.png,/Users/christopherbrantner/local/projects/portfolio/surface-defect-classifier/NEU-DET/train/images/crazing/crazing_167.jpg,0,crazing,90,10,179,101,train
/Users/christopherbrantner/local/projects/portfolio/surface-defect-classifier/results/chips/train/crazing/crazing_167_bb01.png,/Users/christopherbrantner/local/projects/portfolio/surface-defect-classifier/NEU-DET/train/images/crazing/crazing_167.jpg,1,crazing,59,133,198,186,train
/Users/christopherbrantner/local/projects/portfolio/surface-defect-classifier/results/chips/train/crazing/crazing_168_bb00.png,/Users/christopherbrantner/local/projects/portfolio/surface-defect-classifier/NEU-DET/train/images/crazing/crazing_168.jpg,0,crazing,1,47,136,101,train
/Users/christopherbrantner/local/projects/portfolio/surface-defect-classifier/results/chips/train/crazing/crazing_168_bb01.png,/Users/christopherbrantner/local/projects/portfolio/surface-defect-classifier/NEU-DET/train/images/crazing/crazing_168.jpg,1,crazing,1,106,129,188,train
/Users/christopherbrantner/local/projects/portfolio/surface-defect-classifier/results/chips/train/crazing/crazing_169_bb00.png,/Users/christopherbrantner/local/projects/portfolio/surface-defect-classifier/NEU-DET/train/images/crazing/crazing_169.jpg,0,crazing,4,47,147,112,train
/Users/christopherbrantner/local/projects/portfolio/surface-defect-classifier/results/chips/train/crazing/crazing_169_bb01.png,/Users/christopherbrantner/local/projects/portfolio/surface-defect-classifier/NEU-DET/train/images/crazing/crazing_169.jpg,1,crazing,27,117,180,152,train
/Users/christopherbrantner/local/projects/portfolio/surface-defect-classifier/results/chips/train/crazing/crazing_169_bb02.png,/Users/christopherbrantner/local/projects/portfolio/surface-defect-classifier/NEU-DET/train/images/crazing/crazing_169.jpg,2,crazing,19,10,139,62,train
/Users/christopherbrantner/local/projects/portfolio/surface-defect-classifier/results/chips/train/crazing/crazing_17_bb00.png,/Users/christopherbrantner/local/projects/portfolio/surface-defect-classifier/NEU-DET/train/images/crazing/crazing_17.jpg,0,crazing,111,66,188,174,train
/Users/christopherbrantner/local/projects/portfolio/surface-defect-classifier/results/chips/train/crazing/crazing_17_bb01.png,/Users/christopherbrantner/local/projects/portfolio/surface-defect-classifier/NEU-DET/train/images/crazing/crazing_17.jpg,1,crazing,124,6,195,102,train
/Users/christopherbrantner/local/projects/portfolio/surface-defect-classifier/results/chips/train/crazing/crazing_170_bb00.png,/Users/christopherbrantner/local/projects/portfolio/surface-defect-classifier/NEU-DET/train/images/crazing/crazing_170.jpg,0,crazing,48,11,135,77,train
/Users/christopherbrantner/local/projects/portfolio/surface-defect-classifier/results/chips/train/crazing/crazing_170_bb01.png,/Users/christopherbrantner/local/projects/portfolio/surface-defect-classifier/NEU-DET/train/images/crazing/crazing_170.jpg,1,crazing,23,133,104,180,train
/Users/christopherbrantner/local/projects/portfolio/surface-defect-classifier/results/chips/train/crazing/crazing_171_bb00.png,/Users/christopherbrantner/local/projects/portfolio/surface-defect-classifier/NEU-DET/train/images/crazing/crazing_171.jpg,0,crazing,96,9,192,89,train
/Users/christopherbrantner/local/projects/portfolio/surface-defect-classifier/results/chips/train/crazing/crazing_172_bb00.png,/Users/christopherbrantner/local/projects/portfolio/surface-defect-classifier/NEU-DET/train/images/crazing/crazing_172.jpg,0,crazing,4,15,163,87,train
/Users/christopherbrantner/local/projects/portfolio/surface-defect-classifier/results/chips/train/crazing/crazing_172_bb01.png,/Users/christopherbrantner/local/projects/portfolio/surface-defect-classifier/NEU-DET/train/images/crazing/crazing_172.jpg,1,crazing,61,97,180,176,train
/Users/christopherbrantner/local/projects/portfolio/surface-defect-classifier/results/chips/train/crazing/crazing_173_bb00.png,/Users/christopherbrantner/local/projects/portfolio/surface-defect-classifier/NEU-DET/train/images/crazing/crazing_173.jpg,0,crazing,62,97,175,153,train
/Users/christopherbrantner/local/projects/portfolio/surface-defect-classifier/results/chips/train/crazing/crazing_173_bb01.png,/Users/christopherbrantner/local/projects/portfolio/surface-defect-classifier/NEU-DET/train/images/crazing/crazing_173.jpg,1,crazing,62,165,198,198,train
/Users/christopherbrantner/local/projects/portfolio/surface-defect-classifier/results/chips/train/crazing/crazing_173_bb02.png,/Users/christopherbrantner/local/projects/portfolio/surface-defect-classifier/NEU-DET/train/images/crazing/crazing_173.jpg,2,crazing,32,27,151,76,train
/Users/christopherbrantner/local/projects/portfolio/surface-defect-classifier/results/chips/train/crazing/crazing_174_bb00.png,/Users/christopherbrantner/local/projects/portfolio/surface-defect-classifier/NEU-DET/train/images/crazing/crazing_174.jpg,0,crazing,1,82,116,129,train
/Users/christopherbrantner/local/projects/portfolio/surface-defect-classifier/results/chips/train/crazing/crazing_174_bb01.png,/Users/christopherbrantner/local/projects/portfolio/surface-defect-classifier/NEU-DET/train/images/crazing/crazing_174.jpg,1,crazing,1,134,174,181,train
/Users/christopherbrantner/local/projects/portfolio/surface-defect-classifier/results/chips/train/crazing/crazing_175_bb00.png,/Users/christopherbrantner/local/projects/portfolio/surface-defect-classifier/NEU-DET/train/images/crazing/crazing_175.jpg,0,crazing,1,141,94,194,train
/Users/christopherbrantner/local/projects/portfolio/surface-defect-classifier/results/chips/train/crazing/crazing_175_bb01.png,/Users/christopherbrantner/local/projects/portfolio/surface-defect-classifier/NEU-DET/train/images/crazing/crazing_175.jpg,1,crazing,74,92,151,143,train
/Users/christopherbrantner/local/projects/portfolio/surface-defect-classifier/results/chips/train/crazing/crazing_176_bb00.png,/Users/christopherbrantner/local/projects/portfolio/surface-defect-classifier/NEU-DET/train/images/crazing/crazing_176.jpg,0,crazing,20,50,194,102,train
/Users/christopherbrantner/local/projects/portfolio/surface-defect-classifier/results/chips/train/crazing/crazing_176_bb01.png,/Users/christopherbrantner/local/projects/portfolio/surface-defect-classifier/NEU-DET/train/images/crazing/crazing_176.jpg,1,crazing,106,109,195,188,train
/Users/christopherbrantner/local/projects/portfolio/surface-defect-classifier/results/chips/train/crazing/crazing_177_bb00.png,/Users/christopherbrantner/local/projects/portfolio/surface-defect-classifier/NEU-DET/train/images/crazing/crazing_177.jpg,0,crazing,8,140,149,199,train
/Users/christopherbrantner/local/projects/portfolio/surface-defect-classifier/results/chips/train/crazing/crazing_177_bb01.png,/Users/christopherbrantner/local/projects/portfolio/surface-defect-classifier/NEU-DET/train/images/crazing/crazing_177.jpg,1,crazing,101,42,183,110,train
/Users/christopherbrantner/local/projects/portfolio/surface-defect-classifier/results/chips/train/crazing/crazing_177_bb02.png,/Users/christopherbrantner/local/projects/portfolio/surface-defect-classifier/NEU-DET/train/images/crazing/crazing_177.jpg,2,crazing,6,99,123,161,train
/Users/christopherbrantner/local/projects/portfolio/surface-defect-classifier/results/chips/train/crazing/crazing_178_bb00.png,/Users/christopherbrantner/local/projects/portfolio/surface-defect-classifier/NEU-DET/train/images/crazing/crazing_178.jpg,0,crazing,3,117,145,184,train
/Users/christopherbrantner/local/projects/portfolio/surface-defect-classifier/results/chips/train/crazing/crazing_178_bb01.png,/Users/christopherbrantner/local/projects/portfolio/surface-defect-classifier/NEU-DET/train/images/crazing/crazing_178.jpg,1,crazing,13,38,93,114,train
/Users/christopherbrantner/local/projects/portfolio/surface-defect-classifier/results/chips/train/crazing/crazing_179_bb00.png,/Users/christopherbrantner/local/projects/portfolio/surface-defect-classifier/NEU-DET/train/images/crazing/crazing_179.jpg,0,crazing,1,7,110,79,train
/Users/christopherbrantner/local/projects/portfolio/surface-defect-classifier/results/chips/train/crazing/crazing_179_bb01.png,/Users/christopherbrantner/local/projects/portfolio/surface-defect-classifier/NEU-DET/train/images/crazing/crazing_179.jpg,1,crazing,1,72,80,151,train
/Users/christopherbrantner/local/projects/portfolio/surface-defect-classifier/results/chips/train/crazing/crazing_18_bb00.png,/Users/christopherbrantner/local/projects/portfolio/surface-defect-classifier/NEU-DET/train/images/crazing/crazing_18.jpg,0,crazing,112,89,198,143,train
/Users/christopherbrantner/local/projects/portfolio/surface-defect-classifier/results/chips/train/crazing/crazing_18_bb01.png,/Users/christopherbrantner/local/projects/portfolio/surface-defect-classifier/NEU-DET/train/images/crazing/crazing_18.jpg,1,crazing,10,100,85,188,train
/Users/christopherbrantner/local/projects/portfolio/surface-defect-classifier/results/chips/train/crazing/crazing_180_bb00.png,/Users/christopherbrantner/local/projects/portfolio/surface-defect-classifier/NEU-DET/train/images/crazing/crazing_180.jpg,0,crazing,2,96,198,168,train
/Users/christopherbrantner/local/projects/portfolio/surface-defect-classifier/results/chips/train/crazing/crazing_180_bb01.png,/Users/christopherbrantner/local/projects/portfolio/surface-defect-classifier/NEU-DET/train/images/crazing/crazing_180.jpg,1,crazing,15,51,136,115,train
/Users/christopherbrantner/local/projects/portfolio/surface-defect-classifier/results/chips/train/crazing/crazing_180_bb02.png,/Users/christopherbrantner/local/projects/portfolio/surface-defect-classifier/NEU-DET/train/images/crazing/crazing_180.jpg,2,crazing,115,6,199,116,train
/Users/christopherbrantner/local/projects/portfolio/surface-defect-classifier/results/chips/train/crazing/crazing_180_bb03.png,/Users/christopherbrantner/local/projects/portfolio/surface-defect-classifier/NEU-DET/train/images/crazing/crazing_180.jpg,3,crazing,27,148,178,200,train
/Users/christopherbrantner/local/projects/portfolio/surface-defect-classifier/results/chips/train/crazing/crazing_181_bb00.png,/Users/christopherbrantner/local/projects/portfolio/surface-defect-classifier/NEU-DET/train/images/crazing/crazing_181.jpg,0,crazing,25,48,116,112,train
/Users/christopherbrantner/local/projects/portfolio/surface-defect-classifier/results/chips/train/crazing/crazing_181_bb01.png,/Users/christopherbrantner/local/projects/portfolio/surface-defect-classifier/NEU-DET/train/images/crazing/crazing_181.jpg,1,crazing,27,124,103,199,train
/Users/christopherbrantner/local/projects/portfolio/surface-defect-classifier/results/chips/train/crazing/crazing_182_bb00.png,/Users/christopherbrantner/local/projects/portfolio/surface-defect-classifier/NEU-DET/train/images/crazing/crazing_182.jpg,0,crazing,30,121,80,198,train
/Users/christopherbrantner/local/projects/portfolio/surface-defect-classifier/results/chips/train/crazing/crazing_182_bb01.png,/Users/christopherbrantner/local/projects/portfolio/surface-defect-classifier/NEU-DET/train/images/crazing/crazing_182.jpg,1,crazing,142,135,183,194,train
/Users/christopherbrantner/local/projects/portfolio/surface-defect-classifier/results/chips/train/crazing/crazing_182_bb02.png,/Users/christopherbrantner/local/projects/portfolio/surface-defect-classifier/NEU-DET/train/images/crazing/crazing_182.jpg,2,crazing,143,25,188,82,train
/Users/christopherbrantner/local/projects/portfolio/surface-defect-classifier/results/chips/train/crazing/crazing_183_bb00.png,/Users/christopherbrantner/local/projects/portfolio/surface-defect-classifier/NEU-DET/train/images/crazing/crazing_183.jpg,0,crazing,47,107,190,183,train
/Users/christopherbrantner/local/projects/portfolio/surface-defect-classifier/results/chips/train/crazing/crazing_183_bb01.png,/Users/christopherbrantner/local/projects/portfolio/surface-defect-classifier/NEU-DET/train/images/crazing/crazing_183.jpg,1,crazing,109,66,200,146,train
/Users/christopherbrantner/local/projects/portfolio/surface-defect-classifier/results/chips/train/crazing/crazing_183_bb02.png,/Users/christopherbrantner/local/projects/portfolio/surface-defect-classifier/NEU-DET/train/images/crazing/crazing_183.jpg,2,crazing,7,34,111,124,train
/Users/christopherbrantner/local/projects/portfolio/surface-defect-classifier/results/chips/train/crazing/crazing_184_bb00.png,/Users/christopherbrantner/local/projects/portfolio/surface-defect-classifier/NEU-DET/train/images/crazing/crazing_184.jpg,0,crazing,2,64,101,127,train
/Users/christopherbrantner/local/projects/portfolio/surface-defect-classifier/results/chips/train/crazing/crazing_184_bb01.png,/Users/christopherbrantner/local/projects/portfolio/surface-defect-classifier/NEU-DET/train/images/crazing/crazing_184.jpg,1,crazing,58,133,133,191,train
/Users/christopherbrantner/local/projects/portfolio/surface-defect-classifier/results/chips/train/crazing/crazing_184_bb02.png,/Users/christopherbrantner/local/projects/portfolio/surface-defect-classifier/NEU-DET/train/images/crazing/crazing_184.jpg,2,crazing,110,79,199,123,train
/Users/christopherbrantner/local/projects/portfolio/surface-defect-classifier/results/chips/train/crazing/crazing_185_bb00.png,/Users/christopherbrantner/local/projects/portfolio/surface-defect-classifier/NEU-DET/train/images/crazing/crazing_185.jpg,0,crazing,1,81,184,160,train
/Users/christopherbrantner/local/projects/portfolio/surface-defect-classifier/results/chips/train/crazing/crazing_186_bb00.png,/Users/christopherbrantner/local/projects/portfolio/surface-defect-classifier/NEU-DET/train/images/crazing/crazing_186.jpg,0,crazing,54,91,178,169,train
/Users/christopherbrantner/local/projects/portfolio/surface-defect-classifier/results/chips/train/crazing/crazing_186_bb01.png,/Users/christopherbrantner/local/projects/portfolio/surface-defect-classifier/NEU-DET/train/images/crazing/crazing_186.jpg,1,crazing,1,4,103,177,train
/Users/christopherbrantner/local/projects/portfolio/surface-defect-classifier/results/chips/train/crazing/crazing_186_bb02.png,/Users/christopherbrantner/local/projects/portfolio/surface-defect-classifier/NEU-DET/train/images/crazing/crazing_186.jpg,2,crazing,41,15,184,94,train
/Users/christopherbrantner/local/projects/portfolio/surface-defect-classifier/results/chips/train/crazing/crazing_187_bb00.png,/Users/christopherbrantner/local/projects/portfolio/surface-defect-classifier/NEU-DET/train/images/crazing/crazing_187.jpg,0,crazing,2,27,171,138,train
/Users/christopherbrantner/local/projects/portfolio/surface-defect-classifier/results/chips/train/crazing/crazing_188_bb00.png,/Users/christopherbrantner/local/projects/portfolio/surface-defect-classifier/NEU-DET/train/images/crazing/crazing_188.jpg,0,crazing,96,75,198,157,train
/Users/christopherbrantner/local/projects/portfolio/surface-defect-classifier/results/chips/train/crazing/crazing_188_bb01.png,/Users/christopherbrantner/local/projects/portfolio/surface-defect-classifier/NEU-DET/train/images/crazing/crazing_188.jpg,1,crazing,2,3,189,71,train
/Users/christopherbrantner/local/projects/portfolio/surface-defect-classifier/results/chips/train/crazing/crazing_188_bb02.png,/Users/christopherbrantner/local/projects/portfolio/surface-defect-classifier/NEU-DET/train/images/crazing/crazing_188.jpg,2,crazing,1,75,124,180,train
/Users/christopherbrantner/local/projects/portfolio/surface-defect-classifier/results/chips/train/crazing/crazing_189_bb00.png,/Users/christopherbrantner/local/projects/portfolio/surface-defect-classifier/NEU-DET/train/images/crazing/crazing_189.jpg,0,crazing,4,94,177,152,train
/Users/christopherbrantner/local/projects/portfolio/surface-defect-classifier/results/chips/train/crazing/crazing_189_bb01.png,/Users/christopherbrantner/local/projects/portfolio/surface-defect-classifier/NEU-DET/train/images/crazing/crazing_189.jpg,1,crazing,3,16,133,77,train
/Users/christopherbrantner/local/projects/portfolio/surface-defect-classifier/results/chips/train/crazing/crazing_19_bb00.png,/Users/christopherbrantner/local/projects/portfolio/surface-defect-classifier/NEU-DET/train/images/crazing/crazing_19.jpg,0,crazing,92,5,135,116,train
/Users/christopherbrantner/local/projects/portfolio/surface-defect-classifier/results/chips/train/crazing/crazing_190_bb00.png,/Users/christopherbrantner/local/projects/portfolio/surface-defect-classifier/NEU-DET/train/images/crazing/crazing_190.jpg,0,crazing,1,45,127,147,train
/Users/christopherbrantner/local/projects/portfolio/surface-defect-classifier/results/chips/train/crazing/crazing_190_bb01.png,/Users/christopherbrantner/local/projects/portfolio/surface-defect-classifier/NEU-DET/train/images/crazing/crazing_190.jpg,1,crazing,18,95,182,157,train
/Users/christopherbrantner/local/projects/portfolio/surface-defect-classifier/results/chips/train/crazing/crazing_190_bb02.png,/Users/christopherbrantner/local/projects/portfolio/surface-defect-classifier/NEU-DET/train/images/crazing/crazing_190.jpg,2,crazing,1,6,147,65,train
/Users/christopherbrantner/local/projects/portfolio/surface-defect-classifier/results/chips/train/crazing/crazing_190_bb03.png,/Users/christopherbrantner/local/projects/portfolio/surface-defect-classifier/NEU-DET/train/images/crazing/crazing_190.jpg,3,crazing,54,1,177,37,train
/Users/christopherbrantner/local/projects/portfolio/surface-defect-classifier/results/chips/train/crazing/crazing_191_bb00.png,/Users/christopherbrantner/local/projects/portfolio/surface-defect-classifier/NEU-DET/train/images/crazing/crazing_191.jpg,0,crazing,8,22,169,62,train
/Users/christopherbrantner/local/projects/portfolio/surface-defect-classifier/results/chips/train/crazing/crazing_191_bb01.png,/Users/christopherbrantner/local/projects/portfolio/surface-defect-classifier/NEU-DET/train/images/crazing/crazing_191.jpg,1,crazing,26,76,198,133,train
/Users/christopherbrantner/local/projects/portfolio/surface-defect-classifier/results/chips/train/crazing/crazing_191_bb02.png,/Users/christopherbrantner/local/projects/portfolio/surface-defect-classifier/NEU-DET/train/images/crazing/crazing_191.jpg,2,crazing,29,135,106,195,train
/Users/christopherbrantner/local/projects/portfolio/surface-defect-classifier/results/chips/train/crazing/crazing_192_bb00.png,/Users/christopherbrantner/local/projects/portfolio/surface-defect-classifier/NEU-DET/train/images/crazing/crazing_192.jpg,0,crazing,137,90,198,198,train
/Users/christopherbrantner/local/projects/portfolio/surface-defect-classifier/results/chips/train/crazing/crazing_192_bb01.png,/Users/christopherbrantner/local/projects/portfolio/surface-defect-classifier/NEU-DET/train/images/crazing/crazing_192.jpg,1,crazing,17,120,129,191,train
/Users/christopherbrantner/local/projects/portfolio/surface-defect-classifier/results/chips/train/crazing/crazing_192_bb02.png,/Users/christopherbrantner/local/projects/portfolio/surface-defect-classifier/NEU-DET/train/images/crazing/crazing_192.jpg,2,crazing,54,18,199,64,train
/Users/christopherbrantner/local/projects/portfolio/surface-defect-classifier/results/chips/train/crazing/crazing_193_bb00.png,/Users/christopherbrantner/local/projects/portfolio/surface-defect-classifier/NEU-DET/train/images/crazing/crazing_193.jpg,0,crazing,15,34,156,144,train
/Users/christopherbrantner/local/projects/portfolio/surface-defect-classifier/results/chips/train/crazing/crazing_194_bb00.png,/Users/christopherbrantner/local/projects/portfolio/surface-defect-classifier/NEU-DET/train/images/crazing/crazing_194.jpg,0,crazing,17,58,177,161,train
/Users/christopherbrantner/local/projects/portfolio/surface-defect-classifier/results/chips/train/crazing/crazing_195_bb00.png,/Users/christopherbrantner/local/projects/portfolio/surface-defect-classifier/NEU-DET/train/images/crazing/crazing_195.jpg,0,crazing,9,89,149,157,train
/Users/christopherbrantner/local/projects/portfolio/surface-defect-classifier/results/chips/train/crazing/crazing_196_bb00.png,/Users/christopherbrantner/local/projects/portfolio/surface-defect-classifier/NEU-DET/train/images/crazing/crazing_196.jpg,0,crazing,15,42,197,87,train
/Users/christopherbrantner/local/projects/portfolio/surface-defect-classifier/results/chips/train/crazing/crazing_196_bb01.png,/Users/christopherbrantner/local/projects/portfolio/surface-defect-classifier/NEU-DET/train/images/crazing/crazing_196.jpg,1,crazing,68,2,197,46,train
/Users/christopherbrantner/local/projects/portfolio/surface-defect-classifier/results/chips/train/crazing/crazing_196_bb02.png,/Users/christopherbrantner/local/projects/portfolio/surface-defect-classifier/NEU-DET/train/images/crazing/crazing_196.jpg,2,crazing,3,140,150,199,train
/Users/christopherbrantner/local/projects/portfolio/surface-defect-classifier/results/chips/train/crazing/crazing_197_bb00.png,/Users/christopherbrantner/local/projects/portfolio/surface-defect-classifier/NEU-DET/train/images/crazing/crazing_197.jpg,0,crazing,15,97,198,181,train
/Users/christopherbrantner/local/projects/portfolio/surface-defect-classifier/results/chips/train/crazing/crazing_197_bb01.png,/Users/christopherbrantner/local/projects/portfolio/surface-defect-classifier/NEU-DET/train/images/crazing/crazing_197.jpg,1,crazing,12,8,167,91,train
/Users/christopherbrantner/local/projects/portfolio/surface-defect-classifier/results/chips/train/crazing/crazing_198_bb00.png,/Users/christopherbrantner/local/projects/portfolio/surface-defect-classifier/NEU-DET/train/images/crazing/crazing_198.jpg,0,crazing,47,99,191,189,train
/Users/christopherbrantner/local/projects/portfolio/surface-defect-classifier/results/chips/train/crazing/crazing_198_bb01.png,/Users/christopherbrantner/local/projects/portfolio/surface-defect-classifier/NEU-DET/train/images/crazing/crazing_198.jpg,1,crazing,1,48,85,145,train
/Users/christopherbrantner/local/projects/portfolio/surface-defect-classifier/results/chips/train/crazing/crazing_198_bb02.png,/Users/christopherbrantner/local/projects/portfolio/surface-defect-classifier/NEU-DET/train/images/crazing/crazing_198.jpg,2,crazing,71,1,200,42,train
/Users/christopherbrantner/local/projects/portfolio/surface-defect-classifier/results/chips/train/crazing/crazing_199_bb00.png,/Users/christopherbrantner/local/projects/portfolio/surface-defect-classifier/NEU-DET/train/images/crazing/crazing_199.jpg,0,crazing,7,19,198,88,train
/Users/christopherbrantner/local/projects/portfolio/surface-defect-classifier/results/chips/train/crazing/crazing_199_bb01.png,/Users/christopherbrantner/local/projects/portfolio/surface-defect-classifier/NEU-DET/train/images/crazing/crazing_199.jpg,1,crazing,1,89,72,159,train
/Users/christopherbrantner/local/projects/portfolio/surface-defect-classifier/results/chips/train/crazing/crazing_2_bb00.png,/Users/christopherbrantner/local/projects/portfolio/surface-defect-classifier/NEU-DET/train/images/crazing/crazing_2.jpg,0,crazing,99,120,200,174,train
/Users/christopherbrantner/local/projects/portfolio/surface-defect-classifier/results/chips/train/crazing/crazing_2_bb01.png,/Users/christopherbrantner/local/projects/portfolio/surface-defect-classifier/NEU-DET/train/images/crazing/crazing_2.jpg,1,crazing,8,16,200,111,train
/Users/christopherbrantner/local/projects/portfolio/surface-defect-classifier/results/chips/train/crazing/crazing_20_bb00.png,/Users/christopherbrantner/local/projects/portfolio/surface-defect-classifier/NEU-DET/train/images/crazing/crazing_20.jpg,0,crazing,1,109,131,193,train
/Users/christopherbrantner/local/projects/portfolio/surface-defect-classifier/results/chips/train/crazing/crazing_20_bb01.png,/Users/christopherbrantner/local/projects/portfolio/surface-defect-classifier/NEU-DET/train/images/crazing/crazing_20.jpg,1,crazing,86,60,142,100,train
/Users/christopherbrantner/local/projects/portfolio/surface-defect-classifier/results/chips/train/patches/crazing_20_bb02.png,/Users/christopherbrantner/local/projects/portfolio/surface-defect-classifier/NEU-DET/train/images/crazing/crazing_20.jpg,2,patches,140,29,178,65,train
/Users/christopherbrantner/local/projects/portfolio/surface-defect-classifier/results/chips/train/crazing/crazing_200_bb00.png,/Users/christopherbrantner/local/projects/portfolio/surface-defect-classifier/NEU-DET/train/images/crazing/crazing_200.jpg,0,crazing,42,7,176,84,train
/Users/christopherbrantner/local/projects/portfolio/surface-defect-classifier/results/chips/train/crazing/crazing_200_bb01.png,/Users/christopherbrantner/local/projects/portfolio/surface-defect-classifier/NEU-DET/train/images/crazing/crazing_200.jpg,1,crazing,7,97,161,146,train
/Users/christopherbrantner/local/projects/portfolio/surface-defect-classifier/results/chips/train/crazing/crazing_200_bb02.png,/Users/christopherbrantner/local/projects/portfolio/surface-defect-classifier/NEU-DET/train/images/crazing/crazing_200.jpg,2,crazing,4,154,92,196,train
/Users/christopherbrantner/local/projects/portfolio/surface-defect-classifier/results/chips/train/crazing/crazing_201_bb00.png,/Users/christopherbrantner/local/projects/portfolio/surface-defect-classifier/NEU-DET/train/images/crazing/crazing_201.jpg,0,crazing,16,79,143,193,train
/Users/christopherbrantner/local/projects/portfolio/surface-defect-classifier/results/chips/train/crazing/crazing_201_bb01.png,/Users/christopherbrantner/local/projects/portfolio/surface-defect-classifier/NEU-DET/train/images/crazing/crazing_201.jpg,1,crazing,31,35,160,88,train
/Users/christopherbrantner/local/projects/portfolio/surface-defect-classifier/results/chips/train/crazing/crazing_202_bb00.png,/Users/christopherbrantner/local/projects/portfolio/surface-defect-classifier/NEU-DET/train/images/crazing/crazing_202.jpg,0,crazing,21,6,174,105,train
/Users/christopherbrantner/local/projects/portfolio/surface-defect-classifier/results/chips/train/crazing/crazing_203_bb00.png,/Users/christopherbrantner/local/projects/portfolio/surface-defect-classifier/NEU-DET/train/images/crazing/crazing_203.jpg,0,crazing,19,79,148,168,train
/Users/christopherbrantner/local/projects/portfolio/surface-defect-classifier/results/chips/train/crazing/crazing_203_bb01.png,/Users/christopherbrantner/local/projects/portfolio/surface-defect-classifier/NEU-DET/train/images/crazing/crazing_203.jpg,1,crazing,44,10,170,76,train
/Users/christopherbrantner/local/projects/portfolio/surface-defect-classifier/results/chips/train/crazing/crazing_204_bb00.png,/Users/christopherbrantner/local/projects/portfolio/surface-defect-classifier/NEU-DET/train/images/crazing/crazing_204.jpg,0,crazing,7,132,165,184,train
/Users/christopherbrantner/local/projects/portfolio/surface-defect-classifier/results/chips/train/crazing/crazing_205_bb00.png,/Users/christopherbrantner/local/projects/portfolio/surface-defect-classifier/NEU-DET/train/images/crazing/crazing_205.jpg,0,crazing,26,144,83,198,train
/Users/christopherbrantner/local/projects/portfolio/surface-defect-classifier/results/chips/train/crazing/crazing_206_bb00.png,/Users/christopherbrantner/local/projects/portfolio/surface-defect-classifier/NEU-DET/train/images/crazing/crazing_206.jpg,0,crazing,19,53,123,171,train
/Users/christopherbrantner/local/projects/portfolio/surface-defect-classifier/results/chips/train/crazing/crazing_206_bb01.png,/Users/christopherbrantner/local/projects/portfolio/surface-defect-classifier/NEU-DET/train/images/crazing/crazing_206.jpg,1,crazing,126,29,189,137,train
/Users/christopherbrantner/local/projects/portfolio/surface-defect-classifier/results/chips/train/crazing/crazing_207_bb00.png,/Users/christopherbrantner/local/projects/portfolio/surface-defect-classifier/NEU-DET/train/images/crazing/crazing_207.jpg,0,crazing,2,43,170,125,train
/Users/christopherbrantner/local/projects/portfolio/surface-defect-classifier/results/chips/train/crazing/crazing_208_bb00.png,/Users/christopherbrantner/local/projects/portfolio/surface-defect-classifier/NEU-DET/train/images/crazing/crazing_208.jpg,0,crazing,1,20,152,76,train
/Users/christopherbrantner/local/projects/portfolio/surface-defect-classifier/results/chips/train/crazing/crazing_208_bb01.png,/Users/christopherbrantner/local/projects/portfolio/surface-defect-classifier/NEU-DET/train/images/crazing/crazing_208.jpg,1,crazing,1,105,198,194,train
/Users/christopherbrantner/local/projects/portfolio/surface-defect-classifier/results/chips/train/crazing/crazing_209_bb00.png,/Users/christopherbrantner/local/projects/portfolio/surface-defect-classifier/NEU-DET/train/images/crazing/crazing_209.jpg,0,crazing,11,50,162,175,train
/Users/christopherbrantner/local/projects/portfolio/surface-defect-classifier/results/chips/train/crazing/crazing_209_bb01.png,/Users/christopherbrantner/local/projects/portfolio/surface-defect-classifier/NEU-DET/train/images/crazing/crazing_209.jpg,1,crazing,3,3,148,56,train
/Users/christopherbrantner/local/projects/portfolio/surface-defect-classifier/results/chips/train/crazing/crazing_21_bb00.png,/Users/christopherbrantner/local/projects/portfolio/surface-defect-classifier/NEU-DET/train/images/crazing/crazing_21.jpg,0,crazing,27,27,198,76,train
/Users/christopherbrantner/local/projects/portfolio/surface-defect-classifier/results/chips/train/crazing/crazing_21_bb01.png,/Users/christopherbrantner/local/projects/portfolio/surface-defect-classifier/NEU-DET/train/images/crazing/crazing_21.jpg,1,crazing,20,85,197,120,train
/Users/christopherbrantner/local/projects/portfolio/surface-defect-classifier/results/chips/train/crazing/crazing_21_bb02.png,/Users/christopherbrantner/local/projects/portfolio/surface-defect-classifier/NEU-DET/train/images/crazing/crazing_21.jpg,2,crazing,24,123,198,187,train
/Users/christopherbrantner/local/projects/portfolio/surface-defect-classifier/results/chips/train/crazing/crazing_210_bb00.png,/Users/christopherbrantner/local/projects/portfolio/surface-defect-classifier/NEU-DET/train/images/crazing/crazing_210.jpg,0,crazing,4,41,81,141,train
/Users/christopherbrantner/local/projects/portfolio/surface-defect-classifier/results/chips/train/crazing/crazing_211_bb00.png,/Users/christopherbrantner/local/projects/portfolio/surface-defect-classifier/NEU-DET/train/images/crazing/crazing_211.jpg,0,crazing,8,110,160,184,train
/Users/christopherbrantner/local/projects/portfolio/surface-defect-classifier/results/chips/train/crazing/crazing_211_bb01.png,/Users/christopherbrantner/local/projects/portfolio/surface-defect-classifier/NEU-DET/train/images/crazing/crazing_211.jpg,1,crazing,102,1,185,173,train
/Users/christopherbrantner/local/projects/portfolio/surface-defect-classifier/results/chips/train/crazing/crazing_211_bb02.png,/Users/christopherbrantner/local/projects/portfolio/surface-defect-classifier/NEU-DET/train/images/crazing/crazing_211.jpg,2,crazing,1,31,144,95,train
/Users/christopherbrantner/local/projects/portfolio/surface-defect-classifier/results/chips/train/crazing/crazing_212_bb00.png,/Users/christopherbrantner/local/projects/portfolio/surface-defect-classifier/NEU-DET/train/images/crazing/crazing_212.jpg,0,crazing,1,140,185,199,train
/Users/christopherbrantner/local/projects/portfolio/surface-defect-classifier/results/chips/train/crazing/crazing_212_bb01.png,/Users/christopherbrantner/local/projects/portfolio/surface-defect-classifier/NEU-DET/train/images/crazing/crazing_212.jpg,1,crazing,10,15,172,109,train
/Users/christopherbrantner/local/projects/portfolio/surface-defect-classifier/results/chips/train/crazing/crazing_213_bb00.png,/Users/christopherbrantner/local/projects/portfolio/surface-defect-classifier/NEU-DET/train/images/crazing/crazing_213.jpg,0,crazing,26,124,151,198,train
/Users/christopherbrantner/local/projects/portfolio/surface-defect-classifier/results/chips/train/crazing/crazing_213_bb01.png,/Users/christopherbrantner/local/projects/portfolio/surface-defect-classifier/NEU-DET/train/images/crazing/crazing_213.jpg,1,crazing,33,7,157,56,train
/Users/christopherbrantner/local/projects/portfolio/surface-defect-classifier/results/chips/train/crazing/crazing_214_bb00.png,/Users/christopherbrantner/local/projects/portfolio/surface-defect-classifier/NEU-DET/train/images/crazing/crazing_214.jpg,0,crazing,9,72,200,149,train
/Users/christopherbrantner/local/projects/portfolio/surface-defect-classifier/results/chips/train/crazing/crazing_214_bb01.png,/Users/christopherbrantner/local/projects/portfolio/surface-defect-classifier/NEU-DET/train/images/crazing/crazing_214.jpg,1,crazing,31,111,163,192,train
/Users/christopherbrantner/local/projects/portfolio/surface-defect-classifier/results/chips/train/crazing/crazing_214_bb02.png,/Users/christopherbrantner/local/projects/portfolio/surface-defect-classifier/NEU-DET/train/images/crazing/crazing_214.jpg,2,crazing,48,1,199,61,train
/Users/christopherbrantner/local/projects/portfolio/surface-defect-classifier/results/chips/train/crazing/crazing_215_bb00.png,/Users/christopherbrantner/local/projects/portfolio/surface-defect-classifier/NEU-DET/train/images/crazing/crazing_215.jpg,0,crazing,1,1,186,54,train
/Users/christopherbrantner/local/projects/portfolio/surface-defect-classifier/results/chips/train/crazing/crazing_215_bb01.png,/Users/christopherbrantner/local/projects/portfolio/surface-defect-classifier/NEU-DET/train/images/crazing/crazing_215.jpg,1,crazing,11,35,197,109,train
/Users/christopherbrantner/local/projects/portfolio/surface-defect-classifier/results/chips/train/crazing/crazing_215_bb02.png,/Users/christopherbrantner/local/projects/portfolio/surface-defect-classifier/NEU-DET/train/images/crazing/crazing_215.jpg,2,crazing,4,98,184,184,train
/Users/christopherbrantner/local/projects/portfolio/surface-defect-classifier/results/chips/train/crazing/crazing_216_bb00.png,/Users/christopherbrantner/local/projects/portfolio/surface-defect-classifier/NEU-DET/train/images/crazing/crazing_216.jpg,0,crazing,1,97,53,197,train
/Users/christopherbrantner/local/projects/portfolio/surface-defect-classifier/results/chips/train/crazing/crazing_216_bb01.png,/Users/christopherbrantner/local/projects/portfolio/surface-defect-classifier/NEU-DET/train/images/crazing/crazing_216.jpg,1,crazing,23,1,180,93,train
/Users/christopherbrantner/local/projects/portfolio/surface-defect-classifier/results/chips/train/crazing/crazing_216_bb02.png,/Users/christopherbrantner/local/projects/portfolio/surface-defect-classifier/NEU-DET/train/images/crazing/crazing_216.jpg,2,crazing,55,86,197,190,train
/Users/christopherbrantner/local/projects/portfolio/surface-defect-classifier/results/chips/train/crazing/crazing_217_bb00.png,/Users/christopherbrantner/local/projects/portfolio/surface-defect-classifier/NEU-DET/train/images/crazing/crazing_217.jpg,0,crazing,25,52,199,92,train
/Users/christopherbrantner/local/projects/portfolio/surface-defect-classifier/results/chips/train/crazing/crazing_217_bb01.png,/Users/christopherbrantner/local/projects/portfolio/surface-defect-classifier/NEU-DET/train/images/crazing/crazing_217.jpg,1,crazing,110,99,195,190,train
/Users/christopherbrantner/local/projects/portfolio/surface-defect-classifier/results/chips/train/crazing/crazing_218_bb00.png,/Users/christopherbrantner/local/projects/portfolio/surface-defect-classifier/NEU-DET/train/images/crazing/crazing_218.jpg,0,crazing,18,58,150,115,train
/Users/christopherbrantner/local/projects/portfolio/surface-defect-classifier/results/chips/train/crazing/crazing_218_bb01.png,/Users/christopherbrantner/local/projects/portfolio/surface-defect-classifier/NEU-DET/train/images/crazing/crazing_218.jpg,1,crazing,91,16,198,56,train
/Users/christopherbrantner/local/projects/portfolio/surface-defect-classifier/results/chips/train/crazing/crazing_218_bb02.png,/Users/christopherbrantner/local/projects/portfolio/surface-defect-classifier/NEU-DET/train/images/crazing/crazing_218.jpg,2,crazing,36,143,175,181,train
/Users/christopherbrantner/local/projects/portfolio/surface-defect-classifier/results/chips/train/crazing/crazing_219_bb00.png,/Users/christopherbrantner/local/projects/portfolio/surface-defect-classifier/NEU-DET/train/images/crazing/crazing_219.jpg,0,crazing,46,9,116,123,train
/Users/christopherbrantner/local/projects/portfolio/surface-defect-classifier/results/chips/train/crazing/crazing_22_bb00.png,/Users/christopherbrantner/local/projects/portfolio/surface-defect-classifier/NEU-DET/train/images/crazing/crazing_22.jpg,0,crazing,92,17,198,94,train
/Users/christopherbrantner/local/projects/portfolio/surface-defect-classifier/results/chips/train/crazing/crazing_22_bb01.png,/Users/christopherbrantner/local/projects/portfolio/surface-defect-classifier/NEU-DET/train/images/crazing/crazing_22.jpg,1,crazing,95,104,200,182,train
/Users/christopherbrantner/local/projects/portfolio/surface-defect-classifier/results/chips/train/crazing/crazing_220_bb00.png,/Users/christopherbrantner/local/projects/portfolio/surface-defect-classifier/NEU-DET/train/images/crazing/crazing_220.jpg,0,crazing,3,117,146,194,train
/Users/christopherbrantner/local/projects/portfolio/surface-defect-classifier/results/chips/train/crazing/crazing_220_bb01.png,/Users/christopherbrantner/local/projects/portfolio/surface-defect-classifier/NEU-DET/train/images/crazing/crazing_220.jpg,1,crazing,78,19,178,131,train
/Users/christopherbrantner/local/projects/portfolio/surface-defect-classifier/results/chips/train/crazing/crazing_221_bb00.png,/Users/christopherbrantner/local/projects/portfolio/surface-defect-classifier/NEU-DET/train/images/crazing/crazing_221.jpg,0,crazing,157,1,200,187,train
/Users/christopherbrantner/local/projects/portfolio/surface-defect-classifier/results/chips/train/crazing/crazing_221_bb01.png,/Users/christopherbrantner/local/projects/portfolio/surface-defect-classifier/NEU-DET/train/images/crazing/crazing_221.jpg,1,crazing,1,87,136,162,train
/Users/christopherbrantner/local/projects/portfolio/surface-defect-classifier/results/chips/train/crazing/crazing_221_bb02.png,/Users/christopherbrantner/local/projects/portfolio/surface-defect-classifier/NEU-DET/train/images/crazing/crazing_221.jpg,2,crazing,79,36,198,90,train
/Users/christopherbrantner/local/projects/portfolio/surface-defect-classifier/results/chips/train/crazing/crazing_222_bb00.png,/Users/christopherbrantner/local/projects/portfolio/surface-defect-classifier/NEU-DET/train/images/crazing/crazing_222.jpg,0,crazing,1,20,146,103,train
/Users/christopherbrantner/local/projects/portfolio/surface-defect-classifier/results/chips/train/crazing/crazing_222_bb01.png,/Users/christopherbrantner/local/projects/portfolio/surface-defect-classifier/NEU-DET/train/images/crazing/crazing_222.jpg,1,crazing,155,6,196,133,train
/Users/christopherbrantner/local/projects/portfolio/surface-defect-classifier/results/chips/train/crazing/crazing_223_bb00.png,/Users/christopherbrantner/local/projects/portfolio/surface-defect-classifier/NEU-DET/train/images/crazing/crazing_223.jpg,0,crazing,113,123,197,197,train
/Users/christopherbrantner/local/projects/portfolio/surface-defect-classifier/results/chips/train/crazing/crazing_223_bb01.png,/Users/christopherbrantner/local/projects/portfolio/surface-defect-classifier/NEU-DET/train/images/crazing/crazing_223.jpg,1,crazing,80,11,173,98,train
/Users/christopherbrantner/local/projects/portfolio/surface-defect-classifier/results/chips/train/crazing/crazing_224_bb00.png,/Users/christopherbrantner/local/projects/portfolio/surface-defect-classifier/NEU-DET/train/images/crazing/crazing_224.jpg,0,crazing,1,97,122,188,train
/Users/christopherbrantner/local/projects/portfolio/surface-defect-classifier/results/chips/train/crazing/crazing_224_bb01.png,/Users/christopherbrantner/local/projects/portfolio/surface-defect-classifier/NEU-DET/train/images/crazing/crazing_224.jpg,1,crazing,117,107,199,172,train
/Users/christopherbrantner/local/projects/portfolio/surface-defect-classifier/results/chips/train/crazing/crazing_224_bb02.png,/Users/christopherbrantner/local/projects/portfolio/surface-defect-classifier/NEU-DET/train/images/crazing/crazing_224.jpg,2,crazing,49,7,199,103,train
/Users/christopherbrantner/local/projects/portfolio/surface-defect-classifier/results/chips/train/crazing/crazing_225_bb00.png,/Users/christopherbrantner/local/projects/portfolio/surface-defect-classifier/NEU-DET/train/images/crazing/crazing_225.jpg,0,crazing,4,119,173,200,train
/Users/christopherbrantner/local/projects/portfolio/surface-defect-classifier/results/chips/train/crazing/crazing_225_bb01.png,/Users/christopherbrantner/local/projects/portfolio/surface-defect-classifier/NEU-DET/train/images/crazing/crazing_225.jpg,1,crazing,1,9,165,125,train
/Users/christopherbrantner/local/projects/portfolio/surface-defect-classifier/results/chips/train/crazing/crazing_226_bb00.png,/Users/christopherbrantner/local/projects/portfolio/surface-defect-classifier/NEU-DET/train/images/crazing/crazing_226.jpg,0,crazing,2,143,172,196,train
/Users/christopherbrantner/local/projects/portfolio/surface-defect-classifier/results/chips/train/crazing/crazing_226_bb01.png,/Users/christopherbrantner/local/projects/portfolio/surface-defect-classifier/NEU-DET/train/images/crazing/crazing_226.jpg,1,crazing,1,19,174,145,train
/Users/christopherbrantner/local/projects/portfolio/surface-defect-classifier/results/chips/train/crazing/crazing_227_bb00.png,/Users/christopherbrantner/local/projects/portfolio/surface-defect-classifier/NEU-DET/train/images/crazing/crazing_227.jpg,0,crazing,12,26,199,96,train
/Users/christopherbrantner/local/projects/portfolio/surface-defect-classifier/results/chips/train/crazing/crazing_227_bb01.png,/Users/christopherbrantner/local/projects/portfolio/surface-defect-classifier/NEU-DET/train/images/crazing/crazing_227.jpg,1,crazing,130,1,200,125,train
/Users/christopherbrantner/local/projects/portfolio/surface-defect-classifier/results/chips/train/crazing/crazing_227_bb02.png,/Users/christopherbrantner/local/projects/portfolio/surface-defect-classifier/NEU-DET/train/images/crazing/crazing_227.jpg,2,crazing,34,33,168,159,train
/Users/christopherbrantner/local/projects/portfolio/surface-defect-classifier/results/chips/train/crazing/crazing_228_bb00.png,/Users/christopherbrantner/local/projects/portfolio/surface-defect-classifier/NEU-DET/train/images/crazing/crazing_228.jpg,0,crazing,18,124,187,192,train
/Users/christopherbrantner/local/projects/portfolio/surface-defect-classifier/results/chips/train/crazing/crazing_228_bb01.png,/Users/christopherbrantner/local/projects/portfolio/surface-defect-classifier/NEU-DET/train/images/crazing/crazing_228.jpg,1,crazing,3,59,161,120,train
/Users/christopherbrantner/local/projects/portfolio/surface-defect-classifier/results/chips/train/crazing/crazing_228_bb02.png,/Users/christopherbrantner/local/projects/portfolio/surface-defect-classifier/NEU-DET/train/images/crazing/crazing_228.jpg,2,crazing,56,22,199,102,train
/Users/christopherbrantner/local/projects/portfolio/surface-defect-classifier/results/chips/train/crazing/crazing_229_bb00.png,/Users/christopherbrantner/local/projects/portfolio/surface-defect-classifier/NEU-DET/train/images/crazing/crazing_229.jpg,0,crazing,1,58,174,128,train
/Users/christopherbrantner/local/projects/portfolio/surface-defect-classifier/results/chips/train/crazing/crazing_229_bb01.png,/Users/christopherbrantner/local/projects/portfolio/surface-defect-classifier/NEU-DET/train/images/crazing/crazing_229.jpg,1,crazing,1,6,149,72,train
/Users/christopherbrantner/local/projects/portfolio/surface-defect-classifier/results/chips/train/crazing/crazing_229_bb02.png,/Users/christopherbrantner/local/projects/portfolio/surface-defect-classifier/NEU-DET/train/images/crazing/crazing_229.jpg,2,crazing,1,123,187,198,train
/Users/christopherbrantner/local/projects/portfolio/surface-defect-classifier/results/chips/train/crazing/crazing_23_bb00.png,/Users/christopherbrantner/local/projects/portfolio/surface-defect-classifier/NEU-DET/train/images/crazing/crazing_23.jpg,0,crazing,1,6,171,112,train
/Users/christopherbrantner/local/projects/portfolio/surface-defect-classifier/results/chips/train/crazing/crazing_23_bb01.png,/Users/christopherbrantner/local/projects/portfolio/surface-defect-classifier/NEU-DET/train/images/crazing/crazing_23.jpg,1,crazing,1,122,180,200,train
/Users/christopherbrantner/local/projects/portfolio/surface-defect-classifier/results/chips/train/crazing/crazing_230_bb00.png,/Users/christopherbrantner/local/projects/portfolio/surface-defect-classifier/NEU-DET/train/images/crazing/crazing_230.jpg,0,crazing,36,28,181,107,train
/Users/christopherbrantner/local/projects/portfolio/surface-defect-classifier/results/chips/train/crazing/crazing_230_bb01.png,/Users/christopherbrantner/local/projects/portfolio/surface-defect-classifier/NEU-DET/train/images/crazing/crazing_230.jpg,1,crazing,1,104,112,182,train
/Users/christopherbrantner/local/projects/portfolio/surface-defect-classifier/results/chips/train/crazing/crazing_231_bb00.png,/Users/christopherbrantner/local/projects/portfolio/surface-defect-classifier/NEU-DET/train/images/crazing/crazing_231.jpg,0,crazing,9,98,200,187,train
/Users/christopherbrantner/local/projects/portfolio/surface-defect-classifier/results/chips/train/crazing/crazing_231_bb01.png,/Users/christopherbrantner/local/projects/portfolio/surface-defect-classifier/NEU-DET/train/images/crazing/crazing_231.jpg,1,crazing,85,8,200,88,train
/Users/christopherbrantner/local/projects/portfolio/surface-defect-classifier/results/chips/train/crazing/crazing_231_bb02.png,/Users/christopherbrantner/local/projects/portfolio/surface-defect-classifier/NEU-DET/train/images/crazing/crazing_231.jpg,2,crazing,1,12,137,67,train
/Users/christopherbrantner/local/projects/portfolio/surface-defect-classifier/results/chips/train/crazing/crazing_232_bb00.png,/Users/christopherbrantner/local/projects/portfolio/surface-defect-classifier/NEU-DET/train/images/crazing/crazing_232.jpg,0,crazing,82,9,200,60,train
/Users/christopherbrantner/local/projects/portfolio/surface-defect-classifier/results/chips/train/crazing/crazing_232_bb01.png,/Users/christopherbrantner/local/projects/portfolio/surface-defect-classifier/NEU-DET/train/images/crazing/crazing_232.jpg,1,crazing,1,80,134,156,train
/Users/christopherbrantner/local/projects/portfolio/surface-defect-classifier/results/chips/train/crazing/crazing_232_bb02.png,/Users/christopherbrantner/local/projects/portfolio/surface-defect-classifier/NEU-DET/train/images/crazing/crazing_232.jpg,2,crazing,1,26,132,88,train
/Users/christopherbrantner/local/projects/portfolio/surface-defect-classifier/results/chips/train/crazing/crazing_232_bb03.png,/Users/christopherbrantner/local/projects/portfolio/surface-defect-classifier/NEU-DET/train/images/crazing/crazing_232.jpg,3,crazing,1,137,179,182,train
/Users/christopherbrantner/local/projects/portfolio/surface-defect-classifier/results/chips/train/crazing/crazing_233_bb00.png,/Users/christopherbrantner/local/projects/portfolio/surface-defect-classifier/NEU-DET/train/images/crazing/crazing_233.jpg,0,crazing,6,147,182,191,train
/Users/christopherbrantner/local/projects/portfolio/surface-defect-classifier/results/chips/train/crazing/crazing_233_bb01.png,/Users/christopherbrantner/local/projects/portfolio/surface-defect-classifier/NEU-DET/train/images/crazing/crazing_233.jpg,1,crazing,1,21,198,121,train
/Users/christopherbrantner/local/projects/portfolio/surface-defect-classifier/results/chips/train/crazing/crazing_234_bb00.png,/Users/christopherbrantner/local/projects/portfolio/surface-defect-classifier/NEU-DET/train/images/crazing/crazing_234.jpg,0,crazing,57,5,199,73,train
/Users/christopherbrantner/local/projects/portfolio/surface-defect-classifier/results/chips/train/crazing/crazing_234_bb01.png,/Users/christopherbrantner/local/projects/portfolio/surface-defect-classifier/NEU-DET/train/images/crazing/crazing_234.jpg,1,crazing,8,76,200,166,train
/Users/christopherbrantner/local/projects/portfolio/surface-defect-classifier/results/chips/train/crazing/crazing_235_bb00.png,/Users/christopherbrantner/local/projects/portfolio/surface-defect-classifier/NEU-DET/train/images/crazing/crazing_235.jpg,0,crazing,37,1,163,51,train
/Users/christopherbrantner/local/projects/portfolio/surface-defect-classifier/results/chips/train/crazing/crazing_235_bb01.png,/Users/christopherbrantner/local/projects/portfolio/surface-defect-classifier/NEU-DET/train/images/crazing/crazing_235.jpg,1,crazing,3,65,179,122,train
/Users/christopherbrantner/local/projects/portfolio/surface-defect-classifier/results/chips/train/crazing/crazing_235_bb02.png,/Users/christopherbrantner/local/projects/portfolio/surface-defect-classifier/NEU-DET/train/images/crazing/crazing_235.jpg,2,crazing,47,145,183,199,train
/Users/christopherbrantner/local/projects/portfolio/surface-defect-classifier/results/chips/train/crazing/crazing_235_bb03.png,/Users/christopherbrantner/local/projects/portfolio/surface-defect-classifier/NEU-DET/train/images/crazing/crazing_235.jpg,3,crazing,2,3,53,62,train
/Users/christopherbrantner/local/projects/portfolio/surface-defect-classifier/results/chips/train/crazing/crazing_236_bb00.png,/Users/christopherbrantner/local/projects/portfolio/surface-defect-classifier/NEU-DET/train/images/crazing/crazing_236.jpg,0,crazing,5,1,198,70,train
/Users/christopherbrantner/local/projects/portfolio/surface-defect-classifier/results/chips/train/crazing/crazing_236_bb01.png,/Users/christopherbrantner/local/projects/portfolio/surface-defect-classifier/NEU-DET/train/images/crazing/crazing_236.jpg,1,crazing,1,65,101,136,train
/Users/christopherbrantner/local/projects/portfolio/surface-defect-classifier/results/chips/train/crazing/crazing_236_bb02.png,/Users/christopherbrantner/local/projects/portfolio/surface-defect-classifier/NEU-DET/train/images/crazing/crazing_236.jpg,2,crazing,107,32,200,126,train
/Users/christopherbrantner/local/projects/portfolio/surface-defect-classifier/results/chips/train/crazing/crazing_236_bb03.png,/Users/christopherbrantner/local/projects/portfolio/surface-defect-classifier/NEU-DET/train/images/crazing/crazing_236.jpg,3,crazing,76,111,200,181,train
/Users/christopherbrantner/local/projects/portfolio/surface-defect-classifier/results/chips/train/crazing/crazing_237_bb00.png,/Users/christopherbrantner/local/projects/portfolio/surface-defect-classifier/NEU-DET/train/images/crazing/crazing_237.jpg,0,crazing,23,4,166,87,train
/Users/christopherbrantner/local/projects/portfolio/surface-defect-classifier/results/chips/train/crazing/crazing_237_bb01.png,/Users/christopherbrantner/local/projects/portfolio/surface-defect-classifier/NEU-DET/train/images/crazing/crazing_237.jpg,1,crazing,1,119,171,195,train
/Users/christopherbrantner/local/projects/portfolio/surface-defect-classifier/results/chips/train/crazing/crazing_237_bb02.png,/Users/christopherbrantner/local/projects/portfolio/surface-defect-classifier/NEU-DET/train/images/crazing/crazing_237.jpg,2,crazing,69,7,143,189,train
/Users/christopherbrantner/local/projects/portfolio/surface-defect-classifier/results/chips/train/crazing/crazing_238_bb00.png,/Users/christopherbrantner/local/projects/portfolio/surface-defect-classifier/NEU-DET/train/images/crazing/crazing_238.jpg,0,crazing,1,91,106,186,train
/Users/christopherbrantner/local/projects/portfolio/surface-defect-classifier/results/chips/train/crazing/crazing_238_bb01.png,/Users/christopherbrantner/local/projects/portfolio/surface-defect-classifier/NEU-DET/train/images/crazing/crazing_238.jpg,1,crazing,1,10,178,74,train
/Users/christopherbrantner/local/projects/portfolio/surface-defect-classifier/results/chips/train/crazing/crazing_239_bb00.png,/Users/christopherbrantner/local/projects/portfolio/surface-defect-classifier/NEU-DET/train/images/crazing/crazing_239.jpg,0,crazing,29,120,166,176,train
/Users/christopherbrantner/local/projects/portfolio/surface-defect-classifier/results/chips/train/crazing/crazing_239_bb01.png,/Users/christopherbrantner/local/projects/portfolio/surface-defect-classifier/NEU-DET/train/images/crazing/crazing_239.jpg,1,crazing,53,1,200,82,train
/Users/christopherbrantner/local/projects/portfolio/surface-defect-classifier/results/chips/train/crazing/crazing_239_bb02.png,/Users/christopherbrantner/local/projects/portfolio/surface-defect-classifier/NEU-DET/train/images/crazing/crazing_239.jpg,2,crazing,33,36,181,100,train
/Users/christopherbrantner/local/projects/portfolio/surface-defect-classifier/results/chips/train/crazing/crazing_239_bb03.png,/Users/christopherbrantner/local/projects/portfolio/surface-defect-classifier/NEU-DET/train/images/crazing/crazing_239.jpg,3,crazing,1,72,194,132,train
/Users/christopherbrantner/local/projects/portfolio/surface-defect-classifier/results/chips/train/crazing/crazing_24_bb00.png,/Users/christopherbrantner/local/projects/portfolio/surface-defect-classifier/NEU-DET/train/images/crazing/crazing_24.jpg,0,crazing,1,1,196,63,train
/Users/christopherbrantner/local/projects/portfolio/surface-defect-classifier/results/chips/train/crazing/crazing_24_bb01.png,/Users/christopherbrantner/local/projects/portfolio/surface-defect-classifier/NEU-DET/train/images/crazing/crazing_24.jpg,1,crazing,2,105,153,157,train
/Users/christopherbrantner/local/projects/portfolio/surface-defect-classifier/results/chips/train/crazing/crazing_25_bb00.png,/Users/christopherbrantner/local/projects/portfolio/surface-defect-classifier/NEU-DET/train/images/crazing/crazing_25.jpg,0,crazing,1,1,118,45,train
/Users/christopherbrantner/local/projects/portfolio/surface-defect-classifier/results/chips/train/crazing/crazing_25_bb01.png,/Users/christopherbrantner/local/projects/portfolio/surface-defect-classifier/NEU-DET/train/images/crazing/crazing_25.jpg,1,crazing,18,80,159,144,train
/Users/christopherbrantner/local/projects/portfolio/surface-defect-classifier/results/chips/train/crazing/crazing_26_bb00.png,/Users/christopherbrantner/local/projects/portfolio/surface-defect-classifier/NEU-DET/train/images/crazing/crazing_26.jpg,0,crazing,25,1,185,50,train
/Users/christopherbrantner/local/projects/portfolio/surface-defect-classifier/results/chips/train/crazing/crazing_26_bb01.png,/Users/christopherbrantner/local/projects/portfolio/surface-defect-classifier/NEU-DET/train/images/crazing/crazing_26.jpg,1,crazing,79,82,199,174,train
/Users/christopherbrantner/local/projects/portfolio/surface-defect-classifier/results/chips/train/crazing/crazing_27_bb00.png,/Users/christopherbrantner/local/projects/portfolio/surface-defect-classifier/NEU-DET/train/images/crazing/crazing_27.jpg,0,crazing,75,18,199,72,train
/Users/christopherbrantner/local/projects/portfolio/surface-defect-classifier/results/chips/train/crazing/crazing_27_bb01.png,/Users/christopherbrantner/local/projects/portfolio/surface-defect-classifier/NEU-DET/train/images/crazing/crazing_27.jpg,1,crazing,6,74,116,190,train
/Users/christopherbrantner/local/projects/portfolio/surface-defect-classifier/results/chips/train/crazing/crazing_28_bb00.png,/Users/christopherbrantner/local/projects/portfolio/surface-defect-classifier/NEU-DET/train/images/crazing/crazing_28.jpg,0,crazing,1,40,197,148,train
/Users/christopherbrantner/local/projects/portfolio/surface-defect-classifier/results/chips/train/crazing/crazing_28_bb01.png,/Users/christopherbrantner/local/projects/portfolio/surface-defect-classifier/NEU-DET/train/images/crazing/crazing_28.jpg,1,crazing,104,1,200,33,train
/Users/christopherbrantner/local/projects/portfolio/surface-defect-classifier/results/chips/train/crazing/crazing_29_bb00.png,/Users/christopherbrantner/local/projects/portfolio/surface-defect-classifier/NEU-DET/train/images/crazing/crazing_29.jpg,0,crazing,3,30,145,167,train
/Users/christopherbrantner/local/projects/portfolio/surface-defect-classifier/results/chips/train/crazing/crazing_3_bb00.png,/Users/christopherbrantner/local/projects/portfolio/surface-defect-classifier/NEU-DET/train/images/crazing/crazing_3.jpg,0,crazing,10,97,200,181,train
/Users/christopherbrantner/local/projects/portfolio/surface-defect-classifier/results/chips/train/crazing/crazing_30_bb00.png,/Users/christopherbrantner/local/projects/portfolio/surface-defect-classifier/NEU-DET/train/images/crazing/crazing_30.jpg,0,crazing,1,94,120,174,train
/Users/christopherbrantner/local/projects/portfolio/surface-defect-classifier/results/chips/train/crazing/crazing_30_bb01.png,/Users/christopherbrantner/local/projects/portfolio/surface-defect-classifier/NEU-DET/train/images/crazing/crazing_30.jpg,1,crazing,131,32,200,165,train
/Users/christopherbrantner/local/projects/portfolio/surface-defect-classifier/results/chips/train/crazing/crazing_30_bb02.png,/Users/christopherbrantner/local/projects/portfolio/surface-defect-classifier/NEU-DET/train/images/crazing/crazing_30.jpg,2,crazing,1,10,134,62,train
/Users/christopherbrantner/local/projects/portfolio/surface-defect-classifier/results/chips/train/crazing/crazing_31_bb00.png,/Users/christopherbrantner/local/projects/portfolio/surface-defect-classifier/NEU-DET/train/images/crazing/crazing_31.jpg,0,crazing,3,106,166,197,train
/Users/christopherbrantner/local/projects/portfolio/surface-defect-classifier/results/chips/train/crazing/crazing_31_bb01.png,/Users/christopherbrantner/local/projects/portfolio/surface-defect-classifier/NEU-DET/train/images/crazing/crazing_31.jpg,1,crazing,30,3,200,104,train
/Users/christopherbrantner/local/projects/portfolio/surface-defect-classifier/results/chips/train/crazing/crazing_32_bb00.png,/Users/christopherbrantner/local/projects/portfolio/surface-defect-classifier/NEU-DET/train/images/crazing/crazing_32.jpg,0,crazing,1,91,150,163,train
/Users/christopherbrantner/local/projects/portfolio/surface-defect-classifier/results/chips/train/crazing/crazing_32_bb01.png,/Users/christopherbrantner/local/projects/portfolio/surface-defect-classifier/NEU-DET/train/images/crazing/crazing_32.jpg,1,crazing,1,2,158,79,train
/Users/christopherbrantner/local/projects/portfolio/surface-defect-classifier/results/chips/train/crazing/crazing_33_bb00.png,/Users/christopherbrantner/local/projects/portfolio/surface-defect-classifier/NEU-DET/train/images/crazing/crazing_33.jpg,0,crazing,35,1,132,85,train
/Users/christopherbrantner/local/projects/portfolio/surface-defect-classifier/results/chips/train/crazing/crazing_34_bb00.png,/Users/christopherbrantner/local/projects/portfolio/surface-defect-classifier/NEU-DET/train/images/crazing/crazing_34.jpg,0,crazing,27,1,158,84,train
/Users/christopherbrantner/local/projects/portfolio/surface-defect-classifier/results/chips/train/crazing/crazing_34_bb01.png,/Users/christopherbrantner/local/projects/portfolio/surface-defect-classifier/NEU-DET/train/images/crazing/crazing_34.jpg,1,crazing,2,88,88,168,train
/Users/christopherbrantner/local/projects/portfolio/surface-defect-classifier/results/chips/train/crazing/crazing_34_bb02.png,/Users/christopherbrantner/local/projects/portfolio/surface-defect-classifier/NEU-DET/train/images/crazing/crazing_34.jpg,2,crazing,85,143,200,200,train
/Users/christopherbrantner/local/projects/portfolio/surface-defect-classifier/results/chips/train/crazing/crazing_35_bb00.png,/Users/christopherbrantner/local/projects/portfolio/surface-defect-classifier/NEU-DET/train/images/crazing/crazing_35.jpg,0,crazing,1,47,200,99,train
/Users/christopherbrantner/local/projects/portfolio/surface-defect-classifier/results/chips/train/crazing/crazing_35_bb01.png,/Users/christopherbrantner/local/projects/portfolio/surface-defect-classifier/NEU-DET/train/images/crazing/crazing_35.jpg,1,crazing,87,101,200,169,train
/Users/christopherbrantner/local/projects/portfolio/surface-defect-classifier/results/chips/train/crazing/crazing_35_bb02.png,/Users/christopherbrantner/local/projects/portfolio/surface-defect-classifier/NEU-DET/train/images/crazing/crazing_35.jpg,2,crazing,102,1,200,44,train
/Users/christopherbrantner/local/projects/portfolio/surface-defect-classifier/results/chips/train/crazing/crazing_36_bb00.png,/Users/christopherbrantner/local/projects/portfolio/surface-defect-classifier/NEU-DET/train/images/crazing/crazing_36.jpg,0,crazing,74,93,200,171,train
/Users/christopherbrantner/local/projects/portfolio/surface-defect-classifier/results/chips/train/crazing/crazing_37_bb00.png,/Users/christopherbrantner/local/projects/portfolio/surface-defect-classifier/NEU-DET/train/images/crazing/crazing_37.jpg,0,crazing,74,51,200,154,train
/Users/christopherbrantner/local/projects/portfolio/surface-defect-classifier/results/chips/train/crazing/crazing_38_bb00.png,/Users/christopherbrantner/local/projects/portfolio/surface-defect-classifier/NEU-DET/train/images/crazing/crazing_38.jpg,0,crazing,107,82,200,199,train
/Users/christopherbrantner/local/projects/portfolio/surface-defect-classifier/results/chips/train/crazing/crazing_38_bb01.png,/Users/christopherbrantner/local/projects/portfolio/surface-defect-classifier/NEU-DET/train/images/crazing/crazing_38.jpg,1,crazing,66,1,200,87,train
/Users/christopherbrantner/local/projects/portfolio/surface-defect-classifier/results/chips/train/crazing/crazing_39_bb00.png,/Users/christopherbrantner/local/projects/portfolio/surface-defect-classifier/NEU-DET/train/images/crazing/crazing_39.jpg,0,crazing,5,95,200,191,train
/Users/christopherbrantner/local/projects/portfolio/surface-defect-classifier/results/chips/train/crazing/crazing_39_bb01.png,/Users/christopherbrantner/local/projects/portfolio/surface-defect-classifier/NEU-DET/train/images/crazing/crazing_39.jpg,1,crazing,74,3,200,99,train
/Users/christopherbrantner/local/projects/portfolio/surface-defect-classifier/results/chips/train/crazing/crazing_4_bb00.png,/Users/christopherbrantner/local/projects/portfolio/surface-defect-classifier/NEU-DET/train/images/crazing/crazing_4.jpg,0,crazing,10,3,197,108,train
/Users/christopherbrantner/local/projects/portfolio/surface-defect-classifier/results/chips/train/crazing/crazing_4_bb01.png,/Users/christopherbrantner/local/projects/portfolio/surface-defect-classifier/NEU-DET/train/images/crazing/crazing_4.jpg,1,crazing,15,110,197,198,train
/Users/christopherbrantner/local/projects/portfolio/surface-defect-classifier/results/chips/train/crazing/crazing_40_bb00.png,/Users/christopherbrantner/local/projects/portfolio/surface-defect-classifier/NEU-DET/train/images/crazing/crazing_40.jpg,0,crazing,5,120,172,194,train
/Users/christopherbrantner/local/projects/portfolio/surface-defect-classifier/results/chips/train/crazing/crazing_40_bb01.png,/Users/christopherbrantner/local/projects/portfolio/surface-defect-classifier/NEU-DET/train/images/crazing/crazing_40.jpg,1,crazing,169,49,200,199,train
/Users/christopherbrantner/local/projects/portfolio/surface-defect-classifier/results/chips/train/crazing/crazing_41_bb00.png,/Users/christopherbrantner/local/projects/portfolio/surface-defect-classifier/NEU-DET/train/images/crazing/crazing_41.jpg,0,crazing,12,45,111,198,train
/Users/christopherbrantner/local/projects/portfolio/surface-defect-classifier/results/chips/train/crazing/crazing_41_bb01.png,/Users/christopherbrantner/local/projects/portfolio/surface-defect-classifier/NEU-DET/train/images/crazing/crazing_41.jpg,1,crazing,10,1,197,52,train
/Users/christopherbrantner/local/projects/portfolio/surface-defect-classifier/results/chips/train/crazing/crazing_42_bb00.png,/Users/christopherbrantner/local/projects/portfolio/surface-defect-classifier/NEU-DET/train/images/crazing/crazing_42.jpg,0,crazing,11,15,178,85,train
/Users/christopherbrantner/local/projects/portfolio/surface-defect-classifier/results/chips/train/crazing/crazing_43_bb00.png,/Users/christopherbrantner/local/projects/portfolio/surface-defect-classifier/NEU-DET/train/images/crazing/crazing_43.jpg,0,crazing,1,115,104,184,train
/Users/christopherbrantner/local/projects/portfolio/surface-defect-classifier/results/chips/train/crazing/crazing_43_bb01.png,/Users/christopherbrantner/local/projects/portfolio/surface-defect-classifier/NEU-DET/train/images/crazing/crazing_43.jpg,1,crazing,4,3,186,51,train
/Users/christopherbrantner/local/projects/portfolio/surface-defect-classifier/results/chips/train/crazing/crazing_43_bb02.png,/Users/christopherbrantner/local/projects/portfolio/surface-defect-classifier/NEU-DET/train/images/crazing/crazing_43.jpg,2,crazing,162,48,200,186,train
/Users/christopherbrantner/local/projects/portfolio/surface-defect-classifier/results/chips/train/crazing/crazing_44_bb00.png,/Users/christopherbrantner/local/projects/portfolio/surface-defect-classifier/NEU-DET/train/images/crazing/crazing_44.jpg,0,crazing,146,19,199,177,train
/Users/christopherbrantner/local/projects/portfolio/surface-defect-classifier/results/chips/train/crazing/crazing_44_bb01.png,/Users/christopherbrantner/local/projects/portfolio/surface-defect-classifier/NEU-DET/train/images/crazing/crazing_44.jpg,1,crazing,8,3,120,180,train
/Users/christopherbrantner/local/projects/portfolio/surface-defect-classifier/results/chips/train/crazing/crazing_45_bb00.png,/Users/christopherbrantner/local/projects/portfolio/surface-defect-classifier/NEU-DET/train/images/crazing/crazing_45.jpg,0,crazing,2,54,119,172,train
/Users/christopherbrantner/local/projects/portfolio/surface-defect-classifier/results/chips/train/crazing/crazing_46_bb00.png,/Users/christopherbrantner/local/projects/portfolio/surface-defect-classifier/NEU-DET/train/images/crazing/crazing_46.jpg,0,crazing,11,33,100,103,train
/Users/christopherbrantner/local/projects/portfolio/surface-defect-classifier/results/chips/train/crazing/crazing_47_bb00.png,/Users/christopherbrantner/local/projects/portfolio/surface-defect-classifier/NEU-DET/train/images/crazing/crazing_47.jpg,0,crazing,4,1,105,149,train
/Users/christopherbrantner/local/projects/portfolio/surface-defect-classifier/results/chips/train/crazing/crazing_47_bb01.png,/Users/christopherbrantner/local/projects/portfolio/surface-defect-classifier/NEU-DET/train/images/crazing/crazing_47.jpg,1,crazing,1,151,72,199,train
/Users/christopherbrantner/local/projects/portfolio/surface-defect-classifier/results/chips/train/crazing/crazing_48_bb00.png,/Users/christopherbrantner/local/projects/portfolio/surface-defect-classifier/NEU-DET/train/images/crazing/crazing_48.jpg,0,crazing,7,91,192,183,train
/Users/christopherbrantner/local/projects/portfolio/surface-defect-classifier/results/chips/train/crazing/crazing_48_bb01.png,/Users/christopherbrantner/local/projects/portfolio/surface-defect-classifier/NEU-DET/train/images/crazing/crazing_48.jpg,1,crazing,5,5,195,89,train
/Users/christopherbrantner/local/projects/portfolio/surface-defect-classifier/results/chips/train/crazing/crazing_49_bb00.png,/Users/christopherbrantner/local/projects/portfolio/surface-defect-classifier/NEU-DET/train/images/crazing/crazing_49.jpg,0,crazing,14,42,200,126,train
/Users/christopherbrantner/local/projects/portfolio/surface-defect-classifier/results/chips/train/crazing/crazing_49_bb01.png,/Users/christopherbrantner/local/projects/portfolio/surface-defect-classifier/NEU-DET/train/images/crazing/crazing_49.jpg,1,crazing,1,136,74,199,train
/Users/christopherbrantner/local/projects/portfolio/surface-defect-classifier/results/chips/train/crazing/crazing_5_bb00.png,/Users/christopherbrantner/local/projects/portfolio/surface-defect-classifier/NEU-DET/train/images/crazing/crazing_5.jpg,0,crazing,1,113,199,176,train
/Users/christopherbrantner/local/projects/portfolio/surface-defect-classifier/results/chips/train/crazing/crazing_5_bb01.png,/Users/christopherbrantner/local/projects/portfolio/surface-defect-classifier/NEU-DET/train/images/crazing/crazing_5.jpg,1,crazing,15,4,199,102,train
/Users/christopherbrantner/local/projects/portfolio/surface-defect-classifier/results/chips/train/crazing/crazing_50_bb00.png,/Users/christopherbrantner/local/projects/portfolio/surface-defect-classifier/NEU-DET/train/images/crazing/crazing_50.jpg,0,crazing,2,52,196,137,train
/Users/christopherbrantner/local/projects/portfolio/surface-defect-classifier/results/chips/train/crazing/crazing_50_bb01.png,/Users/christopherbrantner/local/projects/portfolio/surface-defect-classifier/NEU-DET/train/images/crazing/crazing_50.jpg,1,crazing,5,139,200,199,train
/Users/christopherbrantner/local/projects/portfolio/surface-defect-classifier/results/chips/train/crazing/crazing_51_bb00.png,/Users/christopherbrantner/local/projects/portfolio/surface-defect-classifier/NEU-DET/train/images/crazing/crazing_51.jpg,0,crazing,53,120,200,160,train
/Users/christopherbrantner/local/projects/portfolio/surface-defect-classifier/results/chips/train/crazing/crazing_51_bb01.png,/Users/christopherbrantner/local/projects/portfolio/surface-defect-classifier/NEU-DET/train/images/crazing/crazing_51.jpg,1,crazing,70,1,177,55,train
/Users/christopherbrantner/local/projects/portfolio/surface-defect-classifier/results/chips/train/crazing/crazing_52_bb00.png,/Users/christopherbrantner/local/projects/portfolio/surface-defect-classifier/NEU-DET/train/images/crazing/crazing_52.jpg,0,crazing,68,130,200,194,train
/Users/christopherbrantner/local/projects/portfolio/surface-defect-classifier/results/chips/train/crazing/crazing_52_bb01.png,/Users/christopherbrantner/local/projects/portfolio/surface-defect-classifier/NEU-DET/train/images/crazing/crazing_52.jpg,1,crazing,56,3,173,66,train
/Users/christopherbrantner/local/projects/portfolio/surface-defect-classifier/results/chips/train/crazing/crazing_53_bb00.png,/Users/christopherbrantner/local/projects/portfolio/surface-defect-classifier/NEU-DET/train/images/crazing/crazing_53.jpg,0,crazing,1,121,123,198,train
/Users/christopherbrantner/local/projects/portfolio/surface-defect-classifier/results/chips/train/crazing/crazing_53_bb01.png,/Users/christopherbrantner/local/projects/portfolio/surface-defect-classifier/NEU-DET/train/images/crazing/crazing_53.jpg,1,crazing,1,33,112,116,train
/Users/christopherbrantner/local/projects/portfolio/surface-defect-classifier/results/chips/train/crazing/crazing_54_bb00.png,/Users/christopherbrantner/local/projects/portfolio/surface-defect-classifier/NEU-DET/train/images/crazing/crazing_54.jpg,0,crazing,28,76,129,157,train
/Users/christopherbrantner/local/projects/portfolio/surface-defect-classifier/results/chips/train/crazing/crazing_54_bb01.png,/Users/christopherbrantner/local/projects/portfolio/surface-defect-classifier/NEU-DET/train/images/crazing/crazing_54.jpg,1,crazing,31,26,196,71,train
/Users/christopherbrantner/local/projects/portfolio/surface-defect-classifier/results/chips/train/crazing/crazing_55_bb00.png,/Users/christopherbrantner/local/projects/portfolio/surface-defect-classifier/NEU-DET/train/images/crazing/crazing_55.jpg,0,crazing,4,74,192,166,train
/Users/christopherbrantner/local/projects/portfolio/surface-defect-classifier/results/chips/train/crazing/crazing_55_bb01.png,/Users/christopherbrantner/local/projects/portfolio/surface-defect-classifier/NEU-DET/train/images/crazing/crazing_55.jpg,1,crazing,7,9,148,58,train
/Users/christopherbrantner/local/projects/portfolio/surface-defect-classifier/results/chips/train/crazing/crazing_56_bb00.png,/Users/christopherbrantner/local/projects/portfolio/surface-defect-classifier/NEU-DET/train/images/crazing/crazing_56.jpg,0,crazing,1,84,77,156,train
/Users/christopherbrantner/local/projects/portfolio/surface-defect-classifier/results/chips/train/crazing/crazing_56_bb01.png,/Users/christopherbrantner/local/projects/portfolio/surface-defect-classifier/NEU-DET/train/images/crazing/crazing_56.jpg,1,crazing,1,38,149,103,train
/Users/christopherbrantner/local/projects/portfolio/surface-defect-classifier/results/chips/train/crazing/crazing_56_bb02.png,/Users/christopherbrantner/local/projects/portfolio/surface-defect-classifier/NEU-DET/train/images/crazing/crazing_56.jpg,2,crazing,149,7,199,145,train
/Users/christopherbrantner/local/projects/portfolio/surface-defect-classifier/results/chips/train/crazing/crazing_57_bb00.png,/Users/christopherbrantner/local/projects/portfolio/surface-defect-classifier/NEU-DET/train/images/crazing/crazing_57.jpg,0,crazing,133,1,200,146,train
/Users/christopherbrantner/local/projects/portfolio/surface-defect-classifier/results/chips/train/crazing/crazing_57_bb01.png,/Users/christopherbrantner/local/projects/portfolio/surface-defect-classifier/NEU-DET/train/images/crazing/crazing_57.jpg,1,crazing,1,35,114,111,train
/Users/christopherbrantner/local/projects/portfolio/surface-defect-classifier/results/chips/train/crazing/crazing_58_bb00.png,/Users/christopherbrantner/local/projects/portfolio/surface-defect-classifier/NEU-DET/train/images/crazing/crazing_58.jpg,0,crazing,3,134,189,198,train
/Users/christopherbrantner/local/projects/portfolio/surface-defect-classifier/results/chips/train/crazing/crazing_58_bb01.png,/Users/christopherbrantner/local/projects/portfolio/surface-defect-classifier/NEU-DET/train/images/crazing/crazing_58.jpg,1,crazing,1,34,196,126,train
/Users/christopherbrantner/local/projects/portfolio/surface-defect-classifier/results/chips/train/crazing/crazing_59_bb00.png,/Users/christopherbrantner/local/projects/portfolio/surface-defect-classifier/NEU-DET/train/images/crazing/crazing_59.jpg,0,crazing,67,72,200,136,train
/Users/christopherbrantner/local/projects/portfolio/surface-defect-classifier/results/chips/train/crazing/crazing_6_bb00.png,/Users/christopherbrantner/local/projects/portfolio/surface-defect-classifier/NEU-DET/train/images/crazing/crazing_6.jpg,0,crazing,27,3,196,45,train
/Users/christopherbrantner/local/projects/portfolio/surface-defect-classifier/results/chips/train/crazing/crazing_6_bb01.png,/Users/christopherbrantner/local/projects/portfolio/surface-defect-classifier/NEU-DET/train/images/crazing/crazing_6.jpg,1,crazing,11,89,119,199,train
/Users/christopherbrantner/local/projects/portfolio/surface-defect-classifier/results/chips/train/crazing/crazing_60_bb00.png,/Users/christopherbrantner/local/projects/portfolio/surface-defect-classifier/NEU-DET/train/images/crazing/crazing_60.jpg,0,crazing,110,134,200,199,train
/Users/christopherbrantner/local/projects/portfolio/surface-defect-classifier/results/chips/train/crazing/crazing_60_bb01.png,/Users/christopherbrantner/local/projects/portfolio/surface-defect-classifier/NEU-DET/train/images/crazing/crazing_60.jpg,1,crazing,30,43,200,131,train
/Users/christopherbrantner/local/projects/portfolio/surface-defect-classifier/results/chips/train/crazing/crazing_61_bb00.png,/Users/christopherbrantner/local/projects/portfolio/surface-defect-classifier/NEU-DET/train/images/crazing/crazing_61.jpg,0,crazing,74,103,198,166,train
/Users/christopherbrantner/local/projects/portfolio/surface-defect-classifier/results/chips/train/crazing/crazing_61_bb01.png,/Users/christopherbrantner/local/projects/portfolio/surface-defect-classifier/NEU-DET/train/images/crazing/crazing_61.jpg,1,crazing,28,30,179,95,train
/Users/christopherbrantner/local/projects/portfolio/surface-defect-classifier/results/chips/train/crazing/crazing_62_bb00.png,/Users/christopherbrantner/local/projects/portfolio/surface-defect-classifier/NEU-DET/train/images/crazing/crazing_62.jpg,0,crazing,142,128,200,174,train
/Users/christopherbrantner/local/projects/portfolio/surface-defect-classifier/results/chips/train/crazing/crazing_62_bb01.png,/Users/christopherbrantner/local/projects/portfolio/surface-defect-classifier/NEU-DET/train/images/crazing/crazing_62.jpg,1,crazing,1,13,89,83,train
/Users/christopherbrantner/local/projects/portfolio/surface-defect-classifier/results/chips/train/crazing/crazing_63_bb00.png,/Users/christopherbrantner/local/projects/portfolio/surface-defect-classifier/NEU-DET/train/images/crazing/crazing_63.jpg,0,crazing,40,114,200,197,train
/Users/christopherbrantner/local/projects/portfolio/surface-defect-classifier/results/chips/train/crazing/crazing_63_bb01.png,/Users/christopherbrantner/local/projects/portfolio/surface-defect-classifier/NEU-DET/train/images/crazing/crazing_63.jpg,1,crazing,35,17,171,107,train
/Users/christopherbrantner/local/projects/portfolio/surface-defect-classifier/results/chips/train/crazing/crazing_64_bb00.png,/Users/christopherbrantner/local/projects/portfolio/surface-defect-classifier/NEU-DET/train/images/crazing/crazing_64.jpg,0,crazing,12,71,136,194,train
/Users/christopherbrantner/local/projects/portfolio/surface-defect-classifier/results/chips/train/crazing/crazing_64_bb01.png,/Users/christopherbrantner/local/projects/portfolio/surface-defect-classifier/NEU-DET/train/images/crazing/crazing_64.jpg,1,crazing,3,19,200,88,train
/Users/christopherbrantner/local/projects/portfolio/surface-defect-classifier/results/chips/train/crazing/crazing_65_bb00.png,/Users/christopherbrantner/local/projects/portfolio/surface-defect-classifier/NEU-DET/train/images/crazing/crazing_65.jpg,0,crazing,3,2,96,62,train
/Users/christopherbrantner/local/projects/portfolio/surface-defect-classifier/results/chips/train/crazing/crazing_65_bb01.png,/Users/christopherbrantner/local/projects/portfolio/surface-defect-classifier/NEU-DET/train/images/crazing/crazing_65.jpg,1,crazing,5,78,103,199,train
/Users/christopherbrantner/local/projects/portfolio/surface-defect-classifier/results/chips/train/crazing/crazing_65_bb02.png,/Users/christopherbrantner/local/projects/portfolio/surface-defect-classifier/NEU-DET/train/images/crazing/crazing_65.jpg,2,crazing,124,3,199,162,train
/Users/christopherbrantner/local/projects/portfolio/surface-defect-classifier/results/chips/train/crazing/crazing_66_bb00.png,/Users/christopherbrantner/local/projects/portfolio/surface-defect-classifier/NEU-DET/train/images/crazing/crazing_66.jpg,0,crazing,69,68,148,164,train
/Users/christopherbrantner/local/projects/portfolio/surface-defect-classifier/results/chips/train/crazing/crazing_66_bb01.png,/Users/christopherbrantner/local/projects/portfolio/surface-defect-classifier/NEU-DET/train/images/crazing/crazing_66.jpg,1,crazing,27,13,149,59,train
/Users/christopherbrantner/local/projects/portfolio/surface-defect-classifier/results/chips/train/crazing/crazing_67_bb00.png,/Users/christopherbrantner/local/projects/portfolio/surface-defect-classifier/NEU-DET/train/images/crazing/crazing_67.jpg,0,crazing,7,40,157,145,train
/Users/christopherbrantner/local/projects/portfolio/surface-defect-classifier/results/chips/train/crazing/crazing_68_bb00.png,/Users/christopherbrantner/local/projects/portfolio/surface-defect-classifier/NEU-DET/train/images/crazing/crazing_68.jpg,0,crazing,78,48,196,142,train
/Users/christopherbrantner/local/projects/portfolio/surface-defect-classifier/results/chips/train/crazing/crazing_68_bb01.png,/Users/christopherbrantner/local/projects/portfolio/surface-defect-classifier/NEU-DET/train/images/crazing/crazing_68.jpg,1,crazing,36,136,189,194,train
/Users/christopherbrantner/local/projects/portfolio/surface-defect-classifier/results/chips/train/crazing/crazing_69_bb00.png,/Users/christopherbrantner/local/projects/portfolio/surface-defect-classifier/NEU-DET/train/images/crazing/crazing_69.jpg,0,crazing,1,112,84,187,train
/Users/christopherbrantner/local/projects/portfolio/surface-defect-classifier/results/chips/train/crazing/crazing_69_bb01.png,/Users/christopherbrantner/local/projects/portfolio/surface-defect-classifier/NEU-DET/train/images/crazing/crazing_69.jpg,1,crazing,9,20,189,97,train
/Users/christopherbrantner/local/projects/portfolio/surface-defect-classifier/results/chips/train/crazing/crazing_7_bb00.png,/Users/christopherbrantner/local/projects/portfolio/surface-defect-classifier/NEU-DET/train/images/crazing/crazing_7.jpg,0,crazing,1,68,187,163,train
/Users/christopherbrantner/local/projects/portfolio/surface-defect-classifier/results/chips/train/crazing/crazing_7_bb01.png,/Users/christopherbrantner/local/projects/portfolio/surface-defect-classifier/NEU-DET/train/images/crazing/crazing_7.jpg,1,crazing,1,2,200,65,train
/Users/christopherbrantner/local/projects/portfolio/surface-defect-classifier/results/chips/train/crazing/crazing_70_bb00.png,/Users/christopherbrantner/local/projects/portfolio/surface-defect-classifier/NEU-DET/train/images/crazing/crazing_70.jpg,0,crazing,34,2,174,80,train
/Users/christopherbrantner/local/projects/portfolio/surface-defect-classifier/results/chips/train/crazing/crazing_70_bb01.png,/Users/christopherbrantner/local/projects/portfolio/surface-defect-classifier/NEU-DET/train/images/crazing/crazing_70.jpg,1,crazing,33,93,108,200,train
/Users/christopherbrantner/local/projects/portfolio/surface-defect-classifier/results/chips/train/crazing/crazing_71_bb00.png,/Users/christopherbrantner/local/projects/portfolio/surface-defect-classifier/NEU-DET/train/images/crazing/crazing_71.jpg,0,crazing,123,87,199,200,train
/Users/christopherbrantner/local/projects/portfolio/surface-defect-classifier/results/chips/train/crazing/crazing_71_bb01.png,/Users/christopherbrantner/local/projects/portfolio/surface-defect-classifier/NEU-DET/train/images/crazing/crazing_71.jpg,1,crazing,83,2,198,69,train
/Users/christopherbrantner/local/projects/portfolio/surface-defect-classifier/results/chips/train/crazing/crazing_71_bb02.png,/Users/christopherbrantner/local/projects/portfolio/surface-defect-classifier/NEU-DET/train/images/crazing/crazing_71.jpg,2,crazing,1,5,88,131,train
/Users/christopherbrantner/local/projects/portfolio/surface-defect-classifier/results/chips/train/crazing/crazing_72_bb00.png,/Users/christopherbrantner/local/projects/portfolio/surface-defect-classifier/NEU-DET/train/images/crazing/crazing_72.jpg,0,crazing,6,48,200,128,train
/Users/christopherbrantner/local/projects/portfolio/surface-defect-classifier/results/chips/train/crazing/crazing_72_bb01.png,/Users/christopherbrantner/local/projects/portfolio/surface-defect-classifier/NEU-DET/train/images/crazing/crazing_72.jpg,1,crazing,37,146,182,197,train
/Users/christopherbrantner/local/projects/portfolio/surface-defect-classifier/results/chips/train/crazing/crazing_73_bb00.png,/Users/christopherbrantner/local/projects/portfolio/surface-defect-classifier/NEU-DET/train/images/crazing/crazing_73.jpg,0,crazing,26,70,165,189,train
/Users/christopherbrantner/local/projects/portfolio/surface-defect-classifier/results/chips/train/crazing/crazing_73_bb01.png,/Users/christopherbrantner/local/projects/portfolio/surface-defect-classifier/NEU-DET/train/images/crazing/crazing_73.jpg,1,crazing,53,41,157,108,train
/Users/christopherbrantner/local/projects/portfolio/surface-defect-classifier/results/chips/train/crazing/crazing_74_bb00.png,/Users/christopherbrantner/local/projects/portfolio/surface-defect-classifier/NEU-DET/train/images/crazing/crazing_74.jpg,0,crazing,2,43,105,158,train
/Users/christopherbrantner/local/projects/portfolio/surface-defect-classifier/results/chips/train/crazing/crazing_74_bb01.png,/Users/christopherbrantner/local/projects/portfolio/surface-defect-classifier/NEU-DET/train/images/crazing/crazing_74.jpg,1,crazing,130,52,190,167,train
/Users/christopherbrantner/local/projects/portfolio/surface-defect-classifier/results/chips/train/crazing/crazing_75_bb00.png,/Users/christopherbrantner/local/projects/portfolio/surface-defect-classifier/NEU-DET/train/images/crazing/crazing_75.jpg,0,crazing,4,54,147,161,train
/Users/christopherbrantner/local/projects/portfolio/surface-defect-classifier/results/chips/train/crazing/crazing_75_bb01.png,/Users/christopherbrantner/local/projects/portfolio/surface-defect-classifier/NEU-DET/train/images/crazing/crazing_75.jpg,1,crazing,158,24,200,173,train
/Users/christopherbrantner/local/projects/portfolio/surface-defect-classifier/results/chips/train/crazing/crazing_76_bb00.png,/Users/christopherbrantner/local/projects/portfolio/surface-defect-classifier/NEU-DET/train/images/crazing/crazing_76.jpg,0,crazing,1,107,198,189,train
/Users/christopherbrantner/local/projects/portfolio/surface-defect-classifier/results/chips/train/crazing/crazing_76_bb01.png,/Users/christopherbrantner/local/projects/portfolio/surface-defect-classifier/NEU-DET/train/images/crazing/crazing_76.jpg,1,crazing,73,19,180,81,train
/Users/christopherbrantner/local/projects/portfolio/surface-defect-classifier/results/chips/train/crazing/crazing_77_bb00.png,/Users/christopherbrantner/local/projects/portfolio/surface-defect-classifier/NEU-DET/train/images/crazing/crazing_77.jpg,0,crazing,25,27,183,163,train
/Users/christopherbrantner/local/projects/portfolio/surface-defect-classifier/results/chips/train/crazing/crazing_78_bb00.png,/Users/christopherbrantner/local/projects/portfolio/surface-defect-classifier/NEU-DET/train/images/crazing/crazing_78.jpg,0,crazing,1,56,197,130,train
/Users/christopherbrantner/local/projects/portfolio/surface-defect-classifier/results/chips/train/crazing/crazing_78_bb01.png,/Users/christopherbrantner/local/projects/portfolio/surface-defect-classifier/NEU-DET/train/images/crazing/crazing_78.jpg,1,crazing,2,1,60,51,train
/Users/christopherbrantner/local/projects/portfolio/surface-defect-classifier/results/chips/train/crazing/crazing_78_bb02.png,/Users/christopherbrantner/local/projects/portfolio/surface-defect-classifier/NEU-DET/train/images/crazing/crazing_78.jpg,2,crazing,130,1,198,43,train
/Users/christopherbrantner/local/projects/portfolio/surface-defect-classifier/results/chips/train/crazing/crazing_79_bb00.png,/Users/christopherbrantner/local/projects/portfolio/surface-defect-classifier/NEU-DET/train/images/crazing/crazing_79.jpg,0,crazing,7,88,113,175,train
/Users/christopherbrantner/local/projects/portfolio/surface-defect-classifier/results/chips/train/crazing/crazing_79_bb01.png,/Users/christopherbrantner/local/projects/portfolio/surface-defect-classifier/NEU-DET/train/images/crazing/crazing_79.jpg,1,crazing,132,55,200,133,train
/Users/christopherbrantner/local/projects/portfolio/surface-defect-classifier/results/chips/train/crazing/crazing_8_bb00.png,/Users/christopherbrantner/local/projects/portfolio/surface-defect-classifier/NEU-DET/train/images/crazing/crazing_8.jpg,0,crazing,1,26,179,118,train
/Users/christopherbrantner/local/projects/portfolio/surface-defect-classifier/results/chips/train/crazing/crazing_8_bb01.png,/Users/christopherbrantner/local/projects/portfolio/surface-defect-classifier/NEU-DET/train/images/crazing/crazing_8.jpg,1,crazing,1,121,176,200,train
/Users/christopherbrantner/local/projects/portfolio/surface-defect-classifier/results/chips/train/crazing/crazing_80_bb00.png,/Users/christopherbrantner/local/projects/portfolio/surface-defect-classifier/NEU-DET/train/images/crazing/crazing_80.jpg,0,crazing,112,69,198,150,train
/Users/christopherbrantner/local/projects/portfolio/surface-defect-classifier/results/chips/train/crazing/crazing_81_bb00.png,/Users/christopherbrantner/local/projects/portfolio/surface-defect-classifier/NEU-DET/train/images/crazing/crazing_81.jpg,0,crazing,2,84,177,182,train
/Users/christopherbrantner/local/projects/portfolio/surface-defect-classifier/results/chips/train/crazing/crazing_82_bb00.png,/Users/christopherbrantner/local/projects/portfolio/surface-defect-classifier/NEU-DET/train/images/crazing/crazing_82.jpg,0,crazing,122,41,200,199,train
/Users/christopherbrantner/local/projects/portfolio/surface-defect-classifier/results/chips/train/crazing/crazing_82_bb01.png,/Users/christopherbrantner/local/projects/portfolio/surface-defect-classifier/NEU-DET/train/images/crazing/crazing_82.jpg,1,crazing,4,83,107,198,train
/Users/christopherbrantner/local/projects/portfolio/surface-defect-classifier/results/chips/train/crazing/crazing_83_bb00.png,/Users/christopherbrantner/local/projects/portfolio/surface-defect-classifier/NEU-DET/train/images/crazing/crazing_83.jpg,0,crazing,1,29,87,127,train
/Users/christopherbrantner/local/projects/portfolio/surface-defect-classifier/results/chips/train/crazing/crazing_83_bb01.png,/Users/christopherbrantner/local/projects/portfolio/surface-defect-classifier/NEU-DET/train/images/crazing/crazing_83.jpg,1,crazing,95,1,192,198,train
/Users/christopherbrantner/local/projects/portfolio/surface-defect-classifier/results/chips/train/crazing/crazing_83_bb02.png,/Users/christopherbrantner/local/projects/portfolio/surface-defect-classifier/NEU-DET/train/images/crazing/crazing_83.jpg,2,crazing,2,1,197,65,train
/Users/christopherbrantner/local/projects/portfolio/surface-defect-classifier/results/chips/train/crazing/crazing_84_bb00.png,/Users/christopherbrantner/local/projects/portfolio/surface-defect-classifier/NEU-DET/train/images/crazing/crazing_84.jpg,0,crazing,31,90,182,198,train
/Users/christopherbrantner/local/projects/portfolio/surface-defect-classifier/results/chips/train/crazing/crazing_85_bb00.png,/Users/christopherbrantner/local/projects/portfolio/surface-defect-classifier/NEU-DET/train/images/crazing/crazing_85.jpg,0,crazing,9,63,135,183,train
/Users/christopherbrantner/local/projects/portfolio/surface-defect-classifier/results/chips/train/crazing/crazing_85_bb01.png,/Users/christopherbrantner/local/projects/portfolio/surface-defect-classifier/NEU-DET/train/images/crazing/crazing_85.jpg,1,crazing,152,41,200,200,train
/Users/christopherbrantner/local/projects/portfolio/surface-defect-classifier/results/chips/train/crazing/crazing_85_bb02.png,/Users/christopherbrantner/local/projects/portfolio/surface-defect-classifier/NEU-DET/train/images/crazing/crazing_85.jpg,2,crazing,88,5,199,55,train
/Users/christopherbrantner/local/projects/portfolio/surface-defect-classifier/results/chips/train/crazing/crazing_86_bb00.png,/Users/christopherbrantner/local/projects/portfolio/surface-defect-classifier/NEU-DET/train/images/crazing/crazing_86.jpg,0,crazing,1,43,154,112,train
/Users/christopherbrantner/local/projects/portfolio/surface-defect-classifier/results/chips/train/crazing/crazing_86_bb01.png,/Users/christopherbrantner/local/projects/portfolio/surface-defect-classifier/NEU-DET/train/images/crazing/crazing_86.jpg,1,crazing,1,97,156,174,train
/Users/christopherbrantner/local/projects/portfolio/surface-defect-classifier/results/chips/train/crazing/crazing_86_bb02.png,/Users/christopherbrantner/local/projects/portfolio/surface-defect-classifier/NEU-DET/train/images/crazing/crazing_86.jpg,2,crazing,127,118,200,163,train
/Users/christopherbrantner/local/projects/portfolio/surface-defect-classifier/results/chips/train/crazing/crazing_86_bb03.png,/Users/christopherbrantner/local/projects/portfolio/surface-defect-classifier/NEU-DET/train/images/crazing/crazing_86.jpg,3,crazing,1,4,182,72,train
/Users/christopherbrantner/local/projects/portfolio/surface-defect-classifier/results/chips/train/crazing/crazing_87_bb00.png,/Users/christopherbrantner/local/projects/portfolio/surface-defect-classifier/NEU-DET/train/images/crazing/crazing_87.jpg,0,crazing,18,9,146,74,train
/Users/christopherbrantner/local/projects/portfolio/surface-defect-classifier/results/chips/train/crazing/crazing_87_bb01.png,/Users/christopherbrantner/local/projects/portfolio/surface-defect-classifier/NEU-DET/train/images/crazing/crazing_87.jpg,1,crazing,27,32,176,157,train
/Users/christopherbrantner/local/projects/portfolio/surface-defect-classifier/results/chips/train/crazing/crazing_87_bb02.png,/Users/christopherbrantner/local/projects/portfolio/surface-defect-classifier/NEU-DET/train/images/crazing/crazing_87.jpg,2,crazing,22,152,200,196,train
/Users/christopherbrantner/local/projects/portfolio/surface-defect-classifier/results/chips/train/crazing/crazing_88_bb00.png,/Users/christopherbrantner/local/projects/portfolio/surface-defect-classifier/NEU-DET/train/images/crazing/crazing_88.jpg,0,crazing,18,34,200,88,train
/Users/christopherbrantner/local/projects/portfolio/surface-defect-classifier/results/chips/train/crazing/crazing_88_bb01.png,/Users/christopherbrantner/local/projects/portfolio/surface-defect-classifier/NEU-DET/train/images/crazing/crazing_88.jpg,1,crazing,19,99,200,172,train
/Users/christopherbrantner/local/projects/portfolio/surface-defect-classifier/results/chips/train/crazing/crazing_89_bb00.png,/Users/christopherbrantner/local/projects/portfolio/surface-defect-classifier/NEU-DET/train/images/crazing/crazing_89.jpg,0,crazing,3,128,110,187,train
/Users/christopherbrantner/local/projects/portfolio/surface-defect-classifier/results/chips/train/crazing/crazing_89_bb01.png,/Users/christopherbrantner/local/projects/portfolio/surface-defect-classifier/NEU-DET/train/images/crazing/crazing_89.jpg,1,crazing,49,20,192,52,train
/Users/christopherbrantner/local/projects/portfolio/surface-defect-classifier/results/chips/train/crazing/crazing_9_bb00.png,/Users/christopherbrantner/local/projects/portfolio/surface-defect-classifier/NEU-DET/train/images/crazing/crazing_9.jpg,0,crazing,1,24,121,74,train
/Users/christopherbrantner/local/projects/portfolio/surface-defect-classifier/results/chips/train/crazing/crazing_9_bb01.png,/Users/christopherbrantner/local/projects/portfolio/surface-defect-classifier/NEU-DET/train/images/crazing/crazing_9.jpg,1,crazing,130,1,200,83,train
/Users/christopherbrantner/local/projects/portfolio/surface-defect-classifier/results/chips/train/crazing/crazing_90_bb00.png,/Users/christopherbrantner/local/projects/portfolio/surface-defect-classifier/NEU-DET/train/images/crazing/crazing_90.jpg,0,crazing,58,5,155,105,train
/Users/christopherbrantner/local/projects/portfolio/surface-defect-classifier/results/chips/train/crazing/crazing_91_bb00.png,/Users/christopherbrantner/local/projects/portfolio/surface-defect-classifier/NEU-DET/train/images/crazing/crazing_91.jpg,0,crazing,32,128,180,182,train
/Users/christopherbrantner/local/projects/portfolio/surface-defect-classifier/results/chips/train/crazing/crazing_91_bb01.png,/Users/christopherbrantner/local/projects/portfolio/surface-defect-classifier/NEU-DET/train/images/crazing/crazing_91.jpg,1,crazing,10,53,198,98,train
/Users/christopherbrantner/local/projects/portfolio/surface-defect-classifier/results/chips/train/crazing/crazing_91_bb02.png,/Users/christopherbrantner/local/projects/portfolio/surface-defect-classifier/NEU-DET/train/images/crazing/crazing_91.jpg,2,crazing,12,10,153,48,train
/Users/christopherbrantner/local/projects/portfolio/surface-defect-classifier/results/chips/train/crazing/crazing_92_bb00.png,/Users/christopherbrantner/local/projects/portfolio/surface-defect-classifier/NEU-DET/train/images/crazing/crazing_92.jpg,0,crazing,8,38,180,105,train
/Users/christopherbrantner/local/projects/portfolio/surface-defect-classifier/results/chips/train/crazing/crazing_92_bb01.png,/Users/christopherbrantner/local/projects/portfolio/surface-defect-classifier/NEU-DET/train/images/crazing/crazing_92.jpg,1,crazing,9,109,191,197,train
/Users/christopherbrantner/local/projects/portfolio/surface-defect-classifier/results/chips/train/crazing/crazing_93_bb00.png,/Users/christopherbrantner/local/projects/portfolio/surface-defect-classifier/NEU-DET/train/images/crazing/crazing_93.jpg,0,crazing,2,24,127,122,train
/Users/christopherbrantner/local/projects/portfolio/surface-defect-classifier/results/chips/train/crazing/crazing_93_bb01.png,/Users/christopherbrantner/local/projects/portfolio/surface-defect-classifier/NEU-DET/train/images/crazing/crazing_93.jpg,1,crazing,5,141,168,198,train
/Users/christopherbrantner/local/projects/portfolio/surface-defect-classifier/results/chips/train/crazing/crazing_94_bb00.png,/Users/christopherbrantner/local/projects/portfolio/surface-defect-classifier/NEU-DET/train/images/crazing/crazing_94.jpg,0,crazing,9,105,200,167,train
/Users/christopherbrantner/local/projects/portfolio/surface-defect-classifier/results/chips/train/crazing/crazing_94_bb01.png,/Users/christopherbrantner/local/projects/portfolio/surface-defect-classifier/NEU-DET/train/images/crazing/crazing_94.jpg,1,crazing,1,34,194,75,train
/Users/christopherbrantner/local/projects/portfolio/surface-defect-classifier/results/chips/train/crazing/crazing_95_bb00.png,/Users/christopherbrantner/local/projects/portfolio/surface-defect-classifier/NEU-DET/train/images/crazing/crazing_95.jpg,0,crazing,5,98,200,181,train
/Users/christopherbrantner/local/projects/portfolio/surface-defect-classifier/results/chips/train/crazing/crazing_95_bb01.png,/Users/christopherbrantner/local/projects/portfolio/surface-defect-classifier/NEU-DET/train/images/crazing/crazing_95.jpg,1,crazing,1,11,156,83,train
/Users/christopherbrantner/local/projects/portfolio/surface-defect-classifier/results/chips/train/crazing/crazing_96_bb00.png,/Users/christopherbrantner/local/projects/portfolio/surface-defect-classifier/NEU-DET/train/images/crazing/crazing_96.jpg,0,crazing,1,9,135,106,train
/Users/christopherbrantner/local/projects/portfolio/surface-defect-classifier/results/chips/train/crazing/crazing_96_bb01.png,/Users/christopherbrantner/local/projects/portfolio/surface-defect-classifier/NEU-DET/train/images/crazing/crazing_96.jpg,1,crazing,1,145,88,200,train
/Users/christopherbrantner/local/projects/portfolio/surface-defect-classifier/results/chips/train/crazing/crazing_96_bb02.png,/Users/christopherbrantner/local/projects/portfolio/surface-defect-classifier/NEU-DET/train/images/crazing/crazing_96.jpg,2,crazing,74,119,198,170,train
/Users/christopherbrantner/local/projects/portfolio/surface-defect-classifier/results/chips/train/crazing/crazing_97_bb00.png,/Users/christopherbrantner/local/projects/portfolio/surface-defect-classifier/NEU-DET/train/images/crazing/crazing_97.jpg,0,crazing,3,26,126,95,train
/Users/christopherbrantner/local/projects/portfolio/surface-defect-classifier/results/chips/train/crazing/crazing_97_bb01.png,/Users/christopherbrantner/local/projects/portfolio/surface-defect-classifier/NEU-DET/train/images/crazing/crazing_97.jpg,1,crazing,132,3,200,89,train
/Users/christopherbrantner/local/projects/portfolio/surface-defect-classifier/results/chips/train/crazing/crazing_97_bb02.png,/Users/christopherbrantner/local/projects/portfolio/surface-defect-classifier/NEU-DET/train/images/crazing/crazing_97.jpg,2,crazing,47,102,152,188,train
/Users/christopherbrantner/local/projects/portfolio/surface-defect-classifier/results/chips/train/crazing/crazing_98_bb00.png,/Users/christopherbrantner/local/projects/portfolio/surface-defect-classifier/NEU-DET/train/images/crazing/crazing_98.jpg,0,crazing,1,3,164,44,train
/Users/christopherbrantner/local/projects/portfolio/surface-defect-classifier/results/chips/train/crazing/crazing_98_bb01.png,/Users/christopherbrantner/local/projects/portfolio/surface-defect-classifier/NEU-DET/train/images/crazing/crazing_98.jpg,1,crazing,1,51,159,108,train
/Users/christopherbrantner/local/projects/portfolio/surface-defect-classifier/results/chips/train/crazing/crazing_98_bb02.png,/Users/christopherbrantner/local/projects/portfolio/surface-defect-classifier/NEU-DET/train/images/crazing/crazing_98.jpg,2,crazing,1,134,198,194,train
/Users/christopherbrantner/local/projects/portfolio/surface-defect-classifier/results/chips/train/crazing/crazing_98_bb03.png,/Users/christopherbrantner/local/projects/portfolio/surface-defect-classifier/NEU-DET/train/images/crazing/crazing_98.jpg,3,crazing,60,76,170,162,train
/Users/christopherbrantner/local/projects/portfolio/surface-defect-classifier/results/chips/train/crazing/crazing_99_bb00.png,/Users/christopherbrantner/local/projects/portfolio/surface-defect-classifier/NEU-DET/train/images/crazing/crazing_99.jpg,0,crazing,4,110,89,200,train
/Users/christopherbrantner/local/projects/portfolio/surface-defect-classifier/results/chips/train/crazing/crazing_99_bb01.png,/Users/christopherbrantner/local/projects/portfolio/surface-defect-classifier/NEU-DET/train/images/crazing/crazing_99.jpg,1,crazing,126,49,200,198,train
/Users/christopherbrantner/local/projects/portfolio/surface-defect-classifier/results/chips/train/crazing/crazing_99_bb02.png,/Users/christopherbrantner/local/projects/portfolio/surface-defect-classifier/NEU-DET/train/images/crazing/crazing_99.jpg,2,crazing,3,2,105,96,train
/Users/christopherbrantner/local/projects/portfolio/surface-defect-classifier/results/chips/train/inclusion/inclusion_1_bb00.png,/Users/christopherbrantner/local/projects/portfolio/surface-defect-classifier/NEU-DET/train/images/inclusion/inclusion_1.jpg,0,inclusion,33,5,46,36,train
/Users/christopherbrantner/local/projects/portfolio/surface-defect-classifier/results/chips/train/inclusion/inclusion_1_bb01.png,/Users/christopherbrantner/local/projects/portfolio/surface-defect-classifier/NEU-DET/train/images/inclusion/inclusion_1.jpg,1,inclusion,120,34,130,60,train
/Users/christopherbrantner/local/projects/portfolio/surface-defect-classifier/results/chips/train/inclusion/inclusion_1_bb02.png,/Users/christopherbrantner/local/projects/portfolio/surface-defect-classifier/NEU-DET/train/images/inclusion/inclusion_1.jpg,2,inclusion,116,115,135,198,train
/Users/christopherbrantner/local/projects/portfolio/surface-defect-classifier/results/chips/train/inclusion/inclusion_1_bb03.png,/Users/christopherbrantner/local/projects/portfolio/surface-defect-classifier/NEU-DET/train/images/inclusion/inclusion_1.jpg,3,inclusion,115,72,140,116,train
/Users/christopherbrantner/local/projects/portfolio/surface-defect-classifier/results/chips/train/inclusion/inclusion_10_bb00.png,/Users/christopherbrantner/local/projects/portfolio/surface-defect-classifier/NEU-DET/train/images/inclusion/inclusion_10.jpg,0,inclusion,58,1,81,88,train
/Users/christopherbrantner/local/projects/portfolio/surface-defect-classifier/results/chips/train/inclusion/inclusion_10_bb01.png,/Users/christopherbrantner/local/projects/portfolio/surface-defect-classifier/NEU-DET/train/images/inclusion/inclusion_10.jpg,1,inclusion,65,100,78,131,train
/Users/christopherbrantner/local/projects/portfolio/surface-defect-classifier/results/chips/train/inclusion/inclusion_10_bb02.png,/Users/christopherbrantner/local/projects/portfolio/surface-defect-classifier/NEU-DET/train/images/inclusion/inclusion_10.jpg,2,inclusion,149,129,163,158,train
/Users/christopherbrantner/local/projects/portfolio/surface-defect-classifier/results/chips/train/inclusion/inclusion_100_bb00.png,/Users/christopherbrantner/local/projects/portfolio/surface-defect-classifier/NEU-DET/train/images/inclusion/inclusion_100.jpg,0,inclusion,64,1,126,197,train
/Users/christopherbrantner/local/projects/portfolio/surface-defect-classifier/results/chips/train/inclusion/inclusion_101_bb00.png,/Users/christopherbrantner/local/projects/portfolio/surface-defect-classifier/NEU-DET/train/images/inclusion/inclusion_101.jpg,0,inclusion,110,1,165,198,train
/Users/christopherbrantner/local/projects/portfolio/surface-defect-classifier/results/chips/train/inclusion/inclusion_102_bb00.png,/Users/christopherbrantner/local/projects/portfolio/surface-defect-classifier/NEU-DET/train/images/inclusion/inclusion_102.jpg,0,inclusion,28,1,73,198,train
/Users/christopherbrantner/local/projects/portfolio/surface-defect-classifier/results/chips/train/inclusion/inclusion_102_bb01.png,/Users/christopherbrantner/local/projects/portfolio/surface-defect-classifier/NEU-DET/train/images/inclusion/inclusion_102.jpg,1,inclusion,132,70,147,130,train
/Users/christopherbrantner/local/projects/portfolio/surface-defect-classifier/results/chips/train/inclusion/inclusion_103_bb00.png,/Users/christopherbrantner/local/projects/portfolio/surface-defect-classifier/NEU-DET/train/images/inclusion/inclusion_103.jpg,0,inclusion,128,1,179,198,train
/Users/christopherbrantner/local/projects/portfolio/surface-defect-classifier/results/chips/train/inclusion/inclusion_104_bb00.png,/Users/christopherbrantner/local/projects/portfolio/surface-defect-classifier/NEU-DET/train/images/inclusion/inclusion_104.jpg,0,inclusion,15,1,62,198,train
/Users/christopherbrantner/local/projects/portfolio/surface-defect-classifier/results/chips/train/inclusion/inclusion_104_bb01.png,/Users/christopherbrantner/local/projects/portfolio/surface-defect-classifier/NEU-DET/train/images/inclusion/inclusion_104.jpg,1,inclusion,50,1,73,82,train
/Users/christopherbrantner/local/projects/portfolio/surface-defect-classifier/results/chips/train/inclusion/inclusion_104_bb02.png,/Users/christopherbrantner/local/projects/portfolio/surface-defect-classifier/NEU-DET/train/images/inclusion/inclusion_104.jpg,2,inclusion,117,106,134,163,train
/Users/christopherbrantner/local/projects/portfolio/surface-defect-classifier/results/chips/train/inclusion/inclusion_105_bb00.png,/Users/christopherbrantner/local/projects/portfolio/surface-defect-classifier/NEU-DET/train/images/inclusion/inclusion_105.jpg,0,inclusion,55,73,126,198,train
/Users/christopherbrantner/local/projects/portfolio/surface-defect-classifier/results/chips/train/inclusion/inclusion_105_bb01.png,/Users/christopherbrantner/local/projects/portfolio/surface-defect-classifier/NEU-DET/train/images/inclusion/inclusion_105.jpg,1,inclusion,144,55,162,106,train
/Users/christopherbrantner/local/projects/portfolio/surface-defect-classifier/results/chips/train/inclusion/inclusion_105_bb02.png,/Users/christopherbrantner/local/projects/portfolio/surface-defect-classifier/NEU-DET/train/images/inclusion/inclusion_105.jpg,2,inclusion,52,1,88,80,train
/Users/christopherbrantner/local/projects/portfolio/surface-defect-classifier/results/chips/train/inclusion/inclusion_105_bb03.png,/Users/christopherbrantner/local/projects/portfolio/surface-defect-classifier/NEU-DET/train/images/inclusion/inclusion_105.jpg,3,inclusion,90,1,116,96,train
/Users/christopherbrantner/local/projects/portfolio/surface-defect-classifier/results/chips/train/inclusion/inclusion_106_bb00.png,/Users/christopherbrantner/local/projects/portfolio/surface-defect-classifier/NEU-DET/train/images/inclusion/inclusion_106.jpg,0,inclusion,75,10,126,198,train
/Users/christopherbrantner/local/projects/portfolio/surface-defect-classifier/results/chips/train/inclusion/inclusion_107_bb00.png,/Users/christopherbrantner/local/projects/portfolio/surface-defect-classifier/NEU-DET/train/images/inclusion/inclusion_107.jpg,0,inclusion,43,17,56,74,train
/Users/christopherbrantner/local/projects/portfolio/surface-defect-classifier/results/chips/train/inclusion/inclusion_107_bb01.png,/Users/christopherbrantner/local/projects/portfolio/surface-defect-classifier/NEU-DET/train/images/inclusion/inclusion_107.jpg,1,inclusion,35,94,50,164,train
/Users/christopherbrantner/local/projects/portfolio/surface-defect-classifier/results/chips/train/inclusion/inclusion_107_bb02.png,/Users/christopherbrantner/local/projects/portfolio/surface-defect-classifier/NEU-DET/train/images/inclusion/inclusion_107.jpg,2,inclusion,64,106,85,127,train
/Users/christopherbrantner/local/projects/portfolio/surface-defect-classifier/results/chips/train/inclusion/inclusion_107_bb03.png,/Users/christopherbrantner/local/projects/portfolio/surface-defect-classifier/NEU-DET/train/images/inclusion/inclusion_107.jpg,3,inclusion,100,125,116,168,train
/Users/christopherbrantner/local/projects/portfolio/surface-defect-classifier/results/chips/train/inclusion/inclusion_108_bb00.png,/Users/christopherbrantner/local/projects/portfolio/surface-defect-classifier/NEU-DET/train/images/inclusion/inclusion_108.jpg,0,inclusion,96,45,124,142,train
/Users/christopherbrantner/local/projects/portfolio/surface-defect-classifier/results/chips/train/inclusion/inclusion_108_bb01.png,/Users/christopherbrantner/local/projects/portfolio/surface-defect-classifier/NEU-DET/train/images/inclusion/inclusion_108.jpg,1,inclusion,143,1,177,198,train
/Users/christopherbrantner/local/projects/portfolio/surface-defect-classifier/results/chips/train/inclusion/inclusion_109_bb00.png,/Users/christopherbrantner/local/projects/portfolio/surface-defect-classifier/NEU-DET/train/images/inclusion/inclusion_109.jpg,0,inclusion,132,1,167,187,train
/Users/christopherbrantner/local/projects/portfolio/surface-defect-classifier/results/chips/train/inclusion/inclusion_109_bb01.png,/Users/christopherbrantner/local/projects/portfolio/surface-defect-classifier/NEU-DET/train/images/inclusion/inclusion_109.jpg,1,inclusion,39,1,74,198,train
/Users/christopherbrantner/local/projects/portfolio/surface-defect-classifier/results/chips/train/inclusion/inclusion_109_bb02.png,/Users/christopherbrantner/local/projects/portfolio/surface-defect-classifier/NEU-DET/train/images/inclusion/inclusion_109.jpg,2,inclusion,1,35,28,145,train
/Users/christopherbrantner/local/projects/portfolio/surface-defect-classifier/results/chips/train/inclusion/inclusion_11_bb00.png,/Users/christopherbrantner/local/projects/portfolio/surface-defect-classifier/NEU-DET/train/images/inclusion/inclusion_11.jpg,0,inclusion,30,23,78,198,train
/Users/christopherbrantner/local/projects/portfolio/surface-defect-classifier/results/chips/train/inclusion/inclusion_110_bb00.png,/Users/christopherbrantner/local/projects/portfolio/surface-defect-classifier/NEU-DET/train/images/inclusion/inclusion_110.jpg,0,inclusion,98,1,127,77,train
/Users/christopherbrantner/local/projects/portfolio/surface-defect-classifier/results/chips/train/inclusion/inclusion_110_bb01.png,/Users/christopherbrantner/local/projects/portfolio/surface-defect-classifier/NEU-DET/train/images/inclusion/inclusion_110.jpg,1,inclusion,95,120,138,198,train
/Users/christopherbrantner/local/projects/portfolio/surface-defect-classifier/results/chips/train/inclusion/inclusion_110_bb02.png,/Users/christopherbrantner/local/projects/portfolio/surface-defect-classifier/NEU-DET/train/images/inclusion/inclusion_110.jpg,2,inclusion,144,1,178,198,train
/Users/christopherbrantner/local/projects/portfolio/surface-defect-classifier/results/chips/train/inclusion/inclusion_111_bb00.png,/Users/christopherbrantner/local/projects/portfolio/surface-defect-classifier/NEU-DET/train/images/inclusion/inclusion_111.jpg,0,inclusion,92,150,120,198,train
/Users/christopherbrantner/local/projects/portfolio/surface-defect-classifier/results/chips/train/inclusion/inclusion_111_bb01.png,/Users/christopherbrantner/local/projects/portfolio/surface-defect-classifier/NEU-DET/train/images/inclusion/inclusion_111.jpg,1,inclusion,131,152,153,198,train
/Users/christopherbrantner/local/projects/portfolio/surface-defect-classifier/results/chips/train/inclusion/inclusion_111_bb02.png,/Users/christopherbrantner/local/projects/portfolio/surface-defect-classifier/NEU-DET/train/images/inclusion/inclusion_111.jpg,2,inclusion,123,1,150,102,train
/Users/christopherbrantner/local/projects/portfolio/surface-defect-classifier/results/chips/train/inclusion/inclusion_111_bb03.png,/Users/christopherbrantner/local/projects/portfolio/surface-defect-classifier/NEU-DET/train/images/inclusion/inclusion_111.jpg,3,inclusion,3,1,63,198,train
/Users/christopherbrantner/local/projects/portfolio/surface-defect-classifier/results/chips/train/inclusion/inclusion_112_bb00.png,/Users/christopherbrantner/local/projects/portfolio/surface-defect-classifier/NEU-DET/train/images/inclusion/inclusion_112.jpg,0,inclusion,56,1,87,138,train
/Users/christopherbrantner/local/projects/portfolio/surface-defect-classifier/results/chips/train/inclusion/inclusion_112_bb01.png,/Users/christopherbrantner/local/projects/portfolio/surface-defect-classifier/NEU-DET/train/images/inclusion/inclusion_112.jpg,1,inclusion,182,8,198,62,train
/Users/christopherbrantner/local/projects/portfolio/surface-defect-classifier/results/chips/train/inclusion/inclusion_112_bb02.png,/Users/christopherbrantner/local/projects/portfolio/surface-defect-classifier/NEU-DET/train/images/inclusion/inclusion_112.jpg,2,inclusion,94,1,111,49,train
/Users/christopherbrantner/local/projects/portfolio/surface-defect-classifier/results/chips/train/inclusion/inclusion_113_bb00.png,/Users/christopherbrantner/local/projects/portfolio/surface-defect-classifier/NEU-DET/train/images/inclusion/inclusion_113.jpg,0,inclusion,6,3,49,198,train
/Users/christopherbrantner/local/projects/portfolio/surface-defect-classifier/results/chips/train/inclusion/inclusion_113_bb01.png,/Users/christopherbrantner/local/projects/portfolio/surface-defect-classifier/NEU-DET/train/images/inclusion/inclusion_113.jpg,1,inclusion,75,120,105,199,train
/Users/christopherbrantner/local/projects/portfolio/surface-defect-classifier/results/chips/train/inclusion/inclusion_113_bb02.png,/Users/christopherbrantner/local/projects/portfolio/surface-defect-classifier/NEU-DET/train/images/inclusion/inclusion_113.jpg,2,inclusion,109,1,136,73,train
/Users/christopherbrantner/local/projects/portfolio/surface-defect-classifier/results/chips/train/inclusion/inclusion_113_bb03.png,/Users/christopherbrantner/local/projects/portfolio/surface-defect-classifier/NEU-DET/train/images/inclusion/inclusion_113.jpg,3,inclusion,117,122,133,169,train
/Users/christopherbrantner/local/projects/portfolio/surface-defect-classifier/results/chips/train/inclusion/inclusion_113_bb04.png,/Users/christopherbrantner/local/projects/portfolio/surface-defect-classifier/NEU-DET/train/images/inclusion/inclusion_113.jpg,4,inclusion,116,160,142,198,train
/Users/christopherbrantner/local/projects/portfolio/surface-defect-classifier/results/chips/train/inclusion/inclusion_113_bb05.png,/Users/christopherbrantner/local/projects/portfolio/surface-defect-classifier/NEU-DET/train/images/inclusion/inclusion_113.jpg,5,inclusion,167,160,188,198,train
/Users/christopherbrantner/local/projects/portfolio/surface-defect-classifier/results/chips/train/inclusion/inclusion_114_bb00.png,/Users/christopherbrantner/local/projects/portfolio/surface-defect-classifier/NEU-DET/train/images/inclusion/inclusion_114.jpg,0,inclusion,1,1,29,132,train
/Users/christopherbrantner/local/projects/portfolio/surface-defect-classifier/results/chips/train/inclusion/inclusion_114_bb01.png,/Users/christopherbrantner/local/projects/portfolio/surface-defect-classifier/NEU-DET/train/images/inclusion/inclusion_114.jpg,1,inclusion,49,77,80,198,train
/Users/christopherbrantner/local/projects/portfolio/surface-defect-classifier/results/chips/train/inclusion/inclusion_114_bb02.png,/Users/christopherbrantner/local/projects/portfolio/surface-defect-classifier/NEU-DET/train/images/inclusion/inclusion_114.jpg,2,inclusion,90,79,107,120,train
/Users/christopherbrantner/local/projects/portfolio/surface-defect-classifier/results/chips/train/inclusion/inclusion_114_bb03.png,/Users/christopherbrantner/local/projects/portfolio/surface-defect-classifier/NEU-DET/train/images/inclusion/inclusion_114.jpg,3,inclusion,90,114,117,180,train
/Users/christopherbrantner/local/projects/portfolio/surface-defect-classifier/results/chips/train/inclusion/inclusion_114_bb04.png,/Users/christopherbrantner/local/projects/portfolio/surface-defect-classifier/NEU-DET/train/images/inclusion/inclusion_114.jpg,4,inclusion,139,115,160,192,train
/Users/christopherbrantner/local/projects/portfolio/surface-defect-classifier/results/chips/train/inclusion/inclusion_114_bb05.png,/Users/christopherbrantner/local/projects/portfolio/surface-defect-classifier/NEU-DET/train/images/inclusion/inclusion_114.jpg,5,inclusion,85,1,102,31,train
/Users/christopherbrantner/local/projects/portfolio/surface-defect-classifier/results/chips/train/inclusion/inclusion_115_bb00.png,/Users/christopherbrantner/local/projects/portfolio/surface-defect-classifier/NEU-DET/train/images/inclusion/inclusion_115.jpg,0,inclusion,16,59,37,113,train
/Users/christopherbrantner/local/projects/portfolio/surface-defect-classifier/results/chips/train/inclusion/inclusion_115_bb01.png,/Users/christopherbrantner/local/projects/portfolio/surface-defect-classifier/NEU-DET/train/images/inclusion/inclusion_115.jpg,1,inclusion,45,86,65,195,train
/Users/christopherbrantner/local/projects/portfolio/surface-defect-classifier/results/chips/train/inclusion/inclusion_115_bb02.png,/Users/christopherbrantner/local/projects/portfolio/surface-defect-classifier/NEU-DET/train/images/inclusion/inclusion_115.jpg,2,inclusion,41,1,82,137,train
/Users/christopherbrantner/local/projects/portfolio/surface-defect-classifier/results/chips/train/inclusion/inclusion_115_bb03.png,/Users/christopherbrantner/local/projects/portfolio/surface-defect-classifier/NEU-DET/train/images/inclusion/inclusion_115.jpg,3,inclusion,105,74,138,198,train
/Users/christopherbrantner/local/projects/portfolio/surface-defect-classifier/results/chips/train/inclusion/inclusion_115_bb04.png,/Users/christopherbrantner/local/projects/portfolio/surface-defect-classifier/NEU-DET/train/images/inclusion/inclusion_115.jpg,4,inclusion,144,120,172,181,train
/Users/christopherbrantner/local/projects/portfolio/surface-defect-classifier/results/chips/train/inclusion/inclusion_115_bb05.png,/Users/christopherbrantner/local/projects/portfolio/surface-defect-classifier/NEU-DET/train/images/inclusion/inclusion_115.jpg,5,inclusion,145,1,159,30,train
/Users/christopherbrantner/local/projects/portfolio/surface-defect-classifier/results/chips/train/inclusion/inclusion_115_bb06.png,/Users/christopherbrantner/local/projects/portfolio/surface-defect-classifier/NEU-DET/train/images/inclusion/inclusion_115.jpg,6,inclusion,148,80,163,124,train
/Users/christopherbrantner/local/projects/portfolio/surface-defect-classifier/results/chips/train/inclusion/inclusion_116_bb00.png,/Users/christopherbrantner/local/projects/portfolio/surface-defect-classifier/NEU-DET/train/images/inclusion/inclusion_116.jpg,0,inclusion,71,29,92,86,train
/Users/christopherbrantner/local/projects/portfolio/surface-defect-classifier/results/chips/train/inclusion/inclusion_116_bb01.png,/Users/christopherbrantner/local/projects/portfolio/surface-defect-classifier/NEU-DET/train/images/inclusion/inclusion_116.jpg,1,inclusion,159,47,191,199,train
/Users/christopherbrantner/local/projects/portfolio/surface-defect-classifier/results/chips/train/inclusion/inclusion_116_bb02.png,/Users/christopherbrantner/local/projects/portfolio/surface-defect-classifier/NEU-DET/train/images/inclusion/inclusion_116.jpg,2,inclusion,98,1,135,164,train
/Users/christopherbrantner/local/projects/portfolio/surface-defect-classifier/results/chips/train/inclusion/inclusion_116_bb03.png,/Users/christopherbrantner/local/projects/portfolio/surface-defect-classifier/NEU-DET/train/images/inclusion/inclusion_116.jpg,3,inclusion,102,155,121,199,train
/Users/christopherbrantner/local/projects/portfolio/surface-defect-classifier/results/chips/train/inclusion/inclusion_117_bb00.png,/Users/christopherbrantner/local/projects/portfolio/surface-defect-classifier/NEU-DET/train/images/inclusion/inclusion_117.jpg,0,inclusion,21,1,55,143,train
/Users/christopherbrantner/local/projects/portfolio/surface-defect-classifier/results/chips/train/inclusion/inclusion_117_bb01.png,/Users/christopherbrantner/local/projects/portfolio/surface-defect-classifier/NEU-DET/train/images/inclusion/inclusion_117.jpg,1,inclusion,34,146,86,189,train
/Users/christopherbrantner/local/projects/portfolio/surface-defect-classifier/results/chips/train/inclusion/inclusion_117_bb02.png,/Users/christopherbrantner/local/projects/portfolio/surface-defect-classifier/NEU-DET/train/images/inclusion/inclusion_117.jpg,2,inclusion,62,1,91,90,train
/Users/christopherbrantner/local/projects/portfolio/surface-defect-classifier/results/chips/train/inclusion/inclusion_117_bb03.png,/Users/christopherbrantner/local/projects/portfolio/surface-defect-classifier/NEU-DET/train/images/inclusion/inclusion_117.jpg,3,inclusion,116,26,133,101,train
/Users/christopherbrantner/local/projects/portfolio/surface-defect-classifier/results/chips/train/inclusion/inclusion_118_bb00.png,/Users/christopherbrantner/local/projects/portfolio/surface-defect-classifier/NEU-DET/train/images/inclusion/inclusion_118.jpg,0,inclusion,115,2,139,53,train
/Users/christopherbrantner/local/projects/portfolio/surface-defect-classifier/results/chips/train/inclusion/inclusion_118_bb01.png,/Users/christopherbrantner/local/projects/portfolio/surface-defect-classifier/NEU-DET/train/images/inclusion/inclusion_118.jpg,1,inclusion,144,1,182,180,train
/Users/christopherbrantner/local/projects/portfolio/surface-defect-classifier/results/chips/train/inclusion/inclusion_118_bb02.png,/Users/christopherbrantner/local/projects/portfolio/surface-defect-classifier/NEU-DET/train/images/inclusion/inclusion_118.jpg,2,inclusion,145,133,171,199,train
/Users/christopherbrantner/local/projects/portfolio/surface-defect-classifier/results/chips/train/inclusion/inclusion_119_bb00.png,/Users/christopherbrantner/local/projects/portfolio/surface-defect-classifier/NEU-DET/train/images/inclusion/inclusion_119.jpg,0,inclusion,98,1,136,198,train
/Users/christopherbrantner/local/projects/portfolio/surface-defect-classifier/results/chips/train/inclusion/inclusion_119_bb01.png,/Users/christopherbrantner/local/projects/portfolio/surface-defect-classifier/NEU-DET/train/images/inclusion/inclusion_119.jpg,1,inclusion,74,1,93,46,train
/Users/christopherbrantner/local/projects/portfolio/surface-defect-classifier/results/chips/train/inclusion/inclusion_119_bb02.png,/Users/christopherbrantner/local/projects/portfolio/surface-defect-classifier/NEU-DET/train/images/inclusion/inclusion_119.jpg,2,inclusion,160,16,194,175,train
/Users/christopherbrantner/local/projects/portfolio/surface-defect-classifier/results/chips/train/inclusion/inclusion_12_bb00.png,/Users/christopherbrantner/local/projects/portfolio/surface-defect-classifier/NEU-DET/train/images/inclusion/inclusion_12.jpg,0,inclusion,18,4,62,198,train
/Users/christopherbrantner/local/projects/portfolio/surface-defect-classifier/results/chips/train/inclusion/inclusion_12_bb01.png,/Users/christopherbrantner/local/projects/portfolio/surface-defect-classifier/NEU-DET/train/images/inclusion/inclusion_12.jpg,1,inclusion,75,38,111,182,train
/Users/christopherbrantner/local/projects/portfolio/surface-defect-classifier/results/chips/train/inclusion/inclusion_12_bb02.png,/Users/christopherbrantner/local/projects/portfolio/surface-defect-classifier/NEU-DET/train/images/inclusion/inclusion_12.jpg,2,inclusion,138,150,159,198,train
/Users/christopherbrantner/local/projects/portfolio/surface-defect-classifier/results/chips/train/inclusion/inclusion_12_bb03.png,/Users/christopherbrantner/local/projects/portfolio/surface-defect-classifier/NEU-DET/train/images/inclusion/inclusion_12.jpg,3,inclusion,114,100,127,130,train
/Users/christopherbrantner/local/projects/portfolio/surface-defect-classifier/results/chips/train/inclusion/inclusion_12_bb04.png,/Users/christopherbrantner/local/projects/portfolio/surface-defect-classifier/NEU-DET/train/images/inclusion/inclusion_12.jpg,4,inclusion,149,1,186,124,train
/Users/christopherbrantner/local/projects/portfolio/surface-defect-classifier/results/chips/train/inclusion/inclusion_120_bb00.png,/Users/christopherbrantner/local/projects/portfolio/surface-defect-classifier/NEU-DET/train/images/inclusion/inclusion_120.jpg,0,inclusion,22,60,60,198,train
/Users/christopherbrantner/local/projects/portfolio/surface-defect-classifier/results/chips/train/inclusion/inclusion_120_bb01.png,/Users/christopherbrantner/local/projects/portfolio/surface-defect-classifier/NEU-DET/train/images/inclusion/inclusion_120.jpg,1,inclusion,82,1,107,59,train
/Users/christopherbrantner/local/projects/portfolio/surface-defect-classifier/results/chips/train/inclusion/inclusion_120_bb02.png,/Users/christopherbrantner/local/projects/portfolio/surface-defect-classifier/NEU-DET/train/images/inclusion/inclusion_120.jpg,2,inclusion,115,62,132,101,train
/Users/christopherbrantner/local/projects/portfolio/surface-defect-classifier/results/chips/train/inclusion/inclusion_120_bb03.png,/Users/christopherbrantner/local/projects/portfolio/surface-defect-classifier/NEU-DET/train/images/inclusion/inclusion_120.jpg,3,inclusion,119,141,144,200,train
/Users/christopherbrantner/local/projects/portfolio/surface-defect-classifier/results/chips/train/inclusion/inclusion_120_bb04.png,/Users/christopherbrantner/local/projects/portfolio/surface-defect-classifier/NEU-DET/train/images/inclusion/inclusion_120.jpg,4,inclusion,150,128,166,177,train
/Users/christopherbrantner/local/projects/portfolio/surface-defect-classifier/results/chips/train/inclusion/inclusion_120_bb05.png,/Users/christopherbrantner/local/projects/portfolio/surface-defect-classifier/NEU-DET/train/images/inclusion/inclusion_120.jpg,5,inclusion,23,1,56,90,train
/Users/christopherbrantner/local/projects/portfolio/surface-defect-classifier/results/chips/train/inclusion/inclusion_121_bb00.png,/Users/christopherbrantner/local/projects/portfolio/surface-defect-classifier/NEU-DET/train/images/inclusion/inclusion_121.jpg,0,inclusion,107,16,159,198,train
/Users/christopherbrantner/local/projects/portfolio/surface-defect-classifier/results/chips/train/inclusion/inclusion_121_bb01.png,/Users/christopherbrantner/local/projects/portfolio/surface-defect-classifier/NEU-DET/train/images/inclusion/inclusion_121.jpg,1,inclusion,78,163,92,198,train
/Users/christopherbrantner/local/projects/portfolio/surface-defect-classifier/results/chips/train/inclusion/inclusion_121_bb02.png,/Users/christopherbrantner/local/projects/portfolio/surface-defect-classifier/NEU-DET/train/images/inclusion/inclusion_121.jpg,2,inclusion,79,5,119,134,train
/Users/christopherbrantner/local/projects/portfolio/surface-defect-classifier/results/chips/train/inclusion/inclusion_122_bb00.png,/Users/christopherbrantner/local/projects/portfolio/surface-defect-classifier/NEU-DET/train/images/inclusion/inclusion_122.jpg,0,inclusion,18,1,71,198,train
/Users/christopherbrantner/local/projects/portfolio/surface-defect-classifier/results/chips/train/inclusion/inclusion_122_bb01.png,/Users/christopherbrantner/local/projects/portfolio/surface-defect-classifier/NEU-DET/train/images/inclusion/inclusion_122.jpg,1,inclusion,110,75,139,199,train
/Users/christopherbrantner/local/projects/portfolio/surface-defect-classifier/results/chips/train/inclusion/inclusion_122_bb02.png,/Users/christopherbrantner/local/projects/portfolio/surface-defect-classifier/NEU-DET/train/images/inclusion/inclusion_122.jpg,2,inclusion,134,1,158,95,train
/Users/christopherbrantner/local/projects/portfolio/surface-defect-classifier/results/chips/train/inclusion/inclusion_122_bb03.png,/Users/christopherbrantner/local/projects/portfolio/surface-defect-classifier/NEU-DET/train/images/inclusion/inclusion_122.jpg,3,inclusion,166,1,179,26,train
/Users/christopherbrantner/local/projects/portfolio/surface-defect-classifier/results/chips/train/inclusion/inclusion_123_bb00.png,/Users/christopherbrantner/local/projects/portfolio/surface-defect-classifier/NEU-DET/train/images/inclusion/inclusion_123.jpg,0,inclusion,45,56,76,198,train
/Users/christopherbrantner/local/projects/portfolio/surface-defect-classifier/results/chips/train/inclusion/inclusion_123_bb01.png,/Users/christopherbrantner/local/projects/portfolio/surface-defect-classifier/NEU-DET/train/images/inclusion/inclusion_123.jpg,1,inclusion,72,1,96,78,train
/Users/christopherbrantner/local/projects/portfolio/surface-defect-classifier/results/chips/train/inclusion/inclusion_124_bb00.png,/Users/christopherbrantner/local/projects/portfolio/surface-defect-classifier/NEU-DET/train/images/inclusion/inclusion_124.jpg,0,inclusion,113,1,145,87,train
/Users/christopherbrantner/local/projects/portfolio/surface-defect-classifier/results/chips/train/inclusion/inclusion_124_bb01.png,/Users/christopherbrantner/local/projects/portfolio/surface-defect-classifier/NEU-DET/train/images/inclusion/inclusion_124.jpg,1,inclusion,39,1,58,63,train
/Users/christopherbrantner/local/projects/portfolio/surface-defect-classifier/results/chips/train/inclusion/inclusion_124_bb02.png,/Users/christopherbrantner/local/projects/portfolio/surface-defect-classifier/NEU-DET/train/images/inclusion/inclusion_124.jpg,2,inclusion,13,90,31,151,train
/Users/christopherbrantner/local/projects/portfolio/surface-defect-classifier/results/chips/train/inclusion/inclusion_124_bb03.png,/Users/christopherbrantner/local/projects/portfolio/surface-defect-classifier/NEU-DET/train/images/inclusion/inclusion_124.jpg,3,inclusion,39,106,71,197,train
/Users/christopherbrantner/local/projects/portfolio/surface-defect-classifier/results/chips/train/inclusion/inclusion_124_bb04.png,/Users/christopherbrantner/local/projects/portfolio/surface-defect-classifier/NEU-DET/train/images/inclusion/inclusion_124.jpg,4,inclusion,17,18,39,75,train
/Users/christopherbrantner/local/projects/portfolio/surface-defect-classifier/results/chips/train/inclusion/inclusion_125_bb00.png,/Users/christopherbrantner/local/projects/portfolio/surface-defect-classifier/NEU-DET/train/images/inclusion/inclusion_125.jpg,0,inclusion,107,15,123,77,train
/Users/christopherbrantner/local/projects/portfolio/surface-defect-classifier/results/chips/train/inclusion/inclusion_125_bb01.png,/Users/christopherbrantner/local/projects/portfolio/surface-defect-classifier/NEU-DET/train/images/inclusion/inclusion_125.jpg,1,inclusion,88,1,101,27,train
/Users/christopherbrantner/local/projects/portfolio/surface-defect-classifier/results/chips/train/inclusion/inclusion_125_bb02.png,/Users/christopherbrantner/local/projects/portfolio/surface-defect-classifier/NEU-DET/train/images/inclusion/inclusion_125.jpg,2,inclusion,130,31,167,114,train
/Users/christopherbrantner/local/projects/portfolio/surface-defect-classifier/results/chips/train/inclusion/inclusion_125_bb03.png,/Users/christopherbrantner/local/projects/portfolio/surface-defect-classifier/NEU-DET/train/images/inclusion/inclusion_125.jpg,3,inclusion,93,125,127,187,train
/Users/christopherbrantner/local/projects/portfolio/surface-defect-classifier/results/chips/train/inclusion/inclusion_125_bb04.png,/Users/christopherbrantner/local/projects/portfolio/surface-defect-classifier/NEU-DET/train/images/inclusion/inclusion_125.jpg,4,inclusion,57,31,73,75,train
/Users/christopherbrantner/local/projects/portfolio/surface-defect-classifier/results/chips/train/inclusion/inclusion_125_bb05.png,/Users/christopherbrantner/local/projects/portfolio/surface-defect-classifier/NEU-DET/train/images/inclusion/inclusion_125.jpg,5,inclusion,33,62,44,86,train
/Users/christopherbrantner/local/projects/portfolio/surface-defect-classifier/results/chips/train/inclusion/inclusion_125_bb06.png,/Users/christopherbrantner/local/projects/portfolio/surface-defect-classifier/NEU-DET/train/images/inclusion/inclusion_125.jpg,6,inclusion,136,90,154,142,train
/Users/christopherbrantner/local/projects/portfolio/surface-defect-classifier/results/chips/train/inclusion/inclusion_125_bb07.png,/Users/christopherbrantner/local/projects/portfolio/surface-defect-classifier/NEU-DET/train/images/inclusion/inclusion_125.jpg,7,inclusion,33,90,46,116,train
/Users/christopherbrantner/local/projects/portfolio/surface-defect-classifier/results/chips/train/inclusion/inclusion_125_bb08.png,/Users/christopherbrantner/local/projects/portfolio/surface-defect-classifier/NEU-DET/train/images/inclusion/inclusion_125.jpg,8,inclusion,35,145,47,173,train
/Users/christopherbrantner/local/projects/portfolio/surface-defect-classifier/results/chips/train/inclusion/inclusion_126_bb00.png,/Users/christopherbrantner/local/projects/portfolio/surface-defect-classifier/NEU-DET/train/images/inclusion/inclusion_126.jpg,0,inclusion,2,88,40,160,train
/Users/christopherbrantner/local/projects/portfolio/surface-defect-classifier/results/chips/train/inclusion/inclusion_126_bb01.png,/Users/christopherbrantner/local/projects/portfolio/surface-defect-classifier/NEU-DET/train/images/inclusion/inclusion_126.jpg,1,inclusion,24,1,43,42,train
/Users/christopherbrantner/local/projects/portfolio/surface-defect-classifier/results/chips/train/inclusion/inclusion_126_bb02.png,/Users/christopherbrantner/local/projects/portfolio/surface-defect-classifier/NEU-DET/train/images/inclusion/inclusion_126.jpg,2,inclusion,50,1,85,86,train
/Users/christopherbrantner/local/projects/portfolio/surface-defect-classifier/results/chips/train/inclusion/inclusion_126_bb03.png,/Users/christopherbrantner/local/projects/portfolio/surface-defect-classifier/NEU-DET/train/images/inclusion/inclusion_126.jpg,3,inclusion,94,175,106,198,train
/Users/christopherbrantner/local/projects/portfolio/surface-defect-classifier/results/chips/train/inclusion/inclusion_126_bb04.png,/Users/christopherbrantner/local/projects/portfolio/surface-defect-classifier/NEU-DET/train/images/inclusion/inclusion_126.jpg,4,inclusion,56,57,74,102,train
/Users/christopherbrantner/local/projects/portfolio/surface-defect-classifier/results/chips/train/inclusion/inclusion_127_bb00.png,/Users/christopherbrantner/local/projects/portfolio/surface-defect-classifier/NEU-DET/train/images/inclusion/inclusion_127.jpg,0,inclusion,34,40,48,76,train
/Users/christopherbrantner/local/projects/portfolio/surface-defect-classifier/results/chips/train/inclusion/inclusion_127_bb01.png,/Users/christopherbrantner/local/projects/portfolio/surface-defect-classifier/NEU-DET/train/images/inclusion/inclusion_127.jpg,1,inclusion,68,90,117,199,train
/Users/christopherbrantner/local/projects/portfolio/surface-defect-classifier/results/chips/train/inclusion/inclusion_127_bb02.png,/Users/christopherbrantner/local/projects/portfolio/surface-defect-classifier/NEU-DET/train/images/inclusion/inclusion_127.jpg,2,inclusion,100,85,120,125,train
/Users/christopherbrantner/local/projects/portfolio/surface-defect-classifier/results/chips/train/inclusion/inclusion_128_bb00.png,/Users/christopherbrantner/local/projects/portfolio/surface-defect-classifier/NEU-DET/train/images/inclusion/inclusion_128.jpg,0,inclusion,31,1,42,25,train
/Users/christopherbrantner/local/projects/portfolio/surface-defect-classifier/results/chips/train/inclusion/inclusion_128_bb01.png,/Users/christopherbrantner/local/projects/portfolio/surface-defect-classifier/NEU-DET/train/images/inclusion/inclusion_128.jpg,1,inclusion,68,43,117,173,train
/Users/christopherbrantner/local/projects/portfolio/surface-defect-classifier/results/chips/train/inclusion/inclusion_128_bb02.png,/Users/christopherbrantner/local/projects/portfolio/surface-defect-classifier/NEU-DET/train/images/inclusion/inclusion_128.jpg,2,inclusion,96,40,114,80,train
/Users/christopherbrantner/local/projects/portfolio/surface-defect-classifier/results/chips/train/inclusion/inclusion_129_bb00.png,/Users/christopherbrantner/local/projects/portfolio/surface-defect-classifier/NEU-DET/train/images/inclusion/inclusion_129.jpg,0,inclusion,163,108,190,160,train
/Users/christopherbrantner/local/projects/portfolio/surface-defect-classifier/results/chips/train/inclusion/inclusion_129_bb01.png,/Users/christopherbrantner/local/projects/portfolio/surface-defect-classifier/NEU-DET/train/images/inclusion/inclusion_129.jpg,1,inclusion,23,143,41,199,train
/Users/christopherbrantner/local/projects/portfolio/surface-defect-classifier/results/chips/train/inclusion/inclusion_129_bb02.png,/Users/christopherbrantner/local/projects/portfolio/surface-defect-classifier/NEU-DET/train/images/inclusion/inclusion_129.jpg,2,inclusion,44,1,92,118,train
/Users/christopherbrantner/local/projects/portfolio/surface-defect-classifier/results/chips/train/inclusion/inclusion_129_bb03.png,/Users/christopherbrantner/local/projects/portfolio/surface-defect-classifier/NEU-DET/train/images/inclusion/inclusion_129.jpg,3,inclusion,80,96,99,128,train
/Users/christopherbrantner/local/projects/portfolio/surface-defect-classifier/results/chips/train/inclusion/inclusion_13_bb00.png,/Users/christopherbrantner/local/projects/portfolio/surface-defect-classifier/NEU-DET/train/images/inclusion/inclusion_13.jpg,0,inclusion,60,1,98,198,train
/Users/christopherbrantner/local/projects/portfolio/surface-defect-classifier/results/chips/train/inclusion/inclusion_13_bb01.png,/Users/christopherbrantner/local/projects/portfolio/surface-defect-classifier/NEU-DET/train/images/inclusion/inclusion_13.jpg,1,inclusion,106,2,153,73,train
/Users/christopherbrantner/local/projects/portfolio/surface-defect-classifier/results/chips/train/inclusion/inclusion_13_bb02.png,/Users/christopherbrantner/local/projects/portfolio/surface-defect-classifier/NEU-DET/train/images/inclusion/inclusion_13.jpg,2,inclusion,160,36,194,187,train
/Users/christopherbrantner/local/projects/portfolio/surface-defect-classifier/results/chips/train/inclusion/inclusion_13_bb03.png,/Users/christopherbrantner/local/projects/portfolio/surface-defect-classifier/NEU-DET/train/images/inclusion/inclusion_13.jpg,3,inclusion,111,77,136,118,train
/Users/christopherbrantner/local/projects/portfolio/surface-defect-classifier/results/chips/train/inclusion/inclusion_13_bb04.png,/Users/christopherbrantner/local/projects/portfolio/surface-defect-classifier/NEU-DET/train/images/inclusion/inclusion_13.jpg,4,inclusion,112,126,139,200,train
/Users/christopherbrantner/local/projects/portfolio/surface-defect-classifier/results/chips/train/inclusion/inclusion_130_bb00.png,/Users/christopherbrantner/local/projects/portfolio/surface-defect-classifier/NEU-DET/train/images/inclusion/inclusion_130.jpg,0,inclusion,87,133,109,191,train
/Users/christopherbrantner/local/projects/portfolio/surface-defect-classifier/results/chips/train/inclusion/inclusion_130_bb01.png,/Users/christopherbrantner/local/projects/portfolio/surface-defect-classifier/NEU-DET/train/images/inclusion/inclusion_130.jpg,1,inclusion,138,95,155,126,train
/Users/christopherbrantner/local/projects/portfolio/surface-defect-classifier/results/chips/train/inclusion/inclusion_130_bb02.png,/Users/christopherbrantner/local/projects/portfolio/surface-defect-classifier/NEU-DET/train/images/inclusion/inclusion_130.jpg,2,inclusion,161,114,178,175,train
/Users/christopherbrantner/local/projects/portfolio/surface-defect-classifier/results/chips/train/inclusion/inclusion_130_bb03.png,/Users/christopherbrantner/local/projects/portfolio/surface-defect-classifier/NEU-DET/train/images/inclusion/inclusion_130.jpg,3,inclusion,168,39,187,100,train
/Users/christopherbrantner/local/projects/portfolio/surface-defect-classifier/results/chips/train/inclusion/inclusion_130_bb04.png,/Users/christopherbrantner/local/projects/portfolio/surface-defect-classifier/NEU-DET/train/images/inclusion/inclusion_130.jpg,4,inclusion,175,99,197,148,train
/Users/christopherbrantner/local/projects/portfolio/surface-defect-classifier/results/chips/train/inclusion/inclusion_130_bb05.png,/Users/christopherbrantner/local/projects/portfolio/surface-defect-classifier/NEU-DET/train/images/inclusion/inclusion_130.jpg,5,inclusion,15,7,42,70,train
/Users/christopherbrantner/local/projects/portfolio/surface-defect-classifier/results/chips/train/inclusion/inclusion_130_bb06.png,/Users/christopherbrantner/local/projects/portfolio/surface-defect-classifier/NEU-DET/train/images/inclusion/inclusion_130.jpg,6,inclusion,89,4,115,68,train
/Users/christopherbrantner/local/projects/portfolio/surface-defect-classifier/results/chips/train/inclusion/inclusion_130_bb07.png,/Users/christopherbrantner/local/projects/portfolio/surface-defect-classifier/NEU-DET/train/images/inclusion/inclusion_130.jpg,7,inclusion,112,132,128,175,train
/Users/christopherbrantner/local/projects/portfolio/surface-defect-classifier/results/chips/train/inclusion/inclusion_130_bb08.png,/Users/christopherbrantner/local/projects/portfolio/surface-defect-classifier/NEU-DET/train/images/inclusion/inclusion_130.jpg,8,inclusion,184,157,198,192,train
/Users/christopherbrantner/local/projects/portfolio/surface-defect-classifier/results/chips/train/inclusion/inclusion_131_bb00.png,/Users/christopherbrantner/local/projects/portfolio/surface-defect-classifier/NEU-DET/train/images/inclusion/inclusion_131.jpg,0,inclusion,39,1,92,197,train
/Users/christopherbrantner/local/projects/portfolio/surface-defect-classifier/results/chips/train/inclusion/inclusion_132_bb00.png,/Users/christopherbrantner/local/projects/portfolio/surface-defect-classifier/NEU-DET/train/images/inclusion/inclusion_132.jpg,0,inclusion,69,2,115,197,train
/Users/christopherbrantner/local/projects/portfolio/surface-defect-classifier/results/chips/train/inclusion/inclusion_133_bb00.png,/Users/christopherbrantner/local/projects/portfolio/surface-defect-classifier/NEU-DET/train/images/inclusion/inclusion_133.jpg,0,inclusion,69,1,140,200,train
/Users/christopherbrantner/local/projects/portfolio/surface-defect-classifier/results/chips/train/inclusion/inclusion_134_bb00.png,/Users/christopherbrantner/local/projects/portfolio/surface-defect-classifier/NEU-DET/train/images/inclusion/inclusion_134.jpg,0,inclusion,53,1,99,199,train
/Users/christopherbrantner/local/projects/portfolio/surface-defect-classifier/results/chips/train/inclusion/inclusion_134_bb01.png,/Users/christopherbrantner/local/projects/portfolio/surface-defect-classifier/NEU-DET/train/images/inclusion/inclusion_134.jpg,1,inclusion,55,1,84,103,train
/Users/christopherbrantner/local/projects/portfolio/surface-defect-classifier/results/chips/train/inclusion/inclusion_135_bb00.png,/Users/christopherbrantner/local/projects/portfolio/surface-defect-classifier/NEU-DET/train/images/inclusion/inclusion_135.jpg,0,inclusion,41,1,74,178,train
/Users/christopherbrantner/local/projects/portfolio/surface-defect-classifier/results/chips/train/inclusion/inclusion_135_bb01.png,/Users/christopherbrantner/local/projects/portfolio/surface-defect-classifier/NEU-DET/train/images/inclusion/inclusion_135.jpg,1,inclusion,60,6,98,198,train
/Users/christopherbrantner/local/projects/portfolio/surface-defect-classifier/results/chips/train/inclusion/inclusion_136_bb00.png,/Users/christopherbrantner/local/projects/portfolio/surface-defect-classifier/NEU-DET/train/images/inclusion/inclusion_136.jpg,0,inclusion,14,105,25,133,train
/Users/christopherbrantner/local/projects/portfolio/surface-defect-classifier/results/chips/train/inclusion/inclusion_136_bb01.png,/Users/christopherbrantner/local/projects/portfolio/surface-defect-classifier/NEU-DET/train/images/inclusion/inclusion_136.jpg,1,inclusion,166,70,188,117,train
/Users/christopherbrantner/local/projects/portfolio/surface-defect-classifier/results/chips/train/inclusion/inclusion_137_bb00.png,/Users/christopherbrantner/local/projects/portfolio/surface-defect-classifier/NEU-DET/train/images/inclusion/inclusion_137.jpg,0,inclusion,50,1,74,47,train
/Users/christopherbrantner/local/projects/portfolio/surface-defect-classifier/results/chips/train/inclusion/inclusion_137_bb01.png,/Users/christopherbrantner/local/projects/portfolio/surface-defect-classifier/NEU-DET/train/images/inclusion/inclusion_137.jpg,1,inclusion,96,120,110,145,train
/Users/christopherbrantner/local/projects/portfolio/surface-defect-classifier/results/chips/train/inclusion/inclusion_138_bb00.png,/Users/christopherbrantner/local/projects/portfolio/surface-defect-classifier/NEU-DET/train/images/inclusion/inclusion_138.jpg,0,inclusion,138,125,162,180,train
/Users/christopherbrantner/local/projects/portfolio/surface-defect-classifier/results/chips/train/inclusion/inclusion_138_bb01.png,/Users/christopherbrantner/local/projects/portfolio/surface-defect-classifier/NEU-DET/train/images/inclusion/inclusion_138.jpg,1,inclusion,173,17,187,39,train
/Users/christopherbrantner/local/projects/portfolio/surface-defect-classifier/results/chips/train/inclusion/inclusion_139_bb00.png,/Users/christopherbrantner/local/projects/portfolio/surface-defect-classifier/NEU-DET/train/images/inclusion/inclusion_139.jpg,0,inclusion,58,140,82,186,train
/Users/christopherbrantner/local/projects/portfolio/surface-defect-classifier/results/chips/train/inclusion/inclusion_139_bb01.png,/Users/christopherbrantner/local/projects/portfolio/surface-defect-classifier/NEU-DET/train/images/inclusion/inclusion_139.jpg,1,inclusion,67,72,92,125,train
/Users/christopherbrantner/local/projects/portfolio/surface-defect-classifier/results/chips/train/inclusion/inclusion_139_bb02.png,/Users/christopherbrantner/local/projects/portfolio/surface-defect-classifier/NEU-DET/train/images/inclusion/inclusion_139.jpg,2,inclusion,164,103,179,126,train
/Users/christopherbrantner/local/projects/portfolio/surface-defect-classifier/results/chips/train/inclusion/inclusion_14_bb00.png,/Users/christopherbrantner/local/projects/portfolio/surface-defect-classifier/NEU-DET/train/images/inclusion/inclusion_14.jpg,0,inclusion,2,9,42,188,train
/Users/christopherbrantner/local/projects/portfolio/surface-defect-classifier/results/chips/train/inclusion/inclusion_14_bb01.png,/Users/christopherbrantner/local/projects/portfolio/surface-defect-classifier/NEU-DET/train/images/inclusion/inclusion_14.jpg,1,inclusion,91,150,115,194,train
/Users/christopherbrantner/local/projects/portfolio/surface-defect-classifier/results/chips/train/inclusion/inclusion_140_bb00.png,/Users/christopherbrantner/local/projects/portfolio/surface-defect-classifier/NEU-DET/train/images/inclusion/inclusion_140.jpg,0,inclusion,22,107,34,133,train
/Users/christopherbrantner/local/projects/portfolio/surface-defect-classifier/results/chips/train/inclusion/inclusion_140_bb01.png,/Users/christopherbrantner/local/projects/portfolio/surface-defect-classifier/NEU-DET/train/images/inclusion/inclusion_140.jpg,1,inclusion,106,73,129,118,train
/Users/christopherbrantner/local/projects/portfolio/surface-defect-classifier/results/chips/train/inclusion/inclusion_140_bb02.png,/Users/christopherbrantner/local/projects/portfolio/surface-defect-classifier/NEU-DET/train/images/inclusion/inclusion_140.jpg,2,inclusion,118,6,140,60,train
/Users/christopherbrantner/local/projects/portfolio/surface-defect-classifier/results/chips/train/inclusion/inclusion_141_bb00.png,/Users/christopherbrantner/local/projects/portfolio/surface-defect-classifier/NEU-DET/train/images/inclusion/inclusion_141.jpg,0,inclusion,20,39,32,61,train
/Users/christopherbrantner/local/projects/portfolio/surface-defect-classifier/results/chips/train/inclusion/inclusion_141_bb01.png,/Users/christopherbrantner/local/projects/portfolio/surface-defect-classifier/NEU-DET/train/images/inclusion/inclusion_141.jpg,1,inclusion,104,3,127,47,train
/Users/christopherbrantner/local/projects/portfolio/surface-defect-classifier/results/chips/train/inclusion/inclusion_141_bb02.png,/Users/christopherbrantner/local/projects/portfolio/surface-defect-classifier/NEU-DET/train/images/inclusion/inclusion_141.jpg,2,inclusion,99,153,121,183,train
/Users/christopherbrantner/local/projects/portfolio/surface-defect-classifier/results/chips/train/inclusion/inclusion_142_bb00.png,/Users/christopherbrantner/local/projects/portfolio/surface-defect-classifier/NEU-DET/train/images/inclusion/inclusion_142.jpg,0,inclusion,142,130,159,170,train
/Users/christopherbrantner/local/projects/portfolio/surface-defect-classifier/results/chips/train/inclusion/inclusion_142_bb01.png,/Users/christopherbrantner/local/projects/portfolio/surface-defect-classifier/NEU-DET/train/images/inclusion/inclusion_142.jpg,1,inclusion,56,34,70,56,train
/Users/christopherbrantner/local/projects/portfolio/surface-defect-classifier/results/chips/train/inclusion/inclusion_143_bb00.png,/Users/christopherbrantner/local/projects/portfolio/surface-defect-classifier/NEU-DET/train/images/inclusion/inclusion_143.jpg,0,inclusion,42,15,59,39,train
/Users/christopherbrantner/local/projects/portfolio/surface-defect-classifier/results/chips/train/inclusion/inclusion_143_bb01.png,/Users/christopherbrantner/local/projects/portfolio/surface-defect-classifier/NEU-DET/train/images/inclusion/inclusion_143.jpg,1,inclusion,29,69,50,121,train
/Users/christopherbrantner/local/projects/portfolio/surface-defect-classifier/results/chips/train/inclusion/inclusion_143_bb02.png,/Users/christopherbrantner/local/projects/portfolio/surface-defect-classifier/NEU-DET/train/images/inclusion/inclusion_143.jpg,2,inclusion,31,124,47,151,train
/Users/christopherbrantner/local/projects/portfolio/surface-defect-classifier/results/chips/train/inclusion/inclusion_143_bb03.png,/Users/christopherbrantner/local/projects/portfolio/surface-defect-classifier/NEU-DET/train/images/inclusion/inclusion_143.jpg,3,inclusion,34,171,45,198,train
/Users/christopherbrantner/local/projects/portfolio/surface-defect-classifier/results/chips/train/inclusion/inclusion_144_bb00.png,/Users/christopherbrantner/local/projects/portfolio/surface-defect-classifier/NEU-DET/train/images/inclusion/inclusion_144.jpg,0,inclusion,128,13,142,41,train
/Users/christopherbrantner/local/projects/portfolio/surface-defect-classifier/results/chips/train/inclusion/inclusion_144_bb01.png,/Users/christopherbrantner/local/projects/portfolio/surface-defect-classifier/NEU-DET/train/images/inclusion/inclusion_144.jpg,1,inclusion,113,69,134,123,train
/Users/christopherbrantner/local/projects/portfolio/surface-defect-classifier/results/chips/train/inclusion/inclusion_144_bb02.png,/Users/christopherbrantner/local/projects/portfolio/surface-defect-classifier/NEU-DET/train/images/inclusion/inclusion_144.jpg,2,inclusion,116,122,130,151,train
/Users/christopherbrantner/local/projects/portfolio/surface-defect-classifier/results/chips/train/inclusion/inclusion_144_bb03.png,/Users/christopherbrantner/local/projects/portfolio/surface-defect-classifier/NEU-DET/train/images/inclusion/inclusion_144.jpg,3,inclusion,117,171,130,198,train
/Users/christopherbrantner/local/projects/portfolio/surface-defect-classifier/results/chips/train/inclusion/inclusion_145_bb00.png,/Users/christopherbrantner/local/projects/portfolio/surface-defect-classifier/NEU-DET/train/images/inclusion/inclusion_145.jpg,0,inclusion,61,94,102,198,train
/Users/christopherbrantner/local/projects/portfolio/surface-defect-classifier/results/chips/train/inclusion/inclusion_145_bb01.png,/Users/christopherbrantner/local/projects/portfolio/surface-defect-classifier/NEU-DET/train/images/inclusion/inclusion_145.jpg,1,inclusion,53,73,74,139,train
/Users/christopherbrantner/local/projects/portfolio/surface-defect-classifier/results/chips/train/inclusion/inclusion_145_bb02.png,/Users/christopherbrantner/local/projects/portfolio/surface-defect-classifier/NEU-DET/train/images/inclusion/inclusion_145.jpg,2,inclusion,81,43,97,89,train
/Users/christopherbrantner/local/projects/portfolio/surface-defect-classifier/results/chips/train/inclusion/inclusion_146_bb00.png,/Users/christopherbrantner/local/projects/portfolio/surface-defect-classifier/NEU-DET/train/images/inclusion/inclusion_146.jpg,0,inclusion,20,132,40,174,train
/Users/christopherbrantner/local/projects/portfolio/surface-defect-classifier/results/chips/train/inclusion/inclusion_146_bb01.png,/Users/christopherbrantner/local/projects/portfolio/surface-defect-classifier/NEU-DET/train/images/inclusion/inclusion_146.jpg,1,inclusion,91,9,137,194,train
/Users/christopherbrantner/local/projects/portfolio/surface-defect-classifier/results/chips/train/inclusion/inclusion_146_bb02.png,/Users/christopherbrantner/local/projects/portfolio/surface-defect-classifier/NEU-DET/train/images/inclusion/inclusion_146.jpg,2,inclusion,87,4,112,75,train
/Users/christopherbrantner/local/projects/portfolio/surface-defect-classifier/results/chips/train/inclusion/inclusion_146_bb03.png,/Users/christopherbrantner/local/projects/portfolio/surface-defect-classifier/NEU-DET/train/images/inclusion/inclusion_146.jpg,3,inclusion,122,83,140,128,train
/Users/christopherbrantner/local/projects/portfolio/surface-defect-classifier/results/chips/train/inclusion/inclusion_147_bb00.png,/Users/christopherbrantner/local/projects/portfolio/surface-defect-classifier/NEU-DET/train/images/inclusion/inclusion_147.jpg,0,inclusion,74,115,96,161,train
/Users/christopherbrantner/local/projects/portfolio/surface-defect-classifier/results/chips/train/inclusion/inclusion_147_bb01.png,/Users/christopherbrantner/local/projects/portfolio/surface-defect-classifier/NEU-DET/train/images/inclusion/inclusion_147.jpg,1,inclusion,148,3,194,184,train
/Users/christopherbrantner/local/projects/portfolio/surface-defect-classifier/results/chips/train/inclusion/inclusion_147_bb02.png,/Users/christopherbrantner/local/projects/portfolio/surface-defect-classifier/NEU-DET/train/images/inclusion/inclusion_147.jpg,2,inclusion,141,1,161,84,train
/Users/christopherbrantner/local/projects/portfolio/surface-defect-classifier/results/chips/train/inclusion/inclusion_148_bb00.png,/Users/christopherbrantner/local/projects/portfolio/surface-defect-classifier/NEU-DET/train/images/inclusion/inclusion_148.jpg,0,inclusion,15,1,52,97,train
/Users/christopherbrantner/local/projects/portfolio/surface-defect-classifier/results/chips/train/inclusion/inclusion_148_bb01.png,/Users/christopherbrantner/local/projects/portfolio/surface-defect-classifier/NEU-DET/train/images/inclusion/inclusion_148.jpg,1,inclusion,45,23,62,66,train
/Users/christopherbrantner/local/projects/portfolio/surface-defect-classifier/results/chips/train/inclusion/inclusion_148_bb02.png,/Users/christopherbrantner/local/projects/portfolio/surface-defect-classifier/NEU-DET/train/images/inclusion/inclusion_148.jpg,2,inclusion,20,70,43,133,train
/Users/christopherbrantner/local/projects/portfolio/surface-defect-classifier/results/chips/train/inclusion/inclusion_149_bb00.png,/Users/christopherbrantner/local/projects/portfolio/surface-defect-classifier/NEU-DET/train/images/inclusion/inclusion_149.jpg,0,inclusion,55,1,77,62,train
/Users/christopherbrantner/local/projects/portfolio/surface-defect-classifier/results/chips/train/inclusion/inclusion_149_bb01.png,/Users/christopherbrantner/local/projects/portfolio/surface-defect-classifier/NEU-DET/train/images/inclusion/inclusion_149.jpg,1,inclusion,79,119,99,158,train
/Users/christopherbrantner/local/projects/portfolio/surface-defect-classifier/results/chips/train/inclusion/inclusion_15_bb00.png,/Users/christopherbrantner/local/projects/portfolio/surface-defect-classifier/NEU-DET/train/images/inclusion/inclusion_15.jpg,0,inclusion,47,1,73,199,train
/Users/christopherbrantner/local/projects/portfolio/surface-defect-classifier/results/chips/train/inclusion/inclusion_15_bb01.png,/Users/christopherbrantner/local/projects/portfolio/surface-defect-classifier/NEU-DET/train/images/inclusion/inclusion_15.jpg,1,inclusion,93,55,124,200,train
/Users/christopherbrantner/local/projects/portfolio/surface-defect-classifier/results/chips/train/inclusion/inclusion_15_bb02.png,/Users/christopherbrantner/local/projects/portfolio/surface-defect-classifier/NEU-DET/train/images/inclusion/inclusion_15.jpg,2,inclusion,147,53,169,124,train
/Users/christopherbrantner/local/projects/portfolio/surface-defect-classifier/results/chips/train/inclusion/inclusion_15_bb03.png,/Users/christopherbrantner/local/projects/portfolio/surface-defect-classifier/NEU-DET/train/images/inclusion/inclusion_15.jpg,3,inclusion,182,43,197,74,train
/Users/christopherbrantner/local/projects/portfolio/surface-defect-classifier/results/chips/train/inclusion/inclusion_15_bb04.png,/Users/christopherbrantner/local/projects/portfolio/surface-defect-classifier/NEU-DET/train/images/inclusion/inclusion_15.jpg,4,inclusion,95,10,112,50,train
/Users/christopherbrantner/local/projects/portfolio/surface-defect-classifier/results/chips/train/inclusion/inclusion_15_bb05.png,/Users/christopherbrantner/local/projects/portfolio/surface-defect-classifier/NEU-DET/train/images/inclusion/inclusion_15.jpg,5,inclusion,161,1,179,44,train
/Users/christopherbrantner/local/projects/portfolio/surface-defect-classifier/results/chips/train/inclusion/inclusion_150_bb00.png,/Users/christopherbrantner/local/projects/portfolio/surface-defect-classifier/NEU-DET/train/images/inclusion/inclusion_150.jpg,0,inclusion,135,43,180,196,train
/Users/christopherbrantner/local/projects/portfolio/surface-defect-classifier/results/chips/train/inclusion/inclusion_151_bb00.png,/Users/christopherbrantner/local/projects/portfolio/surface-defect-classifier/NEU-DET/train/images/inclusion/inclusion_151.jpg,0,inclusion,11,13,62,171,train
/Users/christopherbrantner/local/projects/portfolio/surface-defect-classifier/results/chips/train/inclusion/inclusion_151_bb01.png,/Users/christopherbrantner/local/projects/portfolio/surface-defect-classifier/NEU-DET/train/images/inclusion/inclusion_151.jpg,1,inclusion,76,62,141,200,train
/Users/christopherbrantner/local/projects/portfolio/surface-defect-classifier/results/chips/train/inclusion/inclusion_151_bb02.png,/Users/christopherbrantner/local/projects/portfolio/surface-defect-classifier/NEU-DET/train/images/inclusion/inclusion_151.jpg,2,inclusion,133,79,156,121,train
/Users/christopherbrantner/local/projects/portfolio/surface-defect-classifier/results/chips/train/inclusion/inclusion_151_bb03.png,/Users/christopherbrantner/local/projects/portfolio/surface-defect-classifier/NEU-DET/train/images/inclusion/inclusion_151.jpg,3,inclusion,126,119,171,200,train
/Users/christopherbrantner/local/projects/portfolio/surface-defect-classifier/results/chips/train/inclusion/inclusion_152_bb00.png,/Users/christopherbrantner/local/projects/portfolio/surface-defect-classifier/NEU-DET/train/images/inclusion/inclusion_152.jpg,0,inclusion,18,10,101,198,train
/Users/christopherbrantner/local/projects/portfolio/surface-defect-classifier/results/chips/train/inclusion/inclusion_152_bb01.png,/Users/christopherbrantner/local/projects/portfolio/surface-defect-classifier/NEU-DET/train/images/inclusion/inclusion_152.jpg,1,inclusion,73,29,98,70,train
/Users/christopherbrantner/local/projects/portfolio/surface-defect-classifier/results/chips/train/inclusion/inclusion_152_bb02.png,/Users/christopherbrantner/local/projects/portfolio/surface-defect-classifier/NEU-DET/train/images/inclusion/inclusion_152.jpg,2,inclusion,65,67,108,146,train
/Users/christopherbrantner/local/projects/portfolio/surface-defect-classifier/results/chips/train/inclusion/inclusion_153_bb00.png,/Users/christopherbrantner/local/projects/portfolio/surface-defect-classifier/NEU-DET/train/images/inclusion/inclusion_153.jpg,0,inclusion,22,1,100,198,train
/Users/christopherbrantner/local/projects/portfolio/surface-defect-classifier/results/chips/train/inclusion/inclusion_153_bb01.png,/Users/christopherbrantner/local/projects/portfolio/surface-defect-classifier/NEU-DET/train/images/inclusion/inclusion_153.jpg,1,inclusion,102,1,118,48,train
/Users/christopherbrantner/local/projects/portfolio/surface-defect-classifier/results/chips/train/inclusion/inclusion_154_bb00.png,/Users/christopherbrantner/local/projects/portfolio/surface-defect-classifier/NEU-DET/train/images/inclusion/inclusion_154.jpg,0,inclusion,51,54,89,177,train
/Users/christopherbrantner/local/projects/portfolio/surface-defect-classifier/results/chips/train/inclusion/inclusion_154_bb01.png,/Users/christopherbrantner/local/projects/portfolio/surface-defect-classifier/NEU-DET/train/images/inclusion/inclusion_154.jpg,1,inclusion,92,109,119,195,train
/Users/christopherbrantner/local/projects/portfolio/surface-defect-classifier/results/chips/train/inclusion/inclusion_154_bb02.png,/Users/christopherbrantner/local/projects/portfolio/surface-defect-classifier/NEU-DET/train/images/inclusion/inclusion_154.jpg,2,inclusion,156,1,198,163,train
/Users/christopherbrantner/local/projects/portfolio/surface-defect-classifier/results/chips/train/inclusion/inclusion_154_bb03.png,/Users/christopherbrantner/local/projects/portfolio/surface-defect-classifier/NEU-DET/train/images/inclusion/inclusion_154.jpg,3,inclusion,96,10,117,58,train
/Users/christopherbrantner/local/projects/portfolio/surface-defect-classifier/results/chips/train/inclusion/inclusion_154_bb04.png,/Users/christopherbrantner/local/projects/portfolio/surface-defect-classifier/NEU-DET/train/images/inclusion/inclusion_154.jpg,4,inclusion,112,75,126,106,train
/Users/christopherbrantner/local/projects/portfolio/surface-defect-classifier/results/chips/train/inclusion/inclusion_155_bb00.png,/Users/christopherbrantner/local/projects/portfolio/surface-defect-classifier/NEU-DET/train/images/inclusion/inclusion_155.jpg,0,inclusion,86,8,118,78,train
/Users/christopherbrantner/local/projects/portfolio/surface-defect-classifier/results/chips/train/inclusion/inclusion_155_bb01.png,/Users/christopherbrantner/local/projects/portfolio/surface-defect-classifier/NEU-DET/train/images/inclusion/inclusion_155.jpg,1,inclusion,125,10,154,122,train
/Users/christopherbrantner/local/projects/portfolio/surface-defect-classifier/results/chips/train/inclusion/inclusion_155_bb02.png,/Users/christopherbrantner/local/projects/portfolio/surface-defect-classifier/NEU-DET/train/images/inclusion/inclusion_155.jpg,2,inclusion,132,113,167,198,train
/Users/christopherbrantner/local/projects/portfolio/surface-defect-classifier/results/chips/train/inclusion/inclusion_156_bb00.png,/Users/christopherbrantner/local/projects/portfolio/surface-defect-classifier/NEU-DET/train/images/inclusion/inclusion_156.jpg,0,inclusion,11,1,48,148,train
/Users/christopherbrantner/local/projects/portfolio/surface-defect-classifier/results/chips/train/inclusion/inclusion_156_bb01.png,/Users/christopherbrantner/local/projects/portfolio/surface-defect-classifier/NEU-DET/train/images/inclusion/inclusion_156.jpg,1,inclusion,106,2,142,196,train
/Users/christopherbrantner/local/projects/portfolio/surface-defect-classifier/results/chips/train/inclusion/inclusion_156_bb02.png,/Users/christopherbrantner/local/projects/portfolio/surface-defect-classifier/NEU-DET/train/images/inclusion/inclusion_156.jpg,2,inclusion,87,1,106,66,train
/Users/christopherbrantner/local/projects/portfolio/surface-defect-classifier/results/chips/train/inclusion/inclusion_157_bb00.png,/Users/christopherbrantner/local/projects/portfolio/surface-defect-classifier/NEU-DET/train/images/inclusion/inclusion_157.jpg,0,inclusion,17,79,40,169,train
/Users/christopherbrantner/local/projects/portfolio/surface-defect-classifier/results/chips/train/inclusion/inclusion_157_bb01.png,/Users/christopherbrantner/local/projects/portfolio/surface-defect-classifier/NEU-DET/train/images/inclusion/inclusion_157.jpg,1,inclusion,70,15,92,47,train
/Users/christopherbrantner/local/projects/portfolio/surface-defect-classifier/results/chips/train/inclusion/inclusion_157_bb02.png,/Users/christopherbrantner/local/projects/portfolio/surface-defect-classifier/NEU-DET/train/images/inclusion/inclusion_157.jpg,2,inclusion,71,109,144,197,train
/Users/christopherbrantner/local/projects/portfolio/surface-defect-classifier/results/chips/train/inclusion/inclusion_157_bb03.png,/Users/christopherbrantner/local/projects/portfolio/surface-defect-classifier/NEU-DET/train/images/inclusion/inclusion_157.jpg,3,inclusion,171,150,189,189,train
/Users/christopherbrantner/local/projects/portfolio/surface-defect-classifier/results/chips/train/inclusion/inclusion_157_bb04.png,/Users/christopherbrantner/local/projects/portfolio/surface-defect-classifier/NEU-DET/train/images/inclusion/inclusion_157.jpg,4,inclusion,182,1,199,37,train
/Users/christopherbrantner/local/projects/portfolio/surface-defect-classifier/results/chips/train/inclusion/inclusion_158_bb00.png,/Users/christopherbrantner/local/projects/portfolio/surface-defect-classifier/NEU-DET/train/images/inclusion/inclusion_158.jpg,0,inclusion,79,46,101,136,train
/Users/christopherbrantner/local/projects/portfolio/surface-defect-classifier/results/chips/train/inclusion/inclusion_158_bb01.png,/Users/christopherbrantner/local/projects/portfolio/surface-defect-classifier/NEU-DET/train/images/inclusion/inclusion_158.jpg,1,inclusion,130,78,198,198,train
/Users/christopherbrantner/local/projects/portfolio/surface-defect-classifier/results/chips/train/inclusion/inclusion_159_bb00.png,/Users/christopherbrantner/local/projects/portfolio/surface-defect-classifier/NEU-DET/train/images/inclusion/inclusion_159.jpg,0,inclusion,42,52,64,170,train
/Users/christopherbrantner/local/projects/portfolio/surface-defect-classifier/results/chips/train/inclusion/inclusion_159_bb01.png,/Users/christopherbrantner/local/projects/portfolio/surface-defect-classifier/NEU-DET/train/images/inclusion/inclusion_159.jpg,1,inclusion,67,1,98,198,train
/Users/christopherbrantner/local/projects/portfolio/surface-defect-classifier/results/chips/train/inclusion/inclusion_16_bb00.png,/Users/christopherbrantner/local/projects/portfolio/surface-defect-classifier/NEU-DET/train/images/inclusion/inclusion_16.jpg,0,inclusion,119,1,146,194,train
/Users/christopherbrantner/local/projects/portfolio/surface-defect-classifier/results/chips/train/inclusion/inclusion_16_bb01.png,/Users/christopherbrantner/local/projects/portfolio/surface-defect-classifier/NEU-DET/train/images/inclusion/inclusion_16.jpg,1,inclusion,168,1,194,120,train
/Users/christopherbrantner/local/projects/portfolio/surface-defect-classifier/results/chips/train/inclusion/inclusion_16_bb02.png,/Users/christopherbrantner/local/projects/portfolio/surface-defect-classifier/NEU-DET/train/images/inclusion/inclusion_16.jpg,2,inclusion,173,116,198,198,train
/Users/christopherbrantner/local/projects/portfolio/surface-defect-classifier/results/chips/train/inclusion/inclusion_160_bb00.png,/Users/christopherbrantner/local/projects/portfolio/surface-defect-classifier/NEU-DET/train/images/inclusion/inclusion_160.jpg,0,inclusion,65,25,90,198,train
/Users/christopherbrantner/local/projects/portfolio/surface-defect-classifier/results/chips/train/inclusion/inclusion_160_bb01.png,/Users/christopherbrantner/local/projects/portfolio/surface-defect-classifier/NEU-DET/train/images/inclusion/inclusion_160.jpg,1,inclusion,90,25,128,198,train
/Users/christopherbrantner/local/projects/portfolio/surface-defect-classifier/results/chips/train/inclusion/inclusion_161_bb00.png,/Users/christopherbrantner/local/projects/portfolio/surface-defect-classifier/NEU-DET/train/images/inclusion/inclusion_161.jpg,0,inclusion,47,94,118,199,train
/Users/christopherbrantner/local/projects/portfolio/surface-defect-classifier/results/chips/train/inclusion/inclusion_161_bb01.png,/Users/christopherbrantner/local/projects/portfolio/surface-defect-classifier/NEU-DET/train/images/inclusion/inclusion_161.jpg,1,inclusion,50,2,80,90,train
/Users/christopherbrantner/local/projects/portfolio/surface-defect-classifier/results/chips/train/inclusion/inclusion_161_bb02.png,/Users/christopherbrantner/local/projects/portfolio/surface-defect-classifier/NEU-DET/train/images/inclusion/inclusion_161.jpg,2,inclusion,90,1,128,117,train
/Users/christopherbrantner/local/projects/portfolio/surface-defect-classifier/results/chips/train/inclusion/inclusion_162_bb00.png,/Users/christopherbrantner/local/projects/portfolio/surface-defect-classifier/NEU-DET/train/images/inclusion/inclusion_162.jpg,0,inclusion,21,23,73,170,train
/Users/christopherbrantner/local/projects/portfolio/surface-defect-classifier/results/chips/train/inclusion/inclusion_162_bb01.png,/Users/christopherbrantner/local/projects/portfolio/surface-defect-classifier/NEU-DET/train/images/inclusion/inclusion_162.jpg,1,inclusion,85,69,138,198,train
/Users/christopherbrantner/local/projects/portfolio/surface-defect-classifier/results/chips/train/inclusion/inclusion_162_bb02.png,/Users/christopherbrantner/local/projects/portfolio/surface-defect-classifier/NEU-DET/train/images/inclusion/inclusion_162.jpg,2,inclusion,135,123,182,197,train
/Users/christopherbrantner/local/projects/portfolio/surface-defect-classifier/results/chips/train/inclusion/inclusion_162_bb03.png,/Users/christopherbrantner/local/projects/portfolio/surface-defect-classifier/NEU-DET/train/images/inclusion/inclusion_162.jpg,3,inclusion,142,86,163,131,train
/Users/christopherbrantner/local/projects/portfolio/surface-defect-classifier/results/chips/train/inclusion/inclusion_163_bb00.png,/Users/christopherbrantner/local/projects/portfolio/surface-defect-classifier/NEU-DET/train/images/inclusion/inclusion_163.jpg,0,inclusion,1,22,33,170,train
/Users/christopherbrantner/local/projects/portfolio/surface-defect-classifier/results/chips/train/inclusion/inclusion_163_bb01.png,/Users/christopherbrantner/local/projects/portfolio/surface-defect-classifier/NEU-DET/train/images/inclusion/inclusion_163.jpg,1,inclusion,47,70,108,199,train
/Users/christopherbrantner/local/projects/portfolio/surface-defect-classifier/results/chips/train/inclusion/inclusion_163_bb02.png,/Users/christopherbrantner/local/projects/portfolio/surface-defect-classifier/NEU-DET/train/images/inclusion/inclusion_163.jpg,2,inclusion,102,87,127,130,train
/Users/christopherbrantner/local/projects/portfolio/surface-defect-classifier/results/chips/train/inclusion/inclusion_163_bb03.png,/Users/christopherbrantner/local/projects/portfolio/surface-defect-classifier/NEU-DET/train/images/inclusion/inclusion_163.jpg,3,inclusion,103,133,141,200,train
/Users/christopherbrantner/local/projects/portfolio/surface-defect-classifier/results/chips/train/inclusion/inclusion_164_bb00.png,/Users/christopherbrantner/local/projects/portfolio/surface-defect-classifier/NEU-DET/train/images/inclusion/inclusion_164.jpg,0,inclusion,67,1,111,74,train
/Users/christopherbrantner/local/projects/portfolio/surface-defect-classifier/results/chips/train/inclusion/inclusion_164_bb01.png,/Users/christopherbrantner/local/projects/portfolio/surface-defect-classifier/NEU-DET/train/images/inclusion/inclusion_164.jpg,1,inclusion,136,1,198,198,train
/Users/christopherbrantner/local/projects/portfolio/surface-defect-classifier/results/chips/train/inclusion/inclusion_164_bb02.png,/Users/christopherbrantner/local/projects/portfolio/surface-defect-classifier/NEU-DET/train/images/inclusion/inclusion_164.jpg,2,inclusion,33,104,84,198,train
/Users/christopherbrantner/local/projects/portfolio/surface-defect-classifier/results/chips/train/inclusion/inclusion_164_bb03.png,/Users/christopherbrantner/local/projects/portfolio/surface-defect-classifier/NEU-DET/train/images/inclusion/inclusion_164.jpg,3,inclusion,81,83,99,132,train
/Users/christopherbrantner/local/projects/portfolio/surface-defect-classifier/results/chips/train/inclusion/inclusion_164_bb04.png,/Users/christopherbrantner/local/projects/portfolio/surface-defect-classifier/NEU-DET/train/images/inclusion/inclusion_164.jpg,4,inclusion,93,142,109,180,train
/Users/christopherbrantner/local/projects/portfolio/surface-defect-classifier/results/chips/train/inclusion/inclusion_165_bb00.png,/Users/christopherbrantner/local/projects/portfolio/surface-defect-classifier/NEU-DET/train/images/inclusion/inclusion_165.jpg,0,inclusion,1,56,21,166,train
/Users/christopherbrantner/local/projects/portfolio/surface-defect-classifier/results/chips/train/inclusion/inclusion_165_bb01.png,/Users/christopherbrantner/local/projects/portfolio/surface-defect-classifier/NEU-DET/train/images/inclusion/inclusion_165.jpg,1,inclusion,67,1,133,197,train
/Users/christopherbrantner/local/projects/portfolio/surface-defect-classifier/results/chips/train/inclusion/inclusion_165_bb02.png,/Users/christopherbrantner/local/projects/portfolio/surface-defect-classifier/NEU-DET/train/images/inclusion/inclusion_165.jpg,2,inclusion,10,18,25,50,train
/Users/christopherbrantner/local/projects/portfolio/surface-defect-classifier/results/chips/train/inclusion/inclusion_165_bb03.png,/Users/christopherbrantner/local/projects/portfolio/surface-defect-classifier/NEU-DET/train/images/inclusion/inclusion_165.jpg,3,inclusion,122,108,142,168,train
/Users/christopherbrantner/local/projects/portfolio/surface-defect-classifier/results/chips/train/inclusion/inclusion_165_bb04.png,/Users/christopherbrantner/local/projects/portfolio/surface-defect-classifier/NEU-DET/train/images/inclusion/inclusion_165.jpg,4,inclusion,7,155,28,200,train
/Users/christopherbrantner/local/projects/portfolio/surface-defect-classifier/results/chips/train/inclusion/inclusion_166_bb00.png,/Users/christopherbrantner/local/projects/portfolio/surface-defect-classifier/NEU-DET/train/images/inclusion/inclusion_166.jpg,0,inclusion,93,6,130,197,train
/Users/christopherbrantner/local/projects/portfolio/surface-defect-classifier/results/chips/train/inclusion/inclusion_166_bb01.png,/Users/christopherbrantner/local/projects/portfolio/surface-defect-classifier/NEU-DET/train/images/inclusion/inclusion_166.jpg,1,inclusion,53,4,86,73,train
/Users/christopherbrantner/local/projects/portfolio/surface-defect-classifier/results/chips/train/inclusion/inclusion_166_bb02.png,/Users/christopherbrantner/local/projects/portfolio/surface-defect-classifier/NEU-DET/train/images/inclusion/inclusion_166.jpg,2,inclusion,161,100,188,187,train
/Users/christopherbrantner/local/projects/portfolio/surface-defect-classifier/results/chips/train/inclusion/inclusion_166_bb03.png,/Users/christopherbrantner/local/projects/portfolio/surface-defect-classifier/NEU-DET/train/images/inclusion/inclusion_166.jpg,3,inclusion,171,1,199,64,train
/Users/christopherbrantner/local/projects/portfolio/surface-defect-classifier/results/chips/train/inclusion/inclusion_167_bb00.png,/Users/christopherbrantner/local/projects/portfolio/surface-defect-classifier/NEU-DET/train/images/inclusion/inclusion_167.jpg,0,inclusion,10,6,53,189,train
/Users/christopherbrantner/local/projects/portfolio/surface-defect-classifier/results/chips/train/inclusion/inclusion_167_bb01.png,/Users/christopherbrantner/local/projects/portfolio/surface-defect-classifier/NEU-DET/train/images/inclusion/inclusion_167.jpg,1,inclusion,110,1,144,200,train
/Users/christopherbrantner/local/projects/portfolio/surface-defect-classifier/results/chips/train/inclusion/inclusion_167_bb02.png,/Users/christopherbrantner/local/projects/portfolio/surface-defect-classifier/NEU-DET/train/images/inclusion/inclusion_167.jpg,2,inclusion,92,10,114,86,train
/Users/christopherbrantner/local/projects/portfolio/surface-defect-classifier/results/chips/train/inclusion/inclusion_168_bb00.png,/Users/christopherbrantner/local/projects/portfolio/surface-defect-classifier/NEU-DET/train/images/inclusion/inclusion_168.jpg,0,inclusion,1,1,44,199,train
/Users/christopherbrantner/local/projects/portfolio/surface-defect-classifier/results/chips/train/inclusion/inclusion_168_bb01.png,/Users/christopherbrantner/local/projects/portfolio/surface-defect-classifier/NEU-DET/train/images/inclusion/inclusion_168.jpg,1,inclusion,26,55,64,122,train
/Users/christopherbrantner/local/projects/portfolio/surface-defect-classifier/results/chips/train/inclusion/inclusion_168_bb02.png,/Users/christopherbrantner/local/projects/portfolio/surface-defect-classifier/NEU-DET/train/images/inclusion/inclusion_168.jpg,2,inclusion,10,9,40,47,train
/Users/christopherbrantner/local/projects/portfolio/surface-defect-classifier/results/chips/train/inclusion/inclusion_169_bb00.png,/Users/christopherbrantner/local/projects/portfolio/surface-defect-classifier/NEU-DET/train/images/inclusion/inclusion_169.jpg,0,inclusion,107,79,136,198,train
/Users/christopherbrantner/local/projects/portfolio/surface-defect-classifier/results/chips/train/inclusion/inclusion_169_bb01.png,/Users/christopherbrantner/local/projects/portfolio/surface-defect-classifier/NEU-DET/train/images/inclusion/inclusion_169.jpg,1,inclusion,75,156,99,190,train
/Users/christopherbrantner/local/projects/portfolio/surface-defect-classifier/results/chips/train/inclusion/inclusion_169_bb02.png,/Users/christopherbrantner/local/projects/portfolio/surface-defect-classifier/NEU-DET/train/images/inclusion/inclusion_169.jpg,2,inclusion,102,1,122,35,train
/Users/christopherbrantner/local/projects/portfolio/surface-defect-classifier/results/chips/train/inclusion/inclusion_17_bb00.png,/Users/christopherbrantner/local/projects/portfolio/surface-defect-classifier/NEU-DET/train/images/inclusion/inclusion_17.jpg,0,inclusion,16,77,39,198,train
/Users/christopherbrantner/local/projects/portfolio/surface-defect-classifier/results/chips/train/inclusion/inclusion_17_bb01.png,/Users/christopherbrantner/local/projects/portfolio/surface-defect-classifier/NEU-DET/train/images/inclusion/inclusion_17.jpg,1,inclusion,46,124,61,159,train
/Users/christopherbrantner/local/projects/portfolio/surface-defect-classifier/results/chips/train/inclusion/inclusion_17_bb02.png,/Users/christopherbrantner/local/projects/portfolio/surface-defect-classifier/NEU-DET/train/images/inclusion/inclusion_17.jpg,2,inclusion,123,88,150,136,train
/Users/christopherbrantner/local/projects/portfolio/surface-defect-classifier/results/chips/train/inclusion/inclusion_17_bb03.png,/Users/christopherbrantner/local/projects/portfolio/surface-defect-classifier/NEU-DET/train/images/inclusion/inclusion_17.jpg,3,inclusion,116,163,134,200,train
/Users/christopherbrantner/local/projects/portfolio/surface-defect-classifier/results/chips/train/inclusion/inclusion_17_bb04.png,/Users/christopherbrantner/local/projects/portfolio/surface-defect-classifier/NEU-DET/train/images/inclusion/inclusion_17.jpg,4,inclusion,70,42,86,74,train
/Users/christopherbrantner/local/projects/portfolio/surface-defect-classifier/results/chips/train/inclusion/inclusion_17_bb05.png,/Users/christopherbrantner/local/projects/portfolio/surface-defect-classifier/NEU-DET/train/images/inclusion/inclusion_17.jpg,5,inclusion,21,25,42,85,train
/Users/christopherbrantner/local/projects/portfolio/surface-defect-classifier/results/chips/train/inclusion/inclusion_170_bb00.png,/Users/christopherbrantner/local/projects/portfolio/surface-defect-classifier/NEU-DET/train/images/inclusion/inclusion_170.jpg,0,inclusion,77,16,129,199,train
/Users/christopherbrantner/local/projects/portfolio/surface-defect-classifier/results/chips/train/inclusion/inclusion_171_bb00.png,/Users/christopherbrantner/local/projects/portfolio/surface-defect-classifier/NEU-DET/train/images/inclusion/inclusion_171.jpg,0,inclusion,82,1,123,120,train
/Users/christopherbrantner/local/projects/portfolio/surface-defect-classifier/results/chips/train/inclusion/inclusion_171_bb01.png,/Users/christopherbrantner/local/projects/portfolio/surface-defect-classifier/NEU-DET/train/images/inclusion/inclusion_171.jpg,1,inclusion,81,134,104,198,train
/Users/christopherbrantner/local/projects/portfolio/surface-defect-classifier/results/chips/train/inclusion/inclusion_172_bb00.png,/Users/christopherbrantner/local/projects/portfolio/surface-defect-classifier/NEU-DET/train/images/inclusion/inclusion_172.jpg,0,inclusion,77,63,106,195,train
/Users/christopherbrantner/local/projects/portfolio/surface-defect-classifier/results/chips/train/inclusion/inclusion_172_bb01.png,/Users/christopherbrantner/local/projects/portfolio/surface-defect-classifier/NEU-DET/train/images/inclusion/inclusion_172.jpg,1,inclusion,82,13,103,62,train
/Users/christopherbrantner/local/projects/portfolio/surface-defect-classifier/results/chips/train/inclusion/inclusion_173_bb00.png,/Users/christopherbrantner/local/projects/portfolio/surface-defect-classifier/NEU-DET/train/images/inclusion/inclusion_173.jpg,0,inclusion,155,1,184,130,train
/Users/christopherbrantner/local/projects/portfolio/surface-defect-classifier/results/chips/train/inclusion/inclusion_173_bb01.png,/Users/christopherbrantner/local/projects/portfolio/surface-defect-classifier/NEU-DET/train/images/inclusion/inclusion_173.jpg,1,inclusion,155,143,177,180,train
/Users/christopherbrantner/local/projects/portfolio/surface-defect-classifier/results/chips/train/inclusion/inclusion_174_bb00.png,/Users/christopherbrantner/local/projects/portfolio/surface-defect-classifier/NEU-DET/train/images/inclusion/inclusion_174.jpg,0,inclusion,64,1,84,53,train
/Users/christopherbrantner/local/projects/portfolio/surface-defect-classifier/results/chips/train/inclusion/inclusion_174_bb01.png,/Users/christopherbrantner/local/projects/portfolio/surface-defect-classifier/NEU-DET/train/images/inclusion/inclusion_174.jpg,1,inclusion,66,70,89,107,train
/Users/christopherbrantner/local/projects/portfolio/surface-defect-classifier/results/chips/train/inclusion/inclusion_175_bb00.png,/Users/christopherbrantner/local/projects/portfolio/surface-defect-classifier/NEU-DET/train/images/inclusion/inclusion_175.jpg,0,inclusion,94,93,140,199,train
/Users/christopherbrantner/local/projects/portfolio/surface-defect-classifier/results/chips/train/inclusion/inclusion_175_bb01.png,/Users/christopherbrantner/local/projects/portfolio/surface-defect-classifier/NEU-DET/train/images/inclusion/inclusion_175.jpg,1,inclusion,119,74,139,115,train
/Users/christopherbrantner/local/projects/portfolio/surface-defect-classifier/results/chips/train/inclusion/inclusion_175_bb02.png,/Users/christopherbrantner/local/projects/portfolio/surface-defect-classifier/NEU-DET/train/images/inclusion/inclusion_175.jpg,2,inclusion,92,101,112,165,train
/Users/christopherbrantner/local/projects/portfolio/surface-defect-classifier/results/chips/train/inclusion/inclusion_176_bb00.png,/Users/christopherbrantner/local/projects/portfolio/surface-defect-classifier/NEU-DET/train/images/inclusion/inclusion_176.jpg,0,inclusion,76,35,114,197,train
/Users/christopherbrantner/local/projects/portfolio/surface-defect-classifier/results/chips/train/inclusion/inclusion_176_bb01.png,/Users/christopherbrantner/local/projects/portfolio/surface-defect-classifier/NEU-DET/train/images/inclusion/inclusion_176.jpg,1,inclusion,65,15,87,103,train
/Users/christopherbrantner/local/projects/portfolio/surface-defect-classifier/results/chips/train/inclusion/inclusion_176_bb02.png,/Users/christopherbrantner/local/projects/portfolio/surface-defect-classifier/NEU-DET/train/images/inclusion/inclusion_176.jpg,2,inclusion,99,1,110,23,train
/Users/christopherbrantner/local/projects/portfolio/surface-defect-classifier/results/chips/train/inclusion/inclusion_176_bb03.png,/Users/christopherbrantner/local/projects/portfolio/surface-defect-classifier/NEU-DET/train/images/inclusion/inclusion_176.jpg,3,inclusion,2,139,23,178,train
/Users/christopherbrantner/local/projects/portfolio/surface-defect-classifier/results/chips/train/inclusion/inclusion_176_bb04.png,/Users/christopherbrantner/local/projects/portfolio/surface-defect-classifier/NEU-DET/train/images/inclusion/inclusion_176.jpg,4,inclusion,97,86,117,132,train
/Users/christopherbrantner/local/projects/portfolio/surface-defect-classifier/results/chips/train/inclusion/inclusion_177_bb00.png,/Users/christopherbrantner/local/projects/portfolio/surface-defect-classifier/NEU-DET/train/images/inclusion/inclusion_177.jpg,0,inclusion,28,34,56,155,train
/Users/christopherbrantner/local/projects/portfolio/surface-defect-classifier/results/chips/train/inclusion/inclusion_177_bb01.png,/Users/christopherbrantner/local/projects/portfolio/surface-defect-classifier/NEU-DET/train/images/inclusion/inclusion_177.jpg,1,inclusion,146,104,180,164,train
/Users/christopherbrantner/local/projects/portfolio/surface-defect-classifier/results/chips/train/inclusion/inclusion_177_bb02.png,/Users/christopherbrantner/local/projects/portfolio/surface-defect-classifier/NEU-DET/train/images/inclusion/inclusion_177.jpg,2,inclusion,146,12,170,48,train
/Users/christopherbrantner/local/projects/portfolio/surface-defect-classifier/results/chips/train/inclusion/inclusion_177_bb03.png,/Users/christopherbrantner/local/projects/portfolio/surface-defect-classifier/NEU-DET/train/images/inclusion/inclusion_177.jpg,3,inclusion,92,38,108,76,train
/Users/christopherbrantner/local/projects/portfolio/surface-defect-classifier/results/chips/train/inclusion/inclusion_177_bb04.png,/Users/christopherbrantner/local/projects/portfolio/surface-defect-classifier/NEU-DET/train/images/inclusion/inclusion_177.jpg,4,inclusion,150,175,173,199,train
/Users/christopherbrantner/local/projects/portfolio/surface-defect-classifier/results/chips/train/inclusion/inclusion_178_bb00.png,/Users/christopherbrantner/local/projects/portfolio/surface-defect-classifier/NEU-DET/train/images/inclusion/inclusion_178.jpg,0,inclusion,11,132,38,182,train
/Users/christopherbrantner/local/projects/portfolio/surface-defect-classifier/results/chips/train/inclusion/inclusion_178_bb01.png,/Users/christopherbrantner/local/projects/portfolio/surface-defect-classifier/NEU-DET/train/images/inclusion/inclusion_178.jpg,1,inclusion,176,6,199,110,train
/Users/christopherbrantner/local/projects/portfolio/surface-defect-classifier/results/chips/train/inclusion/inclusion_178_bb02.png,/Users/christopherbrantner/local/projects/portfolio/surface-defect-classifier/NEU-DET/train/images/inclusion/inclusion_178.jpg,2,inclusion,113,130,135,168,train
/Users/christopherbrantner/local/projects/portfolio/surface-defect-classifier/results/chips/train/inclusion/inclusion_178_bb03.png,/Users/christopherbrantner/local/projects/portfolio/surface-defect-classifier/NEU-DET/train/images/inclusion/inclusion_178.jpg,3,inclusion,10,17,27,44,train
/Users/christopherbrantner/local/projects/portfolio/surface-defect-classifier/results/chips/train/inclusion/inclusion_179_bb00.png,/Users/christopherbrantner/local/projects/portfolio/surface-defect-classifier/NEU-DET/train/images/inclusion/inclusion_179.jpg,0,inclusion,136,11,155,53,train
/Users/christopherbrantner/local/projects/portfolio/surface-defect-classifier/results/chips/train/inclusion/inclusion_179_bb01.png,/Users/christopherbrantner/local/projects/portfolio/surface-defect-classifier/NEU-DET/train/images/inclusion/inclusion_179.jpg,1,inclusion,21,130,64,197,train
/Users/christopherbrantner/local/projects/portfolio/surface-defect-classifier/results/chips/train/inclusion/inclusion_18_bb00.png,/Users/christopherbrantner/local/projects/portfolio/surface-defect-classifier/NEU-DET/train/images/inclusion/inclusion_18.jpg,0,inclusion,156,111,181,198,train
/Users/christopherbrantner/local/projects/portfolio/surface-defect-classifier/results/chips/train/inclusion/inclusion_18_bb01.png,/Users/christopherbrantner/local/projects/portfolio/surface-defect-classifier/NEU-DET/train/images/inclusion/inclusion_18.jpg,1,inclusion,117,1,143,137,train
/Users/christopherbrantner/local/projects/portfolio/surface-defect-classifier/results/chips/train/inclusion/inclusion_18_bb02.png,/Users/christopherbrantner/local/projects/portfolio/surface-defect-classifier/NEU-DET/train/images/inclusion/inclusion_18.jpg,2,inclusion,8,1,32,161,train
/Users/christopherbrantner/local/projects/portfolio/surface-defect-classifier/results/chips/train/inclusion/inclusion_18_bb03.png,/Users/christopherbrantner/local/projects/portfolio/surface-defect-classifier/NEU-DET/train/images/inclusion/inclusion_18.jpg,3,inclusion,68,155,83,199,train
/Users/christopherbrantner/local/projects/portfolio/surface-defect-classifier/results/chips/train/inclusion/inclusion_18_bb04.png,/Users/christopherbrantner/local/projects/portfolio/surface-defect-classifier/NEU-DET/train/images/inclusion/inclusion_18.jpg,4,inclusion,72,50,87,72,train
/Users/christopherbrantner/local/projects/portfolio/surface-defect-classifier/results/chips/train/inclusion/inclusion_18_bb05.png,/Users/christopherbrantner/local/projects/portfolio/surface-defect-classifier/NEU-DET/train/images/inclusion/inclusion_18.jpg,5,inclusion,148,16,162,56,train
/Users/christopherbrantner/local/projects/portfolio/surface-defect-classifier/results/chips/train/inclusion/inclusion_18_bb06.png,/Users/christopherbrantner/local/projects/portfolio/surface-defect-classifier/NEU-DET/train/images/inclusion/inclusion_18.jpg,6,inclusion,28,138,51,186,train
/Users/christopherbrantner/local/projects/portfolio/surface-defect-classifier/results/chips/train/inclusion/inclusion_18_bb07.png,/Users/christopherbrantner/local/projects/portfolio/surface-defect-classifier/NEU-DET/train/images/inclusion/inclusion_18.jpg,7,inclusion,71,118,83,144,train
/Users/christopherbrantner/local/projects/portfolio/surface-defect-classifier/results/chips/train/inclusion/inclusion_18_bb08.png,/Users/christopherbrantner/local/projects/portfolio/surface-defect-classifier/NEU-DET/train/images/inclusion/inclusion_18.jpg,8,inclusion,69,86,90,113,train
/Users/christopherbrantner/local/projects/portfolio/surface-defect-classifier/results/chips/train/inclusion/inclusion_180_bb00.png,/Users/christopherbrantner/local/projects/portfolio/surface-defect-classifier/NEU-DET/train/images/inclusion/inclusion_180.jpg,0,inclusion,81,19,111,163,train
/Users/christopherbrantner/local/projects/portfolio/surface-defect-classifier/results/chips/train/inclusion/inclusion_180_bb01.png,/Users/christopherbrantner/local/projects/portfolio/surface-defect-classifier/NEU-DET/train/images/inclusion/inclusion_180.jpg,1,inclusion,140,51,156,86,train
/Users/christopherbrantner/local/projects/portfolio/surface-defect-classifier/results/chips/train/inclusion/inclusion_181_bb00.png,/Users/christopherbrantner/local/projects/portfolio/surface-defect-classifier/NEU-DET/train/images/inclusion/inclusion_181.jpg,0,inclusion,27,54,54,183,train
/Users/christopherbrantner/local/projects/portfolio/surface-defect-classifier/results/chips/train/inclusion/inclusion_181_bb01.png,/Users/christopherbrantner/local/projects/portfolio/surface-defect-classifier/NEU-DET/train/images/inclusion/inclusion_181.jpg,1,inclusion,56,1,83,198,train
/Users/christopherbrantner/local/projects/portfolio/surface-defect-classifier/results/chips/train/inclusion/inclusion_181_bb02.png,/Users/christopherbrantner/local/projects/portfolio/surface-defect-classifier/NEU-DET/train/images/inclusion/inclusion_181.jpg,2,inclusion,118,11,145,199,train
/Users/christopherbrantner/local/projects/portfolio/surface-defect-classifier/results/chips/train/inclusion/inclusion_182_bb00.png,/Users/christopherbrantner/local/projects/portfolio/surface-defect-classifier/NEU-DET/train/images/inclusion/inclusion_182.jpg,0,inclusion,136,1,152,67,train
/Users/christopherbrantner/local/projects/portfolio/surface-defect-classifier/results/chips/train/inclusion/inclusion_182_bb01.png,/Users/christopherbrantner/local/projects/portfolio/surface-defect-classifier/NEU-DET/train/images/inclusion/inclusion_182.jpg,1,inclusion,136,73,164,159,train
/Users/christopherbrantner/local/projects/portfolio/surface-defect-classifier/results/chips/train/inclusion/inclusion_182_bb02.png,/Users/christopherbrantner/local/projects/portfolio/surface-defect-classifier/NEU-DET/train/images/inclusion/inclusion_182.jpg,2,inclusion,145,166,165,199,train
/Users/christopherbrantner/local/projects/portfolio/surface-defect-classifier/results/chips/train/inclusion/inclusion_182_bb03.png,/Users/christopherbrantner/local/projects/portfolio/surface-defect-classifier/NEU-DET/train/images/inclusion/inclusion_182.jpg,3,inclusion,162,1,184,198,train
/Users/christopherbrantner/local/projects/portfolio/surface-defect-classifier/results/chips/train/inclusion/inclusion_183_bb00.png,/Users/christopherbrantner/local/projects/portfolio/surface-defect-classifier/NEU-DET/train/images/inclusion/inclusion_183.jpg,0,inclusion,124,1,180,197,train
/Users/christopherbrantner/local/projects/portfolio/surface-defect-classifier/results/chips/train/inclusion/inclusion_184_bb00.png,/Users/christopherbrantner/local/projects/portfolio/surface-defect-classifier/NEU-DET/train/images/inclusion/inclusion_184.jpg,0,inclusion,54,1,107,197,train
/Users/christopherbrantner/local/projects/portfolio/surface-defect-classifier/results/chips/train/inclusion/inclusion_185_bb00.png,/Users/christopherbrantner/local/projects/portfolio/surface-defect-classifier/NEU-DET/train/images/inclusion/inclusion_185.jpg,0,inclusion,27,1,79,183,train
/Users/christopherbrantner/local/projects/portfolio/surface-defect-classifier/results/chips/train/inclusion/inclusion_186_bb00.png,/Users/christopherbrantner/local/projects/portfolio/surface-defect-classifier/NEU-DET/train/images/inclusion/inclusion_186.jpg,0,inclusion,67,1,105,86,train
/Users/christopherbrantner/local/projects/portfolio/surface-defect-classifier/results/chips/train/inclusion/inclusion_186_bb01.png,/Users/christopherbrantner/local/projects/portfolio/surface-defect-classifier/NEU-DET/train/images/inclusion/inclusion_186.jpg,1,inclusion,97,130,117,199,train
/Users/christopherbrantner/local/projects/portfolio/surface-defect-classifier/results/chips/train/inclusion/inclusion_187_bb00.png,/Users/christopherbrantner/local/projects/portfolio/surface-defect-classifier/NEU-DET/train/images/inclusion/inclusion_187.jpg,0,inclusion,25,56,63,195,train
/Users/christopherbrantner/local/projects/portfolio/surface-defect-classifier/results/chips/train/inclusion/inclusion_188_bb00.png,/Users/christopherbrantner/local/projects/portfolio/surface-defect-classifier/NEU-DET/train/images/inclusion/inclusion_188.jpg,0,inclusion,90,32,129,171,train
/Users/christopherbrantner/local/projects/portfolio/surface-defect-classifier/results/chips/train/inclusion/inclusion_189_bb00.png,/Users/christopherbrantner/local/projects/portfolio/surface-defect-classifier/NEU-DET/train/images/inclusion/inclusion_189.jpg,0,inclusion,76,1,113,78,train
/Users/christopherbrantner/local/projects/portfolio/surface-defect-classifier/results/chips/train/inclusion/inclusion_189_bb01.png,/Users/christopherbrantner/local/projects/portfolio/surface-defect-classifier/NEU-DET/train/images/inclusion/inclusion_189.jpg,1,inclusion,76,84,94,138,train
/Users/christopherbrantner/local/projects/portfolio/surface-defect-classifier/results/chips/train/inclusion/inclusion_189_bb02.png,/Users/christopherbrantner/local/projects/portfolio/surface-defect-classifier/NEU-DET/train/images/inclusion/inclusion_189.jpg,2,inclusion,115,45,129,86,train
/Users/christopherbrantner/local/projects/portfolio/surface-defect-classifier/results/chips/train/inclusion/inclusion_19_bb00.png,/Users/christopherbrantner/local/projects/portfolio/surface-defect-classifier/NEU-DET/train/images/inclusion/inclusion_19.jpg,0,inclusion,127,1,152,179,train
/Users/christopherbrantner/local/projects/portfolio/surface-defect-classifier/results/chips/train/inclusion/inclusion_19_bb01.png,/Users/christopherbrantner/local/projects/portfolio/surface-defect-classifier/NEU-DET/train/images/inclusion/inclusion_19.jpg,1,inclusion,173,1,199,91,train
/Users/christopherbrantner/local/projects/portfolio/surface-defect-classifier/results/chips/train/inclusion/inclusion_19_bb02.png,/Users/christopherbrantner/local/projects/portfolio/surface-defect-classifier/NEU-DET/train/images/inclusion/inclusion_19.jpg,2,inclusion,176,81,192,148,train
/Users/christopherbrantner/local/projects/portfolio/surface-defect-classifier/results/chips/train/inclusion/inclusion_190_bb00.png,/Users/christopherbrantner/local/projects/portfolio/surface-defect-classifier/NEU-DET/train/images/inclusion/inclusion_190.jpg,0,inclusion,15,31,28,69,train
/Users/christopherbrantner/local/projects/portfolio/surface-defect-classifier/results/chips/train/inclusion/inclusion_190_bb01.png,/Users/christopherbrantner/local/projects/portfolio/surface-defect-classifier/NEU-DET/train/images/inclusion/inclusion_190.jpg,1,inclusion,26,41,59,198,train
/Users/christopherbrantner/local/projects/portfolio/surface-defect-classifier/results/chips/train/inclusion/inclusion_190_bb02.png,/Users/christopherbrantner/local/projects/portfolio/surface-defect-classifier/NEU-DET/train/images/inclusion/inclusion_190.jpg,2,inclusion,59,12,103,198,train
/Users/christopherbrantner/local/projects/portfolio/surface-defect-classifier/results/chips/train/inclusion/inclusion_190_bb03.png,/Users/christopherbrantner/local/projects/portfolio/surface-defect-classifier/NEU-DET/train/images/inclusion/inclusion_190.jpg,3,inclusion,134,1,149,43,train
/Users/christopherbrantner/local/projects/portfolio/surface-defect-classifier/results/chips/train/inclusion/inclusion_191_bb00.png,/Users/christopherbrantner/local/projects/portfolio/surface-defect-classifier/NEU-DET/train/images/inclusion/inclusion_191.jpg,0,inclusion,163,29,197,197,train
/Users/christopherbrantner/local/projects/portfolio/surface-defect-classifier/results/chips/train/inclusion/inclusion_191_bb01.png,/Users/christopherbrantner/local/projects/portfolio/surface-defect-classifier/NEU-DET/train/images/inclusion/inclusion_191.jpg,1,inclusion,150,16,166,59,train
/Users/christopherbrantner/local/projects/portfolio/surface-defect-classifier/results/chips/train/inclusion/inclusion_192_bb00.png,/Users/christopherbrantner/local/projects/portfolio/surface-defect-classifier/NEU-DET/train/images/inclusion/inclusion_192.jpg,0,inclusion,51,1,71,63,train
/Users/christopherbrantner/local/projects/portfolio/surface-defect-classifier/results/chips/train/inclusion/inclusion_192_bb01.png,/Users/christopherbrantner/local/projects/portfolio/surface-defect-classifier/NEU-DET/train/images/inclusion/inclusion_192.jpg,1,inclusion,6,1,36,66,train
/Users/christopherbrantner/local/projects/portfolio/surface-defect-classifier/results/chips/train/inclusion/inclusion_192_bb02.png,/Users/christopherbrantner/local/projects/portfolio/surface-defect-classifier/NEU-DET/train/images/inclusion/inclusion_192.jpg,2,inclusion,24,64,52,188,train
/Users/christopherbrantner/local/projects/portfolio/surface-defect-classifier/results/chips/train/inclusion/inclusion_193_bb00.png,/Users/christopherbrantner/local/projects/portfolio/surface-defect-classifier/NEU-DET/train/images/inclusion/inclusion_193.jpg,0,inclusion,121,20,145,131,train
/Users/christopherbrantner/local/projects/portfolio/surface-defect-classifier/results/chips/train/inclusion/inclusion_193_bb01.png,/Users/christopherbrantner/local/projects/portfolio/surface-defect-classifier/NEU-DET/train/images/inclusion/inclusion_193.jpg,1,inclusion,161,34,190,151,train
/Users/christopherbrantner/local/projects/portfolio/surface-defect-classifier/results/chips/train/inclusion/inclusion_193_bb02.png,/Users/christopherbrantner/local/projects/portfolio/surface-defect-classifier/NEU-DET/train/images/inclusion/inclusion_193.jpg,2,inclusion,147,1,164,30,train
/Users/christopherbrantner/local/projects/portfolio/surface-defect-classifier/results/chips/train/inclusion/inclusion_194_bb00.png,/Users/christopherbrantner/local/projects/portfolio/surface-defect-classifier/NEU-DET/train/images/inclusion/inclusion_194.jpg,0,inclusion,30,69,56,194,train
/Users/christopherbrantner/local/projects/portfolio/surface-defect-classifier/results/chips/train/inclusion/inclusion_194_bb01.png,/Users/christopherbrantner/local/projects/portfolio/surface-defect-classifier/NEU-DET/train/images/inclusion/inclusion_194.jpg,1,inclusion,122,40,148,117,train
/Users/christopherbrantner/local/projects/portfolio/surface-defect-classifier/results/chips/train/inclusion/inclusion_195_bb00.png,/Users/christopherbrantner/local/projects/portfolio/surface-defect-classifier/NEU-DET/train/images/inclusion/inclusion_195.jpg,0,inclusion,56,54,94,167,train
/Users/christopherbrantner/local/projects/portfolio/surface-defect-classifier/results/chips/train/inclusion/inclusion_196_bb00.png,/Users/christopherbrantner/local/projects/portfolio/surface-defect-classifier/NEU-DET/train/images/inclusion/inclusion_196.jpg,0,inclusion,125,44,149,198,train
/Users/christopherbrantner/local/projects/portfolio/surface-defect-classifier/results/chips/train/inclusion/inclusion_196_bb01.png,/Users/christopherbrantner/local/projects/portfolio/surface-defect-classifier/NEU-DET/train/images/inclusion/inclusion_196.jpg,1,inclusion,34,63,52,113,train
/Users/christopherbrantner/local/projects/portfolio/surface-defect-classifier/results/chips/train/inclusion/inclusion_196_bb02.png,/Users/christopherbrantner/local/projects/portfolio/surface-defect-classifier/NEU-DET/train/images/inclusion/inclusion_196.jpg,2,inclusion,166,75,198,196,train
/Users/christopherbrantner/local/projects/portfolio/surface-defect-classifier/results/chips/train/inclusion/inclusion_196_bb03.png,/Users/christopherbrantner/local/projects/portfolio/surface-defect-classifier/NEU-DET/train/images/inclusion/inclusion_196.jpg,3,inclusion,130,8,151,65,train
/Users/christopherbrantner/local/projects/portfolio/surface-defect-classifier/results/chips/train/inclusion/inclusion_197_bb00.png,/Users/christopherbrantner/local/projects/portfolio/surface-defect-classifier/NEU-DET/train/images/inclusion/inclusion_197.jpg,0,inclusion,71,25,115,198,train
/Users/christopherbrantner/local/projects/portfolio/surface-defect-classifier/results/chips/train/inclusion/inclusion_198_bb00.png,/Users/christopherbrantner/local/projects/portfolio/surface-defect-classifier/NEU-DET/train/images/inclusion/inclusion_198.jpg,0,inclusion,53,10,115,198,train
/Users/christopherbrantner/local/projects/portfolio/surface-defect-classifier/results/chips/train/inclusion/inclusion_198_bb01.png,/Users/christopherbrantner/local/projects/portfolio/surface-defect-classifier/NEU-DET/train/images/inclusion/inclusion_198.jpg,1,inclusion,157,118,175,157,train
/Users/christopherbrantner/local/projects/portfolio/surface-defect-classifier/results/chips/train/inclusion/inclusion_199_bb00.png,/Users/christopherbrantner/local/projects/portfolio/surface-defect-classifier/NEU-DET/train/images/inclusion/inclusion_199.jpg,0,inclusion,46,1,85,197,train
/Users/christopherbrantner/local/projects/portfolio/surface-defect-classifier/results/chips/train/inclusion/inclusion_199_bb01.png,/Users/christopherbrantner/local/projects/portfolio/surface-defect-classifier/NEU-DET/train/images/inclusion/inclusion_199.jpg,1,inclusion,26,1,46,51,train
/Users/christopherbrantner/local/projects/portfolio/surface-defect-classifier/results/chips/train/inclusion/inclusion_2_bb00.png,/Users/christopherbrantner/local/projects/portfolio/surface-defect-classifier/NEU-DET/train/images/inclusion/inclusion_2.jpg,0,inclusion,23,98,39,132,train
/Users/christopherbrantner/local/projects/portfolio/surface-defect-classifier/results/chips/train/inclusion/inclusion_2_bb01.png,/Users/christopherbrantner/local/projects/portfolio/surface-defect-classifier/NEU-DET/train/images/inclusion/inclusion_2.jpg,1,inclusion,108,128,123,156,train
/Users/christopherbrantner/local/projects/portfolio/surface-defect-classifier/results/chips/train/inclusion/inclusion_2_bb02.png,/Users/christopherbrantner/local/projects/portfolio/surface-defect-classifier/NEU-DET/train/images/inclusion/inclusion_2.jpg,2,inclusion,106,166,132,199,train
/Users/christopherbrantner/local/projects/portfolio/surface-defect-classifier/results/chips/train/inclusion/inclusion_20_bb00.png,/Users/christopherbrantner/local/projects/portfolio/surface-defect-classifier/NEU-DET/train/images/inclusion/inclusion_20.jpg,0,inclusion,64,1,100,198,train
/Users/christopherbrantner/local/projects/portfolio/surface-defect-classifier/results/chips/train/inclusion/inclusion_20_bb01.png,/Users/christopherbrantner/local/projects/portfolio/surface-defect-classifier/NEU-DET/train/images/inclusion/inclusion_20.jpg,1,inclusion,123,1,149,160,train
/Users/christopherbrantner/local/projects/portfolio/surface-defect-classifier/results/chips/train/inclusion/inclusion_20_bb02.png,/Users/christopherbrantner/local/projects/portfolio/surface-defect-classifier/NEU-DET/train/images/inclusion/inclusion_20.jpg,2,inclusion,162,48,198,198,train
/Users/christopherbrantner/local/projects/portfolio/surface-defect-classifier/results/chips/train/inclusion/inclusion_20_bb03.png,/Users/christopherbrantner/local/projects/portfolio/surface-defect-classifier/NEU-DET/train/images/inclusion/inclusion_20.jpg,3,inclusion,124,157,142,200,train
/Users/christopherbrantner/local/projects/portfolio/surface-defect-classifier/results/chips/train/inclusion/inclusion_200_bb00.png,/Users/christopherbrantner/local/projects/portfolio/surface-defect-classifier/NEU-DET/train/images/inclusion/inclusion_200.jpg,0,inclusion,135,1,181,198,train
/Users/christopherbrantner/local/projects/portfolio/surface-defect-classifier/results/chips/train/inclusion/inclusion_201_bb00.png,/Users/christopherbrantner/local/projects/portfolio/surface-defect-classifier/NEU-DET/train/images/inclusion/inclusion_201.jpg,0,inclusion,52,1,105,198,train
/Users/christopherbrantner/local/projects/portfolio/surface-defect-classifier/results/chips/train/inclusion/inclusion_201_bb01.png,/Users/christopherbrantner/local/projects/portfolio/surface-defect-classifier/NEU-DET/train/images/inclusion/inclusion_201.jpg,1,inclusion,117,94,139,168,train
/Users/christopherbrantner/local/projects/portfolio/surface-defect-classifier/results/chips/train/inclusion/inclusion_202_bb00.png,/Users/christopherbrantner/local/projects/portfolio/surface-defect-classifier/NEU-DET/train/images/inclusion/inclusion_202.jpg,0,inclusion,27,1,82,199,train
/Users/christopherbrantner/local/projects/portfolio/surface-defect-classifier/results/chips/train/inclusion/inclusion_203_bb00.png,/Users/christopherbrantner/local/projects/portfolio/surface-defect-classifier/NEU-DET/train/images/inclusion/inclusion_203.jpg,0,inclusion,33,3,76,197,train
/Users/christopherbrantner/local/projects/portfolio/surface-defect-classifier/results/chips/train/inclusion/inclusion_204_bb00.png,/Users/christopherbrantner/local/projects/portfolio/surface-defect-classifier/NEU-DET/train/images/inclusion/inclusion_204.jpg,0,inclusion,111,38,136,154,train
/Users/christopherbrantner/local/projects/portfolio/surface-defect-classifier/results/chips/train/inclusion/inclusion_204_bb01.png,/Users/christopherbrantner/local/projects/portfolio/surface-defect-classifier/NEU-DET/train/images/inclusion/inclusion_204.jpg,1,inclusion,18,174,38,198,train
/Users/christopherbrantner/local/projects/portfolio/surface-defect-classifier/results/chips/train/inclusion/inclusion_205_bb00.png,/Users/christopherbrantner/local/projects/portfolio/surface-defect-classifier/NEU-DET/train/images/inclusion/inclusion_205.jpg,0,inclusion,20,64,45,184,train
/Users/christopherbrantner/local/projects/portfolio/surface-defect-classifier/results/chips/train/inclusion/inclusion_205_bb01.png,/Users/christopherbrantner/local/projects/portfolio/surface-defect-classifier/NEU-DET/train/images/inclusion/inclusion_205.jpg,1,inclusion,127,11,170,198,train
/Users/christopherbrantner/local/projects/portfolio/surface-defect-classifier/results/chips/train/inclusion/inclusion_206_bb00.png,/Users/christopherbrantner/local/projects/portfolio/surface-defect-classifier/NEU-DET/train/images/inclusion/inclusion_206.jpg,0,inclusion,25,113,45,184,train
/Users/christopherbrantner/local/projects/portfolio/surface-defect-classifier/results/chips/train/inclusion/inclusion_206_bb01.png,/Users/christopherbrantner/local/projects/portfolio/surface-defect-classifier/NEU-DET/train/images/inclusion/inclusion_206.jpg,1,inclusion,76,97,96,160,train
/Users/christopherbrantner/local/projects/portfolio/surface-defect-classifier/results/chips/train/inclusion/inclusion_206_bb02.png,/Users/christopherbrantner/local/projects/portfolio/surface-defect-classifier/NEU-DET/train/images/inclusion/inclusion_206.jpg,2,inclusion,172,1,192,78,train
/Users/christopherbrantner/local/projects/portfolio/surface-defect-classifier/results/chips/train/inclusion/inclusion_207_bb00.png,/Users/christopherbrantner/local/projects/portfolio/surface-defect-classifier/NEU-DET/train/images/inclusion/inclusion_207.jpg,0,inclusion,74,14,102,71,train
/Users/christopherbrantner/local/projects/portfolio/surface-defect-classifier/results/chips/train/inclusion/inclusion_207_bb01.png,/Users/christopherbrantner/local/projects/portfolio/surface-defect-classifier/NEU-DET/train/images/inclusion/inclusion_207.jpg,1,inclusion,103,8,124,39,train
/Users/christopherbrantner/local/projects/portfolio/surface-defect-classifier/results/chips/train/inclusion/inclusion_207_bb02.png,/Users/christopherbrantner/local/projects/portfolio/surface-defect-classifier/NEU-DET/train/images/inclusion/inclusion_207.jpg,2,inclusion,115,143,150,187,train
/Users/christopherbrantner/local/projects/portfolio/surface-defect-classifier/results/chips/train/inclusion/inclusion_207_bb03.png,/Users/christopherbrantner/local/projects/portfolio/surface-defect-classifier/NEU-DET/train/images/inclusion/inclusion_207.jpg,3,inclusion,77,109,93,140,train
/Users/christopherbrantner/local/projects/portfolio/surface-defect-classifier/results/chips/train/inclusion/inclusion_208_bb00.png,/Users/christopherbrantner/local/projects/portfolio/surface-defect-classifier/NEU-DET/train/images/inclusion/inclusion_208.jpg,0,inclusion,87,1,107,47,train
/Users/christopherbrantner/local/projects/portfolio/surface-defect-classifier/results/chips/train/inclusion/inclusion_208_bb01.png,/Users/christopherbrantner/local/projects/portfolio/surface-defect-classifier/NEU-DET/train/images/inclusion/inclusion_208.jpg,1,inclusion,42,79,107,198,train
/Users/christopherbrantner/local/projects/portfolio/surface-defect-classifier/results/chips/train/inclusion/inclusion_209_bb00.png,/Users/christopherbrantner/local/projects/portfolio/surface-defect-classifier/NEU-DET/train/images/inclusion/inclusion_209.jpg,0,inclusion,33,3,84,198,train
/Users/christopherbrantner/local/projects/portfolio/surface-defect-classifier/results/chips/train/inclusion/inclusion_209_bb01.png,/Users/christopherbrantner/local/projects/portfolio/surface-defect-classifier/NEU-DET/train/images/inclusion/inclusion_209.jpg,1,inclusion,80,69,104,115,train
/Users/christopherbrantner/local/projects/portfolio/surface-defect-classifier/results/chips/train/inclusion/inclusion_21_bb00.png,/Users/christopherbrantner/local/projects/portfolio/surface-defect-classifier/NEU-DET/train/images/inclusion/inclusion_21.jpg,0,inclusion,51,1,94,193,train
/Users/christopherbrantner/local/projects/portfolio/surface-defect-classifier/results/chips/train/inclusion/inclusion_21_bb01.png,/Users/christopherbrantner/local/projects/portfolio/surface-defect-classifier/NEU-DET/train/images/inclusion/inclusion_21.jpg,1,inclusion,105,1,132,198,train
/Users/christopherbrantner/local/projects/portfolio/surface-defect-classifier/results/chips/train/inclusion/inclusion_21_bb02.png,/Users/christopherbrantner/local/projects/portfolio/surface-defect-classifier/NEU-DET/train/images/inclusion/inclusion_21.jpg,2,inclusion,143,1,190,196,train
/Users/christopherbrantner/local/projects/portfolio/surface-defect-classifier/results/chips/train/inclusion/inclusion_21_bb03.png,/Users/christopherbrantner/local/projects/portfolio/surface-defect-classifier/NEU-DET/train/images/inclusion/inclusion_21.jpg,3,inclusion,19,163,37,199,train
/Users/christopherbrantner/local/projects/portfolio/surface-defect-classifier/results/chips/train/inclusion/inclusion_210_bb00.png,/Users/christopherbrantner/local/projects/portfolio/surface-defect-classifier/NEU-DET/train/images/inclusion/inclusion_210.jpg,0,inclusion,90,31,133,171,train
/Users/christopherbrantner/local/projects/portfolio/surface-defect-classifier/results/chips/train/inclusion/inclusion_211_bb00.png,/Users/christopherbrantner/local/projects/portfolio/surface-defect-classifier/NEU-DET/train/images/inclusion/inclusion_211.jpg,0,inclusion,71,1,108,72,train
/Users/christopherbrantner/local/projects/portfolio/surface-defect-classifier/results/chips/train/inclusion/inclusion_211_bb01.png,/Users/christopherbrantner/local/projects/portfolio/surface-defect-classifier/NEU-DET/train/images/inclusion/inclusion_211.jpg,1,inclusion,88,117,125,199,train
/Users/christopherbrantner/local/projects/portfolio/surface-defect-classifier/results/chips/train/inclusion/inclusion_212_bb00.png,/Users/christopherbrantner/local/projects/portfolio/surface-defect-classifier/NEU-DET/train/images/inclusion/inclusion_212.jpg,0,inclusion,43,43,78,163,train
/Users/christopherbrantner/local/projects/portfolio/surface-defect-classifier/results/chips/train/inclusion/inclusion_212_bb01.png,/Users/christopherbrantner/local/projects/portfolio/surface-defect-classifier/NEU-DET/train/images/inclusion/inclusion_212.jpg,1,inclusion,162,85,185,126,train
/Users/christopherbrantner/local/projects/portfolio/surface-defect-classifier/results/chips/train/inclusion/inclusion_213_bb00.png,/Users/christopherbrantner/local/projects/portfolio/surface-defect-classifier/NEU-DET/train/images/inclusion/inclusion_213.jpg,0,inclusion,119,56,146,199,train
/Users/christopherbrantner/local/projects/portfolio/surface-defect-classifier/results/chips/train/inclusion/inclusion_213_bb01.png,/Users/christopherbrantner/local/projects/portfolio/surface-defect-classifier/NEU-DET/train/images/inclusion/inclusion_213.jpg,1,inclusion,28,79,49,128,train
/Users/christopherbrantner/local/projects/portfolio/surface-defect-classifier/results/chips/train/inclusion/inclusion_213_bb02.png,/Users/christopherbrantner/local/projects/portfolio/surface-defect-classifier/NEU-DET/train/images/inclusion/inclusion_213.jpg,2,inclusion,124,24,147,96,train
/Users/christopherbrantner/local/projects/portfolio/surface-defect-classifier/results/chips/train/inclusion/inclusion_214_bb00.png,/Users/christopherbrantner/local/projects/portfolio/surface-defect-classifier/NEU-DET/train/images/inclusion/inclusion_214.jpg,0,inclusion,70,26,108,197,train
/Users/christopherbrantner/local/projects/portfolio/surface-defect-classifier/results/chips/train/inclusion/inclusion_214_bb01.png,/Users/christopherbrantner/local/projects/portfolio/surface-defect-classifier/NEU-DET/train/images/inclusion/inclusion_214.jpg,1,inclusion,38,140,56,182,train
/Users/christopherbrantner/local/projects/portfolio/surface-defect-classifier/results/chips/train/inclusion/inclusion_215_bb00.png,/Users/christopherbrantner/local/projects/portfolio/surface-defect-classifier/NEU-DET/train/images/inclusion/inclusion_215.jpg,0,inclusion,77,1,126,199,train
/Users/christopherbrantner/local/projects/portfolio/surface-defect-classifier/results/chips/train/inclusion/inclusion_215_bb01.png,/Users/christopherbrantner/local/projects/portfolio/surface-defect-classifier/NEU-DET/train/images/inclusion/inclusion_215.jpg,1,inclusion,59,136,83,199,train
/Users/christopherbrantner/local/projects/portfolio/surface-defect-classifier/results/chips/train/inclusion/inclusion_215_bb02.png,/Users/christopherbrantner/local/projects/portfolio/surface-defect-classifier/NEU-DET/train/images/inclusion/inclusion_215.jpg,2,inclusion,61,13,82,63,train
/Users/christopherbrantner/local/projects/portfolio/surface-defect-classifier/results/chips/train/inclusion/inclusion_216_bb00.png,/Users/christopherbrantner/local/projects/portfolio/surface-defect-classifier/NEU-DET/train/images/inclusion/inclusion_216.jpg,0,inclusion,44,1,107,197,train
/Users/christopherbrantner/local/projects/portfolio/surface-defect-classifier/results/chips/train/inclusion/inclusion_216_bb01.png,/Users/christopherbrantner/local/projects/portfolio/surface-defect-classifier/NEU-DET/train/images/inclusion/inclusion_216.jpg,1,inclusion,147,67,168,110,train
/Users/christopherbrantner/local/projects/portfolio/surface-defect-classifier/results/chips/train/inclusion/inclusion_217_bb00.png,/Users/christopherbrantner/local/projects/portfolio/surface-defect-classifier/NEU-DET/train/images/inclusion/inclusion_217.jpg,0,inclusion,55,1,108,195,train
/Users/christopherbrantner/local/projects/portfolio/surface-defect-classifier/results/chips/train/inclusion/inclusion_217_bb01.png,/Users/christopherbrantner/local/projects/portfolio/surface-defect-classifier/NEU-DET/train/images/inclusion/inclusion_217.jpg,1,inclusion,42,1,72,90,train
/Users/christopherbrantner/local/projects/portfolio/surface-defect-classifier/results/chips/train/inclusion/inclusion_218_bb00.png,/Users/christopherbrantner/local/projects/portfolio/surface-defect-classifier/NEU-DET/train/images/inclusion/inclusion_218.jpg,0,inclusion,56,71,93,144,train
/Users/christopherbrantner/local/projects/portfolio/surface-defect-classifier/results/chips/train/inclusion/inclusion_218_bb01.png,/Users/christopherbrantner/local/projects/portfolio/surface-defect-classifier/NEU-DET/train/images/inclusion/inclusion_218.jpg,1,inclusion,109,65,139,145,train
/Users/christopherbrantner/local/projects/portfolio/surface-defect-classifier/results/chips/train/inclusion/inclusion_218_bb02.png,/Users/christopherbrantner/local/projects/portfolio/surface-defect-classifier/NEU-DET/train/images/inclusion/inclusion_218.jpg,2,inclusion,89,73,113,112,train
/Users/christopherbrantner/local/projects/portfolio/surface-defect-classifier/results/chips/train/inclusion/inclusion_219_bb00.png,/Users/christopherbrantner/local/projects/portfolio/surface-defect-classifier/NEU-DET/train/images/inclusion/inclusion_219.jpg,0,inclusion,110,93,133,179,train
/Users/christopherbrantner/local/projects/portfolio/surface-defect-classifier/results/chips/train/inclusion/inclusion_219_bb01.png,/Users/christopherbrantner/local/projects/portfolio/surface-defect-classifier/NEU-DET/train/images/inclusion/inclusion_219.jpg,1,inclusion,87,52,108,91,train
/Users/christopherbrantner/local/projects/portfolio/surface-defect-classifier/results/chips/train/inclusion/inclusion_22_bb00.png,/Users/christopherbrantner/local/projects/portfolio/surface-defect-classifier/NEU-DET/train/images/inclusion/inclusion_22.jpg,0,inclusion,48,4,94,181,train
/Users/christopherbrantner/local/projects/portfolio/surface-defect-classifier/results/chips/train/inclusion/inclusion_22_bb01.png,/Users/christopherbrantner/local/projects/portfolio/surface-defect-classifier/NEU-DET/train/images/inclusion/inclusion_22.jpg,1,inclusion,99,52,124,110,train
/Users/christopherbrantner/local/projects/portfolio/surface-defect-classifier/results/chips/train/inclusion/inclusion_22_bb02.png,/Users/christopherbrantner/local/projects/portfolio/surface-defect-classifier/NEU-DET/train/images/inclusion/inclusion_22.jpg,2,inclusion,144,2,189,188,train
/Users/christopherbrantner/local/projects/portfolio/surface-defect-classifier/results/chips/train/inclusion/inclusion_22_bb03.png,/Users/christopherbrantner/local/projects/portfolio/surface-defect-classifier/NEU-DET/train/images/inclusion/inclusion_22.jpg,3,inclusion,24,20,45,103,train
/Users/christopherbrantner/local/projects/portfolio/surface-defect-classifier/results/chips/train/inclusion/inclusion_220_bb00.png,/Users/christopherbrantner/local/projects/portfolio/surface-defect-classifier/NEU-DET/train/images/inclusion/inclusion_220.jpg,0,inclusion,53,11,96,199,train
/Users/christopherbrantner/local/projects/portfolio/surface-defect-classifier/results/chips/train/inclusion/inclusion_220_bb01.png,/Users/christopherbrantner/local/projects/portfolio/surface-defect-classifier/NEU-DET/train/images/inclusion/inclusion_220.jpg,1,inclusion,41,5,57,33,train
/Users/christopherbrantner/local/projects/portfolio/surface-defect-classifier/results/chips/train/inclusion/inclusion_221_bb00.png,/Users/christopherbrantner/local/projects/portfolio/surface-defect-classifier/NEU-DET/train/images/inclusion/inclusion_221.jpg,0,inclusion,35,61,61,195,train
/Users/christopherbrantner/local/projects/portfolio/surface-defect-classifier/results/chips/train/inclusion/inclusion_221_bb01.png,/Users/christopherbrantner/local/projects/portfolio/surface-defect-classifier/NEU-DET/train/images/inclusion/inclusion_221.jpg,1,inclusion,138,12,182,199,train
/Users/christopherbrantner/local/projects/portfolio/surface-defect-classifier/results/chips/train/inclusion/inclusion_221_bb02.png,/Users/christopherbrantner/local/projects/portfolio/surface-defect-classifier/NEU-DET/train/images/inclusion/inclusion_221.jpg,2,inclusion,127,11,143,34,train
/Users/christopherbrantner/local/projects/portfolio/surface-defect-classifier/results/chips/train/inclusion/inclusion_222_bb00.png,/Users/christopherbrantner/local/projects/portfolio/surface-defect-classifier/NEU-DET/train/images/inclusion/inclusion_222.jpg,0,inclusion,122,30,149,166,train
/Users/christopherbrantner/local/projects/portfolio/surface-defect-classifier/results/chips/train/inclusion/inclusion_222_bb01.png,/Users/christopherbrantner/local/projects/portfolio/surface-defect-classifier/NEU-DET/train/images/inclusion/inclusion_222.jpg,1,inclusion,27,177,49,199,train
/Users/christopherbrantner/local/projects/portfolio/surface-defect-classifier/results/chips/train/inclusion/inclusion_223_bb00.png,/Users/christopherbrantner/local/projects/portfolio/surface-defect-classifier/NEU-DET/train/images/inclusion/inclusion_223.jpg,0,inclusion,58,14,79,84,train
/Users/christopherbrantner/local/projects/portfolio/surface-defect-classifier/results/chips/train/inclusion/inclusion_223_bb01.png,/Users/christopherbrantner/local/projects/portfolio/surface-defect-classifier/NEU-DET/train/images/inclusion/inclusion_223.jpg,1,inclusion,53,115,78,177,train
/Users/christopherbrantner/local/projects/portfolio/surface-defect-classifier/results/chips/train/inclusion/inclusion_223_bb02.png,/Users/christopherbrantner/local/projects/portfolio/surface-defect-classifier/NEU-DET/train/images/inclusion/inclusion_223.jpg,2,inclusion,110,1,131,63,train
/Users/christopherbrantner/local/projects/portfolio/surface-defect-classifier/results/chips/train/inclusion/inclusion_223_bb03.png,/Users/christopherbrantner/local/projects/portfolio/surface-defect-classifier/NEU-DET/train/images/inclusion/inclusion_223.jpg,3,inclusion,84,111,102,142,train
/Users/christopherbrantner/local/projects/portfolio/surface-defect-classifier/results/chips/train/inclusion/inclusion_224_bb00.png,/Users/christopherbrantner/local/projects/portfolio/surface-defect-classifier/NEU-DET/train/images/inclusion/inclusion_224.jpg,0,inclusion,79,42,126,198,train
/Users/christopherbrantner/local/projects/portfolio/surface-defect-classifier/results/chips/train/inclusion/inclusion_224_bb01.png,/Users/christopherbrantner/local/projects/portfolio/surface-defect-classifier/NEU-DET/train/images/inclusion/inclusion_224.jpg,1,inclusion,70,26,87,67,train
/Users/christopherbrantner/local/projects/portfolio/surface-defect-classifier/results/chips/train/inclusion/inclusion_225_bb00.png,/Users/christopherbrantner/local/projects/portfolio/surface-defect-classifier/NEU-DET/train/images/inclusion/inclusion_225.jpg,0,inclusion,28,2,64,194,train
/Users/christopherbrantner/local/projects/portfolio/surface-defect-classifier/results/chips/train/inclusion/inclusion_225_bb01.png,/Users/christopherbrantner/local/projects/portfolio/surface-defect-classifier/NEU-DET/train/images/inclusion/inclusion_225.jpg,1,inclusion,68,14,84,74,train
/Users/christopherbrantner/local/projects/portfolio/surface-defect-classifier/results/chips/train/inclusion/inclusion_226_bb00.png,/Users/christopherbrantner/local/projects/portfolio/surface-defect-classifier/NEU-DET/train/images/inclusion/inclusion_226.jpg,0,inclusion,29,16,67,199,train
/Users/christopherbrantner/local/projects/portfolio/surface-defect-classifier/results/chips/train/inclusion/inclusion_227_bb00.png,/Users/christopherbrantner/local/projects/portfolio/surface-defect-classifier/NEU-DET/train/images/inclusion/inclusion_227.jpg,0,inclusion,30,155,48,199,train
/Users/christopherbrantner/local/projects/portfolio/surface-defect-classifier/results/chips/train/inclusion/inclusion_227_bb01.png,/Users/christopherbrantner/local/projects/portfolio/surface-defect-classifier/NEU-DET/train/images/inclusion/inclusion_227.jpg,1,inclusion,65,2,95,65,train
/Users/christopherbrantner/local/projects/portfolio/surface-defect-classifier/results/chips/train/inclusion/inclusion_228_bb00.png,/Users/christopherbrantner/local/projects/portfolio/surface-defect-classifier/NEU-DET/train/images/inclusion/inclusion_228.jpg,0,inclusion,93,94,108,130,train
/Users/christopherbrantner/local/projects/portfolio/surface-defect-classifier/results/chips/train/inclusion/inclusion_229_bb00.png,/Users/christopherbrantner/local/projects/portfolio/surface-defect-classifier/NEU-DET/train/images/inclusion/inclusion_229.jpg,0,inclusion,31,23,58,184,train
/Users/christopherbrantner/local/projects/portfolio/surface-defect-classifier/results/chips/train/inclusion/inclusion_23_bb00.png,/Users/christopherbrantner/local/projects/portfolio/surface-defect-classifier/NEU-DET/train/images/inclusion/inclusion_23.jpg,0,inclusion,23,10,87,199,train
/Users/christopherbrantner/local/projects/portfolio/surface-defect-classifier/results/chips/train/inclusion/inclusion_23_bb01.png,/Users/christopherbrantner/local/projects/portfolio/surface-defect-classifier/NEU-DET/train/images/inclusion/inclusion_23.jpg,1,inclusion,109,98,132,198,train
/Users/christopherbrantner/local/projects/portfolio/surface-defect-classifier/results/chips/train/inclusion/inclusion_23_bb02.png,/Users/christopherbrantner/local/projects/portfolio/surface-defect-classifier/NEU-DET/train/images/inclusion/inclusion_23.jpg,2,inclusion,164,67,194,190,train
/Users/christopherbrantner/local/projects/portfolio/surface-defect-classifier/results/chips/train/inclusion/inclusion_23_bb03.png,/Users/christopherbrantner/local/projects/portfolio/surface-defect-classifier/NEU-DET/train/images/inclusion/inclusion_23.jpg,3,inclusion,75,16,93,75,train
/Users/christopherbrantner/local/projects/portfolio/surface-defect-classifier/results/chips/train/inclusion/inclusion_230_bb00.png,/Users/christopherbrantner/local/projects/portfolio/surface-defect-classifier/NEU-DET/train/images/inclusion/inclusion_230.jpg,0,inclusion,31,1,62,179,train
/Users/christopherbrantner/local/projects/portfolio/surface-defect-classifier/results/chips/train/inclusion/inclusion_230_bb01.png,/Users/christopherbrantner/local/projects/portfolio/surface-defect-classifier/NEU-DET/train/images/inclusion/inclusion_230.jpg,1,inclusion,143,13,159,54,train
/Users/christopherbrantner/local/projects/portfolio/surface-defect-classifier/results/chips/train/inclusion/inclusion_231_bb00.png,/Users/christopherbrantner/local/projects/portfolio/surface-defect-classifier/NEU-DET/train/images/inclusion/inclusion_231.jpg,0,inclusion,111,86,128,129,train
/Users/christopherbrantner/local/projects/portfolio/surface-defect-classifier/results/chips/train/inclusion/inclusion_231_bb01.png,/Users/christopherbrantner/local/projects/portfolio/surface-defect-classifier/NEU-DET/train/images/inclusion/inclusion_231.jpg,1,inclusion,92,137,123,198,train
/Users/christopherbrantner/local/projects/portfolio/surface-defect-classifier/results/chips/train/inclusion/inclusion_231_bb02.png,/Users/christopherbrantner/local/projects/portfolio/surface-defect-classifier/NEU-DET/train/images/inclusion/inclusion_231.jpg,2,inclusion,57,112,87,173,train
/Users/christopherbrantner/local/projects/portfolio/surface-defect-classifier/results/chips/train/inclusion/inclusion_232_bb00.png,/Users/christopherbrantner/local/projects/portfolio/surface-defect-classifier/NEU-DET/train/images/inclusion/inclusion_232.jpg,0,inclusion,27,43,44,94,train
/Users/christopherbrantner/local/projects/portfolio/surface-defect-classifier/results/chips/train/inclusion/inclusion_232_bb01.png,/Users/christopherbrantner/local/projects/portfolio/surface-defect-classifier/NEU-DET/train/images/inclusion/inclusion_232.jpg,1,inclusion,133,97,152,151,train
/Users/christopherbrantner/local/projects/portfolio/surface-defect-classifier/results/chips/train/inclusion/inclusion_232_bb02.png,/Users/christopherbrantner/local/projects/portfolio/surface-defect-classifier/NEU-DET/train/images/inclusion/inclusion_232.jpg,2,inclusion,6,101,37,166,train
/Users/christopherbrantner/local/projects/portfolio/surface-defect-classifier/results/chips/train/inclusion/inclusion_232_bb03.png,/Users/christopherbrantner/local/projects/portfolio/surface-defect-classifier/NEU-DET/train/images/inclusion/inclusion_232.jpg,3,inclusion,134,1,149,34,train
/Users/christopherbrantner/local/projects/portfolio/surface-defect-classifier/results/chips/train/inclusion/inclusion_233_bb00.png,/Users/christopherbrantner/local/projects/portfolio/surface-defect-classifier/NEU-DET/train/images/inclusion/inclusion_233.jpg,0,inclusion,171,63,188,113,train
/Users/christopherbrantner/local/projects/portfolio/surface-defect-classifier/results/chips/train/inclusion/inclusion_233_bb01.png,/Users/christopherbrantner/local/projects/portfolio/surface-defect-classifier/NEU-DET/train/images/inclusion/inclusion_233.jpg,1,inclusion,14,64,32,106,train
/Users/christopherbrantner/local/projects/portfolio/surface-defect-classifier/results/chips/train/inclusion/inclusion_233_bb02.png,/Users/christopherbrantner/local/projects/portfolio/surface-defect-classifier/NEU-DET/train/images/inclusion/inclusion_233.jpg,2,inclusion,16,121,33,155,train
/Users/christopherbrantner/local/projects/portfolio/surface-defect-classifier/results/chips/train/inclusion/inclusion_233_bb03.png,/Users/christopherbrantner/local/projects/portfolio/surface-defect-classifier/NEU-DET/train/images/inclusion/inclusion_233.jpg,3,inclusion,43,68,75,128,train
/Users/christopherbrantner/local/projects/portfolio/surface-defect-classifier/results/chips/train/inclusion/inclusion_233_bb04.png,/Users/christopherbrantner/local/projects/portfolio/surface-defect-classifier/NEU-DET/train/images/inclusion/inclusion_233.jpg,4,inclusion,67,14,81,56,train
/Users/christopherbrantner/local/projects/portfolio/surface-defect-classifier/results/chips/train/inclusion/inclusion_233_bb05.png,/Users/christopherbrantner/local/projects/portfolio/surface-defect-classifier/NEU-DET/train/images/inclusion/inclusion_233.jpg,5,inclusion,33,23,49,76,train
/Users/christopherbrantner/local/projects/portfolio/surface-defect-classifier/results/chips/train/inclusion/inclusion_234_bb00.png,/Users/christopherbrantner/local/projects/portfolio/surface-defect-classifier/NEU-DET/train/images/inclusion/inclusion_234.jpg,0,inclusion,57,77,80,111,train
/Users/christopherbrantner/local/projects/portfolio/surface-defect-classifier/results/chips/train/inclusion/inclusion_234_bb01.png,/Users/christopherbrantner/local/projects/portfolio/surface-defect-classifier/NEU-DET/train/images/inclusion/inclusion_234.jpg,1,inclusion,84,24,122,87,train
/Users/christopherbrantner/local/projects/portfolio/surface-defect-classifier/results/chips/train/inclusion/inclusion_234_bb02.png,/Users/christopherbrantner/local/projects/portfolio/surface-defect-classifier/NEU-DET/train/images/inclusion/inclusion_234.jpg,2,inclusion,83,148,131,200,train
/Users/christopherbrantner/local/projects/portfolio/surface-defect-classifier/results/chips/train/inclusion/inclusion_235_bb00.png,/Users/christopherbrantner/local/projects/portfolio/surface-defect-classifier/NEU-DET/train/images/inclusion/inclusion_235.jpg,0,inclusion,77,94,130,179,train
/Users/christopherbrantner/local/projects/portfolio/surface-defect-classifier/results/chips/train/inclusion/inclusion_236_bb00.png,/Users/christopherbrantner/local/projects/portfolio/surface-defect-classifier/NEU-DET/train/images/inclusion/inclusion_236.jpg,0,inclusion,14,12,72,92,train
/Users/christopherbrantner/local/projects/portfolio/surface-defect-classifier/results/chips/train/inclusion/inclusion_237_bb00.png,/Users/christopherbrantner/local/projects/portfolio/surface-defect-classifier/NEU-DET/train/images/inclusion/inclusion_237.jpg,0,inclusion,131,146,165,199,train
/Users/christopherbrantner/local/projects/portfolio/surface-defect-classifier/results/chips/train/inclusion/inclusion_238_bb00.png,/Users/christopherbrantner/local/projects/portfolio/surface-defect-classifier/NEU-DET/train/images/inclusion/inclusion_238.jpg,0,inclusion,101,97,124,158,train
/Users/christopherbrantner/local/projects/portfolio/surface-defect-classifier/results/chips/train/inclusion/inclusion_238_bb01.png,/Users/christopherbrantner/local/projects/portfolio/surface-defect-classifier/NEU-DET/train/images/inclusion/inclusion_238.jpg,1,inclusion,88,56,116,117,train
/Users/christopherbrantner/local/projects/portfolio/surface-defect-classifier/results/chips/train/inclusion/inclusion_239_bb00.png,/Users/christopherbrantner/local/projects/portfolio/surface-defect-classifier/NEU-DET/train/images/inclusion/inclusion_239.jpg,0,inclusion,97,54,114,90,train
/Users/christopherbrantner/local/projects/portfolio/surface-defect-classifier/results/chips/train/inclusion/inclusion_24_bb00.png,/Users/christopherbrantner/local/projects/portfolio/surface-defect-classifier/NEU-DET/train/images/inclusion/inclusion_24.jpg,0,inclusion,18,1,52,80,train
/Users/christopherbrantner/local/projects/portfolio/surface-defect-classifier/results/chips/train/inclusion/inclusion_24_bb01.png,/Users/christopherbrantner/local/projects/portfolio/surface-defect-classifier/NEU-DET/train/images/inclusion/inclusion_24.jpg,1,inclusion,26,121,53,199,train
/Users/christopherbrantner/local/projects/portfolio/surface-defect-classifier/results/chips/train/inclusion/inclusion_24_bb02.png,/Users/christopherbrantner/local/projects/portfolio/surface-defect-classifier/NEU-DET/train/images/inclusion/inclusion_24.jpg,2,inclusion,62,93,105,198,train
/Users/christopherbrantner/local/projects/portfolio/surface-defect-classifier/results/chips/train/inclusion/inclusion_24_bb03.png,/Users/christopherbrantner/local/projects/portfolio/surface-defect-classifier/NEU-DET/train/images/inclusion/inclusion_24.jpg,3,inclusion,96,1,121,63,train
/Users/christopherbrantner/local/projects/portfolio/surface-defect-classifier/results/chips/train/inclusion/inclusion_24_bb04.png,/Users/christopherbrantner/local/projects/portfolio/surface-defect-classifier/NEU-DET/train/images/inclusion/inclusion_24.jpg,4,inclusion,131,1,171,194,train
/Users/christopherbrantner/local/projects/portfolio/surface-defect-classifier/results/chips/train/inclusion/inclusion_24_bb05.png,/Users/christopherbrantner/local/projects/portfolio/surface-defect-classifier/NEU-DET/train/images/inclusion/inclusion_24.jpg,5,inclusion,82,38,98,91,train
/Users/christopherbrantner/local/projects/portfolio/surface-defect-classifier/results/chips/train/inclusion/inclusion_240_bb00.png,/Users/christopherbrantner/local/projects/portfolio/surface-defect-classifier/NEU-DET/train/images/inclusion/inclusion_240.jpg,0,inclusion,74,94,133,187,train
/Users/christopherbrantner/local/projects/portfolio/surface-defect-classifier/results/chips/train/inclusion/inclusion_25_bb00.png,/Users/christopherbrantner/local/projects/portfolio/surface-defect-classifier/NEU-DET/train/images/inclusion/inclusion_25.jpg,0,inclusion,13,3,39,142,train
/Users/christopherbrantner/local/projects/portfolio/surface-defect-classifier/results/chips/train/inclusion/inclusion_25_bb01.png,/Users/christopherbrantner/local/projects/portfolio/surface-defect-classifier/NEU-DET/train/images/inclusion/inclusion_25.jpg,1,inclusion,60,1,83,46,train
/Users/christopherbrantner/local/projects/portfolio/surface-defect-classifier/results/chips/train/inclusion/inclusion_25_bb02.png,/Users/christopherbrantner/local/projects/portfolio/surface-defect-classifier/NEU-DET/train/images/inclusion/inclusion_25.jpg,2,inclusion,105,2,143,167,train
/Users/christopherbrantner/local/projects/portfolio/surface-defect-classifier/results/chips/train/inclusion/inclusion_25_bb03.png,/Users/christopherbrantner/local/projects/portfolio/surface-defect-classifier/NEU-DET/train/images/inclusion/inclusion_25.jpg,3,inclusion,28,169,44,200,train
/Users/christopherbrantner/local/projects/portfolio/surface-defect-classifier/results/chips/train/inclusion/inclusion_25_bb04.png,/Users/christopherbrantner/local/projects/portfolio/surface-defect-classifier/NEU-DET/train/images/inclusion/inclusion_25.jpg,4,inclusion,173,105,193,175,train
/Users/christopherbrantner/local/projects/portfolio/surface-defect-classifier/results/chips/train/inclusion/inclusion_26_bb00.png,/Users/christopherbrantner/local/projects/portfolio/surface-defect-classifier/NEU-DET/train/images/inclusion/inclusion_26.jpg,0,inclusion,84,18,114,65,train
/Users/christopherbrantner/local/projects/portfolio/surface-defect-classifier/results/chips/train/inclusion/inclusion_26_bb01.png,/Users/christopherbrantner/local/projects/portfolio/surface-defect-classifier/NEU-DET/train/images/inclusion/inclusion_26.jpg,1,inclusion,8,54,23,92,train
/Users/christopherbrantner/local/projects/portfolio/surface-defect-classifier/results/chips/train/inclusion/inclusion_26_bb02.png,/Users/christopherbrantner/local/projects/portfolio/surface-defect-classifier/NEU-DET/train/images/inclusion/inclusion_26.jpg,2,inclusion,80,98,97,143,train
/Users/christopherbrantner/local/projects/portfolio/surface-defect-classifier/results/chips/train/inclusion/inclusion_26_bb03.png,/Users/christopherbrantner/local/projects/portfolio/surface-defect-classifier/NEU-DET/train/images/inclusion/inclusion_26.jpg,3,inclusion,24,147,40,199,train
/Users/christopherbrantner/local/projects/portfolio/surface-defect-classifier/results/chips/train/inclusion/inclusion_27_bb00.png,/Users/christopherbrantner/local/projects/portfolio/surface-defect-classifier/NEU-DET/train/images/inclusion/inclusion_27.jpg,0,inclusion,52,93,79,197,train
/Users/christopherbrantner/local/projects/portfolio/surface-defect-classifier/results/chips/train/inclusion/inclusion_27_bb01.png,/Users/christopherbrantner/local/projects/portfolio/surface-defect-classifier/NEU-DET/train/images/inclusion/inclusion_27.jpg,1,inclusion,14,72,37,126,train
/Users/christopherbrantner/local/projects/portfolio/surface-defect-classifier/results/chips/train/inclusion/inclusion_27_bb02.png,/Users/christopherbrantner/local/projects/portfolio/surface-defect-classifier/NEU-DET/train/images/inclusion/inclusion_27.jpg,2,inclusion,92,125,107,170,train
/Users/christopherbrantner/local/projects/portfolio/surface-defect-classifier/results/chips/train/inclusion/inclusion_27_bb03.png,/Users/christopherbrantner/local/projects/portfolio/surface-defect-classifier/NEU-DET/train/images/inclusion/inclusion_27.jpg,3,inclusion,151,46,172,110,train
/Users/christopherbrantner/local/projects/portfolio/surface-defect-classifier/results/chips/train/inclusion/inclusion_27_bb04.png,/Users/christopherbrantner/local/projects/portfolio/surface-defect-classifier/NEU-DET/train/images/inclusion/inclusion_27.jpg,4,inclusion,105,1,129,96,train
/Users/christopherbrantner/local/projects/portfolio/surface-defect-classifier/results/chips/train/inclusion/inclusion_27_bb05.png,/Users/christopherbrantner/local/projects/portfolio/surface-defect-classifier/NEU-DET/train/images/inclusion/inclusion_27.jpg,5,inclusion,57,23,78,57,train
/Users/christopherbrantner/local/projects/portfolio/surface-defect-classifier/results/chips/train/inclusion/inclusion_27_bb06.png,/Users/christopherbrantner/local/projects/portfolio/surface-defect-classifier/NEU-DET/train/images/inclusion/inclusion_27.jpg,6,inclusion,146,104,166,156,train
/Users/christopherbrantner/local/projects/portfolio/surface-defect-classifier/results/chips/train/inclusion/inclusion_27_bb07.png,/Users/christopherbrantner/local/projects/portfolio/surface-defect-classifier/NEU-DET/train/images/inclusion/inclusion_27.jpg,7,inclusion,62,51,75,82,train
/Users/christopherbrantner/local/projects/portfolio/surface-defect-classifier/results/chips/train/inclusion/inclusion_28_bb00.png,/Users/christopherbrantner/local/projects/portfolio/surface-defect-classifier/NEU-DET/train/images/inclusion/inclusion_28.jpg,0,inclusion,35,1,69,198,train
/Users/christopherbrantner/local/projects/portfolio/surface-defect-classifier/results/chips/train/inclusion/inclusion_28_bb01.png,/Users/christopherbrantner/local/projects/portfolio/surface-defect-classifier/NEU-DET/train/images/inclusion/inclusion_28.jpg,1,inclusion,87,13,112,75,train
/Users/christopherbrantner/local/projects/portfolio/surface-defect-classifier/results/chips/train/inclusion/inclusion_28_bb02.png,/Users/christopherbrantner/local/projects/portfolio/surface-defect-classifier/NEU-DET/train/images/inclusion/inclusion_28.jpg,2,inclusion,105,54,129,95,train
/Users/christopherbrantner/local/projects/portfolio/surface-defect-classifier/results/chips/train/inclusion/inclusion_28_bb03.png,/Users/christopherbrantner/local/projects/portfolio/surface-defect-classifier/NEU-DET/train/images/inclusion/inclusion_28.jpg,3,inclusion,86,107,107,157,train
/Users/christopherbrantner/local/projects/portfolio/surface-defect-classifier/results/chips/train/inclusion/inclusion_28_bb04.png,/Users/christopherbrantner/local/projects/portfolio/surface-defect-classifier/NEU-DET/train/images/inclusion/inclusion_28.jpg,4,inclusion,94,159,117,199,train
/Users/christopherbrantner/local/projects/portfolio/surface-defect-classifier/results/chips/train/inclusion/inclusion_28_bb05.png,/Users/christopherbrantner/local/projects/portfolio/surface-defect-classifier/NEU-DET/train/images/inclusion/inclusion_28.jpg,5,inclusion,147,71,166,147,train
/Users/christopherbrantner/local/projects/portfolio/surface-defect-classifier/results/chips/train/inclusion/inclusion_28_bb06.png,/Users/christopherbrantner/local/projects/portfolio/surface-defect-classifier/NEU-DET/train/images/inclusion/inclusion_28.jpg,6,inclusion,180,101,196,144,train
/Users/christopherbrantner/local/projects/portfolio/surface-defect-classifier/results/chips/train/inclusion/inclusion_28_bb07.png,/Users/christopherbrantner/local/projects/portfolio/surface-defect-classifier/NEU-DET/train/images/inclusion/inclusion_28.jpg,7,inclusion,150,30,168,62,train
/Users/christopherbrantner/local/projects/portfolio/surface-defect-classifier/results/chips/train/inclusion/inclusion_28_bb08.png,/Users/christopherbrantner/local/projects/portfolio/surface-defect-classifier/NEU-DET/train/images/inclusion/inclusion_28.jpg,8,inclusion,143,147,161,193,train
/Users/christopherbrantner/local/projects/portfolio/surface-defect-classifier/results/chips/train/inclusion/inclusion_29_bb00.png,/Users/christopherbrantner/local/projects/portfolio/surface-defect-classifier/NEU-DET/train/images/inclusion/inclusion_29.jpg,0,inclusion,54,5,92,196,train
/Users/christopherbrantner/local/projects/portfolio/surface-defect-classifier/results/chips/train/inclusion/inclusion_29_bb01.png,/Users/christopherbrantner/local/projects/portfolio/surface-defect-classifier/NEU-DET/train/images/inclusion/inclusion_29.jpg,1,inclusion,102,27,142,197,train
/Users/christopherbrantner/local/projects/portfolio/surface-defect-classifier/results/chips/train/inclusion/inclusion_29_bb02.png,/Users/christopherbrantner/local/projects/portfolio/surface-defect-classifier/NEU-DET/train/images/inclusion/inclusion_29.jpg,2,inclusion,171,101,193,164,train
/Users/christopherbrantner/local/projects/portfolio/surface-defect-classifier/results/chips/train/inclusion/inclusion_29_bb03.png,/Users/christopherbrantner/local/projects/portfolio/surface-defect-classifier/NEU-DET/train/images/inclusion/inclusion_29.jpg,3,inclusion,172,7,190,42,train
/Users/christopherbrantner/local/projects/portfolio/surface-defect-classifier/results/chips/train/inclusion/inclusion_29_bb04.png,/Users/christopherbrantner/local/projects/portfolio/surface-defect-classifier/NEU-DET/train/images/inclusion/inclusion_29.jpg,4,inclusion,125,16,145,87,train
/Users/christopherbrantner/local/projects/portfolio/surface-defect-classifier/results/chips/train/inclusion/inclusion_3_bb00.png,/Users/christopherbrantner/local/projects/portfolio/surface-defect-classifier/NEU-DET/train/images/inclusion/inclusion_3.jpg,0,inclusion,22,16,36,44,train
/Users/christopherbrantner/local/projects/portfolio/surface-defect-classifier/results/chips/train/inclusion/inclusion_3_bb01.png,/Users/christopherbrantner/local/projects/portfolio/surface-defect-classifier/NEU-DET/train/images/inclusion/inclusion_3.jpg,1,inclusion,18,93,42,186,train
/Users/christopherbrantner/local/projects/portfolio/surface-defect-classifier/results/chips/train/inclusion/inclusion_3_bb02.png,/Users/christopherbrantner/local/projects/portfolio/surface-defect-classifier/NEU-DET/train/images/inclusion/inclusion_3.jpg,2,inclusion,19,53,45,95,train
/Users/christopherbrantner/local/projects/portfolio/surface-defect-classifier/results/chips/train/inclusion/inclusion_30_bb00.png,/Users/christopherbrantner/local/projects/portfolio/surface-defect-classifier/NEU-DET/train/images/inclusion/inclusion_30.jpg,0,inclusion,87,2,124,187,train
/Users/christopherbrantner/local/projects/portfolio/surface-defect-classifier/results/chips/train/inclusion/inclusion_31_bb00.png,/Users/christopherbrantner/local/projects/portfolio/surface-defect-classifier/NEU-DET/train/images/inclusion/inclusion_31.jpg,0,inclusion,50,44,81,141,train
/Users/christopherbrantner/local/projects/portfolio/surface-defect-classifier/results/chips/train/inclusion/inclusion_31_bb01.png,/Users/christopherbrantner/local/projects/portfolio/surface-defect-classifier/NEU-DET/train/images/inclusion/inclusion_31.jpg,1,inclusion,63,1,82,36,train
/Users/christopherbrantner/local/projects/portfolio/surface-defect-classifier/results/chips/train/inclusion/inclusion_31_bb02.png,/Users/christopherbrantner/local/projects/portfolio/surface-defect-classifier/NEU-DET/train/images/inclusion/inclusion_31.jpg,2,inclusion,131,86,175,192,train
/Users/christopherbrantner/local/projects/portfolio/surface-defect-classifier/results/chips/train/inclusion/inclusion_31_bb03.png,/Users/christopherbrantner/local/projects/portfolio/surface-defect-classifier/NEU-DET/train/images/inclusion/inclusion_31.jpg,3,inclusion,141,1,181,87,train
/Users/christopherbrantner/local/projects/portfolio/surface-defect-classifier/results/chips/train/inclusion/inclusion_31_bb04.png,/Users/christopherbrantner/local/projects/portfolio/surface-defect-classifier/NEU-DET/train/images/inclusion/inclusion_31.jpg,4,inclusion,2,2,16,29,train
/Users/christopherbrantner/local/projects/portfolio/surface-defect-classifier/results/chips/train/inclusion/inclusion_31_bb05.png,/Users/christopherbrantner/local/projects/portfolio/surface-defect-classifier/NEU-DET/train/images/inclusion/inclusion_31.jpg,5,inclusion,2,74,26,148,train
/Users/christopherbrantner/local/projects/portfolio/surface-defect-classifier/results/chips/train/inclusion/inclusion_31_bb06.png,/Users/christopherbrantner/local/projects/portfolio/surface-defect-classifier/NEU-DET/train/images/inclusion/inclusion_31.jpg,6,inclusion,122,141,137,182,train
/Users/christopherbrantner/local/projects/portfolio/surface-defect-classifier/results/chips/train/inclusion/inclusion_32_bb00.png,/Users/christopherbrantner/local/projects/portfolio/surface-defect-classifier/NEU-DET/train/images/inclusion/inclusion_32.jpg,0,inclusion,35,1,71,199,train
/Users/christopherbrantner/local/projects/portfolio/surface-defect-classifier/results/chips/train/inclusion/inclusion_32_bb01.png,/Users/christopherbrantner/local/projects/portfolio/surface-defect-classifier/NEU-DET/train/images/inclusion/inclusion_32.jpg,1,inclusion,88,1,119,139,train
/Users/christopherbrantner/local/projects/portfolio/surface-defect-classifier/results/chips/train/inclusion/inclusion_32_bb02.png,/Users/christopherbrantner/local/projects/portfolio/surface-defect-classifier/NEU-DET/train/images/inclusion/inclusion_32.jpg,2,inclusion,141,1,170,67,train
/Users/christopherbrantner/local/projects/portfolio/surface-defect-classifier/results/chips/train/inclusion/inclusion_32_bb03.png,/Users/christopherbrantner/local/projects/portfolio/surface-defect-classifier/NEU-DET/train/images/inclusion/inclusion_32.jpg,3,inclusion,114,87,136,165,train
/Users/christopherbrantner/local/projects/portfolio/surface-defect-classifier/results/chips/train/inclusion/inclusion_32_bb04.png,/Users/christopherbrantner/local/projects/portfolio/surface-defect-classifier/NEU-DET/train/images/inclusion/inclusion_32.jpg,4,inclusion,43,159,67,199,train
/Users/christopherbrantner/local/projects/portfolio/surface-defect-classifier/results/chips/train/inclusion/inclusion_33_bb00.png,/Users/christopherbrantner/local/projects/portfolio/surface-defect-classifier/NEU-DET/train/images/inclusion/inclusion_33.jpg,0,inclusion,66,5,98,196,train
/Users/christopherbrantner/local/projects/portfolio/surface-defect-classifier/results/chips/train/inclusion/inclusion_33_bb01.png,/Users/christopherbrantner/local/projects/portfolio/surface-defect-classifier/NEU-DET/train/images/inclusion/inclusion_33.jpg,1,inclusion,113,4,144,111,train
/Users/christopherbrantner/local/projects/portfolio/surface-defect-classifier/results/chips/train/inclusion/inclusion_33_bb02.png,/Users/christopherbrantner/local/projects/portfolio/surface-defect-classifier/NEU-DET/train/images/inclusion/inclusion_33.jpg,2,inclusion,142,55,167,129,train
/Users/christopherbrantner/local/projects/portfolio/surface-defect-classifier/results/chips/train/inclusion/inclusion_34_bb00.png,/Users/christopherbrantner/local/projects/portfolio/surface-defect-classifier/NEU-DET/train/images/inclusion/inclusion_34.jpg,0,inclusion,129,72,166,182,train
/Users/christopherbrantner/local/projects/portfolio/surface-defect-classifier/results/chips/train/inclusion/inclusion_34_bb01.png,/Users/christopherbrantner/local/projects/portfolio/surface-defect-classifier/NEU-DET/train/images/inclusion/inclusion_34.jpg,1,inclusion,20,41,54,171,train
/Users/christopherbrantner/local/projects/portfolio/surface-defect-classifier/results/chips/train/inclusion/inclusion_34_bb02.png,/Users/christopherbrantner/local/projects/portfolio/surface-defect-classifier/NEU-DET/train/images/inclusion/inclusion_34.jpg,2,inclusion,69,104,97,163,train
/Users/christopherbrantner/local/projects/portfolio/surface-defect-classifier/results/chips/train/inclusion/inclusion_34_bb03.png,/Users/christopherbrantner/local/projects/portfolio/surface-defect-classifier/NEU-DET/train/images/inclusion/inclusion_34.jpg,3,inclusion,89,10,109,59,train
/Users/christopherbrantner/local/projects/portfolio/surface-defect-classifier/results/chips/train/inclusion/inclusion_35_bb00.png,/Users/christopherbrantner/local/projects/portfolio/surface-defect-classifier/NEU-DET/train/images/inclusion/inclusion_35.jpg,0,inclusion,119,5,157,96,train
/Users/christopherbrantner/local/projects/portfolio/surface-defect-classifier/results/chips/train/inclusion/inclusion_35_bb01.png,/Users/christopherbrantner/local/projects/portfolio/surface-defect-classifier/NEU-DET/train/images/inclusion/inclusion_35.jpg,1,inclusion,148,2,191,196,train
/Users/christopherbrantner/local/projects/portfolio/surface-defect-classifier/results/chips/train/inclusion/inclusion_35_bb02.png,/Users/christopherbrantner/local/projects/portfolio/surface-defect-classifier/NEU-DET/train/images/inclusion/inclusion_35.jpg,2,inclusion,118,127,141,196,train
/Users/christopherbrantner/local/projects/portfolio/surface-defect-classifier/results/chips/train/inclusion/inclusion_36_bb00.png,/Users/christopherbrantner/local/projects/portfolio/surface-defect-classifier/NEU-DET/train/images/inclusion/inclusion_36.jpg,0,inclusion,38,2,109,197,train
/Users/christopherbrantner/local/projects/portfolio/surface-defect-classifier/results/chips/train/inclusion/inclusion_36_bb01.png,/Users/christopherbrantner/local/projects/portfolio/surface-defect-classifier/NEU-DET/train/images/inclusion/inclusion_36.jpg,1,inclusion,120,3,148,100,train
/Users/christopherbrantner/local/projects/portfolio/surface-defect-classifier/results/chips/train/inclusion/inclusion_36_bb02.png,/Users/christopherbrantner/local/projects/portfolio/surface-defect-classifier/NEU-DET/train/images/inclusion/inclusion_36.jpg,2,inclusion,130,115,153,199,train
/Users/christopherbrantner/local/projects/portfolio/surface-defect-classifier/results/chips/train/inclusion/inclusion_36_bb03.png,/Users/christopherbrantner/local/projects/portfolio/surface-defect-classifier/NEU-DET/train/images/inclusion/inclusion_36.jpg,3,inclusion,174,1,199,152,train
/Users/christopherbrantner/local/projects/portfolio/surface-defect-classifier/results/chips/train/inclusion/inclusion_37_bb00.png,/Users/christopherbrantner/local/projects/portfolio/surface-defect-classifier/NEU-DET/train/images/inclusion/inclusion_37.jpg,0,inclusion,63,2,94,77,train
/Users/christopherbrantner/local/projects/portfolio/surface-defect-classifier/results/chips/train/inclusion/inclusion_37_bb01.png,/Users/christopherbrantner/local/projects/portfolio/surface-defect-classifier/NEU-DET/train/images/inclusion/inclusion_37.jpg,1,inclusion,8,3,48,197,train
/Users/christopherbrantner/local/projects/portfolio/surface-defect-classifier/results/chips/train/inclusion/inclusion_37_bb02.png,/Users/christopherbrantner/local/projects/portfolio/surface-defect-classifier/NEU-DET/train/images/inclusion/inclusion_37.jpg,2,inclusion,68,90,95,198,train
/Users/christopherbrantner/local/projects/portfolio/surface-defect-classifier/results/chips/train/inclusion/inclusion_37_bb03.png,/Users/christopherbrantner/local/projects/portfolio/surface-defect-classifier/NEU-DET/train/images/inclusion/inclusion_37.jpg,3,inclusion,120,3,163,197,train
/Users/christopherbrantner/local/projects/portfolio/surface-defect-classifier/results/chips/train/inclusion/inclusion_37_bb04.png,/Users/christopherbrantner/local/projects/portfolio/surface-defect-classifier/NEU-DET/train/images/inclusion/inclusion_37.jpg,4,inclusion,174,2,193,147,train
/Users/christopherbrantner/local/projects/portfolio/surface-defect-classifier/results/chips/train/inclusion/inclusion_38_bb00.png,/Users/christopherbrantner/local/projects/portfolio/surface-defect-classifier/NEU-DET/train/images/inclusion/inclusion_38.jpg,0,inclusion,17,1,64,199,train
/Users/christopherbrantner/local/projects/portfolio/surface-defect-classifier/results/chips/train/inclusion/inclusion_38_bb01.png,/Users/christopherbrantner/local/projects/portfolio/surface-defect-classifier/NEU-DET/train/images/inclusion/inclusion_38.jpg,1,inclusion,71,77,92,147,train
/Users/christopherbrantner/local/projects/portfolio/surface-defect-classifier/results/chips/train/inclusion/inclusion_38_bb02.png,/Users/christopherbrantner/local/projects/portfolio/surface-defect-classifier/NEU-DET/train/images/inclusion/inclusion_38.jpg,2,inclusion,143,2,181,197,train
/Users/christopherbrantner/local/projects/portfolio/surface-defect-classifier/results/chips/train/inclusion/inclusion_38_bb03.png,/Users/christopherbrantner/local/projects/portfolio/surface-defect-classifier/NEU-DET/train/images/inclusion/inclusion_38.jpg,3,inclusion,105,75,120,105,train
/Users/christopherbrantner/local/projects/portfolio/surface-defect-classifier/results/chips/train/inclusion/inclusion_39_bb00.png,/Users/christopherbrantner/local/projects/portfolio/surface-defect-classifier/NEU-DET/train/images/inclusion/inclusion_39.jpg,0,inclusion,12,21,40,193,train
/Users/christopherbrantner/local/projects/portfolio/surface-defect-classifier/results/chips/train/inclusion/inclusion_39_bb01.png,/Users/christopherbrantner/local/projects/portfolio/surface-defect-classifier/NEU-DET/train/images/inclusion/inclusion_39.jpg,1,inclusion,48,5,85,142,train
/Users/christopherbrantner/local/projects/portfolio/surface-defect-classifier/results/chips/train/inclusion/inclusion_39_bb02.png,/Users/christopherbrantner/local/projects/portfolio/surface-defect-classifier/NEU-DET/train/images/inclusion/inclusion_39.jpg,2,inclusion,114,2,149,192,train
/Users/christopherbrantner/local/projects/portfolio/surface-defect-classifier/results/chips/train/inclusion/inclusion_4_bb00.png,/Users/christopherbrantner/local/projects/portfolio/surface-defect-classifier/NEU-DET/train/images/inclusion/inclusion_4.jpg,0,inclusion,91,43,112,140,train
/Users/christopherbrantner/local/projects/portfolio/surface-defect-classifier/results/chips/train/inclusion/inclusion_4_bb01.png,/Users/christopherbrantner/local/projects/portfolio/surface-defect-classifier/NEU-DET/train/images/inclusion/inclusion_4.jpg,1,inclusion,94,2,119,44,train
/Users/christopherbrantner/local/projects/portfolio/surface-defect-classifier/results/chips/train/inclusion/inclusion_40_bb00.png,/Users/christopherbrantner/local/projects/portfolio/surface-defect-classifier/NEU-DET/train/images/inclusion/inclusion_40.jpg,0,inclusion,21,4,44,68,train
/Users/christopherbrantner/local/projects/portfolio/surface-defect-classifier/results/chips/train/inclusion/inclusion_40_bb01.png,/Users/christopherbrantner/local/projects/portfolio/surface-defect-classifier/NEU-DET/train/images/inclusion/inclusion_40.jpg,1,inclusion,65,29,104,199,train
/Users/christopherbrantner/local/projects/portfolio/surface-defect-classifier/results/chips/train/inclusion/inclusion_40_bb02.png,/Users/christopherbrantner/local/projects/portfolio/surface-defect-classifier/NEU-DET/train/images/inclusion/inclusion_40.jpg,2,inclusion,16,64,38,111,train
/Users/christopherbrantner/local/projects/portfolio/surface-defect-classifier/results/chips/train/inclusion/inclusion_41_bb00.png,/Users/christopherbrantner/local/projects/portfolio/surface-defect-classifier/NEU-DET/train/images/inclusion/inclusion_41.jpg,0,inclusion,56,57,82,123,train
/Users/christopherbrantner/local/projects/portfolio/surface-defect-classifier/results/chips/train/inclusion/inclusion_41_bb01.png,/Users/christopherbrantner/local/projects/portfolio/surface-defect-classifier/NEU-DET/train/images/inclusion/inclusion_41.jpg,1,inclusion,89,1,126,191,train
/Users/christopherbrantner/local/projects/portfolio/surface-defect-classifier/results/chips/train/inclusion/inclusion_41_bb02.png,/Users/christopherbrantner/local/projects/portfolio/surface-defect-classifier/NEU-DET/train/images/inclusion/inclusion_41.jpg,2,inclusion,130,85,161,159,train
/Users/christopherbrantner/local/projects/portfolio/surface-defect-classifier/results/chips/train/inclusion/inclusion_41_bb03.png,/Users/christopherbrantner/local/projects/portfolio/surface-defect-classifier/NEU-DET/train/images/inclusion/inclusion_41.jpg,3,inclusion,156,1,174,79,train
/Users/christopherbrantner/local/projects/portfolio/surface-defect-classifier/results/chips/train/inclusion/inclusion_41_bb04.png,/Users/christopherbrantner/local/projects/portfolio/surface-defect-classifier/NEU-DET/train/images/inclusion/inclusion_41.jpg,4,inclusion,182,4,198,155,train
/Users/christopherbrantner/local/projects/portfolio/surface-defect-classifier/results/chips/train/inclusion/inclusion_42_bb00.png,/Users/christopherbrantner/local/projects/portfolio/surface-defect-classifier/NEU-DET/train/images/inclusion/inclusion_42.jpg,0,inclusion,7,30,28,102,train
/Users/christopherbrantner/local/projects/portfolio/surface-defect-classifier/results/chips/train/inclusion/inclusion_42_bb01.png,/Users/christopherbrantner/local/projects/portfolio/surface-defect-classifier/NEU-DET/train/images/inclusion/inclusion_42.jpg,1,inclusion,122,114,146,191,train
/Users/christopherbrantner/local/projects/portfolio/surface-defect-classifier/results/chips/train/inclusion/inclusion_42_bb02.png,/Users/christopherbrantner/local/projects/portfolio/surface-defect-classifier/NEU-DET/train/images/inclusion/inclusion_42.jpg,2,inclusion,36,6,62,89,train
/Users/christopherbrantner/local/projects/portfolio/surface-defect-classifier/results/chips/train/inclusion/inclusion_42_bb03.png,/Users/christopherbrantner/local/projects/portfolio/surface-defect-classifier/NEU-DET/train/images/inclusion/inclusion_42.jpg,3,inclusion,160,60,176,102,train
/Users/christopherbrantner/local/projects/portfolio/surface-defect-classifier/results/chips/train/inclusion/inclusion_43_bb00.png,/Users/christopherbrantner/local/projects/portfolio/surface-defect-classifier/NEU-DET/train/images/inclusion/inclusion_43.jpg,0,inclusion,18,120,41,195,train
/Users/christopherbrantner/local/projects/portfolio/surface-defect-classifier/results/chips/train/inclusion/inclusion_43_bb01.png,/Users/christopherbrantner/local/projects/portfolio/surface-defect-classifier/NEU-DET/train/images/inclusion/inclusion_43.jpg,1,inclusion,1,1,23,196,train
/Users/christopherbrantner/local/projects/portfolio/surface-defect-classifier/results/chips/train/inclusion/inclusion_43_bb02.png,/Users/christopherbrantner/local/projects/portfolio/surface-defect-classifier/NEU-DET/train/images/inclusion/inclusion_43.jpg,2,inclusion,29,22,57,182,train
/Users/christopherbrantner/local/projects/portfolio/surface-defect-classifier/results/chips/train/inclusion/inclusion_43_bb03.png,/Users/christopherbrantner/local/projects/portfolio/surface-defect-classifier/NEU-DET/train/images/inclusion/inclusion_43.jpg,3,inclusion,96,72,124,160,train
/Users/christopherbrantner/local/projects/portfolio/surface-defect-classifier/results/chips/train/inclusion/inclusion_43_bb04.png,/Users/christopherbrantner/local/projects/portfolio/surface-defect-classifier/NEU-DET/train/images/inclusion/inclusion_43.jpg,4,inclusion,148,50,177,149,train
/Users/christopherbrantner/local/projects/portfolio/surface-defect-classifier/results/chips/train/inclusion/inclusion_43_bb05.png,/Users/christopherbrantner/local/projects/portfolio/surface-defect-classifier/NEU-DET/train/images/inclusion/inclusion_43.jpg,5,inclusion,102,1,122,37,train
/Users/christopherbrantner/local/projects/portfolio/surface-defect-classifier/results/chips/train/inclusion/inclusion_43_bb06.png,/Users/christopherbrantner/local/projects/portfolio/surface-defect-classifier/NEU-DET/train/images/inclusion/inclusion_43.jpg,6,inclusion,52,3,78,79,train
/Users/christopherbrantner/local/projects/portfolio/surface-defect-classifier/results/chips/train/inclusion/inclusion_43_bb07.png,/Users/christopherbrantner/local/projects/portfolio/surface-defect-classifier/NEU-DET/train/images/inclusion/inclusion_43.jpg,7,inclusion,165,1,184,38,train
/Users/christopherbrantner/local/projects/portfolio/surface-defect-classifier/results/chips/train/inclusion/inclusion_44_bb00.png,/Users/christopherbrantner/local/projects/portfolio/surface-defect-classifier/NEU-DET/train/images/inclusion/inclusion_44.jpg,0,inclusion,32,77,65,181,train
/Users/christopherbrantner/local/projects/portfolio/surface-defect-classifier/results/chips/train/inclusion/inclusion_44_bb01.png,/Users/christopherbrantner/local/projects/portfolio/surface-defect-classifier/NEU-DET/train/images/inclusion/inclusion_44.jpg,1,inclusion,49,32,70,73,train
/Users/christopherbrantner/local/projects/portfolio/surface-defect-classifier/results/chips/train/inclusion/inclusion_44_bb02.png,/Users/christopherbrantner/local/projects/portfolio/surface-defect-classifier/NEU-DET/train/images/inclusion/inclusion_44.jpg,2,inclusion,116,6,162,199,train
/Users/christopherbrantner/local/projects/portfolio/surface-defect-classifier/results/chips/train/inclusion/inclusion_45_bb00.png,/Users/christopherbrantner/local/projects/portfolio/surface-defect-classifier/NEU-DET/train/images/inclusion/inclusion_45.jpg,0,inclusion,56,1,89,117,train
/Users/christopherbrantner/local/projects/portfolio/surface-defect-classifier/results/chips/train/inclusion/inclusion_45_bb01.png,/Users/christopherbrantner/local/projects/portfolio/surface-defect-classifier/NEU-DET/train/images/inclusion/inclusion_45.jpg,1,inclusion,2,8,37,148,train
/Users/christopherbrantner/local/projects/portfolio/surface-defect-classifier/results/chips/train/inclusion/inclusion_45_bb02.png,/Users/christopherbrantner/local/projects/portfolio/surface-defect-classifier/NEU-DET/train/images/inclusion/inclusion_45.jpg,2,inclusion,53,129,75,197,train
/Users/christopherbrantner/local/projects/portfolio/surface-defect-classifier/results/chips/train/inclusion/inclusion_45_bb03.png,/Users/christopherbrantner/local/projects/portfolio/surface-defect-classifier/NEU-DET/train/images/inclusion/inclusion_45.jpg,3,inclusion,148,54,172,113,train
/Users/christopherbrantner/local/projects/portfolio/surface-defect-classifier/results/chips/train/inclusion/inclusion_45_bb04.png,/Users/christopherbrantner/local/projects/portfolio/surface-defect-classifier/NEU-DET/train/images/inclusion/inclusion_45.jpg,4,inclusion,84,6,107,88,train
/Users/christopherbrantner/local/projects/portfolio/surface-defect-classifier/results/chips/train/inclusion/inclusion_45_bb05.png,/Users/christopherbrantner/local/projects/portfolio/surface-defect-classifier/NEU-DET/train/images/inclusion/inclusion_45.jpg,5,inclusion,27,78,44,114,train
/Users/christopherbrantner/local/projects/portfolio/surface-defect-classifier/results/chips/train/inclusion/inclusion_45_bb06.png,/Users/christopherbrantner/local/projects/portfolio/surface-defect-classifier/NEU-DET/train/images/inclusion/inclusion_45.jpg,6,inclusion,103,147,120,176,train
/Users/christopherbrantner/local/projects/portfolio/surface-defect-classifier/results/chips/train/inclusion/inclusion_46_bb00.png,/Users/christopherbrantner/local/projects/portfolio/surface-defect-classifier/NEU-DET/train/images/inclusion/inclusion_46.jpg,0,inclusion,27,1,54,167,train
/Users/christopherbrantner/local/projects/portfolio/surface-defect-classifier/results/chips/train/inclusion/inclusion_46_bb01.png,/Users/christopherbrantner/local/projects/portfolio/surface-defect-classifier/NEU-DET/train/images/inclusion/inclusion_46.jpg,1,inclusion,59,9,97,196,train
/Users/christopherbrantner/local/projects/portfolio/surface-defect-classifier/results/chips/train/inclusion/inclusion_47_bb00.png,/Users/christopherbrantner/local/projects/portfolio/surface-defect-classifier/NEU-DET/train/images/inclusion/inclusion_47.jpg,0,inclusion,103,11,136,198,train
/Users/christopherbrantner/local/projects/portfolio/surface-defect-classifier/results/chips/train/inclusion/inclusion_47_bb01.png,/Users/christopherbrantner/local/projects/portfolio/surface-defect-classifier/NEU-DET/train/images/inclusion/inclusion_47.jpg,1,inclusion,139,1,172,181,train
/Users/christopherbrantner/local/projects/portfolio/surface-defect-classifier/results/chips/train/inclusion/inclusion_47_bb02.png,/Users/christopherbrantner/local/projects/portfolio/surface-defect-classifier/NEU-DET/train/images/inclusion/inclusion_47.jpg,2,inclusion,99,1,122,47,train
/Users/christopherbrantner/local/projects/portfolio/surface-defect-classifier/results/chips/train/inclusion/inclusion_48_bb00.png,/Users/christopherbrantner/local/projects/portfolio/surface-defect-classifier/NEU-DET/train/images/inclusion/inclusion_48.jpg,0,inclusion,48,1,83,198,train
/Users/christopherbrantner/local/projects/portfolio/surface-defect-classifier/results/chips/train/inclusion/inclusion_48_bb01.png,/Users/christopherbrantner/local/projects/portfolio/surface-defect-classifier/NEU-DET/train/images/inclusion/inclusion_48.jpg,1,inclusion,86,1,111,155,train
/Users/christopherbrantner/local/projects/portfolio/surface-defect-classifier/results/chips/train/inclusion/inclusion_49_bb00.png,/Users/christopherbrantner/local/projects/portfolio/surface-defect-classifier/NEU-DET/train/images/inclusion/inclusion_49.jpg,0,inclusion,133,3,178,197,train
/Users/christopherbrantner/local/projects/portfolio/surface-defect-classifier/results/chips/train/inclusion/inclusion_5_bb00.png,/Users/christopherbrantner/local/projects/portfolio/surface-defect-classifier/NEU-DET/train/images/inclusion/inclusion_5.jpg,0,inclusion,141,89,166,186,train
/Users/christopherbrantner/local/projects/portfolio/surface-defect-classifier/results/chips/train/inclusion/inclusion_5_bb01.png,/Users/christopherbrantner/local/projects/portfolio/surface-defect-classifier/NEU-DET/train/images/inclusion/inclusion_5.jpg,1,inclusion,143,11,158,39,train
/Users/christopherbrantner/local/projects/portfolio/surface-defect-classifier/results/chips/train/inclusion/inclusion_5_bb02.png,/Users/christopherbrantner/local/projects/portfolio/surface-defect-classifier/NEU-DET/train/images/inclusion/inclusion_5.jpg,2,inclusion,140,49,168,90,train
/Users/christopherbrantner/local/projects/portfolio/surface-defect-classifier/results/chips/train/inclusion/inclusion_50_bb00.png,/Users/christopherbrantner/local/projects/portfolio/surface-defect-classifier/NEU-DET/train/images/inclusion/inclusion_50.jpg,0,inclusion,77,1,118,196,train
/Users/christopherbrantner/local/projects/portfolio/surface-defect-classifier/results/chips/train/inclusion/inclusion_51_bb00.png,/Users/christopherbrantner/local/projects/portfolio/surface-defect-classifier/NEU-DET/train/images/inclusion/inclusion_51.jpg,0,inclusion,30,2,70,197,train
/Users/christopherbrantner/local/projects/portfolio/surface-defect-classifier/results/chips/train/inclusion/inclusion_52_bb00.png,/Users/christopherbrantner/local/projects/portfolio/surface-defect-classifier/NEU-DET/train/images/inclusion/inclusion_52.jpg,0,inclusion,81,1,124,197,train
/Users/christopherbrantner/local/projects/portfolio/surface-defect-classifier/results/chips/train/inclusion/inclusion_53_bb00.png,/Users/christopherbrantner/local/projects/portfolio/surface-defect-classifier/NEU-DET/train/images/inclusion/inclusion_53.jpg,0,inclusion,22,1,58,172,train
/Users/christopherbrantner/local/projects/portfolio/surface-defect-classifier/results/chips/train/inclusion/inclusion_54_bb00.png,/Users/christopherbrantner/local/projects/portfolio/surface-defect-classifier/NEU-DET/train/images/inclusion/inclusion_54.jpg,0,inclusion,79,1,108,90,train
/Users/christopherbrantner/local/projects/portfolio/surface-defect-classifier/results/chips/train/inclusion/inclusion_54_bb01.png,/Users/christopherbrantner/local/projects/portfolio/surface-defect-classifier/NEU-DET/train/images/inclusion/inclusion_54.jpg,1,inclusion,82,77,116,199,train
/Users/christopherbrantner/local/projects/portfolio/surface-defect-classifier/results/chips/train/inclusion/inclusion_55_bb00.png,/Users/christopherbrantner/local/projects/portfolio/surface-defect-classifier/NEU-DET/train/images/inclusion/inclusion_55.jpg,0,inclusion,139,1,183,198,train
/Users/christopherbrantner/local/projects/portfolio/surface-defect-classifier/results/chips/train/inclusion/inclusion_56_bb00.png,/Users/christopherbrantner/local/projects/portfolio/surface-defect-classifier/NEU-DET/train/images/inclusion/inclusion_56.jpg,0,inclusion,9,1,51,180,train
/Users/christopherbrantner/local/projects/portfolio/surface-defect-classifier/results/chips/train/inclusion/inclusion_56_bb01.png,/Users/christopherbrantner/local/projects/portfolio/surface-defect-classifier/NEU-DET/train/images/inclusion/inclusion_56.jpg,1,inclusion,51,1,79,198,train
/Users/christopherbrantner/local/projects/portfolio/surface-defect-classifier/results/chips/train/inclusion/inclusion_57_bb00.png,/Users/christopherbrantner/local/projects/portfolio/surface-defect-classifier/NEU-DET/train/images/inclusion/inclusion_57.jpg,0,inclusion,145,94,178,176,train
/Users/christopherbrantner/local/projects/portfolio/surface-defect-classifier/results/chips/train/inclusion/inclusion_57_bb01.png,/Users/christopherbrantner/local/projects/portfolio/surface-defect-classifier/NEU-DET/train/images/inclusion/inclusion_57.jpg,1,inclusion,99,104,123,168,train
/Users/christopherbrantner/local/projects/portfolio/surface-defect-classifier/results/chips/train/inclusion/inclusion_57_bb02.png,/Users/christopherbrantner/local/projects/portfolio/surface-defect-classifier/NEU-DET/train/images/inclusion/inclusion_57.jpg,2,inclusion,151,18,168,49,train
/Users/christopherbrantner/local/projects/portfolio/surface-defect-classifier/results/chips/train/inclusion/inclusion_58_bb00.png,/Users/christopherbrantner/local/projects/portfolio/surface-defect-classifier/NEU-DET/train/images/inclusion/inclusion_58.jpg,0,inclusion,109,75,139,160,train
/Users/christopherbrantner/local/projects/portfolio/surface-defect-classifier/results/chips/train/inclusion/inclusion_58_bb01.png,/Users/christopherbrantner/local/projects/portfolio/surface-defect-classifier/NEU-DET/train/images/inclusion/inclusion_58.jpg,1,inclusion,61,88,83,149,train
/Users/christopherbrantner/local/projects/portfolio/surface-defect-classifier/results/chips/train/inclusion/inclusion_59_bb00.png,/Users/christopherbrantner/local/projects/portfolio/surface-defect-classifier/NEU-DET/train/images/inclusion/inclusion_59.jpg,0,inclusion,19,89,48,173,train
/Users/christopherbrantner/local/projects/portfolio/surface-defect-classifier/results/chips/train/inclusion/inclusion_59_bb01.png,/Users/christopherbrantner/local/projects/portfolio/surface-defect-classifier/NEU-DET/train/images/inclusion/inclusion_59.jpg,1,inclusion,104,6,146,114,train
/Users/christopherbrantner/local/projects/portfolio/surface-defect-classifier/results/chips/train/inclusion/inclusion_59_bb02.png,/Users/christopherbrantner/local/projects/portfolio/surface-defect-classifier/NEU-DET/train/images/inclusion/inclusion_59.jpg,2,inclusion,143,94,164,136,train
/Users/christopherbrantner/local/projects/portfolio/surface-defect-classifier/results/chips/train/inclusion/inclusion_59_bb03.png,/Users/christopherbrantner/local/projects/portfolio/surface-defect-classifier/NEU-DET/train/images/inclusion/inclusion_59.jpg,3,inclusion,24,16,40,50,train
/Users/christopherbrantner/local/projects/portfolio/surface-defect-classifier/results/chips/train/inclusion/inclusion_6_bb00.png,/Users/christopherbrantner/local/projects/portfolio/surface-defect-classifier/NEU-DET/train/images/inclusion/inclusion_6.jpg,0,inclusion,167,83,200,95,train
/Users/christopherbrantner/local/projects/portfolio/surface-defect-classifier/results/chips/train/inclusion/inclusion_6_bb01.png,/Users/christopherbrantner/local/projects/portfolio/surface-defect-classifier/NEU-DET/train/images/inclusion/inclusion_6.jpg,1,inclusion,1,165,136,190,train
/Users/christopherbrantner/local/projects/portfolio/surface-defect-classifier/results/chips/train/inclusion/inclusion_6_bb02.png,/Users/christopherbrantner/local/projects/portfolio/surface-defect-classifier/NEU-DET/train/images/inclusion/inclusion_6.jpg,2,inclusion,147,167,174,183,train
/Users/christopherbrantner/local/projects/portfolio/surface-defect-classifier/results/chips/train/inclusion/inclusion_60_bb00.png,/Users/christopherbrantner/local/projects/portfolio/surface-defect-classifier/NEU-DET/train/images/inclusion/inclusion_60.jpg,0,inclusion,32,1,55,68,train
/Users/christopherbrantner/local/projects/portfolio/surface-defect-classifier/results/chips/train/inclusion/inclusion_60_bb01.png,/Users/christopherbrantner/local/projects/portfolio/surface-defect-classifier/NEU-DET/train/images/inclusion/inclusion_60.jpg,1,inclusion,30,151,48,200,train
/Users/christopherbrantner/local/projects/portfolio/surface-defect-classifier/results/chips/train/inclusion/inclusion_60_bb02.png,/Users/christopherbrantner/local/projects/portfolio/surface-defect-classifier/NEU-DET/train/images/inclusion/inclusion_60.jpg,2,inclusion,132,81,174,198,train
/Users/christopherbrantner/local/projects/portfolio/surface-defect-classifier/results/chips/train/inclusion/inclusion_60_bb03.png,/Users/christopherbrantner/local/projects/portfolio/surface-defect-classifier/NEU-DET/train/images/inclusion/inclusion_60.jpg,3,inclusion,31,72,48,134,train
/Users/christopherbrantner/local/projects/portfolio/surface-defect-classifier/results/chips/train/inclusion/inclusion_60_bb04.png,/Users/christopherbrantner/local/projects/portfolio/surface-defect-classifier/NEU-DET/train/images/inclusion/inclusion_60.jpg,4,inclusion,159,1,173,31,train
/Users/christopherbrantner/local/projects/portfolio/surface-defect-classifier/results/chips/train/inclusion/inclusion_61_bb00.png,/Users/christopherbrantner/local/projects/portfolio/surface-defect-classifier/NEU-DET/train/images/inclusion/inclusion_61.jpg,0,inclusion,60,1,93,159,train
/Users/christopherbrantner/local/projects/portfolio/surface-defect-classifier/results/chips/train/inclusion/inclusion_61_bb01.png,/Users/christopherbrantner/local/projects/portfolio/surface-defect-classifier/NEU-DET/train/images/inclusion/inclusion_61.jpg,1,inclusion,84,37,119,199,train
/Users/christopherbrantner/local/projects/portfolio/surface-defect-classifier/results/chips/train/inclusion/inclusion_62_bb00.png,/Users/christopherbrantner/local/projects/portfolio/surface-defect-classifier/NEU-DET/train/images/inclusion/inclusion_62.jpg,0,inclusion,39,1,67,74,train
/Users/christopherbrantner/local/projects/portfolio/surface-defect-classifier/results/chips/train/inclusion/inclusion_62_bb01.png,/Users/christopherbrantner/local/projects/portfolio/surface-defect-classifier/NEU-DET/train/images/inclusion/inclusion_62.jpg,1,inclusion,147,86,189,197,train
/Users/christopherbrantner/local/projects/portfolio/surface-defect-classifier/results/chips/train/inclusion/inclusion_62_bb02.png,/Users/christopherbrantner/local/projects/portfolio/surface-defect-classifier/NEU-DET/train/images/inclusion/inclusion_62.jpg,2,inclusion,40,162,57,198,train
/Users/christopherbrantner/local/projects/portfolio/surface-defect-classifier/results/chips/train/inclusion/inclusion_62_bb03.png,/Users/christopherbrantner/local/projects/portfolio/surface-defect-classifier/NEU-DET/train/images/inclusion/inclusion_62.jpg,3,inclusion,1,66,33,199,train
/Users/christopherbrantner/local/projects/portfolio/surface-defect-classifier/results/chips/train/inclusion/inclusion_62_bb04.png,/Users/christopherbrantner/local/projects/portfolio/surface-defect-classifier/NEU-DET/train/images/inclusion/inclusion_62.jpg,4,inclusion,39,77,59,140,train
/Users/christopherbrantner/local/projects/portfolio/surface-defect-classifier/results/chips/train/inclusion/inclusion_62_bb05.png,/Users/christopherbrantner/local/projects/portfolio/surface-defect-classifier/NEU-DET/train/images/inclusion/inclusion_62.jpg,5,inclusion,169,1,182,32,train
/Users/christopherbrantner/local/projects/portfolio/surface-defect-classifier/results/chips/train/inclusion/inclusion_62_bb06.png,/Users/christopherbrantner/local/projects/portfolio/surface-defect-classifier/NEU-DET/train/images/inclusion/inclusion_62.jpg,6,inclusion,39,77,59,140,train
/Users/christopherbrantner/local/projects/portfolio/surface-defect-classifier/results/chips/train/inclusion/inclusion_62_bb07.png,/Users/christopherbrantner/local/projects/portfolio/surface-defect-classifier/NEU-DET/train/images/inclusion/inclusion_62.jpg,7,inclusion,46,116,59,146,train
/Users/christopherbrantner/local/projects/portfolio/surface-defect-classifier/results/chips/train/inclusion/inclusion_63_bb00.png,/Users/christopherbrantner/local/projects/portfolio/surface-defect-classifier/NEU-DET/train/images/inclusion/inclusion_63.jpg,0,inclusion,143,41,168,116,train
/Users/christopherbrantner/local/projects/portfolio/surface-defect-classifier/results/chips/train/inclusion/inclusion_63_bb01.png,/Users/christopherbrantner/local/projects/portfolio/surface-defect-classifier/NEU-DET/train/images/inclusion/inclusion_63.jpg,1,inclusion,147,108,164,179,train
/Users/christopherbrantner/local/projects/portfolio/surface-defect-classifier/results/chips/train/inclusion/inclusion_64_bb00.png,/Users/christopherbrantner/local/projects/portfolio/surface-defect-classifier/NEU-DET/train/images/inclusion/inclusion_64.jpg,0,inclusion,112,1,136,70,train
/Users/christopherbrantner/local/projects/portfolio/surface-defect-classifier/results/chips/train/inclusion/inclusion_64_bb01.png,/Users/christopherbrantner/local/projects/portfolio/surface-defect-classifier/NEU-DET/train/images/inclusion/inclusion_64.jpg,1,inclusion,106,91,138,198,train
/Users/christopherbrantner/local/projects/portfolio/surface-defect-classifier/results/chips/train/inclusion/inclusion_65_bb00.png,/Users/christopherbrantner/local/projects/portfolio/surface-defect-classifier/NEU-DET/train/images/inclusion/inclusion_65.jpg,0,inclusion,30,1,57,82,train
/Users/christopherbrantner/local/projects/portfolio/surface-defect-classifier/results/chips/train/inclusion/inclusion_65_bb01.png,/Users/christopherbrantner/local/projects/portfolio/surface-defect-classifier/NEU-DET/train/images/inclusion/inclusion_65.jpg,1,inclusion,147,20,191,198,train
/Users/christopherbrantner/local/projects/portfolio/surface-defect-classifier/results/chips/train/inclusion/inclusion_65_bb02.png,/Users/christopherbrantner/local/projects/portfolio/surface-defect-classifier/NEU-DET/train/images/inclusion/inclusion_65.jpg,2,inclusion,27,108,48,145,train
/Users/christopherbrantner/local/projects/portfolio/surface-defect-classifier/results/chips/train/inclusion/inclusion_66_bb00.png,/Users/christopherbrantner/local/projects/portfolio/surface-defect-classifier/NEU-DET/train/images/inclusion/inclusion_66.jpg,0,inclusion,64,1,108,197,train
/Users/christopherbrantner/local/projects/portfolio/surface-defect-classifier/results/chips/train/inclusion/inclusion_67_bb00.png,/Users/christopherbrantner/local/projects/portfolio/surface-defect-classifier/NEU-DET/train/images/inclusion/inclusion_67.jpg,0,inclusion,71,31,97,92,train
/Users/christopherbrantner/local/projects/portfolio/surface-defect-classifier/results/chips/train/inclusion/inclusion_67_bb01.png,/Users/christopherbrantner/local/projects/portfolio/surface-defect-classifier/NEU-DET/train/images/inclusion/inclusion_67.jpg,1,inclusion,126,1,151,73,train
/Users/christopherbrantner/local/projects/portfolio/surface-defect-classifier/results/chips/train/inclusion/inclusion_67_bb02.png,/Users/christopherbrantner/local/projects/portfolio/surface-defect-classifier/NEU-DET/train/images/inclusion/inclusion_67.jpg,2,inclusion,17,116,39,193,train
/Users/christopherbrantner/local/projects/portfolio/surface-defect-classifier/results/chips/train/inclusion/inclusion_67_bb03.png,/Users/christopherbrantner/local/projects/portfolio/surface-defect-classifier/NEU-DET/train/images/inclusion/inclusion_67.jpg,3,inclusion,132,166,155,200,train
/Users/christopherbrantner/local/projects/portfolio/surface-defect-classifier/results/chips/train/inclusion/inclusion_68_bb00.png,/Users/christopherbrantner/local/projects/portfolio/surface-defect-classifier/NEU-DET/train/images/inclusion/inclusion_68.jpg,0,inclusion,92,109,118,161,train
/Users/christopherbrantner/local/projects/portfolio/surface-defect-classifier/results/chips/train/inclusion/inclusion_68_bb01.png,/Users/christopherbrantner/local/projects/portfolio/surface-defect-classifier/NEU-DET/train/images/inclusion/inclusion_68.jpg,1,inclusion,154,6,171,66,train
/Users/christopherbrantner/local/projects/portfolio/surface-defect-classifier/results/chips/train/inclusion/inclusion_69_bb00.png,/Users/christopherbrantner/local/projects/portfolio/surface-defect-classifier/NEU-DET/train/images/inclusion/inclusion_69.jpg,0,inclusion,30,30,52,98,train
/Users/christopherbrantner/local/projects/portfolio/surface-defect-classifier/results/chips/train/inclusion/inclusion_69_bb01.png,/Users/christopherbrantner/local/projects/portfolio/surface-defect-classifier/NEU-DET/train/images/inclusion/inclusion_69.jpg,1,inclusion,37,116,56,167,train
/Users/christopherbrantner/local/projects/portfolio/surface-defect-classifier/results/chips/train/inclusion/inclusion_69_bb02.png,/Users/christopherbrantner/local/projects/portfolio/surface-defect-classifier/NEU-DET/train/images/inclusion/inclusion_69.jpg,2,inclusion,141,71,165,146,train
/Users/christopherbrantner/local/projects/portfolio/surface-defect-classifier/results/chips/train/inclusion/inclusion_7_bb00.png,/Users/christopherbrantner/local/projects/portfolio/surface-defect-classifier/NEU-DET/train/images/inclusion/inclusion_7.jpg,0,inclusion,9,56,147,83,train
/Users/christopherbrantner/local/projects/portfolio/surface-defect-classifier/results/chips/train/inclusion/inclusion_7_bb01.png,/Users/christopherbrantner/local/projects/portfolio/surface-defect-classifier/NEU-DET/train/images/inclusion/inclusion_7.jpg,1,inclusion,151,61,183,75,train
/Users/christopherbrantner/local/projects/portfolio/surface-defect-classifier/results/chips/train/inclusion/inclusion_70_bb00.png,/Users/christopherbrantner/local/projects/portfolio/surface-defect-classifier/NEU-DET/train/images/inclusion/inclusion_70.jpg,0,inclusion,87,46,117,116,train
/Users/christopherbrantner/local/projects/portfolio/surface-defect-classifier/results/chips/train/inclusion/inclusion_70_bb01.png,/Users/christopherbrantner/local/projects/portfolio/surface-defect-classifier/NEU-DET/train/images/inclusion/inclusion_70.jpg,1,inclusion,86,127,106,179,train
/Users/christopherbrantner/local/projects/portfolio/surface-defect-classifier/results/chips/train/inclusion/inclusion_70_bb02.png,/Users/christopherbrantner/local/projects/portfolio/surface-defect-classifier/NEU-DET/train/images/inclusion/inclusion_70.jpg,2,inclusion,24,5,73,179,train
/Users/christopherbrantner/local/projects/portfolio/surface-defect-classifier/results/chips/train/inclusion/inclusion_71_bb00.png,/Users/christopherbrantner/local/projects/portfolio/surface-defect-classifier/NEU-DET/train/images/inclusion/inclusion_71.jpg,0,inclusion,76,73,114,158,train
/Users/christopherbrantner/local/projects/portfolio/surface-defect-classifier/results/chips/train/inclusion/inclusion_71_bb01.png,/Users/christopherbrantner/local/projects/portfolio/surface-defect-classifier/NEU-DET/train/images/inclusion/inclusion_71.jpg,1,inclusion,110,66,136,112,train
/Users/christopherbrantner/local/projects/portfolio/surface-defect-classifier/results/chips/train/inclusion/inclusion_72_bb00.png,/Users/christopherbrantner/local/projects/portfolio/surface-defect-classifier/NEU-DET/train/images/inclusion/inclusion_72.jpg,0,inclusion,92,40,125,113,train
/Users/christopherbrantner/local/projects/portfolio/surface-defect-classifier/results/chips/train/inclusion/inclusion_73_bb00.png,/Users/christopherbrantner/local/projects/portfolio/surface-defect-classifier/NEU-DET/train/images/inclusion/inclusion_73.jpg,0,inclusion,75,1,108,129,train
/Users/christopherbrantner/local/projects/portfolio/surface-defect-classifier/results/chips/train/inclusion/inclusion_73_bb01.png,/Users/christopherbrantner/local/projects/portfolio/surface-defect-classifier/NEU-DET/train/images/inclusion/inclusion_73.jpg,1,inclusion,127,109,157,180,train
/Users/christopherbrantner/local/projects/portfolio/surface-defect-classifier/results/chips/train/inclusion/inclusion_74_bb00.png,/Users/christopherbrantner/local/projects/portfolio/surface-defect-classifier/NEU-DET/train/images/inclusion/inclusion_74.jpg,0,inclusion,85,1,116,196,train
/Users/christopherbrantner/local/projects/portfolio/surface-defect-classifier/results/chips/train/inclusion/inclusion_74_bb01.png,/Users/christopherbrantner/local/projects/portfolio/surface-defect-classifier/NEU-DET/train/images/inclusion/inclusion_74.jpg,1,inclusion,121,2,144,88,train
/Users/christopherbrantner/local/projects/portfolio/surface-defect-classifier/results/chips/train/inclusion/inclusion_74_bb02.png,/Users/christopherbrantner/local/projects/portfolio/surface-defect-classifier/NEU-DET/train/images/inclusion/inclusion_74.jpg,2,inclusion,147,18,167,50,train
/Users/christopherbrantner/local/projects/portfolio/surface-defect-classifier/results/chips/train/inclusion/inclusion_75_bb00.png,/Users/christopherbrantner/local/projects/portfolio/surface-defect-classifier/NEU-DET/train/images/inclusion/inclusion_75.jpg,0,inclusion,7,2,40,197,train
/Users/christopherbrantner/local/projects/portfolio/surface-defect-classifier/results/chips/train/inclusion/inclusion_75_bb01.png,/Users/christopherbrantner/local/projects/portfolio/surface-defect-classifier/NEU-DET/train/images/inclusion/inclusion_75.jpg,1,inclusion,43,76,67,164,train
/Users/christopherbrantner/local/projects/portfolio/surface-defect-classifier/results/chips/train/inclusion/inclusion_75_bb02.png,/Users/christopherbrantner/local/projects/portfolio/surface-defect-classifier/NEU-DET/train/images/inclusion/inclusion_75.jpg,2,inclusion,115,23,133,78,train
/Users/christopherbrantner/local/projects/portfolio/surface-defect-classifier/results/chips/train/inclusion/inclusion_75_bb03.png,/Users/christopherbrantner/local/projects/portfolio/surface-defect-classifier/NEU-DET/train/images/inclusion/inclusion_75.jpg,3,inclusion,69,97,89,127,train
/Users/christopherbrantner/local/projects/portfolio/surface-defect-classifier/results/chips/train/inclusion/inclusion_76_bb00.png,/Users/christopherbrantner/local/projects/portfolio/surface-defect-classifier/NEU-DET/train/images/inclusion/inclusion_76.jpg,0,inclusion,80,1,128,198,train
/Users/christopherbrantner/local/projects/portfolio/surface-defect-classifier/results/chips/train/inclusion/inclusion_76_bb01.png,/Users/christopherbrantner/local/projects/portfolio/surface-defect-classifier/NEU-DET/train/images/inclusion/inclusion_76.jpg,1,inclusion,130,115,155,194,train
/Users/christopherbrantner/local/projects/portfolio/surface-defect-classifier/results/chips/train/inclusion/inclusion_76_bb02.png,/Users/christopherbrantner/local/projects/portfolio/surface-defect-classifier/NEU-DET/train/images/inclusion/inclusion_76.jpg,2,inclusion,158,135,174,164,train
/Users/christopherbrantner/local/projects/portfolio/surface-defect-classifier/results/chips/train/inclusion/inclusion_77_bb00.png,/Users/christopherbrantner/local/projects/portfolio/surface-defect-classifier/NEU-DET/train/images/inclusion/inclusion_77.jpg,0,inclusion,77,69,123,198,train
/Users/christopherbrantner/local/projects/portfolio/surface-defect-classifier/results/chips/train/inclusion/inclusion_78_bb00.png,/Users/christopherbrantner/local/projects/portfolio/surface-defect-classifier/NEU-DET/train/images/inclusion/inclusion_78.jpg,0,inclusion,107,1,141,75,train
/Users/christopherbrantner/local/projects/portfolio/surface-defect-classifier/results/chips/train/inclusion/inclusion_78_bb01.png,/Users/christopherbrantner/local/projects/portfolio/surface-defect-classifier/NEU-DET/train/images/inclusion/inclusion_78.jpg,1,inclusion,99,139,131,199,train
/Users/christopherbrantner/local/projects/portfolio/surface-defect-classifier/results/chips/train/inclusion/inclusion_78_bb02.png,/Users/christopherbrantner/local/projects/portfolio/surface-defect-classifier/NEU-DET/train/images/inclusion/inclusion_78.jpg,2,inclusion,2,49,29,99,train
/Users/christopherbrantner/local/projects/portfolio/surface-defect-classifier/results/chips/train/inclusion/inclusion_79_bb00.png,/Users/christopherbrantner/local/projects/portfolio/surface-defect-classifier/NEU-DET/train/images/inclusion/inclusion_79.jpg,0,inclusion,17,6,65,196,train
/Users/christopherbrantner/local/projects/portfolio/surface-defect-classifier/results/chips/train/inclusion/inclusion_8_bb00.png,/Users/christopherbrantner/local/projects/portfolio/surface-defect-classifier/NEU-DET/train/images/inclusion/inclusion_8.jpg,0,inclusion,23,143,52,160,train
/Users/christopherbrantner/local/projects/portfolio/surface-defect-classifier/results/chips/train/inclusion/inclusion_8_bb01.png,/Users/christopherbrantner/local/projects/portfolio/surface-defect-classifier/NEU-DET/train/images/inclusion/inclusion_8.jpg,1,inclusion,65,132,198,164,train
/Users/christopherbrantner/local/projects/portfolio/surface-defect-classifier/results/chips/train/inclusion/inclusion_80_bb00.png,/Users/christopherbrantner/local/projects/portfolio/surface-defect-classifier/NEU-DET/train/images/inclusion/inclusion_80.jpg,0,inclusion,34,65,73,197,train
/Users/christopherbrantner/local/projects/portfolio/surface-defect-classifier/results/chips/train/inclusion/inclusion_80_bb01.png,/Users/christopherbrantner/local/projects/portfolio/surface-defect-classifier/NEU-DET/train/images/inclusion/inclusion_80.jpg,1,inclusion,131,11,160,132,train
/Users/christopherbrantner/local/projects/portfolio/surface-defect-classifier/results/chips/train/inclusion/inclusion_80_bb02.png,/Users/christopherbrantner/local/projects/portfolio/surface-defect-classifier/NEU-DET/train/images/inclusion/inclusion_80.jpg,2,inclusion,157,68,198,197,train
/Users/christopherbrantner/local/projects/portfolio/surface-defect-classifier/results/chips/train/inclusion/inclusion_81_bb00.png,/Users/christopherbrantner/local/projects/portfolio/surface-defect-classifier/NEU-DET/train/images/inclusion/inclusion_81.jpg,0,inclusion,45,1,90,199,train
/Users/christopherbrantner/local/projects/portfolio/surface-defect-classifier/results/chips/train/inclusion/inclusion_81_bb01.png,/Users/christopherbrantner/local/projects/portfolio/surface-defect-classifier/NEU-DET/train/images/inclusion/inclusion_81.jpg,1,inclusion,159,1,188,96,train
/Users/christopherbrantner/local/projects/portfolio/surface-defect-classifier/results/chips/train/inclusion/inclusion_81_bb02.png,/Users/christopherbrantner/local/projects/portfolio/surface-defect-classifier/NEU-DET/train/images/inclusion/inclusion_81.jpg,2,inclusion,136,132,170,198,train
/Users/christopherbrantner/local/projects/portfolio/surface-defect-classifier/results/chips/train/inclusion/inclusion_81_bb03.png,/Users/christopherbrantner/local/projects/portfolio/surface-defect-classifier/NEU-DET/train/images/inclusion/inclusion_81.jpg,3,inclusion,10,11,43,68,train
/Users/christopherbrantner/local/projects/portfolio/surface-defect-classifier/results/chips/train/inclusion/inclusion_81_bb04.png,/Users/christopherbrantner/local/projects/portfolio/surface-defect-classifier/NEU-DET/train/images/inclusion/inclusion_81.jpg,4,inclusion,44,166,61,199,train
/Users/christopherbrantner/local/projects/portfolio/surface-defect-classifier/results/chips/train/inclusion/inclusion_82_bb00.png,/Users/christopherbrantner/local/projects/portfolio/surface-defect-classifier/NEU-DET/train/images/inclusion/inclusion_82.jpg,0,inclusion,53,1,87,96,train
/Users/christopherbrantner/local/projects/portfolio/surface-defect-classifier/results/chips/train/inclusion/inclusion_82_bb01.png,/Users/christopherbrantner/local/projects/portfolio/surface-defect-classifier/NEU-DET/train/images/inclusion/inclusion_82.jpg,1,inclusion,35,133,66,199,train
/Users/christopherbrantner/local/projects/portfolio/surface-defect-classifier/results/chips/train/inclusion/inclusion_83_bb00.png,/Users/christopherbrantner/local/projects/portfolio/surface-defect-classifier/NEU-DET/train/images/inclusion/inclusion_83.jpg,0,inclusion,144,128,164,187,train
/Users/christopherbrantner/local/projects/portfolio/surface-defect-classifier/results/chips/train/inclusion/inclusion_83_bb01.png,/Users/christopherbrantner/local/projects/portfolio/surface-defect-classifier/NEU-DET/train/images/inclusion/inclusion_83.jpg,1,inclusion,160,1,190,167,train
/Users/christopherbrantner/local/projects/portfolio/surface-defect-classifier/results/chips/train/inclusion/inclusion_83_bb02.png,/Users/christopherbrantner/local/projects/portfolio/surface-defect-classifier/NEU-DET/train/images/inclusion/inclusion_83.jpg,2,inclusion,120,52,133,88,train
/Users/christopherbrantner/local/projects/portfolio/surface-defect-classifier/results/chips/train/inclusion/inclusion_84_bb00.png,/Users/christopherbrantner/local/projects/portfolio/surface-defect-classifier/NEU-DET/train/images/inclusion/inclusion_84.jpg,0,inclusion,114,136,132,168,train
/Users/christopherbrantner/local/projects/portfolio/surface-defect-classifier/results/chips/train/inclusion/inclusion_84_bb01.png,/Users/christopherbrantner/local/projects/portfolio/surface-defect-classifier/NEU-DET/train/images/inclusion/inclusion_84.jpg,1,inclusion,133,154,152,199,train
/Users/christopherbrantner/local/projects/portfolio/surface-defect-classifier/results/chips/train/inclusion/inclusion_84_bb02.png,/Users/christopherbrantner/local/projects/portfolio/surface-defect-classifier/NEU-DET/train/images/inclusion/inclusion_84.jpg,2,inclusion,138,84,162,142,train
/Users/christopherbrantner/local/projects/portfolio/surface-defect-classifier/results/chips/train/inclusion/inclusion_84_bb03.png,/Users/christopherbrantner/local/projects/portfolio/surface-defect-classifier/NEU-DET/train/images/inclusion/inclusion_84.jpg,3,inclusion,158,1,184,132,train
/Users/christopherbrantner/local/projects/portfolio/surface-defect-classifier/results/chips/train/inclusion/inclusion_84_bb04.png,/Users/christopherbrantner/local/projects/portfolio/surface-defect-classifier/NEU-DET/train/images/inclusion/inclusion_84.jpg,4,inclusion,111,6,134,48,train
/Users/christopherbrantner/local/projects/portfolio/surface-defect-classifier/results/chips/train/inclusion/inclusion_84_bb05.png,/Users/christopherbrantner/local/projects/portfolio/surface-defect-classifier/NEU-DET/train/images/inclusion/inclusion_84.jpg,5,inclusion,85,170,101,200,train
/Users/christopherbrantner/local/projects/portfolio/surface-defect-classifier/results/chips/train/inclusion/inclusion_85_bb00.png,/Users/christopherbrantner/local/projects/portfolio/surface-defect-classifier/NEU-DET/train/images/inclusion/inclusion_85.jpg,0,inclusion,9,94,25,127,train
/Users/christopherbrantner/local/projects/portfolio/surface-defect-classifier/results/chips/train/inclusion/inclusion_85_bb01.png,/Users/christopherbrantner/local/projects/portfolio/surface-defect-classifier/NEU-DET/train/images/inclusion/inclusion_85.jpg,1,inclusion,30,114,52,176,train
/Users/christopherbrantner/local/projects/portfolio/surface-defect-classifier/results/chips/train/inclusion/inclusion_85_bb02.png,/Users/christopherbrantner/local/projects/portfolio/surface-defect-classifier/NEU-DET/train/images/inclusion/inclusion_85.jpg,2,inclusion,34,46,57,97,train
/Users/christopherbrantner/local/projects/portfolio/surface-defect-classifier/results/chips/train/inclusion/inclusion_85_bb03.png,/Users/christopherbrantner/local/projects/portfolio/surface-defect-classifier/NEU-DET/train/images/inclusion/inclusion_85.jpg,3,inclusion,53,1,77,83,train
/Users/christopherbrantner/local/projects/portfolio/surface-defect-classifier/results/chips/train/inclusion/inclusion_85_bb04.png,/Users/christopherbrantner/local/projects/portfolio/surface-defect-classifier/NEU-DET/train/images/inclusion/inclusion_85.jpg,4,inclusion,129,19,162,114,train
/Users/christopherbrantner/local/projects/portfolio/surface-defect-classifier/results/chips/train/inclusion/inclusion_85_bb05.png,/Users/christopherbrantner/local/projects/portfolio/surface-defect-classifier/NEU-DET/train/images/inclusion/inclusion_85.jpg,5,inclusion,54,147,92,193,train
/Users/christopherbrantner/local/projects/portfolio/surface-defect-classifier/results/chips/train/inclusion/inclusion_86_bb00.png,/Users/christopherbrantner/local/projects/portfolio/surface-defect-classifier/NEU-DET/train/images/inclusion/inclusion_86.jpg,0,inclusion,35,1,60,85,train
/Users/christopherbrantner/local/projects/portfolio/surface-defect-classifier/results/chips/train/inclusion/inclusion_86_bb01.png,/Users/christopherbrantner/local/projects/portfolio/surface-defect-classifier/NEU-DET/train/images/inclusion/inclusion_86.jpg,1,inclusion,16,43,37,95,train
/Users/christopherbrantner/local/projects/portfolio/surface-defect-classifier/results/chips/train/inclusion/inclusion_86_bb02.png,/Users/christopherbrantner/local/projects/portfolio/surface-defect-classifier/NEU-DET/train/images/inclusion/inclusion_86.jpg,2,inclusion,7,110,28,175,train
/Users/christopherbrantner/local/projects/portfolio/surface-defect-classifier/results/chips/train/inclusion/inclusion_86_bb03.png,/Users/christopherbrantner/local/projects/portfolio/surface-defect-classifier/NEU-DET/train/images/inclusion/inclusion_86.jpg,3,inclusion,35,142,72,192,train
/Users/christopherbrantner/local/projects/portfolio/surface-defect-classifier/results/chips/train/inclusion/inclusion_86_bb04.png,/Users/christopherbrantner/local/projects/portfolio/surface-defect-classifier/NEU-DET/train/images/inclusion/inclusion_86.jpg,4,inclusion,110,21,144,110,train
/Users/christopherbrantner/local/projects/portfolio/surface-defect-classifier/results/chips/train/inclusion/inclusion_87_bb00.png,/Users/christopherbrantner/local/projects/portfolio/surface-defect-classifier/NEU-DET/train/images/inclusion/inclusion_87.jpg,0,inclusion,45,83,67,119,train
/Users/christopherbrantner/local/projects/portfolio/surface-defect-classifier/results/chips/train/inclusion/inclusion_87_bb01.png,/Users/christopherbrantner/local/projects/portfolio/surface-defect-classifier/NEU-DET/train/images/inclusion/inclusion_87.jpg,1,inclusion,67,102,90,165,train
/Users/christopherbrantner/local/projects/portfolio/surface-defect-classifier/results/chips/train/inclusion/inclusion_87_bb02.png,/Users/christopherbrantner/local/projects/portfolio/surface-defect-classifier/NEU-DET/train/images/inclusion/inclusion_87.jpg,2,inclusion,92,139,134,181,train
/Users/christopherbrantner/local/projects/portfolio/surface-defect-classifier/results/chips/train/inclusion/inclusion_87_bb03.png,/Users/christopherbrantner/local/projects/portfolio/surface-defect-classifier/NEU-DET/train/images/inclusion/inclusion_87.jpg,3,inclusion,73,36,95,87,train
/Users/christopherbrantner/local/projects/portfolio/surface-defect-classifier/results/chips/train/inclusion/inclusion_87_bb04.png,/Users/christopherbrantner/local/projects/portfolio/surface-defect-classifier/NEU-DET/train/images/inclusion/inclusion_87.jpg,4,inclusion,92,1,116,73,train
/Users/christopherbrantner/local/projects/portfolio/surface-defect-classifier/results/chips/train/inclusion/inclusion_87_bb05.png,/Users/christopherbrantner/local/projects/portfolio/surface-defect-classifier/NEU-DET/train/images/inclusion/inclusion_87.jpg,5,inclusion,167,24,190,106,train
/Users/christopherbrantner/local/projects/portfolio/surface-defect-classifier/results/chips/train/inclusion/inclusion_87_bb06.png,/Users/christopherbrantner/local/projects/portfolio/surface-defect-classifier/NEU-DET/train/images/inclusion/inclusion_87.jpg,6,inclusion,19,117,39,167,train
/Users/christopherbrantner/local/projects/portfolio/surface-defect-classifier/results/chips/train/inclusion/inclusion_88_bb00.png,/Users/christopherbrantner/local/projects/portfolio/surface-defect-classifier/NEU-DET/train/images/inclusion/inclusion_88.jpg,0,inclusion,61,27,79,75,train
/Users/christopherbrantner/local/projects/portfolio/surface-defect-classifier/results/chips/train/inclusion/inclusion_88_bb01.png,/Users/christopherbrantner/local/projects/portfolio/surface-defect-classifier/NEU-DET/train/images/inclusion/inclusion_88.jpg,1,inclusion,107,10,130,76,train
/Users/christopherbrantner/local/projects/portfolio/surface-defect-classifier/results/chips/train/inclusion/inclusion_88_bb02.png,/Users/christopherbrantner/local/projects/portfolio/surface-defect-classifier/NEU-DET/train/images/inclusion/inclusion_88.jpg,2,inclusion,135,47,175,129,train
/Users/christopherbrantner/local/projects/portfolio/surface-defect-classifier/results/chips/train/inclusion/inclusion_88_bb03.png,/Users/christopherbrantner/local/projects/portfolio/surface-defect-classifier/NEU-DET/train/images/inclusion/inclusion_88.jpg,3,inclusion,83,127,121,188,train
/Users/christopherbrantner/local/projects/portfolio/surface-defect-classifier/results/chips/train/inclusion/inclusion_88_bb04.png,/Users/christopherbrantner/local/projects/portfolio/surface-defect-classifier/NEU-DET/train/images/inclusion/inclusion_88.jpg,4,inclusion,34,56,46,84,train
/Users/christopherbrantner/local/projects/portfolio/surface-defect-classifier/results/chips/train/inclusion/inclusion_88_bb05.png,/Users/christopherbrantner/local/projects/portfolio/surface-defect-classifier/NEU-DET/train/images/inclusion/inclusion_88.jpg,5,inclusion,88,1,103,26,train
/Users/christopherbrantner/local/projects/portfolio/surface-defect-classifier/results/chips/train/inclusion/inclusion_88_bb06.png,/Users/christopherbrantner/local/projects/portfolio/surface-defect-classifier/NEU-DET/train/images/inclusion/inclusion_88.jpg,6,inclusion,36,88,47,110,train
/Users/christopherbrantner/local/projects/portfolio/surface-defect-classifier/results/chips/train/inclusion/inclusion_88_bb07.png,/Users/christopherbrantner/local/projects/portfolio/surface-defect-classifier/NEU-DET/train/images/inclusion/inclusion_88.jpg,7,inclusion,37,142,49,170,train
/Users/christopherbrantner/local/projects/portfolio/surface-defect-classifier/results/chips/train/inclusion/inclusion_89_bb00.png,/Users/christopherbrantner/local/projects/portfolio/surface-defect-classifier/NEU-DET/train/images/inclusion/inclusion_89.jpg,0,inclusion,75,58,115,123,train
/Users/christopherbrantner/local/projects/portfolio/surface-defect-classifier/results/chips/train/inclusion/inclusion_89_bb01.png,/Users/christopherbrantner/local/projects/portfolio/surface-defect-classifier/NEU-DET/train/images/inclusion/inclusion_89.jpg,1,inclusion,126,1,157,98,train
/Users/christopherbrantner/local/projects/portfolio/surface-defect-classifier/results/chips/train/inclusion/inclusion_89_bb02.png,/Users/christopherbrantner/local/projects/portfolio/surface-defect-classifier/NEU-DET/train/images/inclusion/inclusion_89.jpg,2,inclusion,166,137,188,177,train
/Users/christopherbrantner/local/projects/portfolio/surface-defect-classifier/results/chips/train/inclusion/inclusion_89_bb03.png,/Users/christopherbrantner/local/projects/portfolio/surface-defect-classifier/NEU-DET/train/images/inclusion/inclusion_89.jpg,3,inclusion,28,21,42,46,train
/Users/christopherbrantner/local/projects/portfolio/surface-defect-classifier/results/chips/train/inclusion/inclusion_89_bb04.png,/Users/christopherbrantner/local/projects/portfolio/surface-defect-classifier/NEU-DET/train/images/inclusion/inclusion_89.jpg,4,inclusion,28,74,43,104,train
/Users/christopherbrantner/local/projects/portfolio/surface-defect-classifier/results/chips/train/inclusion/inclusion_9_bb00.png,/Users/christopherbrantner/local/projects/portfolio/surface-defect-classifier/NEU-DET/train/images/inclusion/inclusion_9.jpg,0,inclusion,1,64,122,93,train
/Users/christopherbrantner/local/projects/portfolio/surface-defect-classifier/results/chips/train/inclusion/inclusion_90_bb00.png,/Users/christopherbrantner/local/projects/portfolio/surface-defect-classifier/NEU-DET/train/images/inclusion/inclusion_90.jpg,0,inclusion,35,1,72,91,train
/Users/christopherbrantner/local/projects/portfolio/surface-defect-classifier/results/chips/train/inclusion/inclusion_91_bb00.png,/Users/christopherbrantner/local/projects/portfolio/surface-defect-classifier/NEU-DET/train/images/inclusion/inclusion_91.jpg,0,inclusion,69,44,108,114,train
/Users/christopherbrantner/local/projects/portfolio/surface-defect-classifier/results/chips/train/inclusion/inclusion_91_bb01.png,/Users/christopherbrantner/local/projects/portfolio/surface-defect-classifier/NEU-DET/train/images/inclusion/inclusion_91.jpg,1,inclusion,42,8,65,74,train
/Users/christopherbrantner/local/projects/portfolio/surface-defect-classifier/results/chips/train/inclusion/inclusion_91_bb02.png,/Users/christopherbrantner/local/projects/portfolio/surface-defect-classifier/NEU-DET/train/images/inclusion/inclusion_91.jpg,2,inclusion,28,119,58,186,train
/Users/christopherbrantner/local/projects/portfolio/surface-defect-classifier/results/chips/train/inclusion/inclusion_91_bb03.png,/Users/christopherbrantner/local/projects/portfolio/surface-defect-classifier/NEU-DET/train/images/inclusion/inclusion_91.jpg,3,inclusion,25,1,36,24,train
/Users/christopherbrantner/local/projects/portfolio/surface-defect-classifier/results/chips/train/inclusion/inclusion_92_bb00.png,/Users/christopherbrantner/local/projects/portfolio/surface-defect-classifier/NEU-DET/train/images/inclusion/inclusion_92.jpg,0,inclusion,120,58,154,180,train
/Users/christopherbrantner/local/projects/portfolio/surface-defect-classifier/results/chips/train/inclusion/inclusion_92_bb01.png,/Users/christopherbrantner/local/projects/portfolio/surface-defect-classifier/NEU-DET/train/images/inclusion/inclusion_92.jpg,1,inclusion,148,45,170,84,train
/Users/christopherbrantner/local/projects/portfolio/surface-defect-classifier/results/chips/train/inclusion/inclusion_92_bb02.png,/Users/christopherbrantner/local/projects/portfolio/surface-defect-classifier/NEU-DET/train/images/inclusion/inclusion_92.jpg,2,inclusion,29,32,61,77,train
/Users/christopherbrantner/local/projects/portfolio/surface-defect-classifier/results/chips/train/inclusion/inclusion_92_bb03.png,/Users/christopherbrantner/local/projects/portfolio/surface-defect-classifier/NEU-DET/train/images/inclusion/inclusion_92.jpg,3,inclusion,79,1,96,37,train
/Users/christopherbrantner/local/projects/portfolio/surface-defect-classifier/results/chips/train/inclusion/inclusion_93_bb00.png,/Users/christopherbrantner/local/projects/portfolio/surface-defect-classifier/NEU-DET/train/images/inclusion/inclusion_93.jpg,0,inclusion,42,57,76,133,train
/Users/christopherbrantner/local/projects/portfolio/surface-defect-classifier/results/chips/train/inclusion/inclusion_93_bb01.png,/Users/christopherbrantner/local/projects/portfolio/surface-defect-classifier/NEU-DET/train/images/inclusion/inclusion_93.jpg,1,inclusion,85,89,115,184,train
/Users/christopherbrantner/local/projects/portfolio/surface-defect-classifier/results/chips/train/inclusion/inclusion_93_bb02.png,/Users/christopherbrantner/local/projects/portfolio/surface-defect-classifier/NEU-DET/train/images/inclusion/inclusion_93.jpg,2,inclusion,150,95,175,182,train
/Users/christopherbrantner/local/projects/portfolio/surface-defect-classifier/results/chips/train/inclusion/inclusion_93_bb03.png,/Users/christopherbrantner/local/projects/portfolio/surface-defect-classifier/NEU-DET/train/images/inclusion/inclusion_93.jpg,3,inclusion,154,25,179,85,train
/Users/christopherbrantner/local/projects/portfolio/surface-defect-classifier/results/chips/train/inclusion/inclusion_93_bb04.png,/Users/christopherbrantner/local/projects/portfolio/surface-defect-classifier/NEU-DET/train/images/inclusion/inclusion_93.jpg,4,inclusion,42,22,60,60,train
/Users/christopherbrantner/local/projects/portfolio/surface-defect-classifier/results/chips/train/inclusion/inclusion_94_bb00.png,/Users/christopherbrantner/local/projects/portfolio/surface-defect-classifier/NEU-DET/train/images/inclusion/inclusion_94.jpg,0,inclusion,8,2,38,93,train
/Users/christopherbrantner/local/projects/portfolio/surface-defect-classifier/results/chips/train/inclusion/inclusion_94_bb01.png,/Users/christopherbrantner/local/projects/portfolio/surface-defect-classifier/NEU-DET/train/images/inclusion/inclusion_94.jpg,1,inclusion,69,9,99,88,train
/Users/christopherbrantner/local/projects/portfolio/surface-defect-classifier/results/chips/train/inclusion/inclusion_94_bb02.png,/Users/christopherbrantner/local/projects/portfolio/surface-defect-classifier/NEU-DET/train/images/inclusion/inclusion_94.jpg,2,inclusion,18,110,43,198,train
/Users/christopherbrantner/local/projects/portfolio/surface-defect-classifier/results/chips/train/inclusion/inclusion_94_bb03.png,/Users/christopherbrantner/local/projects/portfolio/surface-defect-classifier/NEU-DET/train/images/inclusion/inclusion_94.jpg,3,inclusion,115,119,146,184,train
/Users/christopherbrantner/local/projects/portfolio/surface-defect-classifier/results/chips/train/inclusion/inclusion_94_bb04.png,/Users/christopherbrantner/local/projects/portfolio/surface-defect-classifier/NEU-DET/train/images/inclusion/inclusion_94.jpg,4,inclusion,136,43,159,101,train
/Users/christopherbrantner/local/projects/portfolio/surface-defect-classifier/results/chips/train/inclusion/inclusion_94_bb05.png,/Users/christopherbrantner/local/projects/portfolio/surface-defect-classifier/NEU-DET/train/images/inclusion/inclusion_94.jpg,5,inclusion,105,30,128,55,train
/Users/christopherbrantner/local/projects/portfolio/surface-defect-classifier/results/chips/train/inclusion/inclusion_95_bb00.png,/Users/christopherbrantner/local/projects/portfolio/surface-defect-classifier/NEU-DET/train/images/inclusion/inclusion_95.jpg,0,inclusion,37,4,67,131,train
/Users/christopherbrantner/local/projects/portfolio/surface-defect-classifier/results/chips/train/inclusion/inclusion_95_bb01.png,/Users/christopherbrantner/local/projects/portfolio/surface-defect-classifier/NEU-DET/train/images/inclusion/inclusion_95.jpg,1,inclusion,139,9,175,72,train
/Users/christopherbrantner/local/projects/portfolio/surface-defect-classifier/results/chips/train/inclusion/inclusion_95_bb02.png,/Users/christopherbrantner/local/projects/portfolio/surface-defect-classifier/NEU-DET/train/images/inclusion/inclusion_95.jpg,2,inclusion,136,84,160,147,train
/Users/christopherbrantner/local/projects/portfolio/surface-defect-classifier/results/chips/train/inclusion/inclusion_96_bb00.png,/Users/christopherbrantner/local/projects/portfolio/surface-defect-classifier/NEU-DET/train/images/inclusion/inclusion_96.jpg,0,inclusion,119,57,156,160,train
/Users/christopherbrantner/local/projects/portfolio/surface-defect-classifier/results/chips/train/inclusion/inclusion_96_bb01.png,/Users/christopherbrantner/local/projects/portfolio/surface-defect-classifier/NEU-DET/train/images/inclusion/inclusion_96.jpg,1,inclusion,30,58,55,109,train
/Users/christopherbrantner/local/projects/portfolio/surface-defect-classifier/results/chips/train/inclusion/inclusion_96_bb02.png,/Users/christopherbrantner/local/projects/portfolio/surface-defect-classifier/NEU-DET/train/images/inclusion/inclusion_96.jpg,2,inclusion,32,144,60,199,train
/Users/christopherbrantner/local/projects/portfolio/surface-defect-classifier/results/chips/train/inclusion/inclusion_97_bb00.png,/Users/christopherbrantner/local/projects/portfolio/surface-defect-classifier/NEU-DET/train/images/inclusion/inclusion_97.jpg,0,inclusion,150,26,188,154,train
/Users/christopherbrantner/local/projects/portfolio/surface-defect-classifier/results/chips/train/inclusion/inclusion_98_bb00.png,/Users/christopherbrantner/local/projects/portfolio/surface-defect-classifier/NEU-DET/train/images/inclusion/inclusion_98.jpg,0,inclusion,38,1,109,198,train
/Users/christopherbrantner/local/projects/portfolio/surface-defect-classifier/results/chips/train/inclusion/inclusion_99_bb00.png,/Users/christopherbrantner/local/projects/portfolio/surface-defect-classifier/NEU-DET/train/images/inclusion/inclusion_99.jpg,0,inclusion,109,3,180,198,train
/Users/christopherbrantner/local/projects/portfolio/surface-defect-classifier/results/chips/train/patches/patches_1_bb00.png,/Users/christopherbrantner/local/projects/portfolio/surface-defect-classifier/NEU-DET/train/images/patches/patches_1.jpg,0,patches,43,10,106,97,train
/Users/christopherbrantner/local/projects/portfolio/surface-defect-classifier/results/chips/train/patches/patches_1_bb01.png,/Users/christopherbrantner/local/projects/portfolio/surface-defect-classifier/NEU-DET/train/images/patches/patches_1.jpg,1,patches,32,91,81,148,train
/Users/christopherbrantner/local/projects/portfolio/surface-defect-classifier/results/chips/train/patches/patches_1_bb02.png,/Users/christopherbrantner/local/projects/portfolio/surface-defect-classifier/NEU-DET/train/images/patches/patches_1.jpg,2,patches,23,156,62,198,train
/Users/christopherbrantner/local/projects/portfolio/surface-defect-classifier/results/chips/train/patches/patches_10_bb00.png,/Users/christopherbrantner/local/projects/portfolio/surface-defect-classifier/NEU-DET/train/images/patches/patches_10.jpg,0,patches,9,88,49,140,train
/Users/christopherbrantner/local/projects/portfolio/surface-defect-classifier/results/chips/train/patches/patches_10_bb01.png,/Users/christopherbrantner/local/projects/portfolio/surface-defect-classifier/NEU-DET/train/images/patches/patches_10.jpg,1,patches,124,1,173,117,train
/Users/christopherbrantner/local/projects/portfolio/surface-defect-classifier/results/chips/train/patches/patches_100_bb00.png,/Users/christopherbrantner/local/projects/portfolio/surface-defect-classifier/NEU-DET/train/images/patches/patches_100.jpg,0,patches,1,73,21,132,train
/Users/christopherbrantner/local/projects/portfolio/surface-defect-classifier/results/chips/train/patches/patches_100_bb01.png,/Users/christopherbrantner/local/projects/portfolio/surface-defect-classifier/NEU-DET/train/images/patches/patches_100.jpg,1,patches,109,1,160,111,train
/Users/christopherbrantner/local/projects/portfolio/surface-defect-classifier/results/chips/train/patches/patches_100_bb02.png,/Users/christopherbrantner/local/projects/portfolio/surface-defect-classifier/NEU-DET/train/images/patches/patches_100.jpg,2,patches,120,117,163,186,train
/Users/christopherbrantner/local/projects/portfolio/surface-defect-classifier/results/chips/train/patches/patches_101_bb00.png,/Users/christopherbrantner/local/projects/portfolio/surface-defect-classifier/NEU-DET/train/images/patches/patches_101.jpg,0,patches,27,1,78,92,train
/Users/christopherbrantner/local/projects/portfolio/surface-defect-classifier/results/chips/train/patches/patches_101_bb01.png,/Users/christopherbrantner/local/projects/portfolio/surface-defect-classifier/NEU-DET/train/images/patches/patches_101.jpg,1,patches,113,1,175,59,train
/Users/christopherbrantner/local/projects/portfolio/surface-defect-classifier/results/chips/train/patches/patches_101_bb02.png,/Users/christopherbrantner/local/projects/portfolio/surface-defect-classifier/NEU-DET/train/images/patches/patches_101.jpg,2,patches,129,79,176,200,train
/Users/christopherbrantner/local/projects/portfolio/surface-defect-classifier/results/chips/train/patches/patches_102_bb00.png,/Users/christopherbrantner/local/projects/portfolio/surface-defect-classifier/NEU-DET/train/images/patches/patches_102.jpg,0,patches,20,53,94,139,train
/Users/christopherbrantner/local/projects/portfolio/surface-defect-classifier/results/chips/train/patches/patches_102_bb01.png,/Users/christopherbrantner/local/projects/portfolio/surface-defect-classifier/NEU-DET/train/images/patches/patches_102.jpg,1,patches,126,108,166,156,train
/Users/christopherbrantner/local/projects/portfolio/surface-defect-classifier/results/chips/train/patches/patches_103_bb00.png,/Users/christopherbrantner/local/projects/portfolio/surface-defect-classifier/NEU-DET/train/images/patches/patches_103.jpg,0,patches,64,30,117,181,train
/Users/christopherbrantner/local/projects/portfolio/surface-defect-classifier/results/chips/train/patches/patches_104_bb00.png,/Users/christopherbrantner/local/projects/portfolio/surface-defect-classifier/NEU-DET/train/images/patches/patches_104.jpg,0,patches,1,88,41,200,train
/Users/christopherbrantner/local/projects/portfolio/surface-defect-classifier/results/chips/train/patches/patches_104_bb01.png,/Users/christopherbrantner/local/projects/portfolio/surface-defect-classifier/NEU-DET/train/images/patches/patches_104.jpg,1,patches,50,107,84,157,train
/Users/christopherbrantner/local/projects/portfolio/surface-defect-classifier/results/chips/train/patches/patches_104_bb02.png,/Users/christopherbrantner/local/projects/portfolio/surface-defect-classifier/NEU-DET/train/images/patches/patches_104.jpg,2,patches,129,26,168,94,train
/Users/christopherbrantner/local/projects/portfolio/surface-defect-classifier/results/chips/train/patches/patches_104_bb03.png,/Users/christopherbrantner/local/projects/portfolio/surface-defect-classifier/NEU-DET/train/images/patches/patches_104.jpg,3,patches,152,140,199,200,train
/Users/christopherbrantner/local/projects/portfolio/surface-defect-classifier/results/chips/train/patches/patches_105_bb00.png,/Users/christopherbrantner/local/projects/portfolio/surface-defect-classifier/NEU-DET/train/images/patches/patches_105.jpg,0,patches,29,1,76,92,train
/Users/christopherbrantner/local/projects/portfolio/surface-defect-classifier/results/chips/train/patches/patches_105_bb01.png,/Users/christopherbrantner/local/projects/portfolio/surface-defect-classifier/NEU-DET/train/images/patches/patches_105.jpg,1,patches,116,1,174,53,train
/Users/christopherbrantner/local/projects/portfolio/surface-defect-classifier/results/chips/train/patches/patches_105_bb02.png,/Users/christopherbrantner/local/projects/portfolio/surface-defect-classifier/NEU-DET/train/images/patches/patches_105.jpg,2,patches,130,78,173,200,train
/Users/christopherbrantner/local/projects/portfolio/surface-defect-classifier/results/chips/train/patches/patches_106_bb00.png,/Users/christopherbrantner/local/projects/portfolio/surface-defect-classifier/NEU-DET/train/images/patches/patches_106.jpg,0,patches,75,67,108,139,train
/Users/christopherbrantner/local/projects/portfolio/surface-defect-classifier/results/chips/train/patches/patches_107_bb00.png,/Users/christopherbrantner/local/projects/portfolio/surface-defect-classifier/NEU-DET/train/images/patches/patches_107.jpg,0,patches,97,9,152,111,train
/Users/christopherbrantner/local/projects/portfolio/surface-defect-classifier/results/chips/train/patches/patches_107_bb01.png,/Users/christopherbrantner/local/projects/portfolio/surface-defect-classifier/NEU-DET/train/images/patches/patches_107.jpg,1,patches,69,1,103,14,train
/Users/christopherbrantner/local/projects/portfolio/surface-defect-classifier/results/chips/train/patches/patches_108_bb00.png,/Users/christopherbrantner/local/projects/portfolio/surface-defect-classifier/NEU-DET/train/images/patches/patches_108.jpg,0,patches,8,1,64,122,train
/Users/christopherbrantner/local/projects/portfolio/surface-defect-classifier/results/chips/train/patches/patches_108_bb01.png,/Users/christopherbrantner/local/projects/portfolio/surface-defect-classifier/NEU-DET/train/images/patches/patches_108.jpg,1,patches,75,1,177,111,train
/Users/christopherbrantner/local/projects/portfolio/surface-defect-classifier/results/chips/train/patches/patches_108_bb02.png,/Users/christopherbrantner/local/projects/portfolio/surface-defect-classifier/NEU-DET/train/images/patches/patches_108.jpg,2,patches,145,117,190,187,train
/Users/christopherbrantner/local/projects/portfolio/surface-defect-classifier/results/chips/train/patches/patches_109_bb00.png,/Users/christopherbrantner/local/projects/portfolio/surface-defect-classifier/NEU-DET/train/images/patches/patches_109.jpg,0,patches,1,124,23,153,train
/Users/christopherbrantner/local/projects/portfolio/surface-defect-classifier/results/chips/train/patches/patches_109_bb01.png,/Users/christopherbrantner/local/projects/portfolio/surface-defect-classifier/NEU-DET/train/images/patches/patches_109.jpg,1,patches,67,20,130,170,train
/Users/christopherbrantner/local/projects/portfolio/surface-defect-classifier/results/chips/train/patches/patches_109_bb02.png,/Users/christopherbrantner/local/projects/portfolio/surface-defect-classifier/NEU-DET/train/images/patches/patches_109.jpg,2,patches,176,116,200,157,train
/Users/christopherbrantner/local/projects/portfolio/surface-defect-classifier/results/chips/train/patches/patches_11_bb00.png,/Users/christopherbrantner/local/projects/portfolio/surface-defect-classifier/NEU-DET/train/images/patches/patches_11.jpg,0,patches,1,65,50,164,train
/Users/christopherbrantner/local/projects/portfolio/surface-defect-classifier/results/chips/train/patches/patches_11_bb01.png,/Users/christopherbrantner/local/projects/portfolio/surface-defect-classifier/NEU-DET/train/images/patches/patches_11.jpg,1,patches,158,65,192,168,train
/Users/christopherbrantner/local/projects/portfolio/surface-defect-classifier/results/chips/train/patches/patches_110_bb00.png,/Users/christopherbrantner/local/projects/portfolio/surface-defect-classifier/NEU-DET/train/images/patches/patches_110.jpg,0,patches,11,94,47,137,train
/Users/christopherbrantner/local/projects/portfolio/surface-defect-classifier/results/chips/train/patches/patches_110_bb01.png,/Users/christopherbrantner/local/projects/portfolio/surface-defect-classifier/NEU-DET/train/images/patches/patches_110.jpg,1,patches,61,68,140,165,train
/Users/christopherbrantner/local/projects/portfolio/surface-defect-classifier/results/chips/train/patches/patches_111_bb00.png,/Users/christopherbrantner/local/projects/portfolio/surface-defect-classifier/NEU-DET/train/images/patches/patches_111.jpg,0,patches,53,147,102,199,train
/Users/christopherbrantner/local/projects/portfolio/surface-defect-classifier/results/chips/train/patches/patches_111_bb01.png,/Users/christopherbrantner/local/projects/portfolio/surface-defect-classifier/NEU-DET/train/images/patches/patches_111.jpg,1,patches,132,1,195,178,train
/Users/christopherbrantner/local/projects/portfolio/surface-defect-classifier/results/chips/train/patches/patches_112_bb00.png,/Users/christopherbrantner/local/projects/portfolio/surface-defect-classifier/NEU-DET/train/images/patches/patches_112.jpg,0,patches,48,136,96,174,train
/Users/christopherbrantner/local/projects/portfolio/surface-defect-classifier/results/chips/train/patches/patches_112_bb01.png,/Users/christopherbrantner/local/projects/portfolio/surface-defect-classifier/NEU-DET/train/images/patches/patches_112.jpg,1,patches,58,9,100,77,train
/Users/christopherbrantner/local/projects/portfolio/surface-defect-classifier/results/chips/train/patches/patches_112_bb02.png,/Users/christopherbrantner/local/projects/portfolio/surface-defect-classifier/NEU-DET/train/images/patches/patches_112.jpg,2,patches,132,24,181,76,train
/Users/christopherbrantner/local/projects/portfolio/surface-defect-classifier/results/chips/train/patches/patches_112_bb03.png,/Users/christopherbrantner/local/projects/portfolio/surface-defect-classifier/NEU-DET/train/images/patches/patches_112.jpg,3,patches,132,80,200,199,train
/Users/christopherbrantner/local/projects/portfolio/surface-defect-classifier/results/chips/train/patches/patches_113_bb00.png,/Users/christopherbrantner/local/projects/portfolio/surface-defect-classifier/NEU-DET/train/images/patches/patches_113.jpg,0,patches,4,71,78,167,train
/Users/christopherbrantner/local/projects/portfolio/surface-defect-classifier/results/chips/train/patches/patches_113_bb01.png,/Users/christopherbrantner/local/projects/portfolio/surface-defect-classifier/NEU-DET/train/images/patches/patches_113.jpg,1,patches,135,39,181,76,train
/Users/christopherbrantner/local/projects/portfolio/surface-defect-classifier/results/chips/train/patches/patches_114_bb00.png,/Users/christopherbrantner/local/projects/portfolio/surface-defect-classifier/NEU-DET/train/images/patches/patches_114.jpg,0,patches,1,1,88,113,train
/Users/christopherbrantner/local/projects/portfolio/surface-defect-classifier/results/chips/train/patches/patches_114_bb01.png,/Users/christopherbrantner/local/projects/portfolio/surface-defect-classifier/NEU-DET/train/images/patches/patches_114.jpg,1,patches,58,120,102,189,train
/Users/christopherbrantner/local/projects/portfolio/surface-defect-classifier/results/chips/train/patches/patches_114_bb02.png,/Users/christopherbrantner/local/projects/portfolio/surface-defect-classifier/NEU-DET/train/images/patches/patches_114.jpg,2,patches,131,125,182,198,train
/Users/christopherbrantner/local/projects/portfolio/surface-defect-classifier/results/chips/train/patches/patches_114_bb03.png,/Users/christopherbrantner/local/projects/portfolio/surface-defect-classifier/NEU-DET/train/images/patches/patches_114.jpg,3,patches,130,28,178,98,train
/Users/christopherbrantner/local/projects/portfolio/surface-defect-classifier/results/chips/train/patches/patches_114_bb04.png,/Users/christopherbrantner/local/projects/portfolio/surface-defect-classifier/NEU-DET/train/images/patches/patches_114.jpg,4,patches,148,1,192,29,train
/Users/christopherbrantner/local/projects/portfolio/surface-defect-classifier/results/chips/train/patches/patches_115_bb00.png,/Users/christopherbrantner/local/projects/portfolio/surface-defect-classifier/NEU-DET/train/images/patches/patches_115.jpg,0,patches,16,93,92,200,train
/Users/christopherbrantner/local/projects/portfolio/surface-defect-classifier/results/chips/train/patches/patches_115_bb01.png,/Users/christopherbrantner/local/projects/portfolio/surface-defect-classifier/NEU-DET/train/images/patches/patches_115.jpg,1,patches,111,127,161,179,train
/Users/christopherbrantner/local/projects/portfolio/surface-defect-classifier/results/chips/train/patches/patches_115_bb02.png,/Users/christopherbrantner/local/projects/portfolio/surface-defect-classifier/NEU-DET/train/images/patches/patches_115.jpg,2,patches,56,6,92,62,train
/Users/christopherbrantner/local/projects/portfolio/surface-defect-classifier/results/chips/train/patches/patches_115_bb03.png,/Users/christopherbrantner/local/projects/portfolio/surface-defect-classifier/NEU-DET/train/images/patches/patches_115.jpg,3,patches,147,41,198,133,train
/Users/christopherbrantner/local/projects/portfolio/surface-defect-classifier/results/chips/train/patches/patches_116_bb00.png,/Users/christopherbrantner/local/projects/portfolio/surface-defect-classifier/NEU-DET/train/images/patches/patches_116.jpg,0,patches,27,4,92,200,train
/Users/christopherbrantner/local/projects/portfolio/surface-defect-classifier/results/chips/train/patches/patches_116_bb01.png,/Users/christopherbrantner/local/projects/portfolio/surface-defect-classifier/NEU-DET/train/images/patches/patches_116.jpg,1,patches,114,62,196,200,train
/Users/christopherbrantner/local/projects/portfolio/surface-defect-classifier/results/chips/train/patches/patches_116_bb02.png,/Users/christopherbrantner/local/projects/portfolio/surface-defect-classifier/NEU-DET/train/images/patches/patches_116.jpg,2,patches,163,1,194,29,train
/Users/christopherbrantner/local/projects/portfolio/surface-defect-classifier/results/chips/train/patches/patches_117_bb00.png,/Users/christopherbrantner/local/projects/portfolio/surface-defect-classifier/NEU-DET/train/images/patches/patches_117.jpg,0,patches,1,68,51,123,train
/Users/christopherbrantner/local/projects/portfolio/surface-defect-classifier/results/chips/train/patches/patches_117_bb01.png,/Users/christopherbrantner/local/projects/portfolio/surface-defect-classifier/NEU-DET/train/images/patches/patches_117.jpg,1,patches,82,83,155,160,train
/Users/christopherbrantner/local/projects/portfolio/surface-defect-classifier/results/chips/train/patches/patches_118_bb00.png,/Users/christopherbrantner/local/projects/portfolio/surface-defect-classifier/NEU-DET/train/images/patches/patches_118.jpg,0,patches,6,18,90,91,train
/Users/christopherbrantner/local/projects/portfolio/surface-defect-classifier/results/chips/train/patches/patches_118_bb01.png,/Users/christopherbrantner/local/projects/portfolio/surface-defect-classifier/NEU-DET/train/images/patches/patches_118.jpg,1,patches,129,10,198,200,train
/Users/christopherbrantner/local/projects/portfolio/surface-defect-classifier/results/chips/train/patches/patches_118_bb02.png,/Users/christopherbrantner/local/projects/portfolio/surface-defect-classifier/NEU-DET/train/images/patches/patches_118.jpg,2,patches,87,68,172,199,train
/Users/christopherbrantner/local/projects/portfolio/surface-defect-classifier/results/chips/train/patches/patches_119_bb00.png,/Users/christopherbrantner/local/projects/portfolio/surface-defect-classifier/NEU-DET/train/images/patches/patches_119.jpg,0,patches,1,2,80,199,train
/Users/christopherbrantner/local/projects/portfolio/surface-defect-classifier/results/chips/train/patches/patches_119_bb01.png,/Users/christopherbrantner/local/projects/portfolio/surface-defect-classifier/NEU-DET/train/images/patches/patches_119.jpg,1,patches,148,1,186,43,train
/Users/christopherbrantner/local/projects/portfolio/surface-defect-classifier/results/chips/train/patches/patches_119_bb02.png,/Users/christopherbrantner/local/projects/portfolio/surface-defect-classifier/NEU-DET/train/images/patches/patches_119.jpg,2,patches,104,89,200,199,train
/Users/christopherbrantner/local/projects/portfolio/surface-defect-classifier/results/chips/train/patches/patches_12_bb00.png,/Users/christopherbrantner/local/projects/portfolio/surface-defect-classifier/NEU-DET/train/images/patches/patches_12.jpg,0,patches,15,154,46,200,train
/Users/christopherbrantner/local/projects/portfolio/surface-defect-classifier/results/chips/train/patches/patches_12_bb01.png,/Users/christopherbrantner/local/projects/portfolio/surface-defect-classifier/NEU-DET/train/images/patches/patches_12.jpg,1,patches,89,78,166,166,train
/Users/christopherbrantner/local/projects/portfolio/surface-defect-classifier/results/chips/train/patches/patches_12_bb02.png,/Users/christopherbrantner/local/projects/portfolio/surface-defect-classifier/NEU-DET/train/images/patches/patches_12.jpg,2,patches,125,14,164,63,train
/Users/christopherbrantner/local/projects/portfolio/surface-defect-classifier/results/chips/train/patches/patches_120_bb00.png,/Users/christopherbrantner/local/projects/portfolio/surface-defect-classifier/NEU-DET/train/images/patches/patches_120.jpg,0,patches,41,1,83,73,train
/Users/christopherbrantner/local/projects/portfolio/surface-defect-classifier/results/chips/train/patches/patches_120_bb01.png,/Users/christopherbrantner/local/projects/portfolio/surface-defect-classifier/NEU-DET/train/images/patches/patches_120.jpg,1,patches,105,1,183,86,train
/Users/christopherbrantner/local/projects/portfolio/surface-defect-classifier/results/chips/train/patches/patches_120_bb02.png,/Users/christopherbrantner/local/projects/portfolio/surface-defect-classifier/NEU-DET/train/images/patches/patches_120.jpg,2,patches,34,91,83,200,train
/Users/christopherbrantner/local/projects/portfolio/surface-defect-classifier/results/chips/train/patches/patches_120_bb03.png,/Users/christopherbrantner/local/projects/portfolio/surface-defect-classifier/NEU-DET/train/images/patches/patches_120.jpg,3,patches,85,70,147,200,train
/Users/christopherbrantner/local/projects/portfolio/surface-defect-classifier/results/chips/train/patches/patches_120_bb04.png,/Users/christopherbrantner/local/projects/portfolio/surface-defect-classifier/NEU-DET/train/images/patches/patches_120.jpg,4,patches,1,154,22,198,train
/Users/christopherbrantner/local/projects/portfolio/surface-defect-classifier/results/chips/train/patches/patches_121_bb00.png,/Users/christopherbrantner/local/projects/portfolio/surface-defect-classifier/NEU-DET/train/images/patches/patches_121.jpg,0,patches,135,1,192,193,train
/Users/christopherbrantner/local/projects/portfolio/surface-defect-classifier/results/chips/train/patches/patches_122_bb00.png,/Users/christopherbrantner/local/projects/portfolio/surface-defect-classifier/NEU-DET/train/images/patches/patches_122.jpg,0,patches,14,1,54,29,train
/Users/christopherbrantner/local/projects/portfolio/surface-defect-classifier/results/chips/train/patches/patches_122_bb01.png,/Users/christopherbrantner/local/projects/portfolio/surface-defect-classifier/NEU-DET/train/images/patches/patches_122.jpg,1,patches,68,30,106,63,train
/Users/christopherbrantner/local/projects/portfolio/surface-defect-classifier/results/chips/train/patches/patches_122_bb02.png,/Users/christopherbrantner/local/projects/portfolio/surface-defect-classifier/NEU-DET/train/images/patches/patches_122.jpg,2,patches,112,3,158,72,train
/Users/christopherbrantner/local/projects/portfolio/surface-defect-classifier/results/chips/train/patches/patches_122_bb03.png,/Users/christopherbrantner/local/projects/portfolio/surface-defect-classifier/NEU-DET/train/images/patches/patches_122.jpg,3,patches,72,75,156,176,train
/Users/christopherbrantner/local/projects/portfolio/surface-defect-classifier/results/chips/train/patches/patches_123_bb00.png,/Users/christopherbrantner/local/projects/portfolio/surface-defect-classifier/NEU-DET/train/images/patches/patches_123.jpg,0,patches,56,16,144,198,train
/Users/christopherbrantner/local/projects/portfolio/surface-defect-classifier/results/chips/train/patches/patches_123_bb01.png,/Users/christopherbrantner/local/projects/portfolio/surface-defect-classifier/NEU-DET/train/images/patches/patches_123.jpg,1,patches,152,146,190,198,train
/Users/christopherbrantner/local/projects/portfolio/surface-defect-classifier/results/chips/train/patches/patches_124_bb00.png,/Users/christopherbrantner/local/projects/portfolio/surface-defect-classifier/NEU-DET/train/images/patches/patches_124.jpg,0,patches,3,1,86,178,train
/Users/christopherbrantner/local/projects/portfolio/surface-defect-classifier/results/chips/train/patches/patches_124_bb01.png,/Users/christopherbrantner/local/projects/portfolio/surface-defect-classifier/NEU-DET/train/images/patches/patches_124.jpg,1,patches,96,28,194,167,train
/Users/christopherbrantner/local/projects/portfolio/surface-defect-classifier/results/chips/train/patches/patches_125_bb00.png,/Users/christopherbrantner/local/projects/portfolio/surface-defect-classifier/NEU-DET/train/images/patches/patches_125.jpg,0,patches,1,160,33,200,train
/Users/christopherbrantner/local/projects/portfolio/surface-defect-classifier/results/chips/train/patches/patches_125_bb01.png,/Users/christopherbrantner/local/projects/portfolio/surface-defect-classifier/NEU-DET/train/images/patches/patches_125.jpg,1,patches,128,1,184,111,train
/Users/christopherbrantner/local/projects/portfolio/surface-defect-classifier/results/chips/train/patches/patches_126_bb00.png,/Users/christopherbrantner/local/projects/portfolio/surface-defect-classifier/NEU-DET/train/images/patches/patches_126.jpg,0,patches,66,24,121,166,train
/Users/christopherbrantner/local/projects/portfolio/surface-defect-classifier/results/chips/train/patches/patches_127_bb00.png,/Users/christopherbrantner/local/projects/portfolio/surface-defect-classifier/NEU-DET/train/images/patches/patches_127.jpg,0,patches,1,170,44,199,train
/Users/christopherbrantner/local/projects/portfolio/surface-defect-classifier/results/chips/train/patches/patches_127_bb01.png,/Users/christopherbrantner/local/projects/portfolio/surface-defect-classifier/NEU-DET/train/images/patches/patches_127.jpg,1,patches,1,1,160,129,train
/Users/christopherbrantner/local/projects/portfolio/surface-defect-classifier/results/chips/train/patches/patches_127_bb02.png,/Users/christopherbrantner/local/projects/portfolio/surface-defect-classifier/NEU-DET/train/images/patches/patches_127.jpg,2,patches,148,122,188,197,train
/Users/christopherbrantner/local/projects/portfolio/surface-defect-classifier/results/chips/train/patches/patches_127_bb03.png,/Users/christopherbrantner/local/projects/portfolio/surface-defect-classifier/NEU-DET/train/images/patches/patches_127.jpg,3,patches,144,1,192,130,train
/Users/christopherbrantner/local/projects/portfolio/surface-defect-classifier/results/chips/train/patches/patches_128_bb00.png,/Users/christopherbrantner/local/projects/portfolio/surface-defect-classifier/NEU-DET/train/images/patches/patches_128.jpg,0,patches,1,42,52,184,train
/Users/christopherbrantner/local/projects/portfolio/surface-defect-classifier/results/chips/train/patches/patches_128_bb01.png,/Users/christopherbrantner/local/projects/portfolio/surface-defect-classifier/NEU-DET/train/images/patches/patches_128.jpg,1,patches,148,61,190,109,train
/Users/christopherbrantner/local/projects/portfolio/surface-defect-classifier/results/chips/train/patches/patches_128_bb02.png,/Users/christopherbrantner/local/projects/portfolio/surface-defect-classifier/NEU-DET/train/images/patches/patches_128.jpg,2,patches,146,1,190,59,train
/Users/christopherbrantner/local/projects/portfolio/surface-defect-classifier/results/chips/train/patches/patches_128_bb03.png,/Users/christopherbrantner/local/projects/portfolio/surface-defect-classifier/NEU-DET/train/images/patches/patches_128.jpg,3,patches,169,179,200,199,train
/Users/christopherbrantner/local/projects/portfolio/surface-defect-classifier/results/chips/train/patches/patches_128_bb04.png,/Users/christopherbrantner/local/projects/portfolio/surface-defect-classifier/NEU-DET/train/images/patches/patches_128.jpg,4,patches,1,1,28,16,train
/Users/christopherbrantner/local/projects/portfolio/surface-defect-classifier/results/chips/train/patches/patches_129_bb00.png,/Users/christopherbrantner/local/projects/portfolio/surface-defect-classifier/NEU-DET/train/images/patches/patches_129.jpg,0,patches,38,34,69,109,train
/Users/christopherbrantner/local/projects/portfolio/surface-defect-classifier/results/chips/train/patches/patches_13_bb00.png,/Users/christopherbrantner/local/projects/portfolio/surface-defect-classifier/NEU-DET/train/images/patches/patches_13.jpg,0,patches,64,69,116,178,train
/Users/christopherbrantner/local/projects/portfolio/surface-defect-classifier/results/chips/train/patches/patches_130_bb00.png,/Users/christopherbrantner/local/projects/portfolio/surface-defect-classifier/NEU-DET/train/images/patches/patches_130.jpg,0,patches,21,17,64,189,train
/Users/christopherbrantner/local/projects/portfolio/surface-defect-classifier/results/chips/train/patches/patches_130_bb01.png,/Users/christopherbrantner/local/projects/portfolio/surface-defect-classifier/NEU-DET/train/images/patches/patches_130.jpg,1,patches,116,87,192,199,train
/Users/christopherbrantner/local/projects/portfolio/surface-defect-classifier/results/chips/train/patches/patches_130_bb02.png,/Users/christopherbrantner/local/projects/portfolio/surface-defect-classifier/NEU-DET/train/images/patches/patches_130.jpg,2,patches,161,1,187,16,train
/Users/christopherbrantner/local/projects/portfolio/surface-defect-classifier/results/chips/train/patches/patches_131_bb00.png,/Users/christopherbrantner/local/projects/portfolio/surface-defect-classifier/NEU-DET/train/images/patches/patches_131.jpg,0,patches,23,154,45,176,train
/Users/christopherbrantner/local/projects/portfolio/surface-defect-classifier/results/chips/train/patches/patches_131_bb01.png,/Users/christopherbrantner/local/projects/portfolio/surface-defect-classifier/NEU-DET/train/images/patches/patches_131.jpg,1,patches,57,73,82,105,train
/Users/christopherbrantner/local/projects/portfolio/surface-defect-classifier/results/chips/train/patches/patches_131_bb02.png,/Users/christopherbrantner/local/projects/portfolio/surface-defect-classifier/NEU-DET/train/images/patches/patches_131.jpg,2,patches,67,120,144,200,train
/Users/christopherbrantner/local/projects/portfolio/surface-defect-classifier/results/chips/train/patches/patches_132_bb00.png,/Users/christopherbrantner/local/projects/portfolio/surface-defect-classifier/NEU-DET/train/images/patches/patches_132.jpg,0,patches,16,1,59,111,train
/Users/christopherbrantner/local/projects/portfolio/surface-defect-classifier/results/chips/train/patches/patches_132_bb01.png,/Users/christopherbrantner/local/projects/portfolio/surface-defect-classifier/NEU-DET/train/images/patches/patches_132.jpg,1,patches,109,14,189,191,train
/Users/christopherbrantner/local/projects/portfolio/surface-defect-classifier/results/chips/train/patches/patches_133_bb00.png,/Users/christopherbrantner/local/projects/portfolio/surface-defect-classifier/NEU-DET/train/images/patches/patches_133.jpg,0,patches,58,1,130,38,train
/Users/christopherbrantner/local/projects/portfolio/surface-defect-classifier/results/chips/train/patches/patches_133_bb01.png,/Users/christopherbrantner/local/projects/portfolio/surface-defect-classifier/NEU-DET/train/images/patches/patches_133.jpg,1,patches,103,35,136,94,train
/Users/christopherbrantner/local/projects/portfolio/surface-defect-classifier/results/chips/train/patches/patches_133_bb02.png,/Users/christopherbrantner/local/projects/portfolio/surface-defect-classifier/NEU-DET/train/images/patches/patches_133.jpg,2,patches,64,172,131,199,train
/Users/christopherbrantner/local/projects/portfolio/surface-defect-classifier/results/chips/train/patches/patches_134_bb00.png,/Users/christopherbrantner/local/projects/portfolio/surface-defect-classifier/NEU-DET/train/images/patches/patches_134.jpg,0,patches,53,36,124,174,train
/Users/christopherbrantner/local/projects/portfolio/surface-defect-classifier/results/chips/train/patches/patches_134_bb01.png,/Users/christopherbrantner/local/projects/portfolio/surface-defect-classifier/NEU-DET/train/images/patches/patches_134.jpg,1,patches,155,118,200,194,train
/Users/christopherbrantner/local/projects/portfolio/surface-defect-classifier/results/chips/train/patches/patches_135_bb00.png,/Users/christopherbrantner/local/projects/portfolio/surface-defect-classifier/NEU-DET/train/images/patches/patches_135.jpg,0,patches,73,27,110,94,train
/Users/christopherbrantner/local/projects/portfolio/surface-defect-classifier/results/chips/train/patches/patches_136_bb00.png,/Users/christopherbrantner/local/projects/portfolio/surface-defect-classifier/NEU-DET/train/images/patches/patches_136.jpg,0,patches,76,1,132,199,train
/Users/christopherbrantner/local/projects/portfolio/surface-defect-classifier/results/chips/train/patches/patches_137_bb00.png,/Users/christopherbrantner/local/projects/portfolio/surface-defect-classifier/NEU-DET/train/images/patches/patches_137.jpg,0,patches,21,48,101,123,train
/Users/christopherbrantner/local/projects/portfolio/surface-defect-classifier/results/chips/train/patches/patches_137_bb01.png,/Users/christopherbrantner/local/projects/portfolio/surface-defect-classifier/NEU-DET/train/images/patches/patches_137.jpg,1,patches,99,51,179,190,train
/Users/christopherbrantner/local/projects/portfolio/surface-defect-classifier/results/chips/train/patches/patches_138_bb00.png,/Users/christopherbrantner/local/projects/portfolio/surface-defect-classifier/NEU-DET/train/images/patches/patches_138.jpg,0,patches,24,99,109,199,train
/Users/christopherbrantner/local/projects/portfolio/surface-defect-classifier/results/chips/train/patches/patches_138_bb01.png,/Users/christopherbrantner/local/projects/portfolio/surface-defect-classifier/NEU-DET/train/images/patches/patches_138.jpg,1,patches,64,1,133,89,train
/Users/christopherbrantner/local/projects/portfolio/surface-defect-classifier/results/chips/train/patches/patches_138_bb02.png,/Users/christopherbrantner/local/projects/portfolio/surface-defect-classifier/NEU-DET/train/images/patches/patches_138.jpg,2,patches,1,1,43,22,train
/Users/christopherbrantner/local/projects/portfolio/surface-defect-classifier/results/chips/train/patches/patches_139_bb00.png,/Users/christopherbrantner/local/projects/portfolio/surface-defect-classifier/NEU-DET/train/images/patches/patches_139.jpg,0,patches,40,85,107,188,train
/Users/christopherbrantner/local/projects/portfolio/surface-defect-classifier/results/chips/train/patches/patches_139_bb01.png,/Users/christopherbrantner/local/projects/portfolio/surface-defect-classifier/NEU-DET/train/images/patches/patches_139.jpg,1,patches,135,124,190,179,train
/Users/christopherbrantner/local/projects/portfolio/surface-defect-classifier/results/chips/train/patches/patches_139_bb02.png,/Users/christopherbrantner/local/projects/portfolio/surface-defect-classifier/NEU-DET/train/images/patches/patches_139.jpg,2,patches,62,11,87,55,train
/Users/christopherbrantner/local/projects/portfolio/surface-defect-classifier/results/chips/train/patches/patches_14_bb00.png,/Users/christopherbrantner/local/projects/portfolio/surface-defect-classifier/NEU-DET/train/images/patches/patches_14.jpg,0,patches,78,71,150,127,train
/Users/christopherbrantner/local/projects/portfolio/surface-defect-classifier/results/chips/train/patches/patches_140_bb00.png,/Users/christopherbrantner/local/projects/portfolio/surface-defect-classifier/NEU-DET/train/images/patches/patches_140.jpg,0,patches,5,1,70,56,train
/Users/christopherbrantner/local/projects/portfolio/surface-defect-classifier/results/chips/train/patches/patches_140_bb01.png,/Users/christopherbrantner/local/projects/portfolio/surface-defect-classifier/NEU-DET/train/images/patches/patches_140.jpg,1,patches,20,118,65,192,train
/Users/christopherbrantner/local/projects/portfolio/surface-defect-classifier/results/chips/train/patches/patches_140_bb02.png,/Users/christopherbrantner/local/projects/portfolio/surface-defect-classifier/NEU-DET/train/images/patches/patches_140.jpg,2,patches,82,127,141,193,train
/Users/christopherbrantner/local/projects/portfolio/surface-defect-classifier/results/chips/train/patches/patches_140_bb03.png,/Users/christopherbrantner/local/projects/portfolio/surface-defect-classifier/NEU-DET/train/images/patches/patches_140.jpg,3,patches,98,1,154,42,train
/Users/christopherbrantner/local/projects/portfolio/surface-defect-classifier/results/chips/train/patches/patches_140_bb04.png,/Users/christopherbrantner/local/projects/portfolio/surface-defect-classifier/NEU-DET/train/images/patches/patches_140.jpg,4,patches,154,10,200,199,train
/Users/christopherbrantner/local/projects/portfolio/surface-defect-classifier/results/chips/train/patches/patches_141_bb00.png,/Users/christopherbrantner/local/projects/portfolio/surface-defect-classifier/NEU-DET/train/images/patches/patches_141.jpg,0,patches,71,104,98,130,train
/Users/christopherbrantner/local/projects/portfolio/surface-defect-classifier/results/chips/train/patches/patches_141_bb01.png,/Users/christopherbrantner/local/projects/portfolio/surface-defect-classifier/NEU-DET/train/images/patches/patches_141.jpg,1,patches,131,14,179,90,train
/Users/christopherbrantner/local/projects/portfolio/surface-defect-classifier/results/chips/train/patches/patches_141_bb02.png,/Users/christopherbrantner/local/projects/portfolio/surface-defect-classifier/NEU-DET/train/images/patches/patches_141.jpg,2,patches,129,106,190,200,train
/Users/christopherbrantner/local/projects/portfolio/surface-defect-classifier/results/chips/train/patches/patches_142_bb00.png,/Users/christopherbrantner/local/projects/portfolio/surface-defect-classifier/NEU-DET/train/images/patches/patches_142.jpg,0,patches,1,13,47,88,train
/Users/christopherbrantner/local/projects/portfolio/surface-defect-classifier/results/chips/train/patches/patches_142_bb01.png,/Users/christopherbrantner/local/projects/portfolio/surface-defect-classifier/NEU-DET/train/images/patches/patches_142.jpg,1,patches,1,106,60,199,train
/Users/christopherbrantner/local/projects/portfolio/surface-defect-classifier/results/chips/train/patches/patches_142_bb02.png,/Users/christopherbrantner/local/projects/portfolio/surface-defect-classifier/NEU-DET/train/images/patches/patches_142.jpg,2,patches,63,26,128,107,train
/Users/christopherbrantner/local/projects/portfolio/surface-defect-classifier/results/chips/train/patches/patches_142_bb03.png,/Users/christopherbrantner/local/projects/portfolio/surface-defect-classifier/NEU-DET/train/images/patches/patches_142.jpg,3,patches,130,1,197,161,train
/Users/christopherbrantner/local/projects/portfolio/surface-defect-classifier/results/chips/train/patches/patches_142_bb04.png,/Users/christopherbrantner/local/projects/portfolio/surface-defect-classifier/NEU-DET/train/images/patches/patches_142.jpg,4,patches,100,127,179,199,train
/Users/christopherbrantner/local/projects/portfolio/surface-defect-classifier/results/chips/train/patches/patches_143_bb00.png,/Users/christopherbrantner/local/projects/portfolio/surface-defect-classifier/NEU-DET/train/images/patches/patches_143.jpg,0,patches,35,6,125,163,train
/Users/christopherbrantner/local/projects/portfolio/surface-defect-classifier/results/chips/train/patches/patches_143_bb01.png,/Users/christopherbrantner/local/projects/portfolio/surface-defect-classifier/NEU-DET/train/images/patches/patches_143.jpg,1,patches,1,20,30,54,train
/Users/christopherbrantner/local/projects/portfolio/surface-defect-classifier/results/chips/train/patches/patches_143_bb02.png,/Users/christopherbrantner/local/projects/portfolio/surface-defect-classifier/NEU-DET/train/images/patches/patches_143.jpg,2,patches,39,173,80,200,train
/Users/christopherbrantner/local/projects/portfolio/surface-defect-classifier/results/chips/train/patches/patches_144_bb00.png,/Users/christopherbrantner/local/projects/portfolio/surface-defect-classifier/NEU-DET/train/images/patches/patches_144.jpg,0,patches,17,47,74,139,train
/Users/christopherbrantner/local/projects/portfolio/surface-defect-classifier/results/chips/train/patches/patches_144_bb01.png,/Users/christopherbrantner/local/projects/portfolio/surface-defect-classifier/NEU-DET/train/images/patches/patches_144.jpg,1,patches,80,10,167,118,train
/Users/christopherbrantner/local/projects/portfolio/surface-defect-classifier/results/chips/train/patches/patches_145_bb00.png,/Users/christopherbrantner/local/projects/portfolio/surface-defect-classifier/NEU-DET/train/images/patches/patches_145.jpg,0,patches,6,1,76,67,train
/Users/christopherbrantner/local/projects/portfolio/surface-defect-classifier/results/chips/train/patches/patches_145_bb01.png,/Users/christopherbrantner/local/projects/portfolio/surface-defect-classifier/NEU-DET/train/images/patches/patches_145.jpg,1,patches,4,76,65,200,train
/Users/christopherbrantner/local/projects/portfolio/surface-defect-classifier/results/chips/train/patches/patches_145_bb02.png,/Users/christopherbrantner/local/projects/portfolio/surface-defect-classifier/NEU-DET/train/images/patches/patches_145.jpg,2,patches,109,1,174,80,train
/Users/christopherbrantner/local/projects/portfolio/surface-defect-classifier/results/chips/train/patches/patches_145_bb03.png,/Users/christopherbrantner/local/projects/portfolio/surface-defect-classifier/NEU-DET/train/images/patches/patches_145.jpg,3,patches,113,69,190,199,train
/Users/christopherbrantner/local/projects/portfolio/surface-defect-classifier/results/chips/train/patches/patches_146_bb00.png,/Users/christopherbrantner/local/projects/portfolio/surface-defect-classifier/NEU-DET/train/images/patches/patches_146.jpg,0,patches,1,1,66,79,train
/Users/christopherbrantner/local/projects/portfolio/surface-defect-classifier/results/chips/train/patches/patches_146_bb01.png,/Users/christopherbrantner/local/projects/portfolio/surface-defect-classifier/NEU-DET/train/images/patches/patches_146.jpg,1,patches,6,68,74,200,train
/Users/christopherbrantner/local/projects/portfolio/surface-defect-classifier/results/chips/train/patches/patches_146_bb02.png,/Users/christopherbrantner/local/projects/portfolio/surface-defect-classifier/NEU-DET/train/images/patches/patches_146.jpg,2,patches,139,1,178,48,train
/Users/christopherbrantner/local/projects/portfolio/surface-defect-classifier/results/chips/train/patches/patches_147_bb00.png,/Users/christopherbrantner/local/projects/portfolio/surface-defect-classifier/NEU-DET/train/images/patches/patches_147.jpg,0,patches,40,1,88,76,train
/Users/christopherbrantner/local/projects/portfolio/surface-defect-classifier/results/chips/train/patches/patches_147_bb01.png,/Users/christopherbrantner/local/projects/portfolio/surface-defect-classifier/NEU-DET/train/images/patches/patches_147.jpg,1,patches,43,88,103,199,train
/Users/christopherbrantner/local/projects/portfolio/surface-defect-classifier/results/chips/train/patches/patches_147_bb02.png,/Users/christopherbrantner/local/projects/portfolio/surface-defect-classifier/NEU-DET/train/images/patches/patches_147.jpg,2,patches,161,1,200,199,train
/Users/christopherbrantner/local/projects/portfolio/surface-defect-classifier/results/chips/train/patches/patches_148_bb00.png,/Users/christopherbrantner/local/projects/portfolio/surface-defect-classifier/NEU-DET/train/images/patches/patches_148.jpg,0,patches,1,42,41,146,train
/Users/christopherbrantner/local/projects/portfolio/surface-defect-classifier/results/chips/train/patches/patches_148_bb01.png,/Users/christopherbrantner/local/projects/portfolio/surface-defect-classifier/NEU-DET/train/images/patches/patches_148.jpg,1,patches,62,1,144,189,train
/Users/christopherbrantner/local/projects/portfolio/surface-defect-classifier/results/chips/train/patches/patches_149_bb00.png,/Users/christopherbrantner/local/projects/portfolio/surface-defect-classifier/NEU-DET/train/images/patches/patches_149.jpg,0,patches,38,3,136,194,train
/Users/christopherbrantner/local/projects/portfolio/surface-defect-classifier/results/chips/train/patches/patches_149_bb01.png,/Users/christopherbrantner/local/projects/portfolio/surface-defect-classifier/NEU-DET/train/images/patches/patches_149.jpg,1,patches,137,47,199,199,train
/Users/christopherbrantner/local/projects/portfolio/surface-defect-classifier/results/chips/train/patches/patches_149_bb02.png,/Users/christopherbrantner/local/projects/portfolio/surface-defect-classifier/NEU-DET/train/images/patches/patches_149.jpg,2,patches,155,1,198,56,train
/Users/christopherbrantner/local/projects/portfolio/surface-defect-classifier/results/chips/train/patches/patches_15_bb00.png,/Users/christopherbrantner/local/projects/portfolio/surface-defect-classifier/NEU-DET/train/images/patches/patches_15.jpg,0,patches,59,1,112,52,train
/Users/christopherbrantner/local/projects/portfolio/surface-defect-classifier/results/chips/train/patches/patches_15_bb01.png,/Users/christopherbrantner/local/projects/portfolio/surface-defect-classifier/NEU-DET/train/images/patches/patches_15.jpg,1,patches,67,75,109,200,train
/Users/christopherbrantner/local/projects/portfolio/surface-defect-classifier/results/chips/train/patches/patches_150_bb00.png,/Users/christopherbrantner/local/projects/portfolio/surface-defect-classifier/NEU-DET/train/images/patches/patches_150.jpg,0,patches,3,1,59,157,train
/Users/christopherbrantner/local/projects/portfolio/surface-defect-classifier/results/chips/train/patches/patches_150_bb01.png,/Users/christopherbrantner/local/projects/portfolio/surface-defect-classifier/NEU-DET/train/images/patches/patches_150.jpg,1,patches,1,161,51,200,train
/Users/christopherbrantner/local/projects/portfolio/surface-defect-classifier/results/chips/train/patches/patches_150_bb02.png,/Users/christopherbrantner/local/projects/portfolio/surface-defect-classifier/NEU-DET/train/images/patches/patches_150.jpg,2,patches,118,1,194,200,train
/Users/christopherbrantner/local/projects/portfolio/surface-defect-classifier/results/chips/train/patches/patches_151_bb00.png,/Users/christopherbrantner/local/projects/portfolio/surface-defect-classifier/NEU-DET/train/images/patches/patches_151.jpg,0,patches,27,1,87,196,train
/Users/christopherbrantner/local/projects/portfolio/surface-defect-classifier/results/chips/train/patches/patches_151_bb01.png,/Users/christopherbrantner/local/projects/portfolio/surface-defect-classifier/NEU-DET/train/images/patches/patches_151.jpg,1,patches,1,1,27,91,train
/Users/christopherbrantner/local/projects/portfolio/surface-defect-classifier/results/chips/train/patches/patches_151_bb02.png,/Users/christopherbrantner/local/projects/portfolio/surface-defect-classifier/NEU-DET/train/images/patches/patches_151.jpg,2,patches,78,103,127,188,train
/Users/christopherbrantner/local/projects/portfolio/surface-defect-classifier/results/chips/train/patches/patches_151_bb03.png,/Users/christopherbrantner/local/projects/portfolio/surface-defect-classifier/NEU-DET/train/images/patches/patches_151.jpg,3,patches,150,1,200,200,train
/Users/christopherbrantner/local/projects/portfolio/surface-defect-classifier/results/chips/train/patches/patches_152_bb00.png,/Users/christopherbrantner/local/projects/portfolio/surface-defect-classifier/NEU-DET/train/images/patches/patches_152.jpg,0,patches,19,1,73,79,train
/Users/christopherbrantner/local/projects/portfolio/surface-defect-classifier/results/chips/train/patches/patches_152_bb01.png,/Users/christopherbrantner/local/projects/portfolio/surface-defect-classifier/NEU-DET/train/images/patches/patches_152.jpg,1,patches,7,103,32,149,train
/Users/christopherbrantner/local/projects/portfolio/surface-defect-classifier/results/chips/train/patches/patches_152_bb02.png,/Users/christopherbrantner/local/projects/portfolio/surface-defect-classifier/NEU-DET/train/images/patches/patches_152.jpg,2,patches,95,157,132,200,train
/Users/christopherbrantner/local/projects/portfolio/surface-defect-classifier/results/chips/train/patches/patches_152_bb03.png,/Users/christopherbrantner/local/projects/portfolio/surface-defect-classifier/NEU-DET/train/images/patches/patches_152.jpg,3,patches,152,149,200,200,train
/Users/christopherbrantner/local/projects/portfolio/surface-defect-classifier/results/chips/train/patches/patches_152_bb04.png,/Users/christopherbrantner/local/projects/portfolio/surface-defect-classifier/NEU-DET/train/images/patches/patches_152.jpg,4,patches,96,1,142,110,train
/Users/christopherbrantner/local/projects/portfolio/surface-defect-classifier/results/chips/train/patches/patches_152_bb05.png,/Users/christopherbrantner/local/projects/portfolio/surface-defect-classifier/NEU-DET/train/images/patches/patches_152.jpg,5,patches,144,21,195,104,train
/Users/christopherbrantner/local/projects/portfolio/surface-defect-classifier/results/chips/train/patches/patches_153_bb00.png,/Users/christopherbrantner/local/projects/portfolio/surface-defect-classifier/NEU-DET/train/images/patches/patches_153.jpg,0,patches,27,53,132,157,train
/Users/christopherbrantner/local/projects/portfolio/surface-defect-classifier/results/chips/train/patches/patches_154_bb00.png,/Users/christopherbrantner/local/projects/portfolio/surface-defect-classifier/NEU-DET/train/images/patches/patches_154.jpg,0,patches,28,1,73,63,train
/Users/christopherbrantner/local/projects/portfolio/surface-defect-classifier/results/chips/train/patches/patches_154_bb01.png,/Users/christopherbrantner/local/projects/portfolio/surface-defect-classifier/NEU-DET/train/images/patches/patches_154.jpg,1,patches,41,78,74,140,train
/Users/christopherbrantner/local/projects/portfolio/surface-defect-classifier/results/chips/train/patches/patches_154_bb02.png,/Users/christopherbrantner/local/projects/portfolio/surface-defect-classifier/NEU-DET/train/images/patches/patches_154.jpg,2,patches,133,85,156,118,train
/Users/christopherbrantner/local/projects/portfolio/surface-defect-classifier/results/chips/train/patches/patches_155_bb00.png,/Users/christopherbrantner/local/projects/portfolio/surface-defect-classifier/NEU-DET/train/images/patches/patches_155.jpg,0,patches,1,1,60,156,train
/Users/christopherbrantner/local/projects/portfolio/surface-defect-classifier/results/chips/train/patches/patches_155_bb01.png,/Users/christopherbrantner/local/projects/portfolio/surface-defect-classifier/NEU-DET/train/images/patches/patches_155.jpg,1,patches,62,1,116,25,train
/Users/christopherbrantner/local/projects/portfolio/surface-defect-classifier/results/chips/train/patches/patches_155_bb02.png,/Users/christopherbrantner/local/projects/portfolio/surface-defect-classifier/NEU-DET/train/images/patches/patches_155.jpg,2,patches,134,1,193,99,train
/Users/christopherbrantner/local/projects/portfolio/surface-defect-classifier/results/chips/train/patches/patches_155_bb03.png,/Users/christopherbrantner/local/projects/portfolio/surface-defect-classifier/NEU-DET/train/images/patches/patches_155.jpg,3,patches,131,136,177,200,train
/Users/christopherbrantner/local/projects/portfolio/surface-defect-classifier/results/chips/train/inclusion/patches_155_bb04.png,/Users/christopherbrantner/local/projects/portfolio/surface-defect-classifier/NEU-DET/train/images/patches/patches_155.jpg,4,inclusion,75,42,130,120,train
/Users/christopherbrantner/local/projects/portfolio/surface-defect-classifier/results/chips/train/inclusion/patches_155_bb05.png,/Users/christopherbrantner/local/projects/portfolio/surface-defect-classifier/NEU-DET/train/images/patches/patches_155.jpg,5,inclusion,154,108,182,143,train
/Users/christopherbrantner/local/projects/portfolio/surface-defect-classifier/results/chips/train/patches/patches_156_bb00.png,/Users/christopherbrantner/local/projects/portfolio/surface-defect-classifier/NEU-DET/train/images/patches/patches_156.jpg,0,patches,94,61,127,86,train
/Users/christopherbrantner/local/projects/portfolio/surface-defect-classifier/results/chips/train/patches/patches_156_bb01.png,/Users/christopherbrantner/local/projects/portfolio/surface-defect-classifier/NEU-DET/train/images/patches/patches_156.jpg,1,patches,92,105,129,189,train
/Users/christopherbrantner/local/projects/portfolio/surface-defect-classifier/results/chips/train/patches/patches_157_bb00.png,/Users/christopherbrantner/local/projects/portfolio/surface-defect-classifier/NEU-DET/train/images/patches/patches_157.jpg,0,patches,50,1,148,190,train
/Users/christopherbrantner/local/projects/portfolio/surface-defect-classifier/results/chips/train/patches/patches_157_bb01.png,/Users/christopherbrantner/local/projects/portfolio/surface-defect-classifier/NEU-DET/train/images/patches/patches_157.jpg,1,patches,1,1,37,106,train
/Users/christopherbrantner/local/projects/portfolio/surface-defect-classifier/results/chips/train/patches/patches_158_bb00.png,/Users/christopherbrantner/local/projects/portfolio/surface-defect-classifier/NEU-DET/train/images/patches/patches_158.jpg,0,patches,7,1,87,198,train
/Users/christopherbrantner/local/projects/portfolio/surface-defect-classifier/results/chips/train/patches/patches_158_bb01.png,/Users/christopherbrantner/local/projects/portfolio/surface-defect-classifier/NEU-DET/train/images/patches/patches_158.jpg,1,patches,103,1,190,198,train
/Users/christopherbrantner/local/projects/portfolio/surface-defect-classifier/results/chips/train/patches/patches_159_bb00.png,/Users/christopherbrantner/local/projects/portfolio/surface-defect-classifier/NEU-DET/train/images/patches/patches_159.jpg,0,patches,116,14,158,70,train
/Users/christopherbrantner/local/projects/portfolio/surface-defect-classifier/results/chips/train/patches/patches_159_bb01.png,/Users/christopherbrantner/local/projects/portfolio/surface-defect-classifier/NEU-DET/train/images/patches/patches_159.jpg,1,patches,113,142,154,199,train
/Users/christopherbrantner/local/projects/portfolio/surface-defect-classifier/results/chips/train/patches/patches_16_bb00.png,/Users/christopherbrantner/local/projects/portfolio/surface-defect-classifier/NEU-DET/train/images/patches/patches_16.jpg,0,patches,2,45,43,200,train
/Users/christopherbrantner/local/projects/portfolio/surface-defect-classifier/results/chips/train/patches/patches_16_bb01.png,/Users/christopherbrantner/local/projects/portfolio/surface-defect-classifier/NEU-DET/train/images/patches/patches_16.jpg,1,patches,135,149,176,200,train
/Users/christopherbrantner/local/projects/portfolio/surface-defect-classifier/results/chips/train/patches/patches_16_bb02.png,/Users/christopherbrantner/local/projects/portfolio/surface-defect-classifier/NEU-DET/train/images/patches/patches_16.jpg,2,patches,1,1,50,56,train
/Users/christopherbrantner/local/projects/portfolio/surface-defect-classifier/results/chips/train/patches/patches_160_bb00.png,/Users/christopherbrantner/local/projects/portfolio/surface-defect-classifier/NEU-DET/train/images/patches/patches_160.jpg,0,patches,122,139,169,200,train
/Users/christopherbrantner/local/projects/portfolio/surface-defect-classifier/results/chips/train/patches/patches_161_bb00.png,/Users/christopherbrantner/local/projects/portfolio/surface-defect-classifier/NEU-DET/train/images/patches/patches_161.jpg,0,patches,66,1,150,75,train
/Users/christopherbrantner/local/projects/portfolio/surface-defect-classifier/results/chips/train/patches/patches_162_bb00.png,/Users/christopherbrantner/local/projects/portfolio/surface-defect-classifier/NEU-DET/train/images/patches/patches_162.jpg,0,patches,22,109,101,196,train
/Users/christopherbrantner/local/projects/portfolio/surface-defect-classifier/results/chips/train/patches/patches_163_bb00.png,/Users/christopherbrantner/local/projects/portfolio/surface-defect-classifier/NEU-DET/train/images/patches/patches_163.jpg,0,patches,104,1,148,42,train
/Users/christopherbrantner/local/projects/portfolio/surface-defect-classifier/results/chips/train/patches/patches_163_bb01.png,/Users/christopherbrantner/local/projects/portfolio/surface-defect-classifier/NEU-DET/train/images/patches/patches_163.jpg,1,patches,1,1,67,25,train
/Users/christopherbrantner/local/projects/portfolio/surface-defect-classifier/results/chips/train/patches/patches_164_bb00.png,/Users/christopherbrantner/local/projects/portfolio/surface-defect-classifier/NEU-DET/train/images/patches/patches_164.jpg,0,patches,102,45,180,163,train
/Users/christopherbrantner/local/projects/portfolio/surface-defect-classifier/results/chips/train/patches/patches_165_bb00.png,/Users/christopherbrantner/local/projects/portfolio/surface-defect-classifier/NEU-DET/train/images/patches/patches_165.jpg,0,patches,44,73,106,197,train
/Users/christopherbrantner/local/projects/portfolio/surface-defect-classifier/results/chips/train/patches/patches_165_bb01.png,/Users/christopherbrantner/local/projects/portfolio/surface-defect-classifier/NEU-DET/train/images/patches/patches_165.jpg,1,patches,183,14,200,92,train
/Users/christopherbrantner/local/projects/portfolio/surface-defect-classifier/results/chips/train/patches/patches_165_bb02.png,/Users/christopherbrantner/local/projects/portfolio/surface-defect-classifier/NEU-DET/train/images/patches/patches_165.jpg,2,patches,1,155,22,200,train
/Users/christopherbrantner/local/projects/portfolio/surface-defect-classifier/results/chips/train/patches/patches_165_bb03.png,/Users/christopherbrantner/local/projects/portfolio/surface-defect-classifier/NEU-DET/train/images/patches/patches_165.jpg,3,patches,165,155,199,200,train
/Users/christopherbrantner/local/projects/portfolio/surface-defect-classifier/results/chips/train/patches/patches_166_bb00.png,/Users/christopherbrantner/local/projects/portfolio/surface-defect-classifier/NEU-DET/train/images/patches/patches_166.jpg,0,patches,34,4,74,86,train
/Users/christopherbrantner/local/projects/portfolio/surface-defect-classifier/results/chips/train/patches/patches_166_bb01.png,/Users/christopherbrantner/local/projects/portfolio/surface-defect-classifier/NEU-DET/train/images/patches/patches_166.jpg,1,patches,101,17,179,170,train
/Users/christopherbrantner/local/projects/portfolio/surface-defect-classifier/results/chips/train/patches/patches_166_bb02.png,/Users/christopherbrantner/local/projects/portfolio/surface-defect-classifier/NEU-DET/train/images/patches/patches_166.jpg,2,patches,25,159,55,199,train
/Users/christopherbrantner/local/projects/portfolio/surface-defect-classifier/results/chips/train/patches/patches_167_bb00.png,/Users/christopherbrantner/local/projects/portfolio/surface-defect-classifier/NEU-DET/train/images/patches/patches_167.jpg,0,patches,39,1,102,132,train
/Users/christopherbrantner/local/projects/portfolio/surface-defect-classifier/results/chips/train/patches/patches_167_bb01.png,/Users/christopherbrantner/local/projects/portfolio/surface-defect-classifier/NEU-DET/train/images/patches/patches_167.jpg,1,patches,108,1,165,115,train
/Users/christopherbrantner/local/projects/portfolio/surface-defect-classifier/results/chips/train/patches/patches_167_bb02.png,/Users/christopherbrantner/local/projects/portfolio/surface-defect-classifier/NEU-DET/train/images/patches/patches_167.jpg,2,patches,168,1,200,85,train
/Users/christopherbrantner/local/projects/portfolio/surface-defect-classifier/results/chips/train/inclusion/patches_167_bb03.png,/Users/christopherbrantner/local/projects/portfolio/surface-defect-classifier/NEU-DET/train/images/patches/patches_167.jpg,3,inclusion,176,154,200,180,train
/Users/christopherbrantner/local/projects/portfolio/surface-defect-classifier/results/chips/train/inclusion/patches_167_bb04.png,/Users/christopherbrantner/local/projects/portfolio/surface-defect-classifier/NEU-DET/train/images/patches/patches_167.jpg,4,inclusion,149,126,170,145,train
/Users/christopherbrantner/local/projects/portfolio/surface-defect-classifier/results/chips/train/patches/patches_168_bb00.png,/Users/christopherbrantner/local/projects/portfolio/surface-defect-classifier/NEU-DET/train/images/patches/patches_168.jpg,0,patches,34,75,78,177,train
/Users/christopherbrantner/local/projects/portfolio/surface-defect-classifier/results/chips/train/patches/patches_168_bb01.png,/Users/christopherbrantner/local/projects/portfolio/surface-defect-classifier/NEU-DET/train/images/patches/patches_168.jpg,1,patches,121,90,178,156,train
/Users/christopherbrantner/local/projects/portfolio/surface-defect-classifier/results/chips/train/patches/patches_168_bb02.png,/Users/christopherbrantner/local/projects/portfolio/surface-defect-classifier/NEU-DET/train/images/patches/patches_168.jpg,2,patches,133,1,200,62,train
/Users/christopherbrantner/local/projects/portfolio/surface-defect-classifier/results/chips/train/inclusion/patches_168_bb03.png,/Users/christopherbrantner/local/projects/portfolio/surface-defect-classifier/NEU-DET/train/images/patches/patches_168.jpg,3,inclusion,1,108,30,149,train
/Users/christopherbrantner/local/projects/portfolio/surface-defect-classifier/results/chips/train/inclusion/patches_168_bb04.png,/Users/christopherbrantner/local/projects/portfolio/surface-defect-classifier/NEU-DET/train/images/patches/patches_168.jpg,4,inclusion,79,54,104,74,train
/Users/christopherbrantner/local/projects/portfolio/surface-defect-classifier/results/chips/train/inclusion/patches_168_bb05.png,/Users/christopherbrantner/local/projects/portfolio/surface-defect-classifier/NEU-DET/train/images/patches/patches_168.jpg,5,inclusion,149,138,196,169,train
/Users/christopherbrantner/local/projects/portfolio/surface-defect-classifier/results/chips/train/inclusion/patches_168_bb06.png,/Users/christopherbrantner/local/projects/portfolio/surface-defect-classifier/NEU-DET/train/images/patches/patches_168.jpg,6,inclusion,161,78,200,112,train
/Users/christopherbrantner/local/projects/portfolio/surface-defect-classifier/results/chips/train/patches/patches_169_bb00.png,/Users/christopherbrantner/local/projects/portfolio/surface-defect-classifier/NEU-DET/train/images/patches/patches_169.jpg,0,patches,17,9,93,149,train
/Users/christopherbrantner/local/projects/portfolio/surface-defect-classifier/results/chips/train/patches/patches_169_bb01.png,/Users/christopherbrantner/local/projects/portfolio/surface-defect-classifier/NEU-DET/train/images/patches/patches_169.jpg,1,patches,100,33,158,199,train
/Users/christopherbrantner/local/projects/portfolio/surface-defect-classifier/results/chips/train/patches/patches_17_bb00.png,/Users/christopherbrantner/local/projects/portfolio/surface-defect-classifier/NEU-DET/train/images/patches/patches_17.jpg,0,patches,22,13,69,198,train
/Users/christopherbrantner/local/projects/portfolio/surface-defect-classifier/results/chips/train/patches/patches_17_bb01.png,/Users/christopherbrantner/local/projects/portfolio/surface-defect-classifier/NEU-DET/train/images/patches/patches_17.jpg,1,patches,113,1,182,128,train
/Users/christopherbrantner/local/projects/portfolio/surface-defect-classifier/results/chips/train/patches/patches_17_bb02.png,/Users/christopherbrantner/local/projects/portfolio/surface-defect-classifier/NEU-DET/train/images/patches/patches_17.jpg,2,patches,106,134,183,199,train
/Users/christopherbrantner/local/projects/portfolio/surface-defect-classifier/results/chips/train/patches/patches_170_bb00.png,/Users/christopherbrantner/local/projects/portfolio/surface-defect-classifier/NEU-DET/train/images/patches/patches_170.jpg,0,patches,54,1,140,96,train
/Users/christopherbrantner/local/projects/portfolio/surface-defect-classifier/results/chips/train/patches/patches_171_bb00.png,/Users/christopherbrantner/local/projects/portfolio/surface-defect-classifier/NEU-DET/train/images/patches/patches_171.jpg,0,patches,1,54,62,90,train
/Users/christopherbrantner/local/projects/portfolio/surface-defect-classifier/results/chips/train/patches/patches_171_bb01.png,/Users/christopherbrantner/local/projects/portfolio/surface-defect-classifier/NEU-DET/train/images/patches/patches_171.jpg,1,patches,94,1,170,75,train
/Users/christopherbrantner/local/projects/portfolio/surface-defect-classifier/results/chips/train/patches/patches_171_bb02.png,/Users/christopherbrantner/local/projects/portfolio/surface-defect-classifier/NEU-DET/train/images/patches/patches_171.jpg,2,patches,74,109,184,199,train
/Users/christopherbrantner/local/projects/portfolio/surface-defect-classifier/results/chips/train/inclusion/patches_171_bb03.png,/Users/christopherbrantner/local/projects/portfolio/surface-defect-classifier/NEU-DET/train/images/patches/patches_171.jpg,3,inclusion,144,93,175,119,train
/Users/christopherbrantner/local/projects/portfolio/surface-defect-classifier/results/chips/train/inclusion/patches_171_bb04.png,/Users/christopherbrantner/local/projects/portfolio/surface-defect-classifier/NEU-DET/train/images/patches/patches_171.jpg,4,inclusion,156,47,198,75,train
/Users/christopherbrantner/local/projects/portfolio/surface-defect-classifier/results/chips/train/patches/patches_172_bb00.png,/Users/christopherbrantner/local/projects/portfolio/surface-defect-classifier/NEU-DET/train/images/patches/patches_172.jpg,0,patches,21,23,75,146,train
/Users/christopherbrantner/local/projects/portfolio/surface-defect-classifier/results/chips/train/patches/patches_172_bb01.png,/Users/christopherbrantner/local/projects/portfolio/surface-defect-classifier/NEU-DET/train/images/patches/patches_172.jpg,1,patches,16,163,71,200,train
/Users/christopherbrantner/local/projects/portfolio/surface-defect-classifier/results/chips/train/patches/patches_172_bb02.png,/Users/christopherbrantner/local/projects/portfolio/surface-defect-classifier/NEU-DET/train/images/patches/patches_172.jpg,2,patches,105,87,166,155,train
/Users/christopherbrantner/local/projects/portfolio/surface-defect-classifier/results/chips/train/patches/patches_172_bb03.png,/Users/christopherbrantner/local/projects/portfolio/surface-defect-classifier/NEU-DET/train/images/patches/patches_172.jpg,3,patches,164,65,200,149,train
/Users/christopherbrantner/local/projects/portfolio/surface-defect-classifier/results/chips/train/inclusion/patches_172_bb04.png,/Users/christopherbrantner/local/projects/portfolio/surface-defect-classifier/NEU-DET/train/images/patches/patches_172.jpg,4,inclusion,171,1,196,21,train
/Users/christopherbrantner/local/projects/portfolio/surface-defect-classifier/results/chips/train/inclusion/patches_172_bb05.png,/Users/christopherbrantner/local/projects/portfolio/surface-defect-classifier/NEU-DET/train/images/patches/patches_172.jpg,5,inclusion,160,150,200,184,train
/Users/christopherbrantner/local/projects/portfolio/surface-defect-classifier/results/chips/train/patches/patches_173_bb00.png,/Users/christopherbrantner/local/projects/portfolio/surface-defect-classifier/NEU-DET/train/images/patches/patches_173.jpg,0,patches,20,55,84,173,train
/Users/christopherbrantner/local/projects/portfolio/surface-defect-classifier/results/chips/train/patches/patches_174_bb00.png,/Users/christopherbrantner/local/projects/portfolio/surface-defect-classifier/NEU-DET/train/images/patches/patches_174.jpg,0,patches,11,1,68,200,train
/Users/christopherbrantner/local/projects/portfolio/surface-defect-classifier/results/chips/train/patches/patches_174_bb01.png,/Users/christopherbrantner/local/projects/portfolio/surface-defect-classifier/NEU-DET/train/images/patches/patches_174.jpg,1,patches,132,1,200,200,train
/Users/christopherbrantner/local/projects/portfolio/surface-defect-classifier/results/chips/train/inclusion/patches_174_bb02.png,/Users/christopherbrantner/local/projects/portfolio/surface-defect-classifier/NEU-DET/train/images/patches/patches_174.jpg,2,inclusion,1,122,21,178,train
/Users/christopherbrantner/local/projects/portfolio/surface-defect-classifier/results/chips/train/inclusion/patches_174_bb03.png,/Users/christopherbrantner/local/projects/portfolio/surface-defect-classifier/NEU-DET/train/images/patches/patches_174.jpg,3,inclusion,102,88,125,111,train
/Users/christopherbrantner/local/projects/portfolio/surface-defect-classifier/results/chips/train/patches/patches_175_bb00.png,/Users/christopherbrantner/local/projects/portfolio/surface-defect-classifier/NEU-DET/train/images/patches/patches_175.jpg,0,patches,10,12,117,110,train
/Users/christopherbrantner/local/projects/portfolio/surface-defect-classifier/results/chips/train/patches/patches_175_bb01.png,/Users/christopherbrantner/local/projects/portfolio/surface-defect-classifier/NEU-DET/train/images/patches/patches_175.jpg,1,patches,1,116,53,200,train
/Users/christopherbrantner/local/projects/portfolio/surface-defect-classifier/results/chips/train/patches/patches_175_bb02.png,/Users/christopherbrantner/local/projects/portfolio/surface-defect-classifier/NEU-DET/train/images/patches/patches_175.jpg,2,patches,129,1,193,200,train
/Users/christopherbrantner/local/projects/portfolio/surface-defect-classifier/results/chips/train/inclusion/patches_175_bb03.png,/Users/christopherbrantner/local/projects/portfolio/surface-defect-classifier/NEU-DET/train/images/patches/patches_175.jpg,3,inclusion,74,7,112,27,train
/Users/christopherbrantner/local/projects/portfolio/surface-defect-classifier/results/chips/train/inclusion/patches_175_bb04.png,/Users/christopherbrantner/local/projects/portfolio/surface-defect-classifier/NEU-DET/train/images/patches/patches_175.jpg,4,inclusion,97,143,138,199,train
/Users/christopherbrantner/local/projects/portfolio/surface-defect-classifier/results/chips/train/patches/patches_176_bb00.png,/Users/christopherbrantner/local/projects/portfolio/surface-defect-classifier/NEU-DET/train/images/patches/patches_176.jpg,0,patches,20,1,80,198,train
/Users/christopherbrantner/local/projects/portfolio/surface-defect-classifier/results/chips/train/patches/patches_176_bb01.png,/Users/christopherbrantner/local/projects/portfolio/surface-defect-classifier/NEU-DET/train/images/patches/patches_176.jpg,1,patches,149,1,199,53,train
/Users/christopherbrantner/local/projects/portfolio/surface-defect-classifier/results/chips/train/inclusion/patches_176_bb02.png,/Users/christopherbrantner/local/projects/portfolio/surface-defect-classifier/NEU-DET/train/images/patches/patches_176.jpg,2,inclusion,2,17,23,40,train
/Users/christopherbrantner/local/projects/portfolio/surface-defect-classifier/results/chips/train/inclusion/patches_176_bb03.png,/Users/christopherbrantner/local/projects/portfolio/surface-defect-classifier/NEU-DET/train/images/patches/patches_176.jpg,3,inclusion,1,107,24,172,train
/Users/christopherbrantner/local/projects/portfolio/surface-defect-classifier/results/chips/train/inclusion/patches_176_bb04.png,/Users/christopherbrantner/local/projects/portfolio/surface-defect-classifier/NEU-DET/train/images/patches/patches_176.jpg,4,inclusion,162,4,182,22,train
/Users/christopherbrantner/local/projects/portfolio/surface-defect-classifier/results/chips/train/patches/patches_177_bb00.png,/Users/christopherbrantner/local/projects/portfolio/surface-defect-classifier/NEU-DET/train/images/patches/patches_177.jpg,0,patches,49,46,135,175,train
/Users/christopherbrantner/local/projects/portfolio/surface-defect-classifier/results/chips/train/patches/patches_177_bb01.png,/Users/christopherbrantner/local/projects/portfolio/surface-defect-classifier/NEU-DET/train/images/patches/patches_177.jpg,1,patches,139,60,199,182,train
/Users/christopherbrantner/local/projects/portfolio/surface-defect-classifier/results/chips/train/patches/patches_177_bb02.png,/Users/christopherbrantner/local/projects/portfolio/surface-defect-classifier/NEU-DET/train/images/patches/patches_177.jpg,2,patches,141,1,182,48,train
/Users/christopherbrantner/local/projects/portfolio/surface-defect-classifier/results/chips/train/patches/patches_178_bb00.png,/Users/christopherbrantner/local/projects/portfolio/surface-defect-classifier/NEU-DET/train/images/patches/patches_178.jpg,0,patches,61,6,140,162,train
/Users/christopherbrantner/local/projects/portfolio/surface-defect-classifier/results/chips/train/patches/patches_179_bb00.png,/Users/christopherbrantner/local/projects/portfolio/surface-defect-classifier/NEU-DET/train/images/patches/patches_179.jpg,0,patches,89,1,137,59,train
/Users/christopherbrantner/local/projects/portfolio/surface-defect-classifier/results/chips/train/patches/patches_179_bb01.png,/Users/christopherbrantner/local/projects/portfolio/surface-defect-classifier/NEU-DET/train/images/patches/patches_179.jpg,1,patches,14,101,132,193,train
/Users/christopherbrantner/local/projects/portfolio/surface-defect-classifier/results/chips/train/inclusion/patches_179_bb02.png,/Users/christopherbrantner/local/projects/portfolio/surface-defect-classifier/NEU-DET/train/images/patches/patches_179.jpg,2,inclusion,50,165,82,192,train
/Users/christopherbrantner/local/projects/portfolio/surface-defect-classifier/results/chips/train/inclusion/patches_179_bb03.png,/Users/christopherbrantner/local/projects/portfolio/surface-defect-classifier/NEU-DET/train/images/patches/patches_179.jpg,3,inclusion,57,23,92,53,train
/Users/christopherbrantner/local/projects/portfolio/surface-defect-classifier/results/chips/train/patches/patches_18_bb00.png,/Users/christopherbrantner/local/projects/portfolio/surface-defect-classifier/NEU-DET/train/images/patches/patches_18.jpg,0,patches,42,1,108,78,train
/Users/christopherbrantner/local/projects/portfolio/surface-defect-classifier/results/chips/train/patches/patches_18_bb01.png,/Users/christopherbrantner/local/projects/portfolio/surface-defect-classifier/NEU-DET/train/images/patches/patches_18.jpg,1,patches,116,47,183,108,train
/Users/christopherbrantner/local/projects/portfolio/surface-defect-classifier/results/chips/train/patches/patches_18_bb02.png,/Users/christopherbrantner/local/projects/portfolio/surface-defect-classifier/NEU-DET/train/images/patches/patches_18.jpg,2,patches,50,116,97,200,train
/Users/christopherbrantner/local/projects/portfolio/surface-defect-classifier/results/chips/train/patches/patches_180_bb00.png,/Users/christopherbrantner/local/projects/portfolio/surface-defect-classifier/NEU-DET/train/images/patches/patches_180.jpg,0,patches,1,52,34,118,train
/Users/christopherbrantner/local/projects/portfolio/surface-defect-classifier/results/chips/train/patches/patches_180_bb01.png,/Users/christopherbrantner/local/projects/portfolio/surface-defect-classifier/NEU-DET/train/images/patches/patches_180.jpg,1,patches,62,13,109,131,train
/Users/christopherbrantner/local/projects/portfolio/surface-defect-classifier/results/chips/train/patches/patches_180_bb02.png,/Users/christopherbrantner/local/projects/portfolio/surface-defect-classifier/NEU-DET/train/images/patches/patches_180.jpg,2,patches,112,1,154,48,train
/Users/christopherbrantner/local/projects/portfolio/surface-defect-classifier/results/chips/train/patches/patches_181_bb00.png,/Users/christopherbrantner/local/projects/portfolio/surface-defect-classifier/NEU-DET/train/images/patches/patches_181.jpg,0,patches,4,5,87,73,train
/Users/christopherbrantner/local/projects/portfolio/surface-defect-classifier/results/chips/train/patches/patches_181_bb01.png,/Users/christopherbrantner/local/projects/portfolio/surface-defect-classifier/NEU-DET/train/images/patches/patches_181.jpg,1,patches,102,86,156,165,train
/Users/christopherbrantner/local/projects/portfolio/surface-defect-classifier/results/chips/train/patches/patches_181_bb02.png,/Users/christopherbrantner/local/projects/portfolio/surface-defect-classifier/NEU-DET/train/images/patches/patches_181.jpg,2,patches,126,10,200,76,train
/Users/christopherbrantner/local/projects/portfolio/surface-defect-classifier/results/chips/train/patches/patches_181_bb03.png,/Users/christopherbrantner/local/projects/portfolio/surface-defect-classifier/NEU-DET/train/images/patches/patches_181.jpg,3,patches,54,156,95,198,train
/Users/christopherbrantner/local/projects/portfolio/surface-defect-classifier/results/chips/train/patches/patches_182_bb00.png,/Users/christopherbrantner/local/projects/portfolio/surface-defect-classifier/NEU-DET/train/images/patches/patches_182.jpg,0,patches,50,16,136,139,train
/Users/christopherbrantner/local/projects/portfolio/surface-defect-classifier/results/chips/train/patches/patches_183_bb00.png,/Users/christopherbrantner/local/projects/portfolio/surface-defect-classifier/NEU-DET/train/images/patches/patches_183.jpg,0,patches,42,32,121,199,train
/Users/christopherbrantner/local/projects/portfolio/surface-defect-classifier/results/chips/train/patches/patches_183_bb01.png,/Users/christopherbrantner/local/projects/portfolio/surface-defect-classifier/NEU-DET/train/images/patches/patches_183.jpg,1,patches,125,1,199,133,train
/Users/christopherbrantner/local/projects/portfolio/surface-defect-classifier/results/chips/train/patches/patches_184_bb00.png,/Users/christopherbrantner/local/projects/portfolio/surface-defect-classifier/NEU-DET/train/images/patches/patches_184.jpg,0,patches,34,96,137,186,train
/Users/christopherbrantner/local/projects/portfolio/surface-defect-classifier/results/chips/train/patches/patches_184_bb01.png,/Users/christopherbrantner/local/projects/portfolio/surface-defect-classifier/NEU-DET/train/images/patches/patches_184.jpg,1,patches,89,1,126,51,train
/Users/christopherbrantner/local/projects/portfolio/surface-defect-classifier/results/chips/train/patches/patches_184_bb02.png,/Users/christopherbrantner/local/projects/portfolio/surface-defect-classifier/NEU-DET/train/images/patches/patches_184.jpg,2,patches,161,1,200,21,train
/Users/christopherbrantner/local/projects/portfolio/surface-defect-classifier/results/chips/train/inclusion/patches_184_bb03.png,/Users/christopherbrantner/local/projects/portfolio/surface-defect-classifier/NEU-DET/train/images/patches/patches_184.jpg,3,inclusion,84,62,110,99,train
/Users/christopherbrantner/local/projects/portfolio/surface-defect-classifier/results/chips/train/inclusion/patches_184_bb04.png,/Users/christopherbrantner/local/projects/portfolio/surface-defect-classifier/NEU-DET/train/images/patches/patches_184.jpg,4,inclusion,92,185,121,200,train
/Users/christopherbrantner/local/projects/portfolio/surface-defect-classifier/results/chips/train/inclusion/patches_184_bb05.png,/Users/christopherbrantner/local/projects/portfolio/surface-defect-classifier/NEU-DET/train/images/patches/patches_184.jpg,5,inclusion,127,93,137,144,train
/Users/christopherbrantner/local/projects/portfolio/surface-defect-classifier/results/chips/train/patches/patches_184_bb06.png,/Users/christopherbrantner/local/projects/portfolio/surface-defect-classifier/NEU-DET/train/images/patches/patches_184.jpg,6,patches,1,97,28,152,train
/Users/christopherbrantner/local/projects/portfolio/surface-defect-classifier/results/chips/train/patches/patches_185_bb00.png,/Users/christopherbrantner/local/projects/portfolio/surface-defect-classifier/NEU-DET/train/images/patches/patches_185.jpg,0,patches,52,1,122,168,train
/Users/christopherbrantner/local/projects/portfolio/surface-defect-classifier/results/chips/train/patches/patches_186_bb00.png,/Users/christopherbrantner/local/projects/portfolio/surface-defect-classifier/NEU-DET/train/images/patches/patches_186.jpg,0,patches,37,1,102,131,train
/Users/christopherbrantner/local/projects/portfolio/surface-defect-classifier/results/chips/train/patches/patches_186_bb01.png,/Users/christopherbrantner/local/projects/portfolio/surface-defect-classifier/NEU-DET/train/images/patches/patches_186.jpg,1,patches,122,56,200,159,train
/Users/christopherbrantner/local/projects/portfolio/surface-defect-classifier/results/chips/train/patches/patches_186_bb02.png,/Users/christopherbrantner/local/projects/portfolio/surface-defect-classifier/NEU-DET/train/images/patches/patches_186.jpg,2,patches,57,140,119,198,train
/Users/christopherbrantner/local/projects/portfolio/surface-defect-classifier/results/chips/train/patches/patches_187_bb00.png,/Users/christopherbrantner/local/projects/portfolio/surface-defect-classifier/NEU-DET/train/images/patches/patches_187.jpg,0,patches,59,1,117,114,train
/Users/christopherbrantner/local/projects/portfolio/surface-defect-classifier/results/chips/train/patches/patches_187_bb01.png,/Users/christopherbrantner/local/projects/portfolio/surface-defect-classifier/NEU-DET/train/images/patches/patches_187.jpg,1,patches,1,62,55,133,train
/Users/christopherbrantner/local/projects/portfolio/surface-defect-classifier/results/chips/train/patches/patches_187_bb02.png,/Users/christopherbrantner/local/projects/portfolio/surface-defect-classifier/NEU-DET/train/images/patches/patches_187.jpg,2,patches,64,155,112,200,train
/Users/christopherbrantner/local/projects/portfolio/surface-defect-classifier/results/chips/train/inclusion/patches_187_bb03.png,/Users/christopherbrantner/local/projects/portfolio/surface-defect-classifier/NEU-DET/train/images/patches/patches_187.jpg,3,inclusion,32,109,53,136,train
/Users/christopherbrantner/local/projects/portfolio/surface-defect-classifier/results/chips/train/inclusion/patches_187_bb04.png,/Users/christopherbrantner/local/projects/portfolio/surface-defect-classifier/NEU-DET/train/images/patches/patches_187.jpg,4,inclusion,46,156,64,179,train
/Users/christopherbrantner/local/projects/portfolio/surface-defect-classifier/results/chips/train/inclusion/patches_187_bb05.png,/Users/christopherbrantner/local/projects/portfolio/surface-defect-classifier/NEU-DET/train/images/patches/patches_187.jpg,5,inclusion,165,35,190,64,train
/Users/christopherbrantner/local/projects/portfolio/surface-defect-classifier/results/chips/train/inclusion/patches_187_bb06.png,/Users/christopherbrantner/local/projects/portfolio/surface-defect-classifier/NEU-DET/train/images/patches/patches_187.jpg,6,inclusion,175,91,190,113,train
/Users/christopherbrantner/local/projects/portfolio/surface-defect-classifier/results/chips/train/inclusion/patches_187_bb07.png,/Users/christopherbrantner/local/projects/portfolio/surface-defect-classifier/NEU-DET/train/images/patches/patches_187.jpg,7,inclusion,181,179,200,199,train
/Users/christopherbrantner/local/projects/portfolio/surface-defect-classifier/results/chips/train/patches/patches_188_bb00.png,/Users/christopherbrantner/local/projects/portfolio/surface-defect-classifier/NEU-DET/train/images/patches/patches_188.jpg,0,patches,1,1,61,106,train
/Users/christopherbrantner/local/projects/portfolio/surface-defect-classifier/results/chips/train/patches/patches_188_bb01.png,/Users/christopherbrantner/local/projects/portfolio/surface-defect-classifier/NEU-DET/train/images/patches/patches_188.jpg,1,patches,1,130,52,199,train
/Users/christopherbrantner/local/projects/portfolio/surface-defect-classifier/results/chips/train/patches/patches_188_bb02.png,/Users/christopherbrantner/local/projects/portfolio/surface-defect-classifier/NEU-DET/train/images/patches/patches_188.jpg,2,patches,138,1,200,181,train
/Users/christopherbrantner/local/projects/portfolio/surface-defect-classifier/results/chips/train/inclusion/patches_188_bb03.png,/Users/christopherbrantner/local/projects/portfolio/surface-defect-classifier/NEU-DET/train/images/patches/patches_188.jpg,3,inclusion,1,19,25,39,train
/Users/christopherbrantner/local/projects/portfolio/surface-defect-classifier/results/chips/train/inclusion/patches_188_bb04.png,/Users/christopherbrantner/local/projects/portfolio/surface-defect-classifier/NEU-DET/train/images/patches/patches_188.jpg,4,inclusion,112,91,136,124,train
/Users/christopherbrantner/local/projects/portfolio/surface-defect-classifier/results/chips/train/patches/patches_189_bb00.png,/Users/christopherbrantner/local/projects/portfolio/surface-defect-classifier/NEU-DET/train/images/patches/patches_189.jpg,0,patches,64,98,115,166,train
/Users/christopherbrantner/local/projects/portfolio/surface-defect-classifier/results/chips/train/patches/patches_189_bb01.png,/Users/christopherbrantner/local/projects/portfolio/surface-defect-classifier/NEU-DET/train/images/patches/patches_189.jpg,1,patches,55,1,107,75,train
/Users/christopherbrantner/local/projects/portfolio/surface-defect-classifier/results/chips/train/patches/patches_189_bb02.png,/Users/christopherbrantner/local/projects/portfolio/surface-defect-classifier/NEU-DET/train/images/patches/patches_189.jpg,2,patches,108,40,161,71,train
/Users/christopherbrantner/local/projects/portfolio/surface-defect-classifier/results/chips/train/patches/patches_189_bb03.png,/Users/christopherbrantner/local/projects/portfolio/surface-defect-classifier/NEU-DET/train/images/patches/patches_189.jpg,3,patches,122,75,193,200,train
/Users/christopherbrantner/local/projects/portfolio/surface-defect-classifier/results/chips/train/patches/patches_19_bb00.png,/Users/christopherbrantner/local/projects/portfolio/surface-defect-classifier/NEU-DET/train/images/patches/patches_19.jpg,0,patches,20,1,72,140,train
/Users/christopherbrantner/local/projects/portfolio/surface-defect-classifier/results/chips/train/patches/patches_19_bb01.png,/Users/christopherbrantner/local/projects/portfolio/surface-defect-classifier/NEU-DET/train/images/patches/patches_19.jpg,1,patches,94,38,180,200,train
/Users/christopherbrantner/local/projects/portfolio/surface-defect-classifier/results/chips/train/patches/patches_19_bb02.png,/Users/christopherbrantner/local/projects/portfolio/surface-defect-classifier/NEU-DET/train/images/patches/patches_19.jpg,2,patches,24,142,105,199,train
/Users/christopherbrantner/local/projects/portfolio/surface-defect-classifier/results/chips/train/patches/patches_19_bb03.png,/Users/christopherbrantner/local/projects/portfolio/surface-defect-classifier/NEU-DET/train/images/patches/patches_19.jpg,3,patches,115,1,186,37,train
/Users/christopherbrantner/local/projects/portfolio/surface-defect-classifier/results/chips/train/patches/patches_190_bb00.png,/Users/christopherbrantner/local/projects/portfolio/surface-defect-classifier/NEU-DET/train/images/patches/patches_190.jpg,0,patches,21,1,82,154,train
/Users/christopherbrantner/local/projects/portfolio/surface-defect-classifier/results/chips/train/patches/patches_190_bb01.png,/Users/christopherbrantner/local/projects/portfolio/surface-defect-classifier/NEU-DET/train/images/patches/patches_190.jpg,1,patches,130,21,200,63,train
/Users/christopherbrantner/local/projects/portfolio/surface-defect-classifier/results/chips/train/patches/patches_190_bb02.png,/Users/christopherbrantner/local/projects/portfolio/surface-defect-classifier/NEU-DET/train/images/patches/patches_190.jpg,2,patches,123,101,200,185,train
/Users/christopherbrantner/local/projects/portfolio/surface-defect-classifier/results/chips/train/inclusion/patches_190_bb03.png,/Users/christopherbrantner/local/projects/portfolio/surface-defect-classifier/NEU-DET/train/images/patches/patches_190.jpg,3,inclusion,136,58,160,99,train
/Users/christopherbrantner/local/projects/portfolio/surface-defect-classifier/results/chips/train/inclusion/patches_190_bb04.png,/Users/christopherbrantner/local/projects/portfolio/surface-defect-classifier/NEU-DET/train/images/patches/patches_190.jpg,4,inclusion,172,71,194,97,train
/Users/christopherbrantner/local/projects/portfolio/surface-defect-classifier/results/chips/train/inclusion/patches_190_bb05.png,/Users/christopherbrantner/local/projects/portfolio/surface-defect-classifier/NEU-DET/train/images/patches/patches_190.jpg,5,inclusion,6,12,27,43,train
/Users/christopherbrantner/local/projects/portfolio/surface-defect-classifier/results/chips/train/patches/patches_190_bb06.png,/Users/christopherbrantner/local/projects/portfolio/surface-defect-classifier/NEU-DET/train/images/patches/patches_190.jpg,6,patches,23,151,71,200,train
/Users/christopherbrantner/local/projects/portfolio/surface-defect-classifier/results/chips/train/patches/patches_191_bb00.png,/Users/christopherbrantner/local/projects/portfolio/surface-defect-classifier/NEU-DET/train/images/patches/patches_191.jpg,0,patches,27,14,79,91,train
/Users/christopherbrantner/local/projects/portfolio/surface-defect-classifier/results/chips/train/patches/patches_191_bb01.png,/Users/christopherbrantner/local/projects/portfolio/surface-defect-classifier/NEU-DET/train/images/patches/patches_191.jpg,1,patches,31,117,103,200,train
/Users/christopherbrantner/local/projects/portfolio/surface-defect-classifier/results/chips/train/patches/patches_191_bb02.png,/Users/christopherbrantner/local/projects/portfolio/surface-defect-classifier/NEU-DET/train/images/patches/patches_191.jpg,2,patches,91,2,184,198,train
/Users/christopherbrantner/local/projects/portfolio/surface-defect-classifier/results/chips/train/patches/patches_192_bb00.png,/Users/christopherbrantner/local/projects/portfolio/surface-defect-classifier/NEU-DET/train/images/patches/patches_192.jpg,0,patches,41,70,163,189,train
/Users/christopherbrantner/local/projects/portfolio/surface-defect-classifier/results/chips/train/patches/patches_192_bb01.png,/Users/christopherbrantner/local/projects/portfolio/surface-defect-classifier/NEU-DET/train/images/patches/patches_192.jpg,1,patches,33,7,84,75,train
/Users/christopherbrantner/local/projects/portfolio/surface-defect-classifier/results/chips/train/patches/patches_192_bb02.png,/Users/christopherbrantner/local/projects/portfolio/surface-defect-classifier/NEU-DET/train/images/patches/patches_192.jpg,2,patches,92,1,148,79,train
/Users/christopherbrantner/local/projects/portfolio/surface-defect-classifier/results/chips/train/patches/patches_192_bb03.png,/Users/christopherbrantner/local/projects/portfolio/surface-defect-classifier/NEU-DET/train/images/patches/patches_192.jpg,3,patches,1,91,47,168,train
/Users/christopherbrantner/local/projects/portfolio/surface-defect-classifier/results/chips/train/patches/patches_193_bb00.png,/Users/christopherbrantner/local/projects/portfolio/surface-defect-classifier/NEU-DET/train/images/patches/patches_193.jpg,0,patches,62,4,136,72,train
/Users/christopherbrantner/local/projects/portfolio/surface-defect-classifier/results/chips/train/patches/patches_193_bb01.png,/Users/christopherbrantner/local/projects/portfolio/surface-defect-classifier/NEU-DET/train/images/patches/patches_193.jpg,1,patches,72,96,125,167,train
/Users/christopherbrantner/local/projects/portfolio/surface-defect-classifier/results/chips/train/patches/patches_193_bb02.png,/Users/christopherbrantner/local/projects/portfolio/surface-defect-classifier/NEU-DET/train/images/patches/patches_193.jpg,2,patches,130,76,195,200,train
/Users/christopherbrantner/local/projects/portfolio/surface-defect-classifier/results/chips/train/patches/patches_193_bb03.png,/Users/christopherbrantner/local/projects/portfolio/surface-defect-classifier/NEU-DET/train/images/patches/patches_193.jpg,3,patches,107,35,179,75,train
/Users/christopherbrantner/local/projects/portfolio/surface-defect-classifier/results/chips/train/patches/patches_194_bb00.png,/Users/christopherbrantner/local/projects/portfolio/surface-defect-classifier/NEU-DET/train/images/patches/patches_194.jpg,0,patches,72,1,144,199,train
/Users/christopherbrantner/local/projects/portfolio/surface-defect-classifier/results/chips/train/patches/patches_194_bb01.png,/Users/christopherbrantner/local/projects/portfolio/surface-defect-classifier/NEU-DET/train/images/patches/patches_194.jpg,1,patches,146,1,200,83,train
/Users/christopherbrantner/local/projects/portfolio/surface-defect-classifier/results/chips/train/patches/patches_195_bb00.png,/Users/christopherbrantner/local/projects/portfolio/surface-defect-classifier/NEU-DET/train/images/patches/patches_195.jpg,0,patches,1,1,59,146,train
/Users/christopherbrantner/local/projects/portfolio/surface-defect-classifier/results/chips/train/patches/patches_195_bb01.png,/Users/christopherbrantner/local/projects/portfolio/surface-defect-classifier/NEU-DET/train/images/patches/patches_195.jpg,1,patches,45,57,170,197,train
/Users/christopherbrantner/local/projects/portfolio/surface-defect-classifier/results/chips/train/patches/patches_195_bb02.png,/Users/christopherbrantner/local/projects/portfolio/surface-defect-classifier/NEU-DET/train/images/patches/patches_195.jpg,2,patches,133,8,178,51,train
/Users/christopherbrantner/local/projects/portfolio/surface-defect-classifier/results/chips/train/patches/patches_195_bb03.png,/Users/christopherbrantner/local/projects/portfolio/surface-defect-classifier/NEU-DET/train/images/patches/patches_195.jpg,3,patches,121,139,180,200,train
/Users/christopherbrantner/local/projects/portfolio/surface-defect-classifier/results/chips/train/inclusion/patches_195_bb04.png,/Users/christopherbrantner/local/projects/portfolio/surface-defect-classifier/NEU-DET/train/images/patches/patches_195.jpg,4,inclusion,113,77,144,104,train
/Users/christopherbrantner/local/projects/portfolio/surface-defect-classifier/results/chips/train/inclusion/patches_195_bb05.png,/Users/christopherbrantner/local/projects/portfolio/surface-defect-classifier/NEU-DET/train/images/patches/patches_195.jpg,5,inclusion,83,20,109,43,train
/Users/christopherbrantner/local/projects/portfolio/surface-defect-classifier/results/chips/train/patches/patches_196_bb00.png,/Users/christopherbrantner/local/projects/portfolio/surface-defect-classifier/NEU-DET/train/images/patches/patches_196.jpg,0,patches,51,1,107,53,train
/Users/christopherbrantner/local/projects/portfolio/surface-defect-classifier/results/chips/train/patches/patches_196_bb01.png,/Users/christopherbrantner/local/projects/portfolio/surface-defect-classifier/NEU-DET/train/images/patches/patches_196.jpg,1,patches,50,55,124,200,train
/Users/christopherbrantner/local/projects/portfolio/surface-defect-classifier/results/chips/train/patches/patches_197_bb00.png,/Users/christopherbrantner/local/projects/portfolio/surface-defect-classifier/NEU-DET/train/images/patches/patches_197.jpg,0,patches,1,1,61,26,train
/Users/christopherbrantner/local/projects/portfolio/surface-defect-classifier/results/chips/train/patches/patches_197_bb01.png,/Users/christopherbrantner/local/projects/portfolio/surface-defect-classifier/NEU-DET/train/images/patches/patches_197.jpg,1,patches,1,66,54,193,train
/Users/christopherbrantner/local/projects/portfolio/surface-defect-classifier/results/chips/train/patches/patches_197_bb02.png,/Users/christopherbrantner/local/projects/portfolio/surface-defect-classifier/NEU-DET/train/images/patches/patches_197.jpg,2,patches,111,36,187,133,train
/Users/christopherbrantner/local/projects/portfolio/surface-defect-classifier/results/chips/train/patches/patches_198_bb00.png,/Users/christopherbrantner/local/projects/portfolio/surface-defect-classifier/NEU-DET/train/images/patches/patches_198.jpg,0,patches,21,1,99,198,train
/Users/christopherbrantner/local/projects/portfolio/surface-defect-classifier/results/chips/train/patches/patches_198_bb01.png,/Users/christopherbrantner/local/projects/portfolio/surface-defect-classifier/NEU-DET/train/images/patches/patches_198.jpg,1,patches,158,68,200,158,train
/Users/christopherbrantner/local/projects/portfolio/surface-defect-classifier/results/chips/train/patches/patches_198_bb02.png,/Users/christopherbrantner/local/projects/portfolio/surface-defect-classifier/NEU-DET/train/images/patches/patches_198.jpg,2,patches,158,68,200,158,train
/Users/christopherbrantner/local/projects/portfolio/surface-defect-classifier/results/chips/train/patches/patches_198_bb03.png,/Users/christopherbrantner/local/projects/portfolio/surface-defect-classifier/NEU-DET/train/images/patches/patches_198.jpg,3,patches,109,64,154,140,train
/Users/christopherbrantner/local/projects/portfolio/surface-defect-classifier/results/chips/train/inclusion/patches_198_bb04.png,/Users/christopherbrantner/local/projects/portfolio/surface-defect-classifier/NEU-DET/train/images/patches/patches_198.jpg,4,inclusion,1,21,21,50,train
/Users/christopherbrantner/local/projects/portfolio/surface-defect-classifier/results/chips/train/patches/patches_199_bb00.png,/Users/christopherbrantner/local/projects/portfolio/surface-defect-classifier/NEU-DET/train/images/patches/patches_199.jpg,0,patches,6,6,163,131,train
/Users/christopherbrantner/local/projects/portfolio/surface-defect-classifier/results/chips/train/patches/patches_199_bb01.png,/Users/christopherbrantner/local/projects/portfolio/surface-defect-classifier/NEU-DET/train/images/patches/patches_199.jpg,1,patches,91,120,142,199,train
/Users/christopherbrantner/local/projects/portfolio/surface-defect-classifier/results/chips/train/inclusion/patches_199_bb02.png,/Users/christopherbrantner/local/projects/portfolio/surface-defect-classifier/NEU-DET/train/images/patches/patches_199.jpg,2,inclusion,55,148,116,195,train
/Users/christopherbrantner/local/projects/portfolio/surface-defect-classifier/results/chips/train/patches/patches_2_bb00.png,/Users/christopherbrantner/local/projects/portfolio/surface-defect-classifier/NEU-DET/train/images/patches/patches_2.jpg,0,patches,36,1,98,152,train
/Users/christopherbrantner/local/projects/portfolio/surface-defect-classifier/results/chips/train/patches/patches_2_bb01.png,/Users/christopherbrantner/local/projects/portfolio/surface-defect-classifier/NEU-DET/train/images/patches/patches_2.jpg,1,patches,115,52,174,190,train
/Users/christopherbrantner/local/projects/portfolio/surface-defect-classifier/results/chips/train/patches/patches_2_bb02.png,/Users/christopherbrantner/local/projects/portfolio/surface-defect-classifier/NEU-DET/train/images/patches/patches_2.jpg,2,patches,113,1,200,26,train
/Users/christopherbrantner/local/projects/portfolio/surface-defect-classifier/results/chips/train/patches/patches_20_bb00.png,/Users/christopherbrantner/local/projects/portfolio/surface-defect-classifier/NEU-DET/train/images/patches/patches_20.jpg,0,patches,56,1,115,191,train
/Users/christopherbrantner/local/projects/portfolio/surface-defect-classifier/results/chips/train/patches/patches_200_bb00.png,/Users/christopherbrantner/local/projects/portfolio/surface-defect-classifier/NEU-DET/train/images/patches/patches_200.jpg,0,patches,3,1,73,189,train
/Users/christopherbrantner/local/projects/portfolio/surface-defect-classifier/results/chips/train/patches/patches_200_bb01.png,/Users/christopherbrantner/local/projects/portfolio/surface-defect-classifier/NEU-DET/train/images/patches/patches_200.jpg,1,patches,133,1,200,157,train
/Users/christopherbrantner/local/projects/portfolio/surface-defect-classifier/results/chips/train/patches/patches_201_bb00.png,/Users/christopherbrantner/local/projects/portfolio/surface-defect-classifier/NEU-DET/train/images/patches/patches_201.jpg,0,patches,18,17,170,134,train
/Users/christopherbrantner/local/projects/portfolio/surface-defect-classifier/results/chips/train/patches/patches_201_bb01.png,/Users/christopherbrantner/local/projects/portfolio/surface-defect-classifier/NEU-DET/train/images/patches/patches_201.jpg,1,patches,1,1,50,30,train
/Users/christopherbrantner/local/projects/portfolio/surface-defect-classifier/results/chips/train/patches/patches_201_bb02.png,/Users/christopherbrantner/local/projects/portfolio/surface-defect-classifier/NEU-DET/train/images/patches/patches_201.jpg,2,patches,95,124,155,185,train
/Users/christopherbrantner/local/projects/portfolio/surface-defect-classifier/results/chips/train/inclusion/patches_201_bb03.png,/Users/christopherbrantner/local/projects/portfolio/surface-defect-classifier/NEU-DET/train/images/patches/patches_201.jpg,3,inclusion,63,140,131,197,train
/Users/christopherbrantner/local/projects/portfolio/surface-defect-classifier/results/chips/train/patches/patches_202_bb00.png,/Users/christopherbrantner/local/projects/portfolio/surface-defect-classifier/NEU-DET/train/images/patches/patches_202.jpg,0,patches,30,1,183,89,train
/Users/christopherbrantner/local/projects/portfolio/surface-defect-classifier/results/chips/train/patches/patches_202_bb01.png,/Users/christopherbrantner/local/projects/portfolio/surface-defect-classifier/NEU-DET/train/images/patches/patches_202.jpg,1,patches,20,108,85,199,train
/Users/christopherbrantner/local/projects/portfolio/surface-defect-classifier/results/chips/train/patches/patches_202_bb02.png,/Users/christopherbrantner/local/projects/portfolio/surface-defect-classifier/NEU-DET/train/images/patches/patches_202.jpg,2,patches,145,64,185,153,train
/Users/christopherbrantner/local/projects/portfolio/surface-defect-classifier/results/chips/train/inclusion/patches_202_bb03.png,/Users/christopherbrantner/local/projects/portfolio/surface-defect-classifier/NEU-DET/train/images/patches/patches_202.jpg,3,inclusion,101,121,133,147,train
/Users/christopherbrantner/local/projects/portfolio/surface-defect-classifier/results/chips/train/patches/patches_202_bb04.png,/Users/christopherbrantner/local/projects/portfolio/surface-defect-classifier/NEU-DET/train/images/patches/patches_202.jpg,4,patches,94,158,121,188,train
/Users/christopherbrantner/local/projects/portfolio/surface-defect-classifier/results/chips/train/patches/patches_203_bb00.png,/Users/christopherbrantner/local/projects/portfolio/surface-defect-classifier/NEU-DET/train/images/patches/patches_203.jpg,0,patches,57,127,122,200,train
/Users/christopherbrantner/local/projects/portfolio/surface-defect-classifier/results/chips/train/patches/patches_203_bb01.png,/Users/christopherbrantner/local/projects/portfolio/surface-defect-classifier/NEU-DET/train/images/patches/patches_203.jpg,1,patches,29,1,122,119,train
/Users/christopherbrantner/local/projects/portfolio/surface-defect-classifier/results/chips/train/patches/patches_204_bb00.png,/Users/christopherbrantner/local/projects/portfolio/surface-defect-classifier/NEU-DET/train/images/patches/patches_204.jpg,0,patches,48,1,110,200,train
/Users/christopherbrantner/local/projects/portfolio/surface-defect-classifier/results/chips/train/patches/patches_204_bb01.png,/Users/christopherbrantner/local/projects/portfolio/surface-defect-classifier/NEU-DET/train/images/patches/patches_204.jpg,1,patches,160,14,199,98,train
/Users/christopherbrantner/local/projects/portfolio/surface-defect-classifier/results/chips/train/patches/patches_205_bb00.png,/Users/christopherbrantner/local/projects/portfolio/surface-defect-classifier/NEU-DET/train/images/patches/patches_205.jpg,0,patches,1,1,74,96,train
/Users/christopherbrantner/local/projects/portfolio/surface-defect-classifier/results/chips/train/patches/patches_205_bb01.png,/Users/christopherbrantner/local/projects/portfolio/surface-defect-classifier/NEU-DET/train/images/patches/patches_205.jpg,1,patches,1,103,70,200,train
/Users/christopherbrantner/local/projects/portfolio/surface-defect-classifier/results/chips/train/patches/patches_205_bb02.png,/Users/christopherbrantner/local/projects/portfolio/surface-defect-classifier/NEU-DET/train/images/patches/patches_205.jpg,2,patches,108,58,195,200,train
/Users/christopherbrantner/local/projects/portfolio/surface-defect-classifier/results/chips/train/patches/patches_206_bb00.png,/Users/christopherbrantner/local/projects/portfolio/surface-defect-classifier/NEU-DET/train/images/patches/patches_206.jpg,0,patches,1,1,42,98,train
/Users/christopherbrantner/local/projects/portfolio/surface-defect-classifier/results/chips/train/patches/patches_206_bb01.png,/Users/christopherbrantner/local/projects/portfolio/surface-defect-classifier/NEU-DET/train/images/patches/patches_206.jpg,1,patches,75,97,116,166,train
/Users/christopherbrantner/local/projects/portfolio/surface-defect-classifier/results/chips/train/patches/patches_206_bb02.png,/Users/christopherbrantner/local/projects/portfolio/surface-defect-classifier/NEU-DET/train/images/patches/patches_206.jpg,2,patches,140,1,200,180,train
/Users/christopherbrantner/local/projects/portfolio/surface-defect-classifier/results/chips/train/inclusion/patches_206_bb03.png,/Users/christopherbrantner/local/projects/portfolio/surface-defect-classifier/NEU-DET/train/images/patches/patches_206.jpg,3,inclusion,123,99,141,126,train
/Users/christopherbrantner/local/projects/portfolio/surface-defect-classifier/results/chips/train/patches/patches_207_bb00.png,/Users/christopherbrantner/local/projects/portfolio/surface-defect-classifier/NEU-DET/train/images/patches/patches_207.jpg,0,patches,62,1,131,114,train
/Users/christopherbrantner/local/projects/portfolio/surface-defect-classifier/results/chips/train/patches/patches_207_bb01.png,/Users/christopherbrantner/local/projects/portfolio/surface-defect-classifier/NEU-DET/train/images/patches/patches_207.jpg,1,patches,62,148,140,199,train
/Users/christopherbrantner/local/projects/portfolio/surface-defect-classifier/results/chips/train/patches/patches_208_bb00.png,/Users/christopherbrantner/local/projects/portfolio/surface-defect-classifier/NEU-DET/train/images/patches/patches_208.jpg,0,patches,57,47,143,198,train
/Users/christopherbrantner/local/projects/portfolio/surface-defect-classifier/results/chips/train/patches/patches_208_bb01.png,/Users/christopherbrantner/local/projects/portfolio/surface-defect-classifier/NEU-DET/train/images/patches/patches_208.jpg,1,patches,17,128,64,171,train
/Users/christopherbrantner/local/projects/portfolio/surface-defect-classifier/results/chips/train/patches/patches_209_bb00.png,/Users/christopherbrantner/local/projects/portfolio/surface-defect-classifier/NEU-DET/train/images/patches/patches_209.jpg,0,patches,1,1,86,140,train
/Users/christopherbrantner/local/projects/portfolio/surface-defect-classifier/results/chips/train/patches/patches_209_bb01.png,/Users/christopherbrantner/local/projects/portfolio/surface-defect-classifier/NEU-DET/train/images/patches/patches_209.jpg,1,patches,28,149,129,199,train
/Users/christopherbrantner/local/projects/portfolio/surface-defect-classifier/results/chips/train/patches/patches_209_bb02.png,/Users/christopherbrantner/local/projects/portfolio/surface-defect-classifier/NEU-DET/train/images/patches/patches_209.jpg,2,patches,89,1,180,144,train
/Users/christopherbrantner/local/projects/portfolio/surface-defect-classifier/results/chips/train/patches/patches_21_bb00.png,/Users/christopherbrantner/local/projects/portfolio/surface-defect-classifier/NEU-DET/train/images/patches/patches_21.jpg,0,patches,32,1,109,180,train
/Users/christopherbrantner/local/projects/portfolio/surface-defect-classifier/results/chips/train/patches/patches_21_bb01.png,/Users/christopherbrantner/local/projects/portfolio/surface-defect-classifier/NEU-DET/train/images/patches/patches_21.jpg,1,patches,119,1,190,199,train
/Users/christopherbrantner/local/projects/portfolio/surface-defect-classifier/results/chips/train/patches/patches_210_bb00.png,/Users/christopherbrantner/local/projects/portfolio/surface-defect-classifier/NEU-DET/train/images/patches/patches_210.jpg,0,patches,1,1,59,200,train
/Users/christopherbrantner/local/projects/portfolio/surface-defect-classifier/results/chips/train/patches/patches_210_bb01.png,/Users/christopherbrantner/local/projects/portfolio/surface-defect-classifier/NEU-DET/train/images/patches/patches_210.jpg,1,patches,61,1,200,191,train
/Users/christopherbrantner/local/projects/portfolio/surface-defect-classifier/results/chips/train/inclusion/patches_210_bb02.png,/Users/christopherbrantner/local/projects/portfolio/surface-defect-classifier/NEU-DET/train/images/patches/patches_210.jpg,2,inclusion,109,149,147,188,train
/Users/christopherbrantner/local/projects/portfolio/surface-defect-classifier/results/chips/train/patches/patches_211_bb00.png,/Users/christopherbrantner/local/projects/portfolio/surface-defect-classifier/NEU-DET/train/images/patches/patches_211.jpg,0,patches,54,1,103,154,train
/Users/christopherbrantner/local/projects/portfolio/surface-defect-classifier/results/chips/train/patches/patches_211_bb01.png,/Users/christopherbrantner/local/projects/portfolio/surface-defect-classifier/NEU-DET/train/images/patches/patches_211.jpg,1,patches,95,61,185,197,train
/Users/christopherbrantner/local/projects/portfolio/surface-defect-classifier/results/chips/train/patches/patches_211_bb02.png,/Users/christopherbrantner/local/projects/portfolio/surface-defect-classifier/NEU-DET/train/images/patches/patches_211.jpg,2,patches,2,1,44,16,train
/Users/christopherbrantner/local/projects/portfolio/surface-defect-classifier/results/chips/train/patches/patches_211_bb03.png,/Users/christopherbrantner/local/projects/portfolio/surface-defect-classifier/NEU-DET/train/images/patches/patches_211.jpg,3,patches,54,129,99,200,train
/Users/christopherbrantner/local/projects/portfolio/surface-defect-classifier/results/chips/train/inclusion/patches_211_bb04.png,/Users/christopherbrantner/local/projects/portfolio/surface-defect-classifier/NEU-DET/train/images/patches/patches_211.jpg,4,inclusion,147,25,184,77,train
/Users/christopherbrantner/local/projects/portfolio/surface-defect-classifier/results/chips/train/patches/patches_212_bb00.png,/Users/christopherbrantner/local/projects/portfolio/surface-defect-classifier/NEU-DET/train/images/patches/patches_212.jpg,0,patches,1,76,36,199,train
/Users/christopherbrantner/local/projects/portfolio/surface-defect-classifier/results/chips/train/patches/patches_212_bb01.png,/Users/christopherbrantner/local/projects/portfolio/surface-defect-classifier/NEU-DET/train/images/patches/patches_212.jpg,1,patches,19,1,114,136,train
/Users/christopherbrantner/local/projects/portfolio/surface-defect-classifier/results/chips/train/patches/patches_212_bb02.png,/Users/christopherbrantner/local/projects/portfolio/surface-defect-classifier/NEU-DET/train/images/patches/patches_212.jpg,2,patches,121,72,166,195,train
/Users/christopherbrantner/local/projects/portfolio/surface-defect-classifier/results/chips/train/patches/patches_212_bb03.png,/Users/christopherbrantner/local/projects/portfolio/surface-defect-classifier/NEU-DET/train/images/patches/patches_212.jpg,3,patches,117,1,173,26,train
/Users/christopherbrantner/local/projects/portfolio/surface-defect-classifier/results/chips/train/patches/patches_213_bb00.png,/Users/christopherbrantner/local/projects/portfolio/surface-defect-classifier/NEU-DET/train/images/patches/patches_213.jpg,0,patches,104,1,165,112,train
/Users/christopherbrantner/local/projects/portfolio/surface-defect-classifier/results/chips/train/patches/patches_213_bb01.png,/Users/christopherbrantner/local/projects/portfolio/surface-defect-classifier/NEU-DET/train/images/patches/patches_213.jpg,1,patches,16,1,65,64,train
/Users/christopherbrantner/local/projects/portfolio/surface-defect-classifier/results/chips/train/patches/patches_214_bb00.png,/Users/christopherbrantner/local/projects/portfolio/surface-defect-classifier/NEU-DET/train/images/patches/patches_214.jpg,0,patches,48,83,119,178,train
/Users/christopherbrantner/local/projects/portfolio/surface-defect-classifier/results/chips/train/patches/patches_214_bb01.png,/Users/christopherbrantner/local/projects/portfolio/surface-defect-classifier/NEU-DET/train/images/patches/patches_214.jpg,1,patches,99,56,183,127,train
/Users/christopherbrantner/local/projects/portfolio/surface-defect-classifier/results/chips/train/patches/patches_215_bb00.png,/Users/christopherbrantner/local/projects/portfolio/surface-defect-classifier/NEU-DET/train/images/patches/patches_215.jpg,0,patches,7,1,85,109,train
/Users/christopherbrantner/local/projects/portfolio/surface-defect-classifier/results/chips/train/patches/patches_215_bb01.png,/Users/christopherbrantner/local/projects/portfolio/surface-defect-classifier/NEU-DET/train/images/patches/patches_215.jpg,1,patches,125,1,196,131,train
/Users/christopherbrantner/local/projects/portfolio/surface-defect-classifier/results/chips/train/patches/patches_215_bb02.png,/Users/christopherbrantner/local/projects/portfolio/surface-defect-classifier/NEU-DET/train/images/patches/patches_215.jpg,2,patches,1,87,67,193,train
/Users/christopherbrantner/local/projects/portfolio/surface-defect-classifier/results/chips/train/patches/patches_215_bb03.png,/Users/christopherbrantner/local/projects/portfolio/surface-defect-classifier/NEU-DET/train/images/patches/patches_215.jpg,3,patches,60,65,133,200,train
/Users/christopherbrantner/local/projects/portfolio/surface-defect-classifier/results/chips/train/patches/patches_215_bb04.png,/Users/christopherbrantner/local/projects/portfolio/surface-defect-classifier/NEU-DET/train/images/patches/patches_215.jpg,4,patches,135,136,197,200,train
/Users/christopherbrantner/local/projects/portfolio/surface-defect-classifier/results/chips/train/patches/patches_216_bb00.png,/Users/christopherbrantner/local/projects/portfolio/surface-defect-classifier/NEU-DET/train/images/patches/patches_216.jpg,0,patches,61,1,97,28,train
/Users/christopherbrantner/local/projects/portfolio/surface-defect-classifier/results/chips/train/patches/patches_216_bb01.png,/Users/christopherbrantner/local/projects/portfolio/surface-defect-classifier/NEU-DET/train/images/patches/patches_216.jpg,1,patches,113,1,168,67,train
/Users/christopherbrantner/local/projects/portfolio/surface-defect-classifier/results/chips/train/patches/patches_216_bb02.png,/Users/christopherbrantner/local/projects/portfolio/surface-defect-classifier/NEU-DET/train/images/patches/patches_216.jpg,2,patches,22,96,167,164,train
/Users/christopherbrantner/local/projects/portfolio/surface-defect-classifier/results/chips/train/patches/patches_216_bb03.png,/Users/christopherbrantner/local/projects/portfolio/surface-defect-classifier/NEU-DET/train/images/patches/patches_216.jpg,3,patches,118,168,158,199,train
/Users/christopherbrantner/local/projects/portfolio/surface-defect-classifier/results/chips/train/patches/patches_216_bb04.png,/Users/christopherbrantner/local/projects/portfolio/surface-defect-classifier/NEU-DET/train/images/patches/patches_216.jpg,4,patches,14,122,62,199,train
/Users/christopherbrantner/local/projects/portfolio/surface-defect-classifier/results/chips/train/patches/patches_216_bb05.png,/Users/christopherbrantner/local/projects/portfolio/surface-defect-classifier/NEU-DET/train/images/patches/patches_216.jpg,5,patches,177,1,200,30,train
/Users/christopherbrantner/local/projects/portfolio/surface-defect-classifier/results/chips/train/patches/patches_217_bb00.png,/Users/christopherbrantner/local/projects/portfolio/surface-defect-classifier/NEU-DET/train/images/patches/patches_217.jpg,0,patches,2,1,49,66,train
/Users/christopherbrantner/local/projects/portfolio/surface-defect-classifier/results/chips/train/patches/patches_217_bb01.png,/Users/christopherbrantner/local/projects/portfolio/surface-defect-classifier/NEU-DET/train/images/patches/patches_217.jpg,1,patches,1,167,32,200,train
/Users/christopherbrantner/local/projects/portfolio/surface-defect-classifier/results/chips/train/patches/patches_217_bb02.png,/Users/christopherbrantner/local/projects/portfolio/surface-defect-classifier/NEU-DET/train/images/patches/patches_217.jpg,2,patches,1,95,46,169,train
/Users/christopherbrantner/local/projects/portfolio/surface-defect-classifier/results/chips/train/patches/patches_217_bb03.png,/Users/christopherbrantner/local/projects/portfolio/surface-defect-classifier/NEU-DET/train/images/patches/patches_217.jpg,3,patches,70,88,163,198,train
/Users/christopherbrantner/local/projects/portfolio/surface-defect-classifier/results/chips/train/patches/patches_217_bb04.png,/Users/christopherbrantner/local/projects/portfolio/surface-defect-classifier/NEU-DET/train/images/patches/patches_217.jpg,4,patches,107,1,196,104,train
/Users/christopherbrantner/local/projects/portfolio/surface-defect-classifier/results/chips/train/patches/patches_217_bb05.png,/Users/christopherbrantner/local/projects/portfolio/surface-defect-classifier/NEU-DET/train/images/patches/patches_217.jpg,5,patches,55,1,103,33,train
/Users/christopherbrantner/local/projects/portfolio/surface-defect-classifier/results/chips/train/patches/patches_218_bb00.png,/Users/christopherbrantner/local/projects/portfolio/surface-defect-classifier/NEU-DET/train/images/patches/patches_218.jpg,0,patches,1,73,76,134,train
/Users/christopherbrantner/local/projects/portfolio/surface-defect-classifier/results/chips/train/patches/patches_218_bb01.png,/Users/christopherbrantner/local/projects/portfolio/surface-defect-classifier/NEU-DET/train/images/patches/patches_218.jpg,1,patches,1,133,83,196,train
/Users/christopherbrantner/local/projects/portfolio/surface-defect-classifier/results/chips/train/patches/patches_218_bb02.png,/Users/christopherbrantner/local/projects/portfolio/surface-defect-classifier/NEU-DET/train/images/patches/patches_218.jpg,2,patches,98,2,193,196,train
/Users/christopherbrantner/local/projects/portfolio/surface-defect-classifier/results/chips/train/patches/patches_218_bb03.png,/Users/christopherbrantner/local/projects/portfolio/surface-defect-classifier/NEU-DET/train/images/patches/patches_218.jpg,3,patches,1,1,42,48,train
/Users/christopherbrantner/local/projects/portfolio/surface-defect-classifier/results/chips/train/patches/patches_219_bb00.png,/Users/christopherbrantner/local/projects/portfolio/surface-defect-classifier/NEU-DET/train/images/patches/patches_219.jpg,0,patches,46,96,122,200,train
/Users/christopherbrantner/local/projects/portfolio/surface-defect-classifier/results/chips/train/patches/patches_22_bb00.png,/Users/christopherbrantner/local/projects/portfolio/surface-defect-classifier/NEU-DET/train/images/patches/patches_22.jpg,0,patches,10,148,57,200,train
/Users/christopherbrantner/local/projects/portfolio/surface-defect-classifier/results/chips/train/patches/patches_22_bb01.png,/Users/christopherbrantner/local/projects/portfolio/surface-defect-classifier/NEU-DET/train/images/patches/patches_22.jpg,1,patches,109,1,179,200,train
/Users/christopherbrantner/local/projects/portfolio/surface-defect-classifier/results/chips/train/patches/patches_220_bb00.png,/Users/christopherbrantner/local/projects/portfolio/surface-defect-classifier/NEU-DET/train/images/patches/patches_220.jpg,0,patches,1,151,39,200,train
/Users/christopherbrantner/local/projects/portfolio/surface-defect-classifier/results/chips/train/patches/patches_220_bb01.png,/Users/christopherbrantner/local/projects/portfolio/surface-defect-classifier/NEU-DET/train/images/patches/patches_220.jpg,1,patches,3,16,103,145,train
/Users/christopherbrantner/local/projects/portfolio/surface-defect-classifier/results/chips/train/patches/patches_220_bb02.png,/Users/christopherbrantner/local/projects/portfolio/surface-defect-classifier/NEU-DET/train/images/patches/patches_220.jpg,2,patches,92,9,197,82,train
/Users/christopherbrantner/local/projects/portfolio/surface-defect-classifier/results/chips/train/patches/patches_220_bb03.png,/Users/christopherbrantner/local/projects/portfolio/surface-defect-classifier/NEU-DET/train/images/patches/patches_220.jpg,3,patches,91,77,170,198,train
/Users/christopherbrantner/local/projects/portfolio/surface-defect-classifier/results/chips/train/patches/patches_221_bb00.png,/Users/christopherbrantner/local/projects/portfolio/surface-defect-classifier/NEU-DET/train/images/patches/patches_221.jpg,0,patches,1,18,49,71,train
/Users/christopherbrantner/local/projects/portfolio/surface-defect-classifier/results/chips/train/patches/patches_221_bb01.png,/Users/christopherbrantner/local/projects/portfolio/surface-defect-classifier/NEU-DET/train/images/patches/patches_221.jpg,1,patches,85,33,176,199,train
/Users/christopherbrantner/local/projects/portfolio/surface-defect-classifier/results/chips/train/patches/patches_221_bb02.png,/Users/christopherbrantner/local/projects/portfolio/surface-defect-classifier/NEU-DET/train/images/patches/patches_221.jpg,2,patches,47,1,166,53,train
/Users/christopherbrantner/local/projects/portfolio/surface-defect-classifier/results/chips/train/patches/patches_222_bb00.png,/Users/christopherbrantner/local/projects/portfolio/surface-defect-classifier/NEU-DET/train/images/patches/patches_222.jpg,0,patches,99,1,181,200,train
/Users/christopherbrantner/local/projects/portfolio/surface-defect-classifier/results/chips/train/patches/patches_222_bb01.png,/Users/christopherbrantner/local/projects/portfolio/surface-defect-classifier/NEU-DET/train/images/patches/patches_222.jpg,1,patches,61,125,110,200,train
/Users/christopherbrantner/local/projects/portfolio/surface-defect-classifier/results/chips/train/patches/patches_222_bb02.png,/Users/christopherbrantner/local/projects/portfolio/surface-defect-classifier/NEU-DET/train/images/patches/patches_222.jpg,2,patches,60,91,96,129,train
/Users/christopherbrantner/local/projects/portfolio/surface-defect-classifier/results/chips/train/patches/patches_223_bb00.png,/Users/christopherbrantner/local/projects/portfolio/surface-defect-classifier/NEU-DET/train/images/patches/patches_223.jpg,0,patches,1,53,75,196,train
/Users/christopherbrantner/local/projects/portfolio/surface-defect-classifier/results/chips/train/patches/patches_223_bb01.png,/Users/christopherbrantner/local/projects/portfolio/surface-defect-classifier/NEU-DET/train/images/patches/patches_223.jpg,1,patches,86,1,159,45,train
/Users/christopherbrantner/local/projects/portfolio/surface-defect-classifier/results/chips/train/patches/patches_223_bb02.png,/Users/christopherbrantner/local/projects/portfolio/surface-defect-classifier/NEU-DET/train/images/patches/patches_223.jpg,2,patches,118,19,160,189,train
/Users/christopherbrantner/local/projects/portfolio/surface-defect-classifier/results/chips/train/patches/patches_224_bb00.png,/Users/christopherbrantner/local/projects/portfolio/surface-defect-classifier/NEU-DET/train/images/patches/patches_224.jpg,0,patches,97,50,189,188,train
/Users/christopherbrantner/local/projects/portfolio/surface-defect-classifier/results/chips/train/patches/patches_224_bb01.png,/Users/christopherbrantner/local/projects/portfolio/surface-defect-classifier/NEU-DET/train/images/patches/patches_224.jpg,1,patches,106,8,153,56,train
/Users/christopherbrantner/local/projects/portfolio/surface-defect-classifier/results/chips/train/patches/patches_224_bb02.png,/Users/christopherbrantner/local/projects/portfolio/surface-defect-classifier/NEU-DET/train/images/patches/patches_224.jpg,2,patches,1,1,64,198,train
/Users/christopherbrantner/local/projects/portfolio/surface-defect-classifier/results/chips/train/patches/patches_224_bb03.png,/Users/christopherbrantner/local/projects/portfolio/surface-defect-classifier/NEU-DET/train/images/patches/patches_224.jpg,3,patches,71,164,160,199,train
/Users/christopherbrantner/local/projects/portfolio/surface-defect-classifier/results/chips/train/patches/patches_225_bb00.png,/Users/christopherbrantner/local/projects/portfolio/surface-defect-classifier/NEU-DET/train/images/patches/patches_225.jpg,0,patches,73,46,145,157,train
/Users/christopherbrantner/local/projects/portfolio/surface-defect-classifier/results/chips/train/patches/patches_226_bb00.png,/Users/christopherbrantner/local/projects/portfolio/surface-defect-classifier/NEU-DET/train/images/patches/patches_226.jpg,0,patches,31,80,81,164,train
/Users/christopherbrantner/local/projects/portfolio/surface-defect-classifier/results/chips/train/patches/patches_226_bb01.png,/Users/christopherbrantner/local/projects/portfolio/surface-defect-classifier/NEU-DET/train/images/patches/patches_226.jpg,1,patches,115,24,192,96,train
/Users/christopherbrantner/local/projects/portfolio/surface-defect-classifier/results/chips/train/patches/patches_227_bb00.png,/Users/christopherbrantner/local/projects/portfolio/surface-defect-classifier/NEU-DET/train/images/patches/patches_227.jpg,0,patches,1,66,84,193,train
/Users/christopherbrantner/local/projects/portfolio/surface-defect-classifier/results/chips/train/patches/patches_227_bb01.png,/Users/christopherbrantner/local/projects/portfolio/surface-defect-classifier/NEU-DET/train/images/patches/patches_227.jpg,1,patches,93,101,160,149,train
/Users/christopherbrantner/local/projects/portfolio/surface-defect-classifier/results/chips/train/patches/patches_227_bb02.png,/Users/christopherbrantner/local/projects/portfolio/surface-defect-classifier/NEU-DET/train/images/patches/patches_227.jpg,2,patches,98,1,163,94,train
/Users/christopherbrantner/local/projects/portfolio/surface-defect-classifier/results/chips/train/patches/patches_227_bb03.png,/Users/christopherbrantner/local/projects/portfolio/surface-defect-classifier/NEU-DET/train/images/patches/patches_227.jpg,3,patches,7,1,101,29,train
/Users/christopherbrantner/local/projects/portfolio/surface-defect-classifier/results/chips/train/inclusion/patches_227_bb04.png,/Users/christopherbrantner/local/projects/portfolio/surface-defect-classifier/NEU-DET/train/images/patches/patches_227.jpg,4,inclusion,166,164,194,188,train
/Users/christopherbrantner/local/projects/portfolio/surface-defect-classifier/results/chips/train/patches/patches_228_bb00.png,/Users/christopherbrantner/local/projects/portfolio/surface-defect-classifier/NEU-DET/train/images/patches/patches_228.jpg,0,patches,13,110,70,176,train
/Users/christopherbrantner/local/projects/portfolio/surface-defect-classifier/results/chips/train/patches/patches_228_bb01.png,/Users/christopherbrantner/local/projects/portfolio/surface-defect-classifier/NEU-DET/train/images/patches/patches_228.jpg,1,patches,79,12,160,198,train
/Users/christopherbrantner/local/projects/portfolio/surface-defect-classifier/results/chips/train/patches/patches_229_bb00.png,/Users/christopherbrantner/local/projects/portfolio/surface-defect-classifier/NEU-DET/train/images/patches/patches_229.jpg,0,patches,70,6,166,190,train
/Users/christopherbrantner/local/projects/portfolio/surface-defect-classifier/results/chips/train/patches/patches_229_bb01.png,/Users/christopherbrantner/local/projects/portfolio/surface-defect-classifier/NEU-DET/train/images/patches/patches_229.jpg,1,patches,1,1,61,29,train
/Users/christopherbrantner/local/projects/portfolio/surface-defect-classifier/results/chips/train/patches/patches_229_bb02.png,/Users/christopherbrantner/local/projects/portfolio/surface-defect-classifier/NEU-DET/train/images/patches/patches_229.jpg,2,patches,175,134,200,200,train
/Users/christopherbrantner/local/projects/portfolio/surface-defect-classifier/results/chips/train/patches/patches_23_bb00.png,/Users/christopherbrantner/local/projects/portfolio/surface-defect-classifier/NEU-DET/train/images/patches/patches_23.jpg,0,patches,90,1,157,198,train
/Users/christopherbrantner/local/projects/portfolio/surface-defect-classifier/results/chips/train/patches/patches_230_bb00.png,/Users/christopherbrantner/local/projects/portfolio/surface-defect-classifier/NEU-DET/train/images/patches/patches_230.jpg,0,patches,56,1,151,198,train
/Users/christopherbrantner/local/projects/portfolio/surface-defect-classifier/results/chips/train/patches/patches_230_bb01.png,/Users/christopherbrantner/local/projects/portfolio/surface-defect-classifier/NEU-DET/train/images/patches/patches_230.jpg,1,patches,1,139,25,200,train
/Users/christopherbrantner/local/projects/portfolio/surface-defect-classifier/results/chips/train/patches/patches_230_bb02.png,/Users/christopherbrantner/local/projects/portfolio/surface-defect-classifier/NEU-DET/train/images/patches/patches_230.jpg,2,patches,1,24,25,97,train
/Users/christopherbrantner/local/projects/portfolio/surface-defect-classifier/results/chips/train/patches/patches_230_bb03.png,/Users/christopherbrantner/local/projects/portfolio/surface-defect-classifier/NEU-DET/train/images/patches/patches_230.jpg,3,patches,123,148,159,200,train
/Users/christopherbrantner/local/projects/portfolio/surface-defect-classifier/results/chips/train/inclusion/patches_230_bb04.png,/Users/christopherbrantner/local/projects/portfolio/surface-defect-classifier/NEU-DET/train/images/patches/patches_230.jpg,4,inclusion,146,53,177,109,train
/Users/christopherbrantner/local/projects/portfolio/surface-defect-classifier/results/chips/train/patches/patches_231_bb00.png,/Users/christopherbrantner/local/projects/portfolio/surface-defect-classifier/NEU-DET/train/images/patches/patches_231.jpg,0,patches,1,1,63,69,train
/Users/christopherbrantner/local/projects/portfolio/surface-defect-classifier/results/chips/train/patches/patches_231_bb01.png,/Users/christopherbrantner/local/projects/portfolio/surface-defect-classifier/NEU-DET/train/images/patches/patches_231.jpg,1,patches,64,1,149,130,train
/Users/christopherbrantner/local/projects/portfolio/surface-defect-classifier/results/chips/train/patches/patches_231_bb02.png,/Users/christopherbrantner/local/projects/portfolio/surface-defect-classifier/NEU-DET/train/images/patches/patches_231.jpg,2,patches,65,143,124,185,train
/Users/christopherbrantner/local/projects/portfolio/surface-defect-classifier/results/chips/train/patches/patches_231_bb03.png,/Users/christopherbrantner/local/projects/portfolio/surface-defect-classifier/NEU-DET/train/images/patches/patches_231.jpg,3,patches,1,115,44,200,train
/Users/christopherbrantner/local/projects/portfolio/surface-defect-classifier/results/chips/train/patches/patches_231_bb04.png,/Users/christopherbrantner/local/projects/portfolio/surface-defect-classifier/NEU-DET/train/images/patches/patches_231.jpg,4,patches,179,127,200,160,train
/Users/christopherbrantner/local/projects/portfolio/surface-defect-classifier/results/chips/train/patches/patches_231_bb05.png,/Users/christopherbrantner/local/projects/portfolio/surface-defect-classifier/NEU-DET/train/images/patches/patches_231.jpg,5,patches,83,1,161,37,train
/Users/christopherbrantner/local/projects/portfolio/surface-defect-classifier/results/chips/train/patches/patches_232_bb00.png,/Users/christopherbrantner/local/projects/portfolio/surface-defect-classifier/NEU-DET/train/images/patches/patches_232.jpg,0,patches,14,41,63,80,train
/Users/christopherbrantner/local/projects/portfolio/surface-defect-classifier/results/chips/train/patches/patches_232_bb01.png,/Users/christopherbrantner/local/projects/portfolio/surface-defect-classifier/NEU-DET/train/images/patches/patches_232.jpg,1,patches,103,12,146,80,train
/Users/christopherbrantner/local/projects/portfolio/surface-defect-classifier/results/chips/train/patches/patches_232_bb02.png,/Users/christopherbrantner/local/projects/portfolio/surface-defect-classifier/NEU-DET/train/images/patches/patches_232.jpg,2,patches,37,163,85,199,train
/Users/christopherbrantner/local/projects/portfolio/surface-defect-classifier/results/chips/train/patches/patches_232_bb03.png,/Users/christopherbrantner/local/projects/portfolio/surface-defect-classifier/NEU-DET/train/images/patches/patches_232.jpg,3,patches,113,66,185,115,train
/Users/christopherbrantner/local/projects/portfolio/surface-defect-classifier/results/chips/train/patches/patches_232_bb04.png,/Users/christopherbrantner/local/projects/portfolio/surface-defect-classifier/NEU-DET/train/images/patches/patches_232.jpg,4,patches,1,1,40,25,train
/Users/christopherbrantner/local/projects/portfolio/surface-defect-classifier/results/chips/train/patches/patches_232_bb05.png,/Users/christopherbrantner/local/projects/portfolio/surface-defect-classifier/NEU-DET/train/images/patches/patches_232.jpg,5,patches,71,130,141,169,train
/Users/christopherbrantner/local/projects/portfolio/surface-defect-classifier/results/chips/train/patches/patches_233_bb00.png,/Users/christopherbrantner/local/projects/portfolio/surface-defect-classifier/NEU-DET/train/images/patches/patches_233.jpg,0,patches,68,12,169,153,train
/Users/christopherbrantner/local/projects/portfolio/surface-defect-classifier/results/chips/train/patches/patches_233_bb01.png,/Users/christopherbrantner/local/projects/portfolio/surface-defect-classifier/NEU-DET/train/images/patches/patches_233.jpg,1,patches,26,127,111,186,train
/Users/christopherbrantner/local/projects/portfolio/surface-defect-classifier/results/chips/train/patches/patches_234_bb00.png,/Users/christopherbrantner/local/projects/portfolio/surface-defect-classifier/NEU-DET/train/images/patches/patches_234.jpg,0,patches,9,1,80,94,train
/Users/christopherbrantner/local/projects/portfolio/surface-defect-classifier/results/chips/train/patches/patches_234_bb01.png,/Users/christopherbrantner/local/projects/portfolio/surface-defect-classifier/NEU-DET/train/images/patches/patches_234.jpg,1,patches,15,107,83,146,train
/Users/christopherbrantner/local/projects/portfolio/surface-defect-classifier/results/chips/train/patches/patches_234_bb02.png,/Users/christopherbrantner/local/projects/portfolio/surface-defect-classifier/NEU-DET/train/images/patches/patches_234.jpg,2,patches,126,72,189,121,train
/Users/christopherbrantner/local/projects/portfolio/surface-defect-classifier/results/chips/train/patches/patches_234_bb03.png,/Users/christopherbrantner/local/projects/portfolio/surface-defect-classifier/NEU-DET/train/images/patches/patches_234.jpg,3,patches,12,157,75,199,train
/Users/christopherbrantner/local/projects/portfolio/surface-defect-classifier/results/chips/train/patches/patches_235_bb00.png,/Users/christopherbrantner/local/projects/portfolio/surface-defect-classifier/NEU-DET/train/images/patches/patches_235.jpg,0,patches,12,71,68,123,train
/Users/christopherbrantner/local/projects/portfolio/surface-defect-classifier/results/chips/train/patches/patches_235_bb01.png,/Users/christopherbrantner/local/projects/portfolio/surface-defect-classifier/NEU-DET/train/images/patches/patches_235.jpg,1,patches,107,1,177,140,train
/Users/christopherbrantner/local/projects/portfolio/surface-defect-classifier/results/chips/train/patches/patches_235_bb02.png,/Users/christopherbrantner/local/projects/portfolio/surface-defect-classifier/NEU-DET/train/images/patches/patches_235.jpg,2,patches,91,128,179,200,train
/Users/christopherbrantner/local/projects/portfolio/surface-defect-classifier/results/chips/train/patches/patches_236_bb00.png,/Users/christopherbrantner/local/projects/portfolio/surface-defect-classifier/NEU-DET/train/images/patches/patches_236.jpg,0,patches,3,76,79,192,train
/Users/christopherbrantner/local/projects/portfolio/surface-defect-classifier/results/chips/train/patches/patches_236_bb01.png,/Users/christopherbrantner/local/projects/portfolio/surface-defect-classifier/NEU-DET/train/images/patches/patches_236.jpg,1,patches,124,79,192,195,train
/Users/christopherbrantner/local/projects/portfolio/surface-defect-classifier/results/chips/train/patches/patches_236_bb02.png,/Users/christopherbrantner/local/projects/portfolio/surface-defect-classifier/NEU-DET/train/images/patches/patches_236.jpg,2,patches,132,1,190,86,train
/Users/christopherbrantner/local/projects/portfolio/surface-defect-classifier/results/chips/train/patches/patches_237_bb00.png,/Users/christopherbrantner/local/projects/portfolio/surface-defect-classifier/NEU-DET/train/images/patches/patches_237.jpg,0,patches,4,18,73,146,train
/Users/christopherbrantner/local/projects/portfolio/surface-defect-classifier/results/chips/train/patches/patches_237_bb01.png,/Users/christopherbrantner/local/projects/portfolio/surface-defect-classifier/NEU-DET/train/images/patches/patches_237.jpg,1,patches,1,149,74,200,train
/Users/christopherbrantner/local/projects/portfolio/surface-defect-classifier/results/chips/train/patches/patches_237_bb02.png,/Users/christopherbrantner/local/projects/portfolio/surface-defect-classifier/NEU-DET/train/images/patches/patches_237.jpg,2,patches,106,8,177,196,train
/Users/christopherbrantner/local/projects/portfolio/surface-defect-classifier/results/chips/train/patches/patches_238_bb00.png,/Users/christopherbrantner/local/projects/portfolio/surface-defect-classifier/NEU-DET/train/images/patches/patches_238.jpg,0,patches,61,62,122,151,train
/Users/christopherbrantner/local/projects/portfolio/surface-defect-classifier/results/chips/train/patches/patches_238_bb01.png,/Users/christopherbrantner/local/projects/portfolio/surface-defect-classifier/NEU-DET/train/images/patches/patches_238.jpg,1,patches,51,1,124,52,train
/Users/christopherbrantner/local/projects/portfolio/surface-defect-classifier/results/chips/train/patches/patches_239_bb00.png,/Users/christopherbrantner/local/projects/portfolio/surface-defect-classifier/NEU-DET/train/images/patches/patches_239.jpg,0,patches,97,32,162,142,train
/Users/christopherbrantner/local/projects/portfolio/surface-defect-classifier/results/chips/train/patches/patches_239_bb01.png,/Users/christopherbrantner/local/projects/portfolio/surface-defect-classifier/NEU-DET/train/images/patches/patches_239.jpg,1,patches,20,118,72,153,train
/Users/christopherbrantner/local/projects/portfolio/surface-defect-classifier/results/chips/train/patches/patches_24_bb00.png,/Users/christopherbrantner/local/projects/portfolio/surface-defect-classifier/NEU-DET/train/images/patches/patches_24.jpg,0,patches,1,14,37,200,train
/Users/christopherbrantner/local/projects/portfolio/surface-defect-classifier/results/chips/train/patches/patches_24_bb01.png,/Users/christopherbrantner/local/projects/portfolio/surface-defect-classifier/NEU-DET/train/images/patches/patches_24.jpg,1,patches,135,10,185,76,train
/Users/christopherbrantner/local/projects/portfolio/surface-defect-classifier/results/chips/train/patches/patches_24_bb02.png,/Users/christopherbrantner/local/projects/portfolio/surface-defect-classifier/NEU-DET/train/images/patches/patches_24.jpg,2,patches,155,96,198,142,train
/Users/christopherbrantner/local/projects/portfolio/surface-defect-classifier/results/chips/train/patches/patches_240_bb00.png,/Users/christopherbrantner/local/projects/portfolio/surface-defect-classifier/NEU-DET/train/images/patches/patches_240.jpg,0,patches,120,126,192,187,train
/Users/christopherbrantner/local/projects/portfolio/surface-defect-classifier/results/chips/train/patches/patches_25_bb00.png,/Users/christopherbrantner/local/projects/portfolio/surface-defect-classifier/NEU-DET/train/images/patches/patches_25.jpg,0,patches,8,1,104,37,train
/Users/christopherbrantner/local/projects/portfolio/surface-defect-classifier/results/chips/train/patches/patches_25_bb01.png,/Users/christopherbrantner/local/projects/portfolio/surface-defect-classifier/NEU-DET/train/images/patches/patches_25.jpg,1,patches,103,1,168,63,train
/Users/christopherbrantner/local/projects/portfolio/surface-defect-classifier/results/chips/train/patches/patches_25_bb02.png,/Users/christopherbrantner/local/projects/portfolio/surface-defect-classifier/NEU-DET/train/images/patches/patches_25.jpg,2,patches,112,66,198,196,train
/Users/christopherbrantner/local/projects/portfolio/surface-defect-classifier/results/chips/train/patches/patches_25_bb03.png,/Users/christopherbrantner/local/projects/portfolio/surface-defect-classifier/NEU-DET/train/images/patches/patches_25.jpg,3,patches,36,128,71,162,train
/Users/christopherbrantner/local/projects/portfolio/surface-defect-classifier/results/chips/train/patches/patches_26_bb00.png,/Users/christopherbrantner/local/projects/portfolio/surface-defect-classifier/NEU-DET/train/images/patches/patches_26.jpg,0,patches,80,11,189,143,train
/Users/christopherbrantner/local/projects/portfolio/surface-defect-classifier/results/chips/train/patches/patches_26_bb01.png,/Users/christopherbrantner/local/projects/portfolio/surface-defect-classifier/NEU-DET/train/images/patches/patches_26.jpg,1,patches,136,153,185,195,train
/Users/christopherbrantner/local/projects/portfolio/surface-defect-classifier/results/chips/train/patches/patches_26_bb02.png,/Users/christopherbrantner/local/projects/portfolio/surface-defect-classifier/NEU-DET/train/images/patches/patches_26.jpg,2,patches,1,132,51,200,train
/Users/christopherbrantner/local/projects/portfolio/surface-defect-classifier/results/chips/train/patches/patches_26_bb03.png,/Users/christopherbrantner/local/projects/portfolio/surface-defect-classifier/NEU-DET/train/images/patches/patches_26.jpg,3,patches,2,3,70,129,train
/Users/christopherbrantner/local/projects/portfolio/surface-defect-classifier/results/chips/train/patches/patches_27_bb00.png,/Users/christopherbrantner/local/projects/portfolio/surface-defect-classifier/NEU-DET/train/images/patches/patches_27.jpg,0,patches,12,46,116,152,train
/Users/christopherbrantner/local/projects/portfolio/surface-defect-classifier/results/chips/train/patches/patches_27_bb01.png,/Users/christopherbrantner/local/projects/portfolio/surface-defect-classifier/NEU-DET/train/images/patches/patches_27.jpg,1,patches,136,74,198,122,train
/Users/christopherbrantner/local/projects/portfolio/surface-defect-classifier/results/chips/train/patches/patches_27_bb02.png,/Users/christopherbrantner/local/projects/portfolio/surface-defect-classifier/NEU-DET/train/images/patches/patches_27.jpg,2,patches,58,10,105,49,train
/Users/christopherbrantner/local/projects/portfolio/surface-defect-classifier/results/chips/train/patches/patches_28_bb00.png,/Users/christopherbrantner/local/projects/portfolio/surface-defect-classifier/NEU-DET/train/images/patches/patches_28.jpg,0,patches,7,91,89,200,train
/Users/christopherbrantner/local/projects/portfolio/surface-defect-classifier/results/chips/train/patches/patches_28_bb01.png,/Users/christopherbrantner/local/projects/portfolio/surface-defect-classifier/NEU-DET/train/images/patches/patches_28.jpg,1,patches,113,141,195,199,train
/Users/christopherbrantner/local/projects/portfolio/surface-defect-classifier/results/chips/train/patches/patches_28_bb02.png,/Users/christopherbrantner/local/projects/portfolio/surface-defect-classifier/NEU-DET/train/images/patches/patches_28.jpg,2,patches,25,1,84,54,train
/Users/christopherbrantner/local/projects/portfolio/surface-defect-classifier/results/chips/train/patches/patches_29_bb00.png,/Users/christopherbrantner/local/projects/portfolio/surface-defect-classifier/NEU-DET/train/images/patches/patches_29.jpg,0,patches,60,1,133,88,train
/Users/christopherbrantner/local/projects/portfolio/surface-defect-classifier/results/chips/train/patches/patches_29_bb01.png,/Users/christopherbrantner/local/projects/portfolio/surface-defect-classifier/NEU-DET/train/images/patches/patches_29.jpg,1,patches,71,100,131,179,train
/Users/christopherbrantner/local/projects/portfolio/surface-defect-classifier/results/chips/train/patches/patches_29_bb02.png,/Users/christopherbrantner/local/projects/portfolio/surface-defect-classifier/NEU-DET/train/images/patches/patches_29.jpg,2,patches,1,1,49,104,train
/Users/christopherbrantner/local/projects/portfolio/surface-defect-classifier/results/chips/train/patches/patches_3_bb00.png,/Users/christopherbrantner/local/projects/portfolio/surface-defect-classifier/NEU-DET/train/images/patches/patches_3.jpg,0,patches,4,101,48,193,train
/Users/christopherbrantner/local/projects/portfolio/surface-defect-classifier/results/chips/train/patches/patches_3_bb01.png,/Users/christopherbrantner/local/projects/portfolio/surface-defect-classifier/NEU-DET/train/images/patches/patches_3.jpg,1,patches,80,64,128,181,train
/Users/christopherbrantner/local/projects/portfolio/surface-defect-classifier/results/chips/train/patches/patches_3_bb02.png,/Users/christopherbrantner/local/projects/portfolio/surface-defect-classifier/NEU-DET/train/images/patches/patches_3.jpg,2,patches,130,120,171,197,train
/Users/christopherbrantner/local/projects/portfolio/surface-defect-classifier/results/chips/train/patches/patches_3_bb03.png,/Users/christopherbrantner/local/projects/portfolio/surface-defect-classifier/NEU-DET/train/images/patches/patches_3.jpg,3,patches,153,1,199,102,train
/Users/christopherbrantner/local/projects/portfolio/surface-defect-classifier/results/chips/train/patches/patches_3_bb04.png,/Users/christopherbrantner/local/projects/portfolio/surface-defect-classifier/NEU-DET/train/images/patches/patches_3.jpg,4,patches,6,15,46,90,train
/Users/christopherbrantner/local/projects/portfolio/surface-defect-classifier/results/chips/train/patches/patches_3_bb05.png,/Users/christopherbrantner/local/projects/portfolio/surface-defect-classifier/NEU-DET/train/images/patches/patches_3.jpg,5,patches,69,1,106,22,train
/Users/christopherbrantner/local/projects/portfolio/surface-defect-classifier/results/chips/train/patches/patches_30_bb00.png,/Users/christopherbrantner/local/projects/portfolio/surface-defect-classifier/NEU-DET/train/images/patches/patches_30.jpg,0,patches,36,38,128,189,train
/Users/christopherbrantner/local/projects/portfolio/surface-defect-classifier/results/chips/train/patches/patches_30_bb01.png,/Users/christopherbrantner/local/projects/portfolio/surface-defect-classifier/NEU-DET/train/images/patches/patches_30.jpg,1,patches,176,1,200,38,train
/Users/christopherbrantner/local/projects/portfolio/surface-defect-classifier/results/chips/train/patches/patches_31_bb00.png,/Users/christopherbrantner/local/projects/portfolio/surface-defect-classifier/NEU-DET/train/images/patches/patches_31.jpg,0,patches,58,63,130,185,train
/Users/christopherbrantner/local/projects/portfolio/surface-defect-classifier/results/chips/train/patches/patches_31_bb01.png,/Users/christopherbrantner/local/projects/portfolio/surface-defect-classifier/NEU-DET/train/images/patches/patches_31.jpg,1,patches,137,104,189,176,train
/Users/christopherbrantner/local/projects/portfolio/surface-defect-classifier/results/chips/train/patches/patches_32_bb00.png,/Users/christopherbrantner/local/projects/portfolio/surface-defect-classifier/NEU-DET/train/images/patches/patches_32.jpg,0,patches,31,85,105,151,train
/Users/christopherbrantner/local/projects/portfolio/surface-defect-classifier/results/chips/train/patches/patches_32_bb01.png,/Users/christopherbrantner/local/projects/portfolio/surface-defect-classifier/NEU-DET/train/images/patches/patches_32.jpg,1,patches,106,111,150,154,train
/Users/christopherbrantner/local/projects/portfolio/surface-defect-classifier/results/chips/train/patches/patches_32_bb02.png,/Users/christopherbrantner/local/projects/portfolio/surface-defect-classifier/NEU-DET/train/images/patches/patches_32.jpg,2,patches,108,44,164,111,train
/Users/christopherbrantner/local/projects/portfolio/surface-defect-classifier/results/chips/train/patches/patches_33_bb00.png,/Users/christopherbrantner/local/projects/portfolio/surface-defect-classifier/NEU-DET/train/images/patches/patches_33.jpg,0,patches,73,1,134,77,train
/Users/christopherbrantner/local/projects/portfolio/surface-defect-classifier/results/chips/train/patches/patches_33_bb01.png,/Users/christopherbrantner/local/projects/portfolio/surface-defect-classifier/NEU-DET/train/images/patches/patches_33.jpg,1,patches,67,121,128,168,train
/Users/christopherbrantner/local/projects/portfolio/surface-defect-classifier/results/chips/train/patches/patches_33_bb02.png,/Users/christopherbrantner/local/projects/portfolio/surface-defect-classifier/NEU-DET/train/images/patches/patches_33.jpg,2,patches,79,170,124,198,train
/Users/christopherbrantner/local/projects/portfolio/surface-defect-classifier/results/chips/train/patches/patches_34_bb00.png,/Users/christopherbrantner/local/projects/portfolio/surface-defect-classifier/NEU-DET/train/images/patches/patches_34.jpg,0,patches,58,101,102,158,train
/Users/christopherbrantner/local/projects/portfolio/surface-defect-classifier/results/chips/train/patches/patches_34_bb01.png,/Users/christopherbrantner/local/projects/portfolio/surface-defect-classifier/NEU-DET/train/images/patches/patches_34.jpg,1,patches,47,45,100,95,train
/Users/christopherbrantner/local/projects/portfolio/surface-defect-classifier/results/chips/train/patches/patches_34_bb02.png,/Users/christopherbrantner/local/projects/portfolio/surface-defect-classifier/NEU-DET/train/images/patches/patches_34.jpg,2,patches,145,123,191,167,train
/Users/christopherbrantner/local/projects/portfolio/surface-defect-classifier/results/chips/train/patches/patches_35_bb00.png,/Users/christopherbrantner/local/projects/portfolio/surface-defect-classifier/NEU-DET/train/images/patches/patches_35.jpg,0,patches,44,2,93,60,train
/Users/christopherbrantner/local/projects/portfolio/surface-defect-classifier/results/chips/train/patches/patches_35_bb01.png,/Users/christopherbrantner/local/projects/portfolio/surface-defect-classifier/NEU-DET/train/images/patches/patches_35.jpg,1,patches,141,29,183,73,train
/Users/christopherbrantner/local/projects/portfolio/surface-defect-classifier/results/chips/train/patches/patches_35_bb02.png,/Users/christopherbrantner/local/projects/portfolio/surface-defect-classifier/NEU-DET/train/images/patches/patches_35.jpg,2,patches,51,109,100,199,train
/Users/christopherbrantner/local/projects/portfolio/surface-defect-classifier/results/chips/train/patches/patches_36_bb00.png,/Users/christopherbrantner/local/projects/portfolio/surface-defect-classifier/NEU-DET/train/images/patches/patches_36.jpg,0,patches,16,101,70,135,train
/Users/christopherbrantner/local/projects/portfolio/surface-defect-classifier/results/chips/train/patches/patches_36_bb01.png,/Users/christopherbrantner/local/projects/portfolio/surface-defect-classifier/NEU-DET/train/images/patches/patches_36.jpg,1,patches,109,5,164,199,train
/Users/christopherbrantner/local/projects/portfolio/surface-defect-classifier/results/chips/train/patches/patches_37_bb00.png,/Users/christopherbrantner/local/projects/portfolio/surface-defect-classifier/NEU-DET/train/images/patches/patches_37.jpg,0,patches,49,110,114,157,train
/Users/christopherbrantner/local/projects/portfolio/surface-defect-classifier/results/chips/train/patches/patches_37_bb01.png,/Users/christopherbrantner/local/projects/portfolio/surface-defect-classifier/NEU-DET/train/images/patches/patches_37.jpg,1,patches,63,167,96,200,train
/Users/christopherbrantner/local/projects/portfolio/surface-defect-classifier/results/chips/train/patches/patches_38_bb00.png,/Users/christopherbrantner/local/projects/portfolio/surface-defect-classifier/NEU-DET/train/images/patches/patches_38.jpg,0,patches,11,1,67,198,train
/Users/christopherbrantner/local/projects/portfolio/surface-defect-classifier/results/chips/train/patches/patches_38_bb01.png,/Users/christopherbrantner/local/projects/portfolio/surface-defect-classifier/NEU-DET/train/images/patches/patches_38.jpg,1,patches,132,108,196,159,train
/Users/christopherbrantner/local/projects/portfolio/surface-defect-classifier/results/chips/train/patches/patches_38_bb02.png,/Users/christopherbrantner/local/projects/portfolio/surface-defect-classifier/NEU-DET/train/images/patches/patches_38.jpg,2,patches,145,155,183,200,train
/Users/christopherbrantner/local/projects/portfolio/surface-defect-classifier/results/chips/train/patches/patches_39_bb00.png,/Users/christopherbrantner/local/projects/portfolio/surface-defect-classifier/NEU-DET/train/images/patches/patches_39.jpg,0,patches,68,47,107,97,train
/Users/christopherbrantner/local/projects/portfolio/surface-defect-classifier/results/chips/train/patches/patches_4_bb00.png,/Users/christopherbrantner/local/projects/portfolio/surface-defect-classifier/NEU-DET/train/images/patches/patches_4.jpg,0,patches,93,36,137,83,train
/Users/christopherbrantner/local/projects/portfolio/surface-defect-classifier/results/chips/train/patches/patches_4_bb01.png,/Users/christopherbrantner/local/projects/portfolio/surface-defect-classifier/NEU-DET/train/images/patches/patches_4.jpg,1,patches,118,92,165,158,train
/Users/christopherbrantner/local/projects/portfolio/surface-defect-classifier/results/chips/train/patches/patches_40_bb00.png,/Users/christopherbrantner/local/projects/portfolio/surface-defect-classifier/NEU-DET/train/images/patches/patches_40.jpg,0,patches,14,79,55,167,train
/Users/christopherbrantner/local/projects/portfolio/surface-defect-classifier/results/chips/train/patches/patches_40_bb01.png,/Users/christopherbrantner/local/projects/portfolio/surface-defect-classifier/NEU-DET/train/images/patches/patches_40.jpg,1,patches,128,107,187,160,train
/Users/christopherbrantner/local/projects/portfolio/surface-defect-classifier/results/chips/train/patches/patches_41_bb00.png,/Users/christopherbrantner/local/projects/portfolio/surface-defect-classifier/NEU-DET/train/images/patches/patches_41.jpg,0,patches,18,40,57,81,train
/Users/christopherbrantner/local/projects/portfolio/surface-defect-classifier/results/chips/train/patches/patches_41_bb01.png,/Users/christopherbrantner/local/projects/portfolio/surface-defect-classifier/NEU-DET/train/images/patches/patches_41.jpg,1,patches,33,118,77,192,train
/Users/christopherbrantner/local/projects/portfolio/surface-defect-classifier/results/chips/train/patches/patches_42_bb00.png,/Users/christopherbrantner/local/projects/portfolio/surface-defect-classifier/NEU-DET/train/images/patches/patches_42.jpg,0,patches,90,7,129,60,train
/Users/christopherbrantner/local/projects/portfolio/surface-defect-classifier/results/chips/train/patches/patches_42_bb01.png,/Users/christopherbrantner/local/projects/portfolio/surface-defect-classifier/NEU-DET/train/images/patches/patches_42.jpg,1,patches,65,69,144,193,train
/Users/christopherbrantner/local/projects/portfolio/surface-defect-classifier/results/chips/train/patches/patches_43_bb00.png,/Users/christopherbrantner/local/projects/portfolio/surface-defect-classifier/NEU-DET/train/images/patches/patches_43.jpg,0,patches,70,88,128,186,train
/Users/christopherbrantner/local/projects/portfolio/surface-defect-classifier/results/chips/train/patches/patches_43_bb01.png,/Users/christopherbrantner/local/projects/portfolio/surface-defect-classifier/NEU-DET/train/images/patches/patches_43.jpg,1,patches,61,32,113,93,train
/Users/christopherbrantner/local/projects/portfolio/surface-defect-classifier/results/chips/train/patches/patches_44_bb00.png,/Users/christopherbrantner/local/projects/portfolio/surface-defect-classifier/NEU-DET/train/images/patches/patches_44.jpg,0,patches,70,100,128,159,train
/Users/christopherbrantner/local/projects/portfolio/surface-defect-classifier/results/chips/train/patches/patches_45_bb00.png,/Users/christopherbrantner/local/projects/portfolio/surface-defect-classifier/NEU-DET/train/images/patches/patches_45.jpg,0,patches,1,56,41,138,train
/Users/christopherbrantner/local/projects/portfolio/surface-defect-classifier/results/chips/train/patches/patches_45_bb01.png,/Users/christopherbrantner/local/projects/portfolio/surface-defect-classifier/NEU-DET/train/images/patches/patches_45.jpg,1,patches,1,1,24,50,train
/Users/christopherbrantner/local/projects/portfolio/surface-defect-classifier/results/chips/train/patches/patches_45_bb02.png,/Users/christopherbrantner/local/projects/portfolio/surface-defect-classifier/NEU-DET/train/images/patches/patches_45.jpg,2,patches,153,71,178,120,train
/Users/christopherbrantner/local/projects/portfolio/surface-defect-classifier/results/chips/train/patches/patches_45_bb03.png,/Users/christopherbrantner/local/projects/portfolio/surface-defect-classifier/NEU-DET/train/images/patches/patches_45.jpg,3,patches,136,159,170,199,train
/Users/christopherbrantner/local/projects/portfolio/surface-defect-classifier/results/chips/train/patches/patches_46_bb00.png,/Users/christopherbrantner/local/projects/portfolio/surface-defect-classifier/NEU-DET/train/images/patches/patches_46.jpg,0,patches,69,91,125,187,train
/Users/christopherbrantner/local/projects/portfolio/surface-defect-classifier/results/chips/train/patches/patches_46_bb01.png,/Users/christopherbrantner/local/projects/portfolio/surface-defect-classifier/NEU-DET/train/images/patches/patches_46.jpg,1,patches,85,2,134,84,train
/Users/christopherbrantner/local/projects/portfolio/surface-defect-classifier/results/chips/train/patches/patches_46_bb02.png,/Users/christopherbrantner/local/projects/portfolio/surface-defect-classifier/NEU-DET/train/images/patches/patches_46.jpg,2,patches,145,29,177,79,train
/Users/christopherbrantner/local/projects/portfolio/surface-defect-classifier/results/chips/train/patches/patches_47_bb00.png,/Users/christopherbrantner/local/projects/portfolio/surface-defect-classifier/NEU-DET/train/images/patches/patches_47.jpg,0,patches,27,34,98,138,train
/Users/christopherbrantner/local/projects/portfolio/surface-defect-classifier/results/chips/train/patches/patches_47_bb01.png,/Users/christopherbrantner/local/projects/portfolio/surface-defect-classifier/NEU-DET/train/images/patches/patches_47.jpg,1,patches,105,24,191,114,train
/Users/christopherbrantner/local/projects/portfolio/surface-defect-classifier/results/chips/train/patches/patches_47_bb02.png,/Users/christopherbrantner/local/projects/portfolio/surface-defect-classifier/NEU-DET/train/images/patches/patches_47.jpg,2,patches,104,130,144,189,train
/Users/christopherbrantner/local/projects/portfolio/surface-defect-classifier/results/chips/train/patches/patches_48_bb00.png,/Users/christopherbrantner/local/projects/portfolio/surface-defect-classifier/NEU-DET/train/images/patches/patches_48.jpg,0,patches,70,43,122,122,train
/Users/christopherbrantner/local/projects/portfolio/surface-defect-classifier/results/chips/train/patches/patches_48_bb01.png,/Users/christopherbrantner/local/projects/portfolio/surface-defect-classifier/NEU-DET/train/images/patches/patches_48.jpg,1,patches,1,1,33,24,train
/Users/christopherbrantner/local/projects/portfolio/surface-defect-classifier/results/chips/train/patches/patches_49_bb00.png,/Users/christopherbrantner/local/projects/portfolio/surface-defect-classifier/NEU-DET/train/images/patches/patches_49.jpg,0,patches,11,2,49,58,train
/Users/christopherbrantner/local/projects/portfolio/surface-defect-classifier/results/chips/train/patches/patches_49_bb01.png,/Users/christopherbrantner/local/projects/portfolio/surface-defect-classifier/NEU-DET/train/images/patches/patches_49.jpg,1,patches,6,142,56,200,train
/Users/christopherbrantner/local/projects/portfolio/surface-defect-classifier/results/chips/train/patches/patches_49_bb02.png,/Users/christopherbrantner/local/projects/portfolio/surface-defect-classifier/NEU-DET/train/images/patches/patches_49.jpg,2,patches,136,1,198,126,train
/Users/christopherbrantner/local/projects/portfolio/surface-defect-classifier/results/chips/train/patches/patches_5_bb00.png,/Users/christopherbrantner/local/projects/portfolio/surface-defect-classifier/NEU-DET/train/images/patches/patches_5.jpg,0,patches,33,1,94,155,train
/Users/christopherbrantner/local/projects/portfolio/surface-defect-classifier/results/chips/train/patches/patches_5_bb01.png,/Users/christopherbrantner/local/projects/portfolio/surface-defect-classifier/NEU-DET/train/images/patches/patches_5.jpg,1,patches,115,65,163,194,train
/Users/christopherbrantner/local/projects/portfolio/surface-defect-classifier/results/chips/train/patches/patches_5_bb02.png,/Users/christopherbrantner/local/projects/portfolio/surface-defect-classifier/NEU-DET/train/images/patches/patches_5.jpg,2,patches,118,1,200,34,train
/Users/christopherbrantner/local/projects/portfolio/surface-defect-classifier/results/chips/train/patches/patches_50_bb00.png,/Users/christopherbrantner/local/projects/portfolio/surface-defect-classifier/NEU-DET/train/images/patches/patches_50.jpg,0,patches,61,2,106,58,train
/Users/christopherbrantner/local/projects/portfolio/surface-defect-classifier/results/chips/train/patches/patches_50_bb01.png,/Users/christopherbrantner/local/projects/portfolio/surface-defect-classifier/NEU-DET/train/images/patches/patches_50.jpg,1,patches,80,125,119,178,train
/Users/christopherbrantner/local/projects/portfolio/surface-defect-classifier/results/chips/train/patches/patches_51_bb00.png,/Users/christopherbrantner/local/projects/portfolio/surface-defect-classifier/NEU-DET/train/images/patches/patches_51.jpg,0,patches,60,59,124,139,train
/Users/christopherbrantner/local/projects/portfolio/surface-defect-classifier/results/chips/train/patches/patches_52_bb00.png,/Users/christopherbrantner/local/projects/portfolio/surface-defect-classifier/NEU-DET/train/images/patches/patches_52.jpg,0,patches,47,12,138,184,train
/Users/christopherbrantner/local/projects/portfolio/surface-defect-classifier/results/chips/train/patches/patches_53_bb00.png,/Users/christopherbrantner/local/projects/portfolio/surface-defect-classifier/NEU-DET/train/images/patches/patches_53.jpg,0,patches,28,10,67,59,train
/Users/christopherbrantner/local/projects/portfolio/surface-defect-classifier/results/chips/train/patches/patches_53_bb01.png,/Users/christopherbrantner/local/projects/portfolio/surface-defect-classifier/NEU-DET/train/images/patches/patches_53.jpg,1,patches,12,102,86,200,train
/Users/christopherbrantner/local/projects/portfolio/surface-defect-classifier/results/chips/train/patches/patches_53_bb02.png,/Users/christopherbrantner/local/projects/portfolio/surface-defect-classifier/NEU-DET/train/images/patches/patches_53.jpg,2,patches,138,74,200,157,train
/Users/christopherbrantner/local/projects/portfolio/surface-defect-classifier/results/chips/train/patches/patches_54_bb00.png,/Users/christopherbrantner/local/projects/portfolio/surface-defect-classifier/NEU-DET/train/images/patches/patches_54.jpg,0,patches,89,18,150,120,train
/Users/christopherbrantner/local/projects/portfolio/surface-defect-classifier/results/chips/train/patches/patches_55_bb00.png,/Users/christopherbrantner/local/projects/portfolio/surface-defect-classifier/NEU-DET/train/images/patches/patches_55.jpg,0,patches,26,80,69,122,train
/Users/christopherbrantner/local/projects/portfolio/surface-defect-classifier/results/chips/train/patches/patches_55_bb01.png,/Users/christopherbrantner/local/projects/portfolio/surface-defect-classifier/NEU-DET/train/images/patches/patches_55.jpg,1,patches,78,27,148,163,train
/Users/christopherbrantner/local/projects/portfolio/surface-defect-classifier/results/chips/train/patches/patches_56_bb00.png,/Users/christopherbrantner/local/projects/portfolio/surface-defect-classifier/NEU-DET/train/images/patches/patches_56.jpg,0,patches,31,67,105,96,train
/Users/christopherbrantner/local/projects/portfolio/surface-defect-classifier/results/chips/train/patches/patches_56_bb01.png,/Users/christopherbrantner/local/projects/portfolio/surface-defect-classifier/NEU-DET/train/images/patches/patches_56.jpg,1,patches,34,101,66,129,train
/Users/christopherbrantner/local/projects/portfolio/surface-defect-classifier/results/chips/train/patches/patches_56_bb02.png,/Users/christopherbrantner/local/projects/portfolio/surface-defect-classifier/NEU-DET/train/images/patches/patches_56.jpg,2,patches,117,99,142,124,train
/Users/christopherbrantner/local/projects/portfolio/surface-defect-classifier/results/chips/train/patches/patches_56_bb03.png,/Users/christopherbrantner/local/projects/portfolio/surface-defect-classifier/NEU-DET/train/images/patches/patches_56.jpg,3,patches,160,82,200,144,train
/Users/christopherbrantner/local/projects/portfolio/surface-defect-classifier/results/chips/train/patches/patches_57_bb00.png,/Users/christopherbrantner/local/projects/portfolio/surface-defect-classifier/NEU-DET/train/images/patches/patches_57.jpg,0,patches,87,15,129,148,train
/Users/christopherbrantner/local/projects/portfolio/surface-defect-classifier/results/chips/train/patches/patches_57_bb01.png,/Users/christopherbrantner/local/projects/portfolio/surface-defect-classifier/NEU-DET/train/images/patches/patches_57.jpg,1,patches,82,154,132,200,train
/Users/christopherbrantner/local/projects/portfolio/surface-defect-classifier/results/chips/train/patches/patches_58_bb00.png,/Users/christopherbrantner/local/projects/portfolio/surface-defect-classifier/NEU-DET/train/images/patches/patches_58.jpg,0,patches,22,14,60,110,train
/Users/christopherbrantner/local/projects/portfolio/surface-defect-classifier/results/chips/train/patches/patches_58_bb01.png,/Users/christopherbrantner/local/projects/portfolio/surface-defect-classifier/NEU-DET/train/images/patches/patches_58.jpg,1,patches,69,26,109,84,train
/Users/christopherbrantner/local/projects/portfolio/surface-defect-classifier/results/chips/train/patches/patches_58_bb02.png,/Users/christopherbrantner/local/projects/portfolio/surface-defect-classifier/NEU-DET/train/images/patches/patches_58.jpg,2,patches,30,136,70,200,train
/Users/christopherbrantner/local/projects/portfolio/surface-defect-classifier/results/chips/train/patches/patches_58_bb03.png,/Users/christopherbrantner/local/projects/portfolio/surface-defect-classifier/NEU-DET/train/images/patches/patches_58.jpg,3,patches,138,92,186,136,train
/Users/christopherbrantner/local/projects/portfolio/surface-defect-classifier/results/chips/train/patches/patches_59_bb00.png,/Users/christopherbrantner/local/projects/portfolio/surface-defect-classifier/NEU-DET/train/images/patches/patches_59.jpg,0,patches,78,2,117,127,train
/Users/christopherbrantner/local/projects/portfolio/surface-defect-classifier/results/chips/train/patches/patches_59_bb01.png,/Users/christopherbrantner/local/projects/portfolio/surface-defect-classifier/NEU-DET/train/images/patches/patches_59.jpg,1,patches,69,142,123,200,train
/Users/christopherbrantner/local/projects/portfolio/surface-defect-classifier/results/chips/train/patches/patches_6_bb00.png,/Users/christopherbrantner/local/projects/portfolio/surface-defect-classifier/NEU-DET/train/images/patches/patches_6.jpg,0,patches,13,6,90,200,train
/Users/christopherbrantner/local/projects/portfolio/surface-defect-classifier/results/chips/train/patches/patches_6_bb01.png,/Users/christopherbrantner/local/projects/portfolio/surface-defect-classifier/NEU-DET/train/images/patches/patches_6.jpg,1,patches,84,33,197,160,train
/Users/christopherbrantner/local/projects/portfolio/surface-defect-classifier/results/chips/train/patches/patches_60_bb00.png,/Users/christopherbrantner/local/projects/portfolio/surface-defect-classifier/NEU-DET/train/images/patches/patches_60.jpg,0,patches,3,112,43,159,train
/Users/christopherbrantner/local/projects/portfolio/surface-defect-classifier/results/chips/train/patches/patches_60_bb01.png,/Users/christopherbrantner/local/projects/portfolio/surface-defect-classifier/NEU-DET/train/images/patches/patches_60.jpg,1,patches,162,151,199,199,train
/Users/christopherbrantner/local/projects/portfolio/surface-defect-classifier/results/chips/train/patches/patches_60_bb02.png,/Users/christopherbrantner/local/projects/portfolio/surface-defect-classifier/NEU-DET/train/images/patches/patches_60.jpg,2,patches,143,50,191,147,train
/Users/christopherbrantner/local/projects/portfolio/surface-defect-classifier/results/chips/train/patches/patches_60_bb03.png,/Users/christopherbrantner/local/projects/portfolio/surface-defect-classifier/NEU-DET/train/images/patches/patches_60.jpg,3,patches,146,1,190,43,train
/Users/christopherbrantner/local/projects/portfolio/surface-defect-classifier/results/chips/train/patches/patches_61_bb00.png,/Users/christopherbrantner/local/projects/portfolio/surface-defect-classifier/NEU-DET/train/images/patches/patches_61.jpg,0,patches,76,1,124,63,train
/Users/christopherbrantner/local/projects/portfolio/surface-defect-classifier/results/chips/train/patches/patches_62_bb00.png,/Users/christopherbrantner/local/projects/portfolio/surface-defect-classifier/NEU-DET/train/images/patches/patches_62.jpg,0,patches,89,34,122,126,train
/Users/christopherbrantner/local/projects/portfolio/surface-defect-classifier/results/chips/train/patches/patches_63_bb00.png,/Users/christopherbrantner/local/projects/portfolio/surface-defect-classifier/NEU-DET/train/images/patches/patches_63.jpg,0,patches,83,79,129,139,train
/Users/christopherbrantner/local/projects/portfolio/surface-defect-classifier/results/chips/train/patches/patches_64_bb00.png,/Users/christopherbrantner/local/projects/portfolio/surface-defect-classifier/NEU-DET/train/images/patches/patches_64.jpg,0,patches,67,103,134,139,train
/Users/christopherbrantner/local/projects/portfolio/surface-defect-classifier/results/chips/train/patches/patches_65_bb00.png,/Users/christopherbrantner/local/projects/portfolio/surface-defect-classifier/NEU-DET/train/images/patches/patches_65.jpg,0,patches,55,71,138,148,train
/Users/christopherbrantner/local/projects/portfolio/surface-defect-classifier/results/chips/train/patches/patches_66_bb00.png,/Users/christopherbrantner/local/projects/portfolio/surface-defect-classifier/NEU-DET/train/images/patches/patches_66.jpg,0,patches,35,14,72,69,train
/Users/christopherbrantner/local/projects/portfolio/surface-defect-classifier/results/chips/train/patches/patches_66_bb01.png,/Users/christopherbrantner/local/projects/portfolio/surface-defect-classifier/NEU-DET/train/images/patches/patches_66.jpg,1,patches,99,75,160,148,train
/Users/christopherbrantner/local/projects/portfolio/surface-defect-classifier/results/chips/train/patches/patches_67_bb00.png,/Users/christopherbrantner/local/projects/portfolio/surface-defect-classifier/NEU-DET/train/images/patches/patches_67.jpg,0,patches,15,75,81,147,train
/Users/christopherbrantner/local/projects/portfolio/surface-defect-classifier/results/chips/train/patches/patches_67_bb01.png,/Users/christopherbrantner/local/projects/portfolio/surface-defect-classifier/NEU-DET/train/images/patches/patches_67.jpg,1,patches,143,35,179,108,train
/Users/christopherbrantner/local/projects/portfolio/surface-defect-classifier/results/chips/train/patches/patches_67_bb02.png,/Users/christopherbrantner/local/projects/portfolio/surface-defect-classifier/NEU-DET/train/images/patches/patches_67.jpg,2,patches,163,163,194,200,train
/Users/christopherbrantner/local/projects/portfolio/surface-defect-classifier/results/chips/train/patches/patches_68_bb00.png,/Users/christopherbrantner/local/projects/portfolio/surface-defect-classifier/NEU-DET/train/images/patches/patches_68.jpg,0,patches,21,32,58,110,train
/Users/christopherbrantner/local/projects/portfolio/surface-defect-classifier/results/chips/train/patches/patches_68_bb01.png,/Users/christopherbrantner/local/projects/portfolio/surface-defect-classifier/NEU-DET/train/images/patches/patches_68.jpg,1,patches,160,13,199,67,train
/Users/christopherbrantner/local/projects/portfolio/surface-defect-classifier/results/chips/train/patches/patches_68_bb02.png,/Users/christopherbrantner/local/projects/portfolio/surface-defect-classifier/NEU-DET/train/images/patches/patches_68.jpg,2,patches,37,163,70,200,train
/Users/christopherbrantner/local/projects/portfolio/surface-defect-classifier/results/chips/train/patches/patches_69_bb00.png,/Users/christopherbrantner/local/projects/portfolio/surface-defect-classifier/NEU-DET/train/images/patches/patches_69.jpg,0,patches,39,145,87,200,train
/Users/christopherbrantner/local/projects/portfolio/surface-defect-classifier/results/chips/train/patches/patches_69_bb01.png,/Users/christopherbrantner/local/projects/portfolio/surface-defect-classifier/NEU-DET/train/images/patches/patches_69.jpg,1,patches,109,147,155,200,train
/Users/christopherbrantner/local/projects/portfolio/surface-defect-classifier/results/chips/train/patches/patches_7_bb00.png,/Users/christopherbrantner/local/projects/portfolio/surface-defect-classifier/NEU-DET/train/images/patches/patches_7.jpg,0,patches,32,12,123,198,train
/Users/christopherbrantner/local/projects/portfolio/surface-defect-classifier/results/chips/train/patches/patches_70_bb00.png,/Users/christopherbrantner/local/projects/portfolio/surface-defect-classifier/NEU-DET/train/images/patches/patches_70.jpg,0,patches,63,74,152,199,train
/Users/christopherbrantner/local/projects/portfolio/surface-defect-classifier/results/chips/train/patches/patches_71_bb00.png,/Users/christopherbrantner/local/projects/portfolio/surface-defect-classifier/NEU-DET/train/images/patches/patches_71.jpg,0,patches,1,1,37,51,train
/Users/christopherbrantner/local/projects/portfolio/surface-defect-classifier/results/chips/train/patches/patches_71_bb01.png,/Users/christopherbrantner/local/projects/portfolio/surface-defect-classifier/NEU-DET/train/images/patches/patches_71.jpg,1,patches,118,1,159,60,train
/Users/christopherbrantner/local/projects/portfolio/surface-defect-classifier/results/chips/train/patches/patches_71_bb02.png,/Users/christopherbrantner/local/projects/portfolio/surface-defect-classifier/NEU-DET/train/images/patches/patches_71.jpg,2,patches,123,75,199,190,train
/Users/christopherbrantner/local/projects/portfolio/surface-defect-classifier/results/chips/train/patches/patches_72_bb00.png,/Users/christopherbrantner/local/projects/portfolio/surface-defect-classifier/NEU-DET/train/images/patches/patches_72.jpg,0,patches,12,48,53,91,train
/Users/christopherbrantner/local/projects/portfolio/surface-defect-classifier/results/chips/train/patches/patches_72_bb01.png,/Users/christopherbrantner/local/projects/portfolio/surface-defect-classifier/NEU-DET/train/images/patches/patches_72.jpg,1,patches,153,50,192,116,train
/Users/christopherbrantner/local/projects/portfolio/surface-defect-classifier/results/chips/train/patches/patches_73_bb00.png,/Users/christopherbrantner/local/projects/portfolio/surface-defect-classifier/NEU-DET/train/images/patches/patches_73.jpg,0,patches,45,1,78,29,train
/Users/christopherbrantner/local/projects/portfolio/surface-defect-classifier/results/chips/train/patches/patches_73_bb01.png,/Users/christopherbrantner/local/projects/portfolio/surface-defect-classifier/NEU-DET/train/images/patches/patches_73.jpg,1,patches,102,1,134,24,train
/Users/christopherbrantner/local/projects/portfolio/surface-defect-classifier/results/chips/train/patches/patches_73_bb02.png,/Users/christopherbrantner/local/projects/portfolio/surface-defect-classifier/NEU-DET/train/images/patches/patches_73.jpg,2,patches,107,138,153,177,train
/Users/christopherbrantner/local/projects/portfolio/surface-defect-classifier/results/chips/train/patches/patches_74_bb00.png,/Users/christopherbrantner/local/projects/portfolio/surface-defect-classifier/NEU-DET/train/images/patches/patches_74.jpg,0,patches,3,117,43,200,train
/Users/christopherbrantner/local/projects/portfolio/surface-defect-classifier/results/chips/train/patches/patches_74_bb01.png,/Users/christopherbrantner/local/projects/portfolio/surface-defect-classifier/NEU-DET/train/images/patches/patches_74.jpg,1,patches,122,2,199,158,train
/Users/christopherbrantner/local/projects/portfolio/surface-defect-classifier/results/chips/train/patches/patches_75_bb00.png,/Users/christopherbrantner/local/projects/portfolio/surface-defect-classifier/NEU-DET/train/images/patches/patches_75.jpg,0,patches,55,100,95,169,train
/Users/christopherbrantner/local/projects/portfolio/surface-defect-classifier/results/chips/train/patches/patches_75_bb01.png,/Users/christopherbrantner/local/projects/portfolio/surface-defect-classifier/NEU-DET/train/images/patches/patches_75.jpg,1,patches,107,24,158,110,train
/Users/christopherbrantner/local/projects/portfolio/surface-defect-classifier/results/chips/train/patches/patches_76_bb00.png,/Users/christopherbrantner/local/projects/portfolio/surface-defect-classifier/NEU-DET/train/images/patches/patches_76.jpg,0,patches,70,33,123,154,train
/Users/christopherbrantner/local/projects/portfolio/surface-defect-classifier/results/chips/train/patches/patches_76_bb01.png,/Users/christopherbrantner/local/projects/portfolio/surface-defect-classifier/NEU-DET/train/images/patches/patches_76.jpg,1,patches,35,1,111,21,train
/Users/christopherbrantner/local/projects/portfolio/surface-defect-classifier/results/chips/train/patches/patches_77_bb00.png,/Users/christopherbrantner/local/projects/portfolio/surface-defect-classifier/NEU-DET/train/images/patches/patches_77.jpg,0,patches,164,74,199,110,train
/Users/christopherbrantner/local/projects/portfolio/surface-defect-classifier/results/chips/train/patches/patches_77_bb01.png,/Users/christopherbrantner/local/projects/portfolio/surface-defect-classifier/NEU-DET/train/images/patches/patches_77.jpg,1,patches,136,153,197,199,train
/Users/christopherbrantner/local/projects/portfolio/surface-defect-classifier/results/chips/train/patches/patches_77_bb02.png,/Users/christopherbrantner/local/projects/portfolio/surface-defect-classifier/NEU-DET/train/images/patches/patches_77.jpg,2,patches,23,1,52,32,train
/Users/christopherbrantner/local/projects/portfolio/surface-defect-classifier/results/chips/train/patches/patches_78_bb00.png,/Users/christopherbrantner/local/projects/portfolio/surface-defect-classifier/NEU-DET/train/images/patches/patches_78.jpg,0,patches,9,36,47,178,train
/Users/christopherbrantner/local/projects/portfolio/surface-defect-classifier/results/chips/train/patches/patches_78_bb01.png,/Users/christopherbrantner/local/projects/portfolio/surface-defect-classifier/NEU-DET/train/images/patches/patches_78.jpg,1,patches,146,119,185,179,train
/Users/christopherbrantner/local/projects/portfolio/surface-defect-classifier/results/chips/train/patches/patches_78_bb02.png,/Users/christopherbrantner/local/projects/portfolio/surface-defect-classifier/NEU-DET/train/images/patches/patches_78.jpg,2,patches,12,166,53,200,train
/Users/christopherbrantner/local/projects/portfolio/surface-defect-classifier/results/chips/train/patches/patches_79_bb00.png,/Users/christopherbrantner/local/projects/portfolio/surface-defect-classifier/NEU-DET/train/images/patches/patches_79.jpg,0,patches,47,47,128,149,train
/Users/christopherbrantner/local/projects/portfolio/surface-defect-classifier/results/chips/train/patches/patches_79_bb01.png,/Users/christopherbrantner/local/projects/portfolio/surface-defect-classifier/NEU-DET/train/images/patches/patches_79.jpg,1,patches,102,157,133,196,train
/Users/christopherbrantner/local/projects/portfolio/surface-defect-classifier/results/chips/train/patches/patches_79_bb02.png,/Users/christopherbrantner/local/projects/portfolio/surface-defect-classifier/NEU-DET/train/images/patches/patches_79.jpg,2,patches,83,1,121,45,train
/Users/christopherbrantner/local/projects/portfolio/surface-defect-classifier/results/chips/train/patches/patches_8_bb00.png,/Users/christopherbrantner/local/projects/portfolio/surface-defect-classifier/NEU-DET/train/images/patches/patches_8.jpg,0,patches,40,18,74,57,train
/Users/christopherbrantner/local/projects/portfolio/surface-defect-classifier/results/chips/train/patches/patches_8_bb01.png,/Users/christopherbrantner/local/projects/portfolio/surface-defect-classifier/NEU-DET/train/images/patches/patches_8.jpg,1,patches,86,42,166,128,train
/Users/christopherbrantner/local/projects/portfolio/surface-defect-classifier/results/chips/train/patches/patches_8_bb02.png,/Users/christopherbrantner/local/projects/portfolio/surface-defect-classifier/NEU-DET/train/images/patches/patches_8.jpg,2,patches,41,133,70,199,train
/Users/christopherbrantner/local/projects/portfolio/surface-defect-classifier/results/chips/train/patches/patches_80_bb00.png,/Users/christopherbrantner/local/projects/portfolio/surface-defect-classifier/NEU-DET/train/images/patches/patches_80.jpg,0,patches,73,74,124,186,train
/Users/christopherbrantner/local/projects/portfolio/surface-defect-classifier/results/chips/train/patches/patches_80_bb01.png,/Users/christopherbrantner/local/projects/portfolio/surface-defect-classifier/NEU-DET/train/images/patches/patches_80.jpg,1,patches,66,24,103,82,train
/Users/christopherbrantner/local/projects/portfolio/surface-defect-classifier/results/chips/train/patches/patches_81_bb00.png,/Users/christopherbrantner/local/projects/portfolio/surface-defect-classifier/NEU-DET/train/images/patches/patches_81.jpg,0,patches,1,32,53,144,train
/Users/christopherbrantner/local/projects/portfolio/surface-defect-classifier/results/chips/train/patches/patches_81_bb01.png,/Users/christopherbrantner/local/projects/portfolio/surface-defect-classifier/NEU-DET/train/images/patches/patches_81.jpg,1,patches,1,1,43,38,train
/Users/christopherbrantner/local/projects/portfolio/surface-defect-classifier/results/chips/train/patches/patches_81_bb02.png,/Users/christopherbrantner/local/projects/portfolio/surface-defect-classifier/NEU-DET/train/images/patches/patches_81.jpg,2,patches,134,1,182,51,train
/Users/christopherbrantner/local/projects/portfolio/surface-defect-classifier/results/chips/train/patches/patches_81_bb03.png,/Users/christopherbrantner/local/projects/portfolio/surface-defect-classifier/NEU-DET/train/images/patches/patches_81.jpg,3,patches,21,151,58,195,train
/Users/christopherbrantner/local/projects/portfolio/surface-defect-classifier/results/chips/train/patches/patches_81_bb04.png,/Users/christopherbrantner/local/projects/portfolio/surface-defect-classifier/NEU-DET/train/images/patches/patches_81.jpg,4,patches,152,133,195,200,train
/Users/christopherbrantner/local/projects/portfolio/surface-defect-classifier/results/chips/train/patches/patches_82_bb00.png,/Users/christopherbrantner/local/projects/portfolio/surface-defect-classifier/NEU-DET/train/images/patches/patches_82.jpg,0,patches,70,4,143,102,train
/Users/christopherbrantner/local/projects/portfolio/surface-defect-classifier/results/chips/train/patches/patches_83_bb00.png,/Users/christopherbrantner/local/projects/portfolio/surface-defect-classifier/NEU-DET/train/images/patches/patches_83.jpg,0,patches,79,55,125,199,train
/Users/christopherbrantner/local/projects/portfolio/surface-defect-classifier/results/chips/train/patches/patches_84_bb00.png,/Users/christopherbrantner/local/projects/portfolio/surface-defect-classifier/NEU-DET/train/images/patches/patches_84.jpg,0,patches,26,102,99,168,train
/Users/christopherbrantner/local/projects/portfolio/surface-defect-classifier/results/chips/train/patches/patches_84_bb01.png,/Users/christopherbrantner/local/projects/portfolio/surface-defect-classifier/NEU-DET/train/images/patches/patches_84.jpg,1,patches,113,72,169,189,train
/Users/christopherbrantner/local/projects/portfolio/surface-defect-classifier/results/chips/train/patches/patches_84_bb02.png,/Users/christopherbrantner/local/projects/portfolio/surface-defect-classifier/NEU-DET/train/images/patches/patches_84.jpg,2,patches,114,1,159,80,train
/Users/christopherbrantner/local/projects/portfolio/surface-defect-classifier/results/chips/train/patches/patches_85_bb00.png,/Users/christopherbrantner/local/projects/portfolio/surface-defect-classifier/NEU-DET/train/images/patches/patches_85.jpg,0,patches,44,12,98,66,train
/Users/christopherbrantner/local/projects/portfolio/surface-defect-classifier/results/chips/train/patches/patches_85_bb01.png,/Users/christopherbrantner/local/projects/portfolio/surface-defect-classifier/NEU-DET/train/images/patches/patches_85.jpg,1,patches,107,1,156,79,train
/Users/christopherbrantner/local/projects/portfolio/surface-defect-classifier/results/chips/train/patches/patches_86_bb00.png,/Users/christopherbrantner/local/projects/portfolio/surface-defect-classifier/NEU-DET/train/images/patches/patches_86.jpg,0,patches,40,37,145,150,train
/Users/christopherbrantner/local/projects/portfolio/surface-defect-classifier/results/chips/train/patches/patches_87_bb00.png,/Users/christopherbrantner/local/projects/portfolio/surface-defect-classifier/NEU-DET/train/images/patches/patches_87.jpg,0,patches,9,7,93,67,train
/Users/christopherbrantner/local/projects/portfolio/surface-defect-classifier/results/chips/train/patches/patches_87_bb01.png,/Users/christopherbrantner/local/projects/portfolio/surface-defect-classifier/NEU-DET/train/images/patches/patches_87.jpg,1,patches,106,26,154,102,train
/Users/christopherbrantner/local/projects/portfolio/surface-defect-classifier/results/chips/train/patches/patches_87_bb02.png,/Users/christopherbrantner/local/projects/portfolio/surface-defect-classifier/NEU-DET/train/images/patches/patches_87.jpg,2,patches,114,139,198,199,train
/Users/christopherbrantner/local/projects/portfolio/surface-defect-classifier/results/chips/train/patches/patches_87_bb03.png,/Users/christopherbrantner/local/projects/portfolio/surface-defect-classifier/NEU-DET/train/images/patches/patches_87.jpg,3,patches,156,27,200,103,train
/Users/christopherbrantner/local/projects/portfolio/surface-defect-classifier/results/chips/train/patches/patches_88_bb00.png,/Users/christopherbrantner/local/projects/portfolio/surface-defect-classifier/NEU-DET/train/images/patches/patches_88.jpg,0,patches,1,28,35,98,train
/Users/christopherbrantner/local/projects/portfolio/surface-defect-classifier/results/chips/train/patches/patches_88_bb01.png,/Users/christopherbrantner/local/projects/portfolio/surface-defect-classifier/NEU-DET/train/images/patches/patches_88.jpg,1,patches,39,45,117,102,train
/Users/christopherbrantner/local/projects/portfolio/surface-defect-classifier/results/chips/train/patches/patches_88_bb02.png,/Users/christopherbrantner/local/projects/portfolio/surface-defect-classifier/NEU-DET/train/images/patches/patches_88.jpg,2,patches,123,15,172,138,train
/Users/christopherbrantner/local/projects/portfolio/surface-defect-classifier/results/chips/train/patches/patches_88_bb03.png,/Users/christopherbrantner/local/projects/portfolio/surface-defect-classifier/NEU-DET/train/images/patches/patches_88.jpg,3,patches,1,138,87,200,train
/Users/christopherbrantner/local/projects/portfolio/surface-defect-classifier/results/chips/train/patches/patches_89_bb00.png,/Users/christopherbrantner/local/projects/portfolio/surface-defect-classifier/NEU-DET/train/images/patches/patches_89.jpg,0,patches,1,1,19,36,train
/Users/christopherbrantner/local/projects/portfolio/surface-defect-classifier/results/chips/train/patches/patches_89_bb01.png,/Users/christopherbrantner/local/projects/portfolio/surface-defect-classifier/NEU-DET/train/images/patches/patches_89.jpg,1,patches,29,5,70,70,train
/Users/christopherbrantner/local/projects/portfolio/surface-defect-classifier/results/chips/train/patches/patches_89_bb02.png,/Users/christopherbrantner/local/projects/portfolio/surface-defect-classifier/NEU-DET/train/images/patches/patches_89.jpg,2,patches,78,8,146,72,train
/Users/christopherbrantner/local/projects/portfolio/surface-defect-classifier/results/chips/train/patches/patches_89_bb03.png,/Users/christopherbrantner/local/projects/portfolio/surface-defect-classifier/NEU-DET/train/images/patches/patches_89.jpg,3,patches,156,1,198,115,train
/Users/christopherbrantner/local/projects/portfolio/surface-defect-classifier/results/chips/train/patches/patches_89_bb04.png,/Users/christopherbrantner/local/projects/portfolio/surface-defect-classifier/NEU-DET/train/images/patches/patches_89.jpg,4,patches,35,113,125,200,train
/Users/christopherbrantner/local/projects/portfolio/surface-defect-classifier/results/chips/train/patches/patches_89_bb05.png,/Users/christopherbrantner/local/projects/portfolio/surface-defect-classifier/NEU-DET/train/images/patches/patches_89.jpg,5,patches,173,172,200,200,train
/Users/christopherbrantner/local/projects/portfolio/surface-defect-classifier/results/chips/train/patches/patches_9_bb00.png,/Users/christopherbrantner/local/projects/portfolio/surface-defect-classifier/NEU-DET/train/images/patches/patches_9.jpg,0,patches,65,66,139,138,train
/Users/christopherbrantner/local/projects/portfolio/surface-defect-classifier/results/chips/train/patches/patches_90_bb00.png,/Users/christopherbrantner/local/projects/portfolio/surface-defect-classifier/NEU-DET/train/images/patches/patches_90.jpg,0,patches,69,7,162,200,train
/Users/christopherbrantner/local/projects/portfolio/surface-defect-classifier/results/chips/train/patches/patches_90_bb01.png,/Users/christopherbrantner/local/projects/portfolio/surface-defect-classifier/NEU-DET/train/images/patches/patches_90.jpg,1,patches,130,120,182,200,train
/Users/christopherbrantner/local/projects/portfolio/surface-defect-classifier/results/chips/train/patches/patches_90_bb02.png,/Users/christopherbrantner/local/projects/portfolio/surface-defect-classifier/NEU-DET/train/images/patches/patches_90.jpg,2,patches,20,103,73,161,train
/Users/christopherbrantner/local/projects/portfolio/surface-defect-classifier/results/chips/train/patches/patches_91_bb00.png,/Users/christopherbrantner/local/projects/portfolio/surface-defect-classifier/NEU-DET/train/images/patches/patches_91.jpg,0,patches,25,110,68,187,train
/Users/christopherbrantner/local/projects/portfolio/surface-defect-classifier/results/chips/train/patches/patches_91_bb01.png,/Users/christopherbrantner/local/projects/portfolio/surface-defect-classifier/NEU-DET/train/images/patches/patches_91.jpg,1,patches,1,126,21,200,train
/Users/christopherbrantner/local/projects/portfolio/surface-defect-classifier/results/chips/train/patches/patches_91_bb02.png,/Users/christopherbrantner/local/projects/portfolio/surface-defect-classifier/NEU-DET/train/images/patches/patches_91.jpg,2,patches,98,61,150,181,train
/Users/christopherbrantner/local/projects/portfolio/surface-defect-classifier/results/chips/train/patches/patches_91_bb03.png,/Users/christopherbrantner/local/projects/portfolio/surface-defect-classifier/NEU-DET/train/images/patches/patches_91.jpg,3,patches,1,1,52,28,train
/Users/christopherbrantner/local/projects/portfolio/surface-defect-classifier/results/chips/train/patches/patches_92_bb00.png,/Users/christopherbrantner/local/projects/portfolio/surface-defect-classifier/NEU-DET/train/images/patches/patches_92.jpg,0,patches,10,72,64,193,train
/Users/christopherbrantner/local/projects/portfolio/surface-defect-classifier/results/chips/train/patches/patches_92_bb01.png,/Users/christopherbrantner/local/projects/portfolio/surface-defect-classifier/NEU-DET/train/images/patches/patches_92.jpg,1,patches,98,30,171,125,train
/Users/christopherbrantner/local/projects/portfolio/surface-defect-classifier/results/chips/train/patches/patches_92_bb02.png,/Users/christopherbrantner/local/projects/portfolio/surface-defect-classifier/NEU-DET/train/images/patches/patches_92.jpg,2,patches,111,134,155,200,train
/Users/christopherbrantner/local/projects/portfolio/surface-defect-classifier/results/chips/train/patches/patches_92_bb03.png,/Users/christopherbrantner/local/projects/portfolio/surface-defect-classifier/NEU-DET/train/images/patches/patches_92.jpg,3,patches,1,1,23,66,train
/Users/christopherbrantner/local/projects/portfolio/surface-defect-classifier/results/chips/train/patches/patches_92_bb04.png,/Users/christopherbrantner/local/projects/portfolio/surface-defect-classifier/NEU-DET/train/images/patches/patches_92.jpg,4,patches,29,1,70,19,train
/Users/christopherbrantner/local/projects/portfolio/surface-defect-classifier/results/chips/train/patches/patches_92_bb05.png,/Users/christopherbrantner/local/projects/portfolio/surface-defect-classifier/NEU-DET/train/images/patches/patches_92.jpg,5,patches,112,1,153,18,train
/Users/christopherbrantner/local/projects/portfolio/surface-defect-classifier/results/chips/train/patches/patches_93_bb00.png,/Users/christopherbrantner/local/projects/portfolio/surface-defect-classifier/NEU-DET/train/images/patches/patches_93.jpg,0,patches,10,1,76,128,train
/Users/christopherbrantner/local/projects/portfolio/surface-defect-classifier/results/chips/train/patches/patches_93_bb01.png,/Users/christopherbrantner/local/projects/portfolio/surface-defect-classifier/NEU-DET/train/images/patches/patches_93.jpg,1,patches,81,9,127,82,train
/Users/christopherbrantner/local/projects/portfolio/surface-defect-classifier/results/chips/train/patches/patches_93_bb02.png,/Users/christopherbrantner/local/projects/portfolio/surface-defect-classifier/NEU-DET/train/images/patches/patches_93.jpg,2,patches,69,136,120,200,train
/Users/christopherbrantner/local/projects/portfolio/surface-defect-classifier/results/chips/train/patches/patches_93_bb03.png,/Users/christopherbrantner/local/projects/portfolio/surface-defect-classifier/NEU-DET/train/images/patches/patches_93.jpg,3,patches,157,101,200,200,train
/Users/christopherbrantner/local/projects/portfolio/surface-defect-classifier/results/chips/train/patches/patches_93_bb04.png,/Users/christopherbrantner/local/projects/portfolio/surface-defect-classifier/NEU-DET/train/images/patches/patches_93.jpg,4,patches,163,1,200,83,train
/Users/christopherbrantner/local/projects/portfolio/surface-defect-classifier/results/chips/train/patches/patches_94_bb00.png,/Users/christopherbrantner/local/projects/portfolio/surface-defect-classifier/NEU-DET/train/images/patches/patches_94.jpg,0,patches,85,73,120,127,train
/Users/christopherbrantner/local/projects/portfolio/surface-defect-classifier/results/chips/train/patches/patches_95_bb00.png,/Users/christopherbrantner/local/projects/portfolio/surface-defect-classifier/NEU-DET/train/images/patches/patches_95.jpg,0,patches,89,73,170,170,train
/Users/christopherbrantner/local/projects/portfolio/surface-defect-classifier/results/chips/train/patches/patches_95_bb01.png,/Users/christopherbrantner/local/projects/portfolio/surface-defect-classifier/NEU-DET/train/images/patches/patches_95.jpg,1,patches,43,74,94,145,train
/Users/christopherbrantner/local/projects/portfolio/surface-defect-classifier/results/chips/train/patches/patches_95_bb02.png,/Users/christopherbrantner/local/projects/portfolio/surface-defect-classifier/NEU-DET/train/images/patches/patches_95.jpg,2,patches,174,97,200,158,train
/Users/christopherbrantner/local/projects/portfolio/surface-defect-classifier/results/chips/train/patches/patches_96_bb00.png,/Users/christopherbrantner/local/projects/portfolio/surface-defect-classifier/NEU-DET/train/images/patches/patches_96.jpg,0,patches,67,51,143,165,train
/Users/christopherbrantner/local/projects/portfolio/surface-defect-classifier/results/chips/train/patches/patches_97_bb00.png,/Users/christopherbrantner/local/projects/portfolio/surface-defect-classifier/NEU-DET/train/images/patches/patches_97.jpg,0,patches,75,51,133,145,train
/Users/christopherbrantner/local/projects/portfolio/surface-defect-classifier/results/chips/train/patches/patches_97_bb01.png,/Users/christopherbrantner/local/projects/portfolio/surface-defect-classifier/NEU-DET/train/images/patches/patches_97.jpg,1,patches,90,146,130,193,train
/Users/christopherbrantner/local/projects/portfolio/surface-defect-classifier/results/chips/train/patches/patches_98_bb00.png,/Users/christopherbrantner/local/projects/portfolio/surface-defect-classifier/NEU-DET/train/images/patches/patches_98.jpg,0,patches,15,68,106,185,train
/Users/christopherbrantner/local/projects/portfolio/surface-defect-classifier/results/chips/train/patches/patches_98_bb01.png,/Users/christopherbrantner/local/projects/portfolio/surface-defect-classifier/NEU-DET/train/images/patches/patches_98.jpg,1,patches,100,94,172,191,train
/Users/christopherbrantner/local/projects/portfolio/surface-defect-classifier/results/chips/train/patches/patches_99_bb00.png,/Users/christopherbrantner/local/projects/portfolio/surface-defect-classifier/NEU-DET/train/images/patches/patches_99.jpg,0,patches,17,1,94,53,train
/Users/christopherbrantner/local/projects/portfolio/surface-defect-classifier/results/chips/train/patches/patches_99_bb01.png,/Users/christopherbrantner/local/projects/portfolio/surface-defect-classifier/NEU-DET/train/images/patches/patches_99.jpg,1,patches,29,133,79,200,train
/Users/christopherbrantner/local/projects/portfolio/surface-defect-classifier/results/chips/train/patches/patches_99_bb02.png,/Users/christopherbrantner/local/projects/portfolio/surface-defect-classifier/NEU-DET/train/images/patches/patches_99.jpg,2,patches,110,45,165,199,train
/Users/christopherbrantner/local/projects/portfolio/surface-defect-classifier/results/chips/train/patches/patches_99_bb03.png,/Users/christopherbrantner/local/projects/portfolio/surface-defect-classifier/NEU-DET/train/images/patches/patches_99.jpg,3,patches,105,1,156,58,train
/Users/christopherbrantner/local/projects/portfolio/surface-defect-classifier/results/chips/train/pitted_surface/pitted_surface_1_bb00.png,/Users/christopherbrantner/local/projects/portfolio/surface-defect-classifier/NEU-DET/train/images/pitted_surface/pitted_surface_1.jpg,0,pitted_surface,21,2,92,196,train
/Users/christopherbrantner/local/projects/portfolio/surface-defect-classifier/results/chips/train/pitted_surface/pitted_surface_1_bb01.png,/Users/christopherbrantner/local/projects/portfolio/surface-defect-classifier/NEU-DET/train/images/pitted_surface/pitted_surface_1.jpg,1,pitted_surface,85,3,188,195,train
/Users/christopherbrantner/local/projects/portfolio/surface-defect-classifier/results/chips/train/pitted_surface/pitted_surface_10_bb00.png,/Users/christopherbrantner/local/projects/portfolio/surface-defect-classifier/NEU-DET/train/images/pitted_surface/pitted_surface_10.jpg,0,pitted_surface,5,56,195,194,train
/Users/christopherbrantner/local/projects/portfolio/surface-defect-classifier/results/chips/train/pitted_surface/pitted_surface_100_bb00.png,/Users/christopherbrantner/local/projects/portfolio/surface-defect-classifier/NEU-DET/train/images/pitted_surface/pitted_surface_100.jpg,0,pitted_surface,60,6,198,198,train
/Users/christopherbrantner/local/projects/portfolio/surface-defect-classifier/results/chips/train/pitted_surface/pitted_surface_100_bb01.png,/Users/christopherbrantner/local/projects/portfolio/surface-defect-classifier/NEU-DET/train/images/pitted_surface/pitted_surface_100.jpg,1,pitted_surface,2,2,50,194,train
/Users/christopherbrantner/local/projects/portfolio/surface-defect-classifier/results/chips/train/pitted_surface/pitted_surface_101_bb00.png,/Users/christopherbrantner/local/projects/portfolio/surface-defect-classifier/NEU-DET/train/images/pitted_surface/pitted_surface_101.jpg,0,pitted_surface,76,1,153,173,train
/Users/christopherbrantner/local/projects/portfolio/surface-defect-classifier/results/chips/train/pitted_surface/pitted_surface_101_bb01.png,/Users/christopherbrantner/local/projects/portfolio/surface-defect-classifier/NEU-DET/train/images/pitted_surface/pitted_surface_101.jpg,1,pitted_surface,77,176,138,200,train
/Users/christopherbrantner/local/projects/portfolio/surface-defect-classifier/results/chips/train/pitted_surface/pitted_surface_101_bb02.png,/Users/christopherbrantner/local/projects/portfolio/surface-defect-classifier/NEU-DET/train/images/pitted_surface/pitted_surface_101.jpg,2,pitted_surface,155,104,200,198,train
/Users/christopherbrantner/local/projects/portfolio/surface-defect-classifier/results/chips/train/pitted_surface/pitted_surface_101_bb03.png,/Users/christopherbrantner/local/projects/portfolio/surface-defect-classifier/NEU-DET/train/images/pitted_surface/pitted_surface_101.jpg,3,pitted_surface,168,1,200,30,train
/Users/christopherbrantner/local/projects/portfolio/surface-defect-classifier/results/chips/train/pitted_surface/pitted_surface_102_bb00.png,/Users/christopherbrantner/local/projects/portfolio/surface-defect-classifier/NEU-DET/train/images/pitted_surface/pitted_surface_102.jpg,0,pitted_surface,144,1,190,20,train
/Users/christopherbrantner/local/projects/portfolio/surface-defect-classifier/results/chips/train/pitted_surface/pitted_surface_102_bb01.png,/Users/christopherbrantner/local/projects/portfolio/surface-defect-classifier/NEU-DET/train/images/pitted_surface/pitted_surface_102.jpg,1,pitted_surface,161,17,199,153,train
/Users/christopherbrantner/local/projects/portfolio/surface-defect-classifier/results/chips/train/pitted_surface/pitted_surface_102_bb02.png,/Users/christopherbrantner/local/projects/portfolio/surface-defect-classifier/NEU-DET/train/images/pitted_surface/pitted_surface_102.jpg,2,pitted_surface,156,158,200,199,train
/Users/christopherbrantner/local/projects/portfolio/surface-defect-classifier/results/chips/train/pitted_surface/pitted_surface_102_bb03.png,/Users/christopherbrantner/local/projects/portfolio/surface-defect-classifier/NEU-DET/train/images/pitted_surface/pitted_surface_102.jpg,3,pitted_surface,88,1,147,198,train
/Users/christopherbrantner/local/projects/portfolio/surface-defect-classifier/results/chips/train/pitted_surface/pitted_surface_102_bb04.png,/Users/christopherbrantner/local/projects/portfolio/surface-defect-classifier/NEU-DET/train/images/pitted_surface/pitted_surface_102.jpg,4,pitted_surface,5,11,72,192,train
/Users/christopherbrantner/local/projects/portfolio/surface-defect-classifier/results/chips/train/pitted_surface/pitted_surface_103_bb00.png,/Users/christopherbrantner/local/projects/portfolio/surface-defect-classifier/NEU-DET/train/images/pitted_surface/pitted_surface_103.jpg,0,pitted_surface,17,3,95,140,train
/Users/christopherbrantner/local/projects/portfolio/surface-defect-classifier/results/chips/train/pitted_surface/pitted_surface_103_bb01.png,/Users/christopherbrantner/local/projects/portfolio/surface-defect-classifier/NEU-DET/train/images/pitted_surface/pitted_surface_103.jpg,1,pitted_surface,111,1,195,189,train
/Users/christopherbrantner/local/projects/portfolio/surface-defect-classifier/results/chips/train/pitted_surface/pitted_surface_104_bb00.png,/Users/christopherbrantner/local/projects/portfolio/surface-defect-classifier/NEU-DET/train/images/pitted_surface/pitted_surface_104.jpg,0,pitted_surface,3,1,138,185,train
/Users/christopherbrantner/local/projects/portfolio/surface-defect-classifier/results/chips/train/pitted_surface/pitted_surface_105_bb00.png,/Users/christopherbrantner/local/projects/portfolio/surface-defect-classifier/NEU-DET/train/images/pitted_surface/pitted_surface_105.jpg,0,pitted_surface,1,1,129,188,train
/Users/christopherbrantner/local/projects/portfolio/surface-defect-classifier/results/chips/train/pitted_surface/pitted_surface_106_bb00.png,/Users/christopherbrantner/local/projects/portfolio/surface-defect-classifier/NEU-DET/train/images/pitted_surface/pitted_surface_106.jpg,0,pitted_surface,82,2,197,199,train
/Users/christopherbrantner/local/projects/portfolio/surface-defect-classifier/results/chips/train/pitted_surface/pitted_surface_107_bb00.png,/Users/christopherbrantner/local/projects/portfolio/surface-defect-classifier/NEU-DET/train/images/pitted_surface/pitted_surface_107.jpg,0,pitted_surface,26,2,188,200,train
/Users/christopherbrantner/local/projects/portfolio/surface-defect-classifier/results/chips/train/pitted_surface/pitted_surface_108_bb00.png,/Users/christopherbrantner/local/projects/portfolio/surface-defect-classifier/NEU-DET/train/images/pitted_surface/pitted_surface_108.jpg,0,pitted_surface,48,55,170,199,train
/Users/christopherbrantner/local/projects/portfolio/surface-defect-classifier/results/chips/train/pitted_surface/pitted_surface_109_bb00.png,/Users/christopherbrantner/local/projects/portfolio/surface-defect-classifier/NEU-DET/train/images/pitted_surface/pitted_surface_109.jpg,0,pitted_surface,25,2,143,199,train
/Users/christopherbrantner/local/projects/portfolio/surface-defect-classifier/results/chips/train/pitted_surface/pitted_surface_109_bb01.png,/Users/christopherbrantner/local/projects/portfolio/surface-defect-classifier/NEU-DET/train/images/pitted_surface/pitted_surface_109.jpg,1,pitted_surface,152,1,195,199,train
/Users/christopherbrantner/local/projects/portfolio/surface-defect-classifier/results/chips/train/pitted_surface/pitted_surface_11_bb00.png,/Users/christopherbrantner/local/projects/portfolio/surface-defect-classifier/NEU-DET/train/images/pitted_surface/pitted_surface_11.jpg,0,pitted_surface,2,37,178,197,train
/Users/christopherbrantner/local/projects/portfolio/surface-defect-classifier/results/chips/train/pitted_surface/pitted_surface_110_bb00.png,/Users/christopherbrantner/local/projects/portfolio/surface-defect-classifier/NEU-DET/train/images/pitted_surface/pitted_surface_110.jpg,0,pitted_surface,6,1,34,199,train
/Users/christopherbrantner/local/projects/portfolio/surface-defect-classifier/results/chips/train/pitted_surface/pitted_surface_110_bb01.png,/Users/christopherbrantner/local/projects/portfolio/surface-defect-classifier/NEU-DET/train/images/pitted_surface/pitted_surface_110.jpg,1,pitted_surface,26,57,196,200,train
/Users/christopherbrantner/local/projects/portfolio/surface-defect-classifier/results/chips/train/pitted_surface/pitted_surface_111_bb00.png,/Users/christopherbrantner/local/projects/portfolio/surface-defect-classifier/NEU-DET/train/images/pitted_surface/pitted_surface_111.jpg,0,pitted_surface,6,18,171,196,train
/Users/christopherbrantner/local/projects/portfolio/surface-defect-classifier/results/chips/train/pitted_surface/pitted_surface_111_bb01.png,/Users/christopherbrantner/local/projects/portfolio/surface-defect-classifier/NEU-DET/train/images/pitted_surface/pitted_surface_111.jpg,1,pitted_surface,53,8,177,89,train
/Users/christopherbrantner/local/projects/portfolio/surface-defect-classifier/results/chips/train/pitted_surface/pitted_surface_112_bb00.png,/Users/christopherbrantner/local/projects/portfolio/surface-defect-classifier/NEU-DET/train/images/pitted_surface/pitted_surface_112.jpg,0,pitted_surface,9,25,63,191,train
/Users/christopherbrantner/local/projects/portfolio/surface-defect-classifier/results/chips/train/pitted_surface/pitted_surface_112_bb01.png,/Users/christopherbrantner/local/projects/portfolio/surface-defect-classifier/NEU-DET/train/images/pitted_surface/pitted_surface_112.jpg,1,pitted_surface,70,104,131,181,train
/Users/christopherbrantner/local/projects/portfolio/surface-defect-classifier/results/chips/train/pitted_surface/pitted_surface_112_bb02.png,/Users/christopherbrantner/local/projects/portfolio/surface-defect-classifier/NEU-DET/train/images/pitted_surface/pitted_surface_112.jpg,2,pitted_surface,55,39,189,96,train
/Users/christopherbrantner/local/projects/portfolio/surface-defect-classifier/results/chips/train/pitted_surface/pitted_surface_112_bb03.png,/Users/christopherbrantner/local/projects/portfolio/surface-defect-classifier/NEU-DET/train/images/pitted_surface/pitted_surface_112.jpg,3,pitted_surface,159,86,197,197,train
/Users/christopherbrantner/local/projects/portfolio/surface-defect-classifier/results/chips/train/pitted_surface/pitted_surface_113_bb00.png,/Users/christopherbrantner/local/projects/portfolio/surface-defect-classifier/NEU-DET/train/images/pitted_surface/pitted_surface_113.jpg,0,pitted_surface,35,3,138,198,train
/Users/christopherbrantner/local/projects/portfolio/surface-defect-classifier/results/chips/train/pitted_surface/pitted_surface_113_bb01.png,/Users/christopherbrantner/local/projects/portfolio/surface-defect-classifier/NEU-DET/train/images/pitted_surface/pitted_surface_113.jpg,1,pitted_surface,168,1,198,185,train
/Users/christopherbrantner/local/projects/portfolio/surface-defect-classifier/results/chips/train/pitted_surface/pitted_surface_114_bb00.png,/Users/christopherbrantner/local/projects/portfolio/surface-defect-classifier/NEU-DET/train/images/pitted_surface/pitted_surface_114.jpg,0,pitted_surface,1,1,54,189,train
/Users/christopherbrantner/local/projects/portfolio/surface-defect-classifier/results/chips/train/pitted_surface/pitted_surface_114_bb01.png,/Users/christopherbrantner/local/projects/portfolio/surface-defect-classifier/NEU-DET/train/images/pitted_surface/pitted_surface_114.jpg,1,pitted_surface,78,1,119,197,train
/Users/christopherbrantner/local/projects/portfolio/surface-defect-classifier/results/chips/train/pitted_surface/pitted_surface_114_bb02.png,/Users/christopherbrantner/local/projects/portfolio/surface-defect-classifier/NEU-DET/train/images/pitted_surface/pitted_surface_114.jpg,2,pitted_surface,123,1,197,75,train
/Users/christopherbrantner/local/projects/portfolio/surface-defect-classifier/results/chips/train/pitted_surface/pitted_surface_115_bb00.png,/Users/christopherbrantner/local/projects/portfolio/surface-defect-classifier/NEU-DET/train/images/pitted_surface/pitted_surface_115.jpg,0,pitted_surface,91,1,200,199,train
/Users/christopherbrantner/local/projects/portfolio/surface-defect-classifier/results/chips/train/pitted_surface/pitted_surface_115_bb01.png,/Users/christopherbrantner/local/projects/portfolio/surface-defect-classifier/NEU-DET/train/images/pitted_surface/pitted_surface_115.jpg,1,pitted_surface,1,1,101,73,train
/Users/christopherbrantner/local/projects/portfolio/surface-defect-classifier/results/chips/train/pitted_surface/pitted_surface_116_bb00.png,/Users/christopherbrantner/local/projects/portfolio/surface-defect-classifier/NEU-DET/train/images/pitted_surface/pitted_surface_116.jpg,0,pitted_surface,4,1,183,200,train
/Users/christopherbrantner/local/projects/portfolio/surface-defect-classifier/results/chips/train/pitted_surface/pitted_surface_116_bb01.png,/Users/christopherbrantner/local/projects/portfolio/surface-defect-classifier/NEU-DET/train/images/pitted_surface/pitted_surface_116.jpg,1,pitted_surface,170,54,200,199,train
/Users/christopherbrantner/local/projects/portfolio/surface-defect-classifier/results/chips/train/pitted_surface/pitted_surface_117_bb00.png,/Users/christopherbrantner/local/projects/portfolio/surface-defect-classifier/NEU-DET/train/images/pitted_surface/pitted_surface_117.jpg,0,pitted_surface,88,9,200,198,train
/Users/christopherbrantner/local/projects/portfolio/surface-defect-classifier/results/chips/train/pitted_surface/pitted_surface_117_bb01.png,/Users/christopherbrantner/local/projects/portfolio/surface-defect-classifier/NEU-DET/train/images/pitted_surface/pitted_surface_117.jpg,1,pitted_surface,20,139,107,199,train
/Users/christopherbrantner/local/projects/portfolio/surface-defect-classifier/results/chips/train/pitted_surface/pitted_surface_117_bb02.png,/Users/christopherbrantner/local/projects/portfolio/surface-defect-classifier/NEU-DET/train/images/pitted_surface/pitted_surface_117.jpg,2,pitted_surface,14,18,90,197,train
/Users/christopherbrantner/local/projects/portfolio/surface-defect-classifier/results/chips/train/pitted_surface/pitted_surface_118_bb00.png,/Users/christopherbrantner/local/projects/portfolio/surface-defect-classifier/NEU-DET/train/images/pitted_surface/pitted_surface_118.jpg,0,pitted_surface,23,1,184,195,train
/Users/christopherbrantner/local/projects/portfolio/surface-defect-classifier/results/chips/train/pitted_surface/pitted_surface_118_bb01.png,/Users/christopherbrantner/local/projects/portfolio/surface-defect-classifier/NEU-DET/train/images/pitted_surface/pitted_surface_118.jpg,1,pitted_surface,1,168,27,200,train
/Users/christopherbrantner/local/projects/portfolio/surface-defect-classifier/results/chips/train/pitted_surface/pitted_surface_119_bb00.png,/Users/christopherbrantner/local/projects/portfolio/surface-defect-classifier/NEU-DET/train/images/pitted_surface/pitted_surface_119.jpg,0,pitted_surface,6,1,129,194,train
/Users/christopherbrantner/local/projects/portfolio/surface-defect-classifier/results/chips/train/pitted_surface/pitted_surface_119_bb01.png,/Users/christopherbrantner/local/projects/portfolio/surface-defect-classifier/NEU-DET/train/images/pitted_surface/pitted_surface_119.jpg,1,pitted_surface,160,2,196,164,train
/Users/christopherbrantner/local/projects/portfolio/surface-defect-classifier/results/chips/train/pitted_surface/pitted_surface_12_bb00.png,/Users/christopherbrantner/local/projects/portfolio/surface-defect-classifier/NEU-DET/train/images/pitted_surface/pitted_surface_12.jpg,0,pitted_surface,2,1,195,195,train
/Users/christopherbrantner/local/projects/portfolio/surface-defect-classifier/results/chips/train/pitted_surface/pitted_surface_120_bb00.png,/Users/christopherbrantner/local/projects/portfolio/surface-defect-classifier/NEU-DET/train/images/pitted_surface/pitted_surface_120.jpg,0,pitted_surface,1,1,72,198,train
/Users/christopherbrantner/local/projects/portfolio/surface-defect-classifier/results/chips/train/pitted_surface/pitted_surface_120_bb01.png,/Users/christopherbrantner/local/projects/portfolio/surface-defect-classifier/NEU-DET/train/images/pitted_surface/pitted_surface_120.jpg,1,pitted_surface,79,1,160,197,train
/Users/christopherbrantner/local/projects/portfolio/surface-defect-classifier/results/chips/train/pitted_surface/pitted_surface_121_bb00.png,/Users/christopherbrantner/local/projects/portfolio/surface-defect-classifier/NEU-DET/train/images/pitted_surface/pitted_surface_121.jpg,0,pitted_surface,16,4,95,195,train
/Users/christopherbrantner/local/projects/portfolio/surface-defect-classifier/results/chips/train/pitted_surface/pitted_surface_121_bb01.png,/Users/christopherbrantner/local/projects/portfolio/surface-defect-classifier/NEU-DET/train/images/pitted_surface/pitted_surface_121.jpg,1,pitted_surface,121,1,200,197,train
/Users/christopherbrantner/local/projects/portfolio/surface-defect-classifier/results/chips/train/pitted_surface/pitted_surface_122_bb00.png,/Users/christopherbrantner/local/projects/portfolio/surface-defect-classifier/NEU-DET/train/images/pitted_surface/pitted_surface_122.jpg,0,pitted_surface,19,1,169,174,train
/Users/christopherbrantner/local/projects/portfolio/surface-defect-classifier/results/chips/train/pitted_surface/pitted_surface_122_bb01.png,/Users/christopherbrantner/local/projects/portfolio/surface-defect-classifier/NEU-DET/train/images/pitted_surface/pitted_surface_122.jpg,1,pitted_surface,177,23,200,117,train
/Users/christopherbrantner/local/projects/portfolio/surface-defect-classifier/results/chips/train/pitted_surface/pitted_surface_122_bb02.png,/Users/christopherbrantner/local/projects/portfolio/surface-defect-classifier/NEU-DET/train/images/pitted_surface/pitted_surface_122.jpg,2,pitted_surface,173,154,200,199,train
/Users/christopherbrantner/local/projects/portfolio/surface-defect-classifier/results/chips/train/pitted_surface/pitted_surface_123_bb00.png,/Users/christopherbrantner/local/projects/portfolio/surface-defect-classifier/NEU-DET/train/images/pitted_surface/pitted_surface_123.jpg,0,pitted_surface,67,1,189,195,train
/Users/christopherbrantner/local/projects/portfolio/surface-defect-classifier/results/chips/train/pitted_surface/pitted_surface_124_bb00.png,/Users/christopherbrantner/local/projects/portfolio/surface-defect-classifier/NEU-DET/train/images/pitted_surface/pitted_surface_124.jpg,0,pitted_surface,1,1,103,135,train
/Users/christopherbrantner/local/projects/portfolio/surface-defect-classifier/results/chips/train/pitted_surface/pitted_surface_124_bb01.png,/Users/christopherbrantner/local/projects/portfolio/surface-defect-classifier/NEU-DET/train/images/pitted_surface/pitted_surface_124.jpg,1,pitted_surface,117,1,195,54,train
/Users/christopherbrantner/local/projects/portfolio/surface-defect-classifier/results/chips/train/pitted_surface/pitted_surface_125_bb00.png,/Users/christopherbrantner/local/projects/portfolio/surface-defect-classifier/NEU-DET/train/images/pitted_surface/pitted_surface_125.jpg,0,pitted_surface,136,2,198,197,train
/Users/christopherbrantner/local/projects/portfolio/surface-defect-classifier/results/chips/train/pitted_surface/pitted_surface_125_bb01.png,/Users/christopherbrantner/local/projects/portfolio/surface-defect-classifier/NEU-DET/train/images/pitted_surface/pitted_surface_125.jpg,1,pitted_surface,4,2,130,111,train
/Users/christopherbrantner/local/projects/portfolio/surface-defect-classifier/results/chips/train/pitted_surface/pitted_surface_126_bb00.png,/Users/christopherbrantner/local/projects/portfolio/surface-defect-classifier/NEU-DET/train/images/pitted_surface/pitted_surface_126.jpg,0,pitted_surface,1,2,193,185,train
/Users/christopherbrantner/local/projects/portfolio/surface-defect-classifier/results/chips/train/pitted_surface/pitted_surface_126_bb01.png,/Users/christopherbrantner/local/projects/portfolio/surface-defect-classifier/NEU-DET/train/images/pitted_surface/pitted_surface_126.jpg,1,pitted_surface,1,121,42,195,train
/Users/christopherbrantner/local/projects/portfolio/surface-defect-classifier/results/chips/train/pitted_surface/pitted_surface_127_bb00.png,/Users/christopherbrantner/local/projects/portfolio/surface-defect-classifier/NEU-DET/train/images/pitted_surface/pitted_surface_127.jpg,0,pitted_surface,4,2,81,191,train
/Users/christopherbrantner/local/projects/portfolio/surface-defect-classifier/results/chips/train/pitted_surface/pitted_surface_127_bb01.png,/Users/christopherbrantner/local/projects/portfolio/surface-defect-classifier/NEU-DET/train/images/pitted_surface/pitted_surface_127.jpg,1,pitted_surface,90,2,194,192,train
/Users/christopherbrantner/local/projects/portfolio/surface-defect-classifier/results/chips/train/pitted_surface/pitted_surface_128_bb00.png,/Users/christopherbrantner/local/projects/portfolio/surface-defect-classifier/NEU-DET/train/images/pitted_surface/pitted_surface_128.jpg,0,pitted_surface,73,2,185,181,train
/Users/christopherbrantner/local/projects/portfolio/surface-defect-classifier/results/chips/train/pitted_surface/pitted_surface_129_bb00.png,/Users/christopherbrantner/local/projects/portfolio/surface-defect-classifier/NEU-DET/train/images/pitted_surface/pitted_surface_129.jpg,0,pitted_surface,1,1,78,200,train
/Users/christopherbrantner/local/projects/portfolio/surface-defect-classifier/results/chips/train/pitted_surface/pitted_surface_129_bb01.png,/Users/christopherbrantner/local/projects/portfolio/surface-defect-classifier/NEU-DET/train/images/pitted_surface/pitted_surface_129.jpg,1,pitted_surface,144,98,200,200,train
/Users/christopherbrantner/local/projects/portfolio/surface-defect-classifier/results/chips/train/pitted_surface/pitted_surface_129_bb02.png,/Users/christopherbrantner/local/projects/portfolio/surface-defect-classifier/NEU-DET/train/images/pitted_surface/pitted_surface_129.jpg,2,pitted_surface,82,1,184,187,train
/Users/christopherbrantner/local/projects/portfolio/surface-defect-classifier/results/chips/train/pitted_surface/pitted_surface_13_bb00.png,/Users/christopherbrantner/local/projects/portfolio/surface-defect-classifier/NEU-DET/train/images/pitted_surface/pitted_surface_13.jpg,0,pitted_surface,1,2,70,198,train
/Users/christopherbrantner/local/projects/portfolio/surface-defect-classifier/results/chips/train/pitted_surface/pitted_surface_13_bb01.png,/Users/christopherbrantner/local/projects/portfolio/surface-defect-classifier/NEU-DET/train/images/pitted_surface/pitted_surface_13.jpg,1,pitted_surface,153,3,200,177,train
/Users/christopherbrantner/local/projects/portfolio/surface-defect-classifier/results/chips/train/pitted_surface/pitted_surface_130_bb00.png,/Users/christopherbrantner/local/projects/portfolio/surface-defect-classifier/NEU-DET/train/images/pitted_surface/pitted_surface_130.jpg,0,pitted_surface,24,38,147,195,train
/Users/christopherbrantner/local/projects/portfolio/surface-defect-classifier/results/chips/train/pitted_surface/pitted_surface_130_bb01.png,/Users/christopherbrantner/local/projects/portfolio/surface-defect-classifier/NEU-DET/train/images/pitted_surface/pitted_surface_130.jpg,1,pitted_surface,171,1,199,198,train
/Users/christopherbrantner/local/projects/portfolio/surface-defect-classifier/results/chips/train/pitted_surface/pitted_surface_131_bb00.png,/Users/christopherbrantner/local/projects/portfolio/surface-defect-classifier/NEU-DET/train/images/pitted_surface/pitted_surface_131.jpg,0,pitted_surface,62,21,177,188,train
/Users/christopherbrantner/local/projects/portfolio/surface-defect-classifier/results/chips/train/pitted_surface/pitted_surface_132_bb00.png,/Users/christopherbrantner/local/projects/portfolio/surface-defect-classifier/NEU-DET/train/images/pitted_surface/pitted_surface_132.jpg,0,pitted_surface,58,1,175,190,train
/Users/christopherbrantner/local/projects/portfolio/surface-defect-classifier/results/chips/train/pitted_surface/pitted_surface_133_bb00.png,/Users/christopherbrantner/local/projects/portfolio/surface-defect-classifier/NEU-DET/train/images/pitted_surface/pitted_surface_133.jpg,0,pitted_surface,31,1,165,151,train
/Users/christopherbrantner/local/projects/portfolio/surface-defect-classifier/results/chips/train/pitted_surface/pitted_surface_134_bb00.png,/Users/christopherbrantner/local/projects/portfolio/surface-defect-classifier/NEU-DET/train/images/pitted_surface/pitted_surface_134.jpg,0,pitted_surface,1,1,166,118,train
/Users/christopherbrantner/local/projects/portfolio/surface-defect-classifier/results/chips/train/pitted_surface/pitted_surface_135_bb00.png,/Users/christopherbrantner/local/projects/portfolio/surface-defect-classifier/NEU-DET/train/images/pitted_surface/pitted_surface_135.jpg,0,pitted_surface,1,2,86,193,train
/Users/christopherbrantner/local/projects/portfolio/surface-defect-classifier/results/chips/train/pitted_surface/pitted_surface_135_bb01.png,/Users/christopherbrantner/local/projects/portfolio/surface-defect-classifier/NEU-DET/train/images/pitted_surface/pitted_surface_135.jpg,1,pitted_surface,112,1,199,198,train
/Users/christopherbrantner/local/projects/portfolio/surface-defect-classifier/results/chips/train/pitted_surface/pitted_surface_136_bb00.png,/Users/christopherbrantner/local/projects/portfolio/surface-defect-classifier/NEU-DET/train/images/pitted_surface/pitted_surface_136.jpg,0,pitted_surface,1,1,200,198,train
/Users/christopherbrantner/local/projects/portfolio/surface-defect-classifier/results/chips/train/pitted_surface/pitted_surface_137_bb00.png,/Users/christopherbrantner/local/projects/portfolio/surface-defect-classifier/NEU-DET/train/images/pitted_surface/pitted_surface_137.jpg,0,pitted_surface,2,3,99,195,train
/Users/christopherbrantner/local/projects/portfolio/surface-defect-classifier/results/chips/train/pitted_surface/pitted_surface_137_bb01.png,/Users/christopherbrantner/local/projects/portfolio/surface-defect-classifier/NEU-DET/train/images/pitted_surface/pitted_surface_137.jpg,1,pitted_surface,152,3,198,196,train
/Users/christopherbrantner/local/projects/portfolio/surface-defect-classifier/results/chips/train/pitted_surface/pitted_surface_138_bb00.png,/Users/christopherbrantner/local/projects/portfolio/surface-defect-classifier/NEU-DET/train/images/pitted_surface/pitted_surface_138.jpg,0,pitted_surface,10,1,200,198,train
/Users/christopherbrantner/local/projects/portfolio/surface-defect-classifier/results/chips/train/pitted_surface/pitted_surface_139_bb00.png,/Users/christopherbrantner/local/projects/portfolio/surface-defect-classifier/NEU-DET/train/images/pitted_surface/pitted_surface_139.jpg,0,pitted_surface,1,3,195,195,train
/Users/christopherbrantner/local/projects/portfolio/surface-defect-classifier/results/chips/train/pitted_surface/pitted_surface_14_bb00.png,/Users/christopherbrantner/local/projects/portfolio/surface-defect-classifier/NEU-DET/train/images/pitted_surface/pitted_surface_14.jpg,0,pitted_surface,2,2,195,197,train
/Users/christopherbrantner/local/projects/portfolio/surface-defect-classifier/results/chips/train/pitted_surface/pitted_surface_140_bb00.png,/Users/christopherbrantner/local/projects/portfolio/surface-defect-classifier/NEU-DET/train/images/pitted_surface/pitted_surface_140.jpg,0,pitted_surface,106,1,200,197,train
/Users/christopherbrantner/local/projects/portfolio/surface-defect-classifier/results/chips/train/pitted_surface/pitted_surface_140_bb01.png,/Users/christopherbrantner/local/projects/portfolio/surface-defect-classifier/NEU-DET/train/images/pitted_surface/pitted_surface_140.jpg,1,pitted_surface,2,1,73,193,train
/Users/christopherbrantner/local/projects/portfolio/surface-defect-classifier/results/chips/train/pitted_surface/pitted_surface_141_bb00.png,/Users/christopherbrantner/local/projects/portfolio/surface-defect-classifier/NEU-DET/train/images/pitted_surface/pitted_surface_141.jpg,0,pitted_surface,1,1,198,200,train
/Users/christopherbrantner/local/projects/portfolio/surface-defect-classifier/results/chips/train/pitted_surface/pitted_surface_142_bb00.png,/Users/christopherbrantner/local/projects/portfolio/surface-defect-classifier/NEU-DET/train/images/pitted_surface/pitted_surface_142.jpg,0,pitted_surface,4,1,196,196,train
/Users/christopherbrantner/local/projects/portfolio/surface-defect-classifier/results/chips/train/pitted_surface/pitted_surface_143_bb00.png,/Users/christopherbrantner/local/projects/portfolio/surface-defect-classifier/NEU-DET/train/images/pitted_surface/pitted_surface_143.jpg,0,pitted_surface,95,1,200,199,train
/Users/christopherbrantner/local/projects/portfolio/surface-defect-classifier/results/chips/train/pitted_surface/pitted_surface_144_bb00.png,/Users/christopherbrantner/local/projects/portfolio/surface-defect-classifier/NEU-DET/train/images/pitted_surface/pitted_surface_144.jpg,0,pitted_surface,1,1,199,199,train
/Users/christopherbrantner/local/projects/portfolio/surface-defect-classifier/results/chips/train/pitted_surface/pitted_surface_145_bb00.png,/Users/christopherbrantner/local/projects/portfolio/surface-defect-classifier/NEU-DET/train/images/pitted_surface/pitted_surface_145.jpg,0,pitted_surface,1,1,199,197,train
/Users/christopherbrantner/local/projects/portfolio/surface-defect-classifier/results/chips/train/pitted_surface/pitted_surface_146_bb00.png,/Users/christopherbrantner/local/projects/portfolio/surface-defect-classifier/NEU-DET/train/images/pitted_surface/pitted_surface_146.jpg,0,pitted_surface,2,5,195,195,train
/Users/christopherbrantner/local/projects/portfolio/surface-defect-classifier/results/chips/train/pitted_surface/pitted_surface_147_bb00.png,/Users/christopherbrantner/local/projects/portfolio/surface-defect-classifier/NEU-DET/train/images/pitted_surface/pitted_surface_147.jpg,0,pitted_surface,2,1,199,199,train
/Users/christopherbrantner/local/projects/portfolio/surface-defect-classifier/results/chips/train/pitted_surface/pitted_surface_148_bb00.png,/Users/christopherbrantner/local/projects/portfolio/surface-defect-classifier/NEU-DET/train/images/pitted_surface/pitted_surface_148.jpg,0,pitted_surface,51,7,136,198,train
/Users/christopherbrantner/local/projects/portfolio/surface-defect-classifier/results/chips/train/pitted_surface/pitted_surface_148_bb01.png,/Users/christopherbrantner/local/projects/portfolio/surface-defect-classifier/NEU-DET/train/images/pitted_surface/pitted_surface_148.jpg,1,pitted_surface,2,66,57,171,train
/Users/christopherbrantner/local/projects/portfolio/surface-defect-classifier/results/chips/train/pitted_surface/pitted_surface_148_bb02.png,/Users/christopherbrantner/local/projects/portfolio/surface-defect-classifier/NEU-DET/train/images/pitted_surface/pitted_surface_148.jpg,2,pitted_surface,138,146,197,199,train
/Users/christopherbrantner/local/projects/portfolio/surface-defect-classifier/results/chips/train/pitted_surface/pitted_surface_148_bb03.png,/Users/christopherbrantner/local/projects/portfolio/surface-defect-classifier/NEU-DET/train/images/pitted_surface/pitted_surface_148.jpg,3,pitted_surface,132,1,196,54,train
/Users/christopherbrantner/local/projects/portfolio/surface-defect-classifier/results/chips/train/pitted_surface/pitted_surface_149_bb00.png,/Users/christopherbrantner/local/projects/portfolio/surface-defect-classifier/NEU-DET/train/images/pitted_surface/pitted_surface_149.jpg,0,pitted_surface,23,1,144,199,train
/Users/christopherbrantner/local/projects/portfolio/surface-defect-classifier/results/chips/train/pitted_surface/pitted_surface_149_bb01.png,/Users/christopherbrantner/local/projects/portfolio/surface-defect-classifier/NEU-DET/train/images/pitted_surface/pitted_surface_149.jpg,1,pitted_surface,159,49,198,198,train
/Users/christopherbrantner/local/projects/portfolio/surface-defect-classifier/results/chips/train/pitted_surface/pitted_surface_15_bb00.png,/Users/christopherbrantner/local/projects/portfolio/surface-defect-classifier/NEU-DET/train/images/pitted_surface/pitted_surface_15.jpg,0,pitted_surface,1,1,198,199,train
/Users/christopherbrantner/local/projects/portfolio/surface-defect-classifier/results/chips/train/pitted_surface/pitted_surface_150_bb00.png,/Users/christopherbrantner/local/projects/portfolio/surface-defect-classifier/NEU-DET/train/images/pitted_surface/pitted_surface_150.jpg,0,pitted_surface,42,124,123,191,train
/Users/christopherbrantner/local/projects/portfolio/surface-defect-classifier/results/chips/train/pitted_surface/pitted_surface_150_bb01.png,/Users/christopherbrantner/local/projects/portfolio/surface-defect-classifier/NEU-DET/train/images/pitted_surface/pitted_surface_150.jpg,1,pitted_surface,44,20,127,130,train
/Users/christopherbrantner/local/projects/portfolio/surface-defect-classifier/results/chips/train/pitted_surface/pitted_surface_150_bb02.png,/Users/christopherbrantner/local/projects/portfolio/surface-defect-classifier/NEU-DET/train/images/pitted_surface/pitted_surface_150.jpg,2,pitted_surface,122,40,198,198,train
/Users/christopherbrantner/local/projects/portfolio/surface-defect-classifier/results/chips/train/pitted_surface/pitted_surface_150_bb03.png,/Users/christopherbrantner/local/projects/portfolio/surface-defect-classifier/NEU-DET/train/images/pitted_surface/pitted_surface_150.jpg,3,pitted_surface,1,1,35,152,train
/Users/christopherbrantner/local/projects/portfolio/surface-defect-classifier/results/chips/train/pitted_surface/pitted_surface_151_bb00.png,/Users/christopherbrantner/local/projects/portfolio/surface-defect-classifier/NEU-DET/train/images/pitted_surface/pitted_surface_151.jpg,0,pitted_surface,1,2,88,197,train
/Users/christopherbrantner/local/projects/portfolio/surface-defect-classifier/results/chips/train/pitted_surface/pitted_surface_151_bb01.png,/Users/christopherbrantner/local/projects/portfolio/surface-defect-classifier/NEU-DET/train/images/pitted_surface/pitted_surface_151.jpg,1,pitted_surface,76,8,194,196,train
/Users/christopherbrantner/local/projects/portfolio/surface-defect-classifier/results/chips/train/pitted_surface/pitted_surface_152_bb00.png,/Users/christopherbrantner/local/projects/portfolio/surface-defect-classifier/NEU-DET/train/images/pitted_surface/pitted_surface_152.jpg,0,pitted_surface,4,2,192,196,train
/Users/christopherbrantner/local/projects/portfolio/surface-defect-classifier/results/chips/train/pitted_surface/pitted_surface_153_bb00.png,/Users/christopherbrantner/local/projects/portfolio/surface-defect-classifier/NEU-DET/train/images/pitted_surface/pitted_surface_153.jpg,0,pitted_surface,16,1,134,158,train
/Users/christopherbrantner/local/projects/portfolio/surface-defect-classifier/results/chips/train/pitted_surface/pitted_surface_154_bb00.png,/Users/christopherbrantner/local/projects/portfolio/surface-defect-classifier/NEU-DET/train/images/pitted_surface/pitted_surface_154.jpg,0,pitted_surface,3,1,83,195,train
/Users/christopherbrantner/local/projects/portfolio/surface-defect-classifier/results/chips/train/pitted_surface/pitted_surface_154_bb01.png,/Users/christopherbrantner/local/projects/portfolio/surface-defect-classifier/NEU-DET/train/images/pitted_surface/pitted_surface_154.jpg,1,pitted_surface,134,3,200,178,train
/Users/christopherbrantner/local/projects/portfolio/surface-defect-classifier/results/chips/train/pitted_surface/pitted_surface_155_bb00.png,/Users/christopherbrantner/local/projects/portfolio/surface-defect-classifier/NEU-DET/train/images/pitted_surface/pitted_surface_155.jpg,0,pitted_surface,36,91,189,196,train
/Users/christopherbrantner/local/projects/portfolio/surface-defect-classifier/results/chips/train/pitted_surface/pitted_surface_155_bb01.png,/Users/christopherbrantner/local/projects/portfolio/surface-defect-classifier/NEU-DET/train/images/pitted_surface/pitted_surface_155.jpg,1,pitted_surface,10,7,196,134,train
/Users/christopherbrantner/local/projects/portfolio/surface-defect-classifier/results/chips/train/patches/pitted_surface_155_bb02.png,/Users/christopherbrantner/local/projects/portfolio/surface-defect-classifier/NEU-DET/train/images/pitted_surface/pitted_surface_155.jpg,2,patches,1,1,28,61,train
/Users/christopherbrantner/local/projects/portfolio/surface-defect-classifier/results/chips/train/patches/pitted_surface_155_bb03.png,/Users/christopherbrantner/local/projects/portfolio/surface-defect-classifier/NEU-DET/train/images/pitted_surface/pitted_surface_155.jpg,3,patches,78,1,108,20,train
/Users/christopherbrantner/local/projects/portfolio/surface-defect-classifier/results/chips/train/pitted_surface/pitted_surface_156_bb00.png,/Users/christopherbrantner/local/projects/portfolio/surface-defect-classifier/NEU-DET/train/images/pitted_surface/pitted_surface_156.jpg,0,pitted_surface,28,2,144,196,train
/Users/christopherbrantner/local/projects/portfolio/surface-defect-classifier/results/chips/train/patches/pitted_surface_156_bb01.png,/Users/christopherbrantner/local/projects/portfolio/surface-defect-classifier/NEU-DET/train/images/pitted_surface/pitted_surface_156.jpg,1,patches,1,78,36,113,train
/Users/christopherbrantner/local/projects/portfolio/surface-defect-classifier/results/chips/train/pitted_surface/pitted_surface_157_bb00.png,/Users/christopherbrantner/local/projects/portfolio/surface-defect-classifier/NEU-DET/train/images/pitted_surface/pitted_surface_157.jpg,0,pitted_surface,11,2,196,195,train
/Users/christopherbrantner/local/projects/portfolio/surface-defect-classifier/results/chips/train/pitted_surface/pitted_surface_158_bb00.png,/Users/christopherbrantner/local/projects/portfolio/surface-defect-classifier/NEU-DET/train/images/pitted_surface/pitted_surface_158.jpg,0,pitted_surface,12,8,198,198,train
/Users/christopherbrantner/local/projects/portfolio/surface-defect-classifier/results/chips/train/pitted_surface/pitted_surface_159_bb00.png,/Users/christopherbrantner/local/projects/portfolio/surface-defect-classifier/NEU-DET/train/images/pitted_surface/pitted_surface_159.jpg,0,pitted_surface,14,9,188,198,train
/Users/christopherbrantner/local/projects/portfolio/surface-defect-classifier/results/chips/train/patches/pitted_surface_159_bb01.png,/Users/christopherbrantner/local/projects/portfolio/surface-defect-classifier/NEU-DET/train/images/pitted_surface/pitted_surface_159.jpg,1,patches,174,1,200,48,train
/Users/christopherbrantner/local/projects/portfolio/surface-defect-classifier/results/chips/train/pitted_surface/pitted_surface_16_bb00.png,/Users/christopherbrantner/local/projects/portfolio/surface-defect-classifier/NEU-DET/train/images/pitted_surface/pitted_surface_16.jpg,0,pitted_surface,1,1,199,198,train
/Users/christopherbrantner/local/projects/portfolio/surface-defect-classifier/results/chips/train/pitted_surface/pitted_surface_160_bb00.png,/Users/christopherbrantner/local/projects/portfolio/surface-defect-classifier/NEU-DET/train/images/pitted_surface/pitted_surface_160.jpg,0,pitted_surface,2,10,196,198,train
/Users/christopherbrantner/local/projects/portfolio/surface-defect-classifier/results/chips/train/patches/pitted_surface_160_bb01.png,/Users/christopherbrantner/local/projects/portfolio/surface-defect-classifier/NEU-DET/train/images/pitted_surface/pitted_surface_160.jpg,1,patches,153,1,198,68,train
/Users/christopherbrantner/local/projects/portfolio/surface-defect-classifier/results/chips/train/pitted_surface/pitted_surface_161_bb00.png,/Users/christopherbrantner/local/projects/portfolio/surface-defect-classifier/NEU-DET/train/images/pitted_surface/pitted_surface_161.jpg,0,pitted_surface,1,11,164,198,train
/Users/christopherbrantner/local/projects/portfolio/surface-defect-classifier/results/chips/train/patches/pitted_surface_161_bb01.png,/Users/christopherbrantner/local/projects/portfolio/surface-defect-classifier/NEU-DET/train/images/pitted_surface/pitted_surface_161.jpg,1,patches,92,1,197,197,train
/Users/christopherbrantner/local/projects/portfolio/surface-defect-classifier/results/chips/train/pitted_surface/pitted_surface_162_bb00.png,/Users/christopherbrantner/local/projects/portfolio/surface-defect-classifier/NEU-DET/train/images/pitted_surface/pitted_surface_162.jpg,0,pitted_surface,4,9,195,191,train
/Users/christopherbrantner/local/projects/portfolio/surface-defect-classifier/results/chips/train/patches/pitted_surface_162_bb01.png,/Users/christopherbrantner/local/projects/portfolio/surface-defect-classifier/NEU-DET/train/images/pitted_surface/pitted_surface_162.jpg,1,patches,159,1,200,48,train
/Users/christopherbrantner/local/projects/portfolio/surface-defect-classifier/results/chips/train/pitted_surface/pitted_surface_163_bb00.png,/Users/christopherbrantner/local/projects/portfolio/surface-defect-classifier/NEU-DET/train/images/pitted_surface/pitted_surface_163.jpg,0,pitted_surface,78,1,200,200,train
/Users/christopherbrantner/local/projects/portfolio/surface-defect-classifier/results/chips/train/pitted_surface/pitted_surface_163_bb01.png,/Users/christopherbrantner/local/projects/portfolio/surface-defect-classifier/NEU-DET/train/images/pitted_surface/pitted_surface_163.jpg,1,pitted_surface,12,4,74,199,train
/Users/christopherbrantner/local/projects/portfolio/surface-defect-classifier/results/chips/train/pitted_surface/pitted_surface_164_bb00.png,/Users/christopherbrantner/local/projects/portfolio/surface-defect-classifier/NEU-DET/train/images/pitted_surface/pitted_surface_164.jpg,0,pitted_surface,1,1,196,200,train
/Users/christopherbrantner/local/projects/portfolio/surface-defect-classifier/results/chips/train/pitted_surface/pitted_surface_165_bb00.png,/Users/christopherbrantner/local/projects/portfolio/surface-defect-classifier/NEU-DET/train/images/pitted_surface/pitted_surface_165.jpg,0,pitted_surface,1,1,159,198,train
/Users/christopherbrantner/local/projects/portfolio/surface-defect-classifier/results/chips/train/patches/pitted_surface_165_bb01.png,/Users/christopherbrantner/local/projects/portfolio/surface-defect-classifier/NEU-DET/train/images/pitted_surface/pitted_surface_165.jpg,1,patches,155,21,195,187,train
/Users/christopherbrantner/local/projects/portfolio/surface-defect-classifier/results/chips/train/pitted_surface/pitted_surface_166_bb00.png,/Users/christopherbrantner/local/projects/portfolio/surface-defect-classifier/NEU-DET/train/images/pitted_surface/pitted_surface_166.jpg,0,pitted_surface,1,1,93,198,train
/Users/christopherbrantner/local/projects/portfolio/surface-defect-classifier/results/chips/train/pitted_surface/pitted_surface_166_bb01.png,/Users/christopherbrantner/local/projects/portfolio/surface-defect-classifier/NEU-DET/train/images/pitted_surface/pitted_surface_166.jpg,1,pitted_surface,114,36,199,161,train
/Users/christopherbrantner/local/projects/portfolio/surface-defect-classifier/results/chips/train/patches/pitted_surface_166_bb02.png,/Users/christopherbrantner/local/projects/portfolio/surface-defect-classifier/NEU-DET/train/images/pitted_surface/pitted_surface_166.jpg,2,patches,96,1,123,127,train
/Users/christopherbrantner/local/projects/portfolio/surface-defect-classifier/results/chips/train/pitted_surface/pitted_surface_167_bb00.png,/Users/christopherbrantner/local/projects/portfolio/surface-defect-classifier/NEU-DET/train/images/pitted_surface/pitted_surface_167.jpg,0,pitted_surface,1,2,188,192,train
/Users/christopherbrantner/local/projects/portfolio/surface-defect-classifier/results/chips/train/pitted_surface/pitted_surface_168_bb00.png,/Users/christopherbrantner/local/projects/portfolio/surface-defect-classifier/NEU-DET/train/images/pitted_surface/pitted_surface_168.jpg,0,pitted_surface,103,1,199,194,train
/Users/christopherbrantner/local/projects/portfolio/surface-defect-classifier/results/chips/train/pitted_surface/pitted_surface_168_bb01.png,/Users/christopherbrantner/local/projects/portfolio/surface-defect-classifier/NEU-DET/train/images/pitted_surface/pitted_surface_168.jpg,1,pitted_surface,27,1,101,115,train
/Users/christopherbrantner/local/projects/portfolio/surface-defect-classifier/results/chips/train/pitted_surface/pitted_surface_169_bb00.png,/Users/christopherbrantner/local/projects/portfolio/surface-defect-classifier/NEU-DET/train/images/pitted_surface/pitted_surface_169.jpg,0,pitted_surface,1,1,200,198,train
/Users/christopherbrantner/local/projects/portfolio/surface-defect-classifier/results/chips/train/pitted_surface/pitted_surface_17_bb00.png,/Users/christopherbrantner/local/projects/portfolio/surface-defect-classifier/NEU-DET/train/images/pitted_surface/pitted_surface_17.jpg,0,pitted_surface,1,1,199,199,train
/Users/christopherbrantner/local/projects/portfolio/surface-defect-classifier/results/chips/train/pitted_surface/pitted_surface_170_bb00.png,/Users/christopherbrantner/local/projects/portfolio/surface-defect-classifier/NEU-DET/train/images/pitted_surface/pitted_surface_170.jpg,0,pitted_surface,1,1,108,182,train
/Users/christopherbrantner/local/projects/portfolio/surface-defect-classifier/results/chips/train/pitted_surface/pitted_surface_170_bb01.png,/Users/christopherbrantner/local/projects/portfolio/surface-defect-classifier/NEU-DET/train/images/pitted_surface/pitted_surface_170.jpg,1,pitted_surface,105,1,200,161,train
/Users/christopherbrantner/local/projects/portfolio/surface-defect-classifier/results/chips/train/patches/pitted_surface_170_bb02.png,/Users/christopherbrantner/local/projects/portfolio/surface-defect-classifier/NEU-DET/train/images/pitted_surface/pitted_surface_170.jpg,2,patches,99,74,146,143,train
/Users/christopherbrantner/local/projects/portfolio/surface-defect-classifier/results/chips/train/patches/pitted_surface_170_bb03.png,/Users/christopherbrantner/local/projects/portfolio/surface-defect-classifier/NEU-DET/train/images/pitted_surface/pitted_surface_170.jpg,3,patches,142,162,172,199,train
/Users/christopherbrantner/local/projects/portfolio/surface-defect-classifier/results/chips/train/pitted_surface/pitted_surface_171_bb00.png,/Users/christopherbrantner/local/projects/portfolio/surface-defect-classifier/NEU-DET/train/images/pitted_surface/pitted_surface_171.jpg,0,pitted_surface,20,1,200,128,train
/Users/christopherbrantner/local/projects/portfolio/surface-defect-classifier/results/chips/train/patches/pitted_surface_171_bb01.png,/Users/christopherbrantner/local/projects/portfolio/surface-defect-classifier/NEU-DET/train/images/pitted_surface/pitted_surface_171.jpg,1,patches,26,136,70,198,train
/Users/christopherbrantner/local/projects/portfolio/surface-defect-classifier/results/chips/train/patches/pitted_surface_171_bb02.png,/Users/christopherbrantner/local/projects/portfolio/surface-defect-classifier/NEU-DET/train/images/pitted_surface/pitted_surface_171.jpg,2,patches,2,50,41,116,train
/Users/christopherbrantner/local/projects/portfolio/surface-defect-classifier/results/chips/train/pitted_surface/pitted_surface_171_bb03.png,/Users/christopherbrantner/local/projects/portfolio/surface-defect-classifier/NEU-DET/train/images/pitted_surface/pitted_surface_171.jpg,3,pitted_surface,77,70,199,189,train
/Users/christopherbrantner/local/projects/portfolio/surface-defect-classifier/results/chips/train/pitted_surface/pitted_surface_172_bb00.png,/Users/christopherbrantner/local/projects/portfolio/surface-defect-classifier/NEU-DET/train/images/pitted_surface/pitted_surface_172.jpg,0,pitted_surface,74,1,199,174,train
/Users/christopherbrantner/local/projects/portfolio/surface-defect-classifier/results/chips/train/patches/pitted_surface_172_bb01.png,/Users/christopherbrantner/local/projects/portfolio/surface-defect-classifier/NEU-DET/train/images/pitted_surface/pitted_surface_172.jpg,1,patches,20,166,72,200,train
/Users/christopherbrantner/local/projects/portfolio/surface-defect-classifier/results/chips/train/patches/pitted_surface_172_bb02.png,/Users/christopherbrantner/local/projects/portfolio/surface-defect-classifier/NEU-DET/train/images/pitted_surface/pitted_surface_172.jpg,2,patches,155,157,200,200,train
/Users/christopherbrantner/local/projects/portfolio/surface-defect-classifier/results/chips/train/pitted_surface/pitted_surface_173_bb00.png,/Users/christopherbrantner/local/projects/portfolio/surface-defect-classifier/NEU-DET/train/images/pitted_surface/pitted_surface_173.jpg,0,pitted_surface,4,1,200,182,train
/Users/christopherbrantner/local/projects/portfolio/surface-defect-classifier/results/chips/train/patches/pitted_surface_173_bb01.png,/Users/christopherbrantner/local/projects/portfolio/surface-defect-classifier/NEU-DET/train/images/pitted_surface/pitted_surface_173.jpg,1,patches,98,176,147,199,train
/Users/christopherbrantner/local/projects/portfolio/surface-defect-classifier/results/chips/train/patches/pitted_surface_173_bb02.png,/Users/christopherbrantner/local/projects/portfolio/surface-defect-classifier/NEU-DET/train/images/pitted_surface/pitted_surface_173.jpg,2,patches,152,155,196,200,train
/Users/christopherbrantner/local/projects/portfolio/surface-defect-classifier/results/chips/train/pitted_surface/pitted_surface_174_bb00.png,/Users/christopherbrantner/local/projects/portfolio/surface-defect-classifier/NEU-DET/train/images/pitted_surface/pitted_surface_174.jpg,0,pitted_surface,1,1,184,153,train
/Users/christopherbrantner/local/projects/portfolio/surface-defect-classifier/results/chips/train/patches/pitted_surface_174_bb01.png,/Users/christopherbrantner/local/projects/portfolio/surface-defect-classifier/NEU-DET/train/images/pitted_surface/pitted_surface_174.jpg,1,patches,174,46,200,115,train
/Users/christopherbrantner/local/projects/portfolio/surface-defect-classifier/results/chips/train/patches/pitted_surface_174_bb02.png,/Users/christopherbrantner/local/projects/portfolio/surface-defect-classifier/NEU-DET/train/images/pitted_surface/pitted_surface_174.jpg,2,patches,37,173,95,200,train
/Users/christopherbrantner/local/projects/portfolio/surface-defect-classifier/results/chips/train/patches/pitted_surface_174_bb03.png,/Users/christopherbrantner/local/projects/portfolio/surface-defect-classifier/NEU-DET/train/images/pitted_surface/pitted_surface_174.jpg,3,patches,102,149,153,200,train
/Users/christopherbrantner/local/projects/portfolio/surface-defect-classifier/results/chips/train/pitted_surface/pitted_surface_175_bb00.png,/Users/christopherbrantner/local/projects/portfolio/surface-defect-classifier/NEU-DET/train/images/pitted_surface/pitted_surface_175.jpg,0,pitted_surface,1,1,125,198,train
/Users/christopherbrantner/local/projects/portfolio/surface-defect-classifier/results/chips/train/pitted_surface/pitted_surface_175_bb01.png,/Users/christopherbrantner/local/projects/portfolio/surface-defect-classifier/NEU-DET/train/images/pitted_surface/pitted_surface_175.jpg,1,pitted_surface,132,1,200,195,train
/Users/christopherbrantner/local/projects/portfolio/surface-defect-classifier/results/chips/train/patches/pitted_surface_175_bb02.png,/Users/christopherbrantner/local/projects/portfolio/surface-defect-classifier/NEU-DET/train/images/pitted_surface/pitted_surface_175.jpg,2,patches,122,152,163,200,train
/Users/christopherbrantner/local/projects/portfolio/surface-defect-classifier/results/chips/train/pitted_surface/pitted_surface_176_bb00.png,/Users/christopherbrantner/local/projects/portfolio/surface-defect-classifier/NEU-DET/train/images/pitted_surface/pitted_surface_176.jpg,0,pitted_surface,88,64,199,194,train
/Users/christopherbrantner/local/projects/portfolio/surface-defect-classifier/results/chips/train/pitted_surface/pitted_surface_176_bb01.png,/Users/christopherbrantner/local/projects/portfolio/surface-defect-classifier/NEU-DET/train/images/pitted_surface/pitted_surface_176.jpg,1,pitted_surface,19,24,127,183,train
/Users/christopherbrantner/local/projects/portfolio/surface-defect-classifier/results/chips/train/pitted_surface/pitted_surface_176_bb02.png,/Users/christopherbrantner/local/projects/portfolio/surface-defect-classifier/NEU-DET/train/images/pitted_surface/pitted_surface_176.jpg,2,pitted_surface,119,1,199,42,train
/Users/christopherbrantner/local/projects/portfolio/surface-defect-classifier/results/chips/train/pitted_surface/pitted_surface_177_bb00.png,/Users/christopherbrantner/local/projects/portfolio/surface-defect-classifier/NEU-DET/train/images/pitted_surface/pitted_surface_177.jpg,0,pitted_surface,1,13,198,190,train
/Users/christopherbrantner/local/projects/portfolio/surface-defect-classifier/results/chips/train/pitted_surface/pitted_surface_178_bb00.png,/Users/christopherbrantner/local/projects/portfolio/surface-defect-classifier/NEU-DET/train/images/pitted_surface/pitted_surface_178.jpg,0,pitted_surface,1,19,56,197,train
/Users/christopherbrantner/local/projects/portfolio/surface-defect-classifier/results/chips/train/pitted_surface/pitted_surface_178_bb01.png,/Users/christopherbrantner/local/projects/portfolio/surface-defect-classifier/NEU-DET/train/images/pitted_surface/pitted_surface_178.jpg,1,pitted_surface,66,29,157,180,train
/Users/christopherbrantner/local/projects/portfolio/surface-defect-classifier/results/chips/train/pitted_surface/pitted_surface_179_bb00.png,/Users/christopherbrantner/local/projects/portfolio/surface-defect-classifier/NEU-DET/train/images/pitted_surface/pitted_surface_179.jpg,0,pitted_surface,5,7,197,199,train
/Users/christopherbrantner/local/projects/portfolio/surface-defect-classifier/results/chips/train/pitted_surface/pitted_surface_18_bb00.png,/Users/christopherbrantner/local/projects/portfolio/surface-defect-classifier/NEU-DET/train/images/pitted_surface/pitted_surface_18.jpg,0,pitted_surface,63,1,199,200,train
/Users/christopherbrantner/local/projects/portfolio/surface-defect-classifier/results/chips/train/pitted_surface/pitted_surface_180_bb00.png,/Users/christopherbrantner/local/projects/portfolio/surface-defect-classifier/NEU-DET/train/images/pitted_surface/pitted_surface_180.jpg,0,pitted_surface,1,1,199,199,train
/Users/christopherbrantner/local/projects/portfolio/surface-defect-classifier/results/chips/train/pitted_surface/pitted_surface_181_bb00.png,/Users/christopherbrantner/local/projects/portfolio/surface-defect-classifier/NEU-DET/train/images/pitted_surface/pitted_surface_181.jpg,0,pitted_surface,15,1,197,196,train
/Users/christopherbrantner/local/projects/portfolio/surface-defect-classifier/results/chips/train/pitted_surface/pitted_surface_182_bb00.png,/Users/christopherbrantner/local/projects/portfolio/surface-defect-classifier/NEU-DET/train/images/pitted_surface/pitted_surface_182.jpg,0,pitted_surface,55,86,199,200,train
/Users/christopherbrantner/local/projects/portfolio/surface-defect-classifier/results/chips/train/pitted_surface/pitted_surface_182_bb01.png,/Users/christopherbrantner/local/projects/portfolio/surface-defect-classifier/NEU-DET/train/images/pitted_surface/pitted_surface_182.jpg,1,pitted_surface,23,1,180,95,train
/Users/christopherbrantner/local/projects/portfolio/surface-defect-classifier/results/chips/train/pitted_surface/pitted_surface_183_bb00.png,/Users/christopherbrantner/local/projects/portfolio/surface-defect-classifier/NEU-DET/train/images/pitted_surface/pitted_surface_183.jpg,0,pitted_surface,3,2,145,191,train
/Users/christopherbrantner/local/projects/portfolio/surface-defect-classifier/results/chips/train/pitted_surface/pitted_surface_184_bb00.png,/Users/christopherbrantner/local/projects/portfolio/surface-defect-classifier/NEU-DET/train/images/pitted_surface/pitted_surface_184.jpg,0,pitted_surface,1,1,196,195,train
/Users/christopherbrantner/local/projects/portfolio/surface-defect-classifier/results/chips/train/pitted_surface/pitted_surface_185_bb00.png,/Users/christopherbrantner/local/projects/portfolio/surface-defect-classifier/NEU-DET/train/images/pitted_surface/pitted_surface_185.jpg,0,pitted_surface,5,1,200,197,train
/Users/christopherbrantner/local/projects/portfolio/surface-defect-classifier/results/chips/train/pitted_surface/pitted_surface_186_bb00.png,/Users/christopherbrantner/local/projects/portfolio/surface-defect-classifier/NEU-DET/train/images/pitted_surface/pitted_surface_186.jpg,0,pitted_surface,1,7,126,199,train
/Users/christopherbrantner/local/projects/portfolio/surface-defect-classifier/results/chips/train/pitted_surface/pitted_surface_187_bb00.png,/Users/christopherbrantner/local/projects/portfolio/surface-defect-classifier/NEU-DET/train/images/pitted_surface/pitted_surface_187.jpg,0,pitted_surface,72,4,177,196,train
/Users/christopherbrantner/local/projects/portfolio/surface-defect-classifier/results/chips/train/pitted_surface/pitted_surface_188_bb00.png,/Users/christopherbrantner/local/projects/portfolio/surface-defect-classifier/NEU-DET/train/images/pitted_surface/pitted_surface_188.jpg,0,pitted_surface,57,1,199,199,train
/Users/christopherbrantner/local/projects/portfolio/surface-defect-classifier/results/chips/train/pitted_surface/pitted_surface_189_bb00.png,/Users/christopherbrantner/local/projects/portfolio/surface-defect-classifier/NEU-DET/train/images/pitted_surface/pitted_surface_189.jpg,0,pitted_surface,3,6,155,195,train
/Users/christopherbrantner/local/projects/portfolio/surface-defect-classifier/results/chips/train/pitted_surface/pitted_surface_19_bb00.png,/Users/christopherbrantner/local/projects/portfolio/surface-defect-classifier/NEU-DET/train/images/pitted_surface/pitted_surface_19.jpg,0,pitted_surface,9,1,61,197,train
/Users/christopherbrantner/local/projects/portfolio/surface-defect-classifier/results/chips/train/pitted_surface/pitted_surface_19_bb01.png,/Users/christopherbrantner/local/projects/portfolio/surface-defect-classifier/NEU-DET/train/images/pitted_surface/pitted_surface_19.jpg,1,pitted_surface,77,1,199,200,train
/Users/christopherbrantner/local/projects/portfolio/surface-defect-classifier/results/chips/train/pitted_surface/pitted_surface_190_bb00.png,/Users/christopherbrantner/local/projects/portfolio/surface-defect-classifier/NEU-DET/train/images/pitted_surface/pitted_surface_190.jpg,0,pitted_surface,6,2,150,74,train
/Users/christopherbrantner/local/projects/portfolio/surface-defect-classifier/results/chips/train/pitted_surface/pitted_surface_190_bb01.png,/Users/christopherbrantner/local/projects/portfolio/surface-defect-classifier/NEU-DET/train/images/pitted_surface/pitted_surface_190.jpg,1,pitted_surface,82,2,197,183,train
/Users/christopherbrantner/local/projects/portfolio/surface-defect-classifier/results/chips/train/pitted_surface/pitted_surface_191_bb00.png,/Users/christopherbrantner/local/projects/portfolio/surface-defect-classifier/NEU-DET/train/images/pitted_surface/pitted_surface_191.jpg,0,pitted_surface,1,1,199,103,train
/Users/christopherbrantner/local/projects/portfolio/surface-defect-classifier/results/chips/train/pitted_surface/pitted_surface_192_bb00.png,/Users/christopherbrantner/local/projects/portfolio/surface-defect-classifier/NEU-DET/train/images/pitted_surface/pitted_surface_192.jpg,0,pitted_surface,8,13,195,197,train
/Users/christopherbrantner/local/projects/portfolio/surface-defect-classifier/results/chips/train/pitted_surface/pitted_surface_193_bb00.png,/Users/christopherbrantner/local/projects/portfolio/surface-defect-classifier/NEU-DET/train/images/pitted_surface/pitted_surface_193.jpg,0,pitted_surface,3,4,197,197,train
/Users/christopherbrantner/local/projects/portfolio/surface-defect-classifier/results/chips/train/pitted_surface/pitted_surface_194_bb00.png,/Users/christopherbrantner/local/projects/portfolio/surface-defect-classifier/NEU-DET/train/images/pitted_surface/pitted_surface_194.jpg,0,pitted_surface,45,12,162,195,train
/Users/christopherbrantner/local/projects/portfolio/surface-defect-classifier/results/chips/train/pitted_surface/pitted_surface_195_bb00.png,/Users/christopherbrantner/local/projects/portfolio/surface-defect-classifier/NEU-DET/train/images/pitted_surface/pitted_surface_195.jpg,0,pitted_surface,14,57,77,193,train
/Users/christopherbrantner/local/projects/portfolio/surface-defect-classifier/results/chips/train/pitted_surface/pitted_surface_195_bb01.png,/Users/christopherbrantner/local/projects/portfolio/surface-defect-classifier/NEU-DET/train/images/pitted_surface/pitted_surface_195.jpg,1,pitted_surface,101,60,147,199,train
/Users/christopherbrantner/local/projects/portfolio/surface-defect-classifier/results/chips/train/pitted_surface/pitted_surface_196_bb00.png,/Users/christopherbrantner/local/projects/portfolio/surface-defect-classifier/NEU-DET/train/images/pitted_surface/pitted_surface_196.jpg,0,pitted_surface,30,1,199,116,train
/Users/christopherbrantner/local/projects/portfolio/surface-defect-classifier/results/chips/train/pitted_surface/pitted_surface_197_bb00.png,/Users/christopherbrantner/local/projects/portfolio/surface-defect-classifier/NEU-DET/train/images/pitted_surface/pitted_surface_197.jpg,0,pitted_surface,114,113,199,200,train
/Users/christopherbrantner/local/projects/portfolio/surface-defect-classifier/results/chips/train/pitted_surface/pitted_surface_197_bb01.png,/Users/christopherbrantner/local/projects/portfolio/surface-defect-classifier/NEU-DET/train/images/pitted_surface/pitted_surface_197.jpg,1,pitted_surface,48,3,103,198,train
/Users/christopherbrantner/local/projects/portfolio/surface-defect-classifier/results/chips/train/inclusion/pitted_surface_197_bb02.png,/Users/christopherbrantner/local/projects/portfolio/surface-defect-classifier/NEU-DET/train/images/pitted_surface/pitted_surface_197.jpg,2,inclusion,176,92,200,116,train
/Users/christopherbrantner/local/projects/portfolio/surface-defect-classifier/results/chips/train/pitted_surface/pitted_surface_198_bb00.png,/Users/christopherbrantner/local/projects/portfolio/surface-defect-classifier/NEU-DET/train/images/pitted_surface/pitted_surface_198.jpg,0,pitted_surface,18,25,144,162,train
/Users/christopherbrantner/local/projects/portfolio/surface-defect-classifier/results/chips/train/pitted_surface/pitted_surface_199_bb00.png,/Users/christopherbrantner/local/projects/portfolio/surface-defect-classifier/NEU-DET/train/images/pitted_surface/pitted_surface_199.jpg,0,pitted_surface,30,5,159,192,train
/Users/christopherbrantner/local/projects/portfolio/surface-defect-classifier/results/chips/train/pitted_surface/pitted_surface_2_bb00.png,/Users/christopherbrantner/local/projects/portfolio/surface-defect-classifier/NEU-DET/train/images/pitted_surface/pitted_surface_2.jpg,0,pitted_surface,24,1,83,175,train
/Users/christopherbrantner/local/projects/portfolio/surface-defect-classifier/results/chips/train/pitted_surface/pitted_surface_2_bb01.png,/Users/christopherbrantner/local/projects/portfolio/surface-defect-classifier/NEU-DET/train/images/pitted_surface/pitted_surface_2.jpg,1,pitted_surface,86,1,200,199,train
/Users/christopherbrantner/local/projects/portfolio/surface-defect-classifier/results/chips/train/pitted_surface/pitted_surface_20_bb00.png,/Users/christopherbrantner/local/projects/portfolio/surface-defect-classifier/NEU-DET/train/images/pitted_surface/pitted_surface_20.jpg,0,pitted_surface,8,1,91,179,train
/Users/christopherbrantner/local/projects/portfolio/surface-defect-classifier/results/chips/train/pitted_surface/pitted_surface_20_bb01.png,/Users/christopherbrantner/local/projects/portfolio/surface-defect-classifier/NEU-DET/train/images/pitted_surface/pitted_surface_20.jpg,1,pitted_surface,97,1,199,200,train
/Users/christopherbrantner/local/projects/portfolio/surface-defect-classifier/results/chips/train/pitted_surface/pitted_surface_200_bb00.png,/Users/christopherbrantner/local/projects/portfolio/surface-defect-classifier/NEU-DET/train/images/pitted_surface/pitted_surface_200.jpg,0,pitted_surface,16,85,144,194,train
/Users/christopherbrantner/local/projects/portfolio/surface-defect-classifier/results/chips/train/pitted_surface/pitted_surface_200_bb01.png,/Users/christopherbrantner/local/projects/portfolio/surface-defect-classifier/NEU-DET/train/images/pitted_surface/pitted_surface_200.jpg,1,pitted_surface,50,3,177,102,train
/Users/christopherbrantner/local/projects/portfolio/surface-defect-classifier/results/chips/train/pitted_surface/pitted_surface_201_bb00.png,/Users/christopherbrantner/local/projects/portfolio/surface-defect-classifier/NEU-DET/train/images/pitted_surface/pitted_surface_201.jpg,0,pitted_surface,87,3,200,197,train
/Users/christopherbrantner/local/projects/portfolio/surface-defect-classifier/results/chips/train/pitted_surface/pitted_surface_202_bb00.png,/Users/christopherbrantner/local/projects/portfolio/surface-defect-classifier/NEU-DET/train/images/pitted_surface/pitted_surface_202.jpg,0,pitted_surface,9,4,200,197,train
/Users/christopherbrantner/local/projects/portfolio/surface-defect-classifier/results/chips/train/pitted_surface/pitted_surface_203_bb00.png,/Users/christopherbrantner/local/projects/portfolio/surface-defect-classifier/NEU-DET/train/images/pitted_surface/pitted_surface_203.jpg,0,pitted_surface,4,8,195,190,train
/Users/christopherbrantner/local/projects/portfolio/surface-defect-classifier/results/chips/train/pitted_surface/pitted_surface_204_bb00.png,/Users/christopherbrantner/local/projects/portfolio/surface-defect-classifier/NEU-DET/train/images/pitted_surface/pitted_surface_204.jpg,0,pitted_surface,1,1,195,192,train
/Users/christopherbrantner/local/projects/portfolio/surface-defect-classifier/results/chips/train/pitted_surface/pitted_surface_205_bb00.png,/Users/christopherbrantner/local/projects/portfolio/surface-defect-classifier/NEU-DET/train/images/pitted_surface/pitted_surface_205.jpg,0,pitted_surface,1,1,179,198,train
/Users/christopherbrantner/local/projects/portfolio/surface-defect-classifier/results/chips/train/patches/pitted_surface_205_bb01.png,/Users/christopherbrantner/local/projects/portfolio/surface-defect-classifier/NEU-DET/train/images/pitted_surface/pitted_surface_205.jpg,1,patches,179,129,200,193,train
/Users/christopherbrantner/local/projects/portfolio/surface-defect-classifier/results/chips/train/pitted_surface/pitted_surface_206_bb00.png,/Users/christopherbrantner/local/projects/portfolio/surface-defect-classifier/NEU-DET/train/images/pitted_surface/pitted_surface_206.jpg,0,pitted_surface,45,1,199,199,train
/Users/christopherbrantner/local/projects/portfolio/surface-defect-classifier/results/chips/train/pitted_surface/pitted_surface_207_bb00.png,/Users/christopherbrantner/local/projects/portfolio/surface-defect-classifier/NEU-DET/train/images/pitted_surface/pitted_surface_207.jpg,0,pitted_surface,1,12,155,200,train
/Users/christopherbrantner/local/projects/portfolio/surface-defect-classifier/results/chips/train/patches/pitted_surface_207_bb01.png,/Users/christopherbrantner/local/projects/portfolio/surface-defect-classifier/NEU-DET/train/images/pitted_surface/pitted_surface_207.jpg,1,patches,161,8,199,87,train
/Users/christopherbrantner/local/projects/portfolio/surface-defect-classifier/results/chips/train/patches/pitted_surface_207_bb02.png,/Users/christopherbrantner/local/projects/portfolio/surface-defect-classifier/NEU-DET/train/images/pitted_surface/pitted_surface_207.jpg,2,patches,134,136,200,200,train
/Users/christopherbrantner/local/projects/portfolio/surface-defect-classifier/results/chips/train/pitted_surface/pitted_surface_208_bb00.png,/Users/christopherbrantner/local/projects/portfolio/surface-defect-classifier/NEU-DET/train/images/pitted_surface/pitted_surface_208.jpg,0,pitted_surface,1,1,163,150,train
/Users/christopherbrantner/local/projects/portfolio/surface-defect-classifier/results/chips/train/patches/pitted_surface_208_bb01.png,/Users/christopherbrantner/local/projects/portfolio/surface-defect-classifier/NEU-DET/train/images/pitted_surface/pitted_surface_208.jpg,1,patches,75,138,147,200,train
/Users/christopherbrantner/local/projects/portfolio/surface-defect-classifier/results/chips/train/patches/pitted_surface_208_bb02.png,/Users/christopherbrantner/local/projects/portfolio/surface-defect-classifier/NEU-DET/train/images/pitted_surface/pitted_surface_208.jpg,2,patches,149,75,200,199,train
/Users/christopherbrantner/local/projects/portfolio/surface-defect-classifier/results/chips/train/pitted_surface/pitted_surface_209_bb00.png,/Users/christopherbrantner/local/projects/portfolio/surface-defect-classifier/NEU-DET/train/images/pitted_surface/pitted_surface_209.jpg,0,pitted_surface,45,30,196,196,train
/Users/christopherbrantner/local/projects/portfolio/surface-defect-classifier/results/chips/train/patches/pitted_surface_209_bb01.png,/Users/christopherbrantner/local/projects/portfolio/surface-defect-classifier/NEU-DET/train/images/pitted_surface/pitted_surface_209.jpg,1,patches,173,4,200,38,train
/Users/christopherbrantner/local/projects/portfolio/surface-defect-classifier/results/chips/train/pitted_surface/pitted_surface_21_bb00.png,/Users/christopherbrantner/local/projects/portfolio/surface-defect-classifier/NEU-DET/train/images/pitted_surface/pitted_surface_21.jpg,0,pitted_surface,2,2,198,197,train
/Users/christopherbrantner/local/projects/portfolio/surface-defect-classifier/results/chips/train/pitted_surface/pitted_surface_210_bb00.png,/Users/christopherbrantner/local/projects/portfolio/surface-defect-classifier/NEU-DET/train/images/pitted_surface/pitted_surface_210.jpg,0,pitted_surface,3,18,168,164,train
/Users/christopherbrantner/local/projects/portfolio/surface-defect-classifier/results/chips/train/patches/pitted_surface_210_bb01.png,/Users/christopherbrantner/local/projects/portfolio/surface-defect-classifier/NEU-DET/train/images/pitted_surface/pitted_surface_210.jpg,1,patches,107,1,157,17,train
/Users/christopherbrantner/local/projects/portfolio/surface-defect-classifier/results/chips/train/patches/pitted_surface_210_bb02.png,/Users/christopherbrantner/local/projects/portfolio/surface-defect-classifier/NEU-DET/train/images/pitted_surface/pitted_surface_210.jpg,2,patches,179,1,200,42,train
/Users/christopherbrantner/local/projects/portfolio/surface-defect-classifier/results/chips/train/patches/pitted_surface_210_bb03.png,/Users/christopherbrantner/local/projects/portfolio/surface-defect-classifier/NEU-DET/train/images/pitted_surface/pitted_surface_210.jpg,3,patches,170,102,200,164,train
/Users/christopherbrantner/local/projects/portfolio/surface-defect-classifier/results/chips/train/patches/pitted_surface_210_bb04.png,/Users/christopherbrantner/local/projects/portfolio/surface-defect-classifier/NEU-DET/train/images/pitted_surface/pitted_surface_210.jpg,4,patches,114,143,176,200,train
/Users/christopherbrantner/local/projects/portfolio/surface-defect-classifier/results/chips/train/pitted_surface/pitted_surface_211_bb00.png,/Users/christopherbrantner/local/projects/portfolio/surface-defect-classifier/NEU-DET/train/images/pitted_surface/pitted_surface_211.jpg,0,pitted_surface,75,1,199,171,train
/Users/christopherbrantner/local/projects/portfolio/surface-defect-classifier/results/chips/train/pitted_surface/pitted_surface_212_bb00.png,/Users/christopherbrantner/local/projects/portfolio/surface-defect-classifier/NEU-DET/train/images/pitted_surface/pitted_surface_212.jpg,0,pitted_surface,4,1,191,195,train
/Users/christopherbrantner/local/projects/portfolio/surface-defect-classifier/results/chips/train/pitted_surface/pitted_surface_213_bb00.png,/Users/christopherbrantner/local/projects/portfolio/surface-defect-classifier/NEU-DET/train/images/pitted_surface/pitted_surface_213.jpg,0,pitted_surface,19,1,185,179,train
/Users/christopherbrantner/local/projects/portfolio/surface-defect-classifier/results/chips/train/pitted_surface/pitted_surface_213_bb01.png,/Users/christopherbrantner/local/projects/portfolio/surface-defect-classifier/NEU-DET/train/images/pitted_surface/pitted_surface_213.jpg,1,pitted_surface,1,19,81,199,train
/Users/christopherbrantner/local/projects/portfolio/surface-defect-classifier/results/chips/train/pitted_surface/pitted_surface_214_bb00.png,/Users/christopherbrantner/local/projects/portfolio/surface-defect-classifier/NEU-DET/train/images/pitted_surface/pitted_surface_214.jpg,0,pitted_surface,2,1,163,200,train
/Users/christopherbrantner/local/projects/portfolio/surface-defect-classifier/results/chips/train/patches/pitted_surface_214_bb01.png,/Users/christopherbrantner/local/projects/portfolio/surface-defect-classifier/NEU-DET/train/images/pitted_surface/pitted_surface_214.jpg,1,patches,145,89,200,199,train
/Users/christopherbrantner/local/projects/portfolio/surface-defect-classifier/results/chips/train/patches/pitted_surface_214_bb02.png,/Users/christopherbrantner/local/projects/portfolio/surface-defect-classifier/NEU-DET/train/images/pitted_surface/pitted_surface_214.jpg,2,patches,173,40,197,111,train
/Users/christopherbrantner/local/projects/portfolio/surface-defect-classifier/results/chips/train/pitted_surface/pitted_surface_215_bb00.png,/Users/christopherbrantner/local/projects/portfolio/surface-defect-classifier/NEU-DET/train/images/pitted_surface/pitted_surface_215.jpg,0,pitted_surface,2,7,198,199,train
/Users/christopherbrantner/local/projects/portfolio/surface-defect-classifier/results/chips/train/pitted_surface/pitted_surface_216_bb00.png,/Users/christopherbrantner/local/projects/portfolio/surface-defect-classifier/NEU-DET/train/images/pitted_surface/pitted_surface_216.jpg,0,pitted_surface,30,74,200,200,train
/Users/christopherbrantner/local/projects/portfolio/surface-defect-classifier/results/chips/train/pitted_surface/pitted_surface_217_bb00.png,/Users/christopherbrantner/local/projects/portfolio/surface-defect-classifier/NEU-DET/train/images/pitted_surface/pitted_surface_217.jpg,0,pitted_surface,16,22,138,191,train
/Users/christopherbrantner/local/projects/portfolio/surface-defect-classifier/results/chips/train/pitted_surface/pitted_surface_217_bb01.png,/Users/christopherbrantner/local/projects/portfolio/surface-defect-classifier/NEU-DET/train/images/pitted_surface/pitted_surface_217.jpg,1,pitted_surface,155,66,198,200,train
/Users/christopherbrantner/local/projects/portfolio/surface-defect-classifier/results/chips/train/pitted_surface/pitted_surface_218_bb00.png,/Users/christopherbrantner/local/projects/portfolio/surface-defect-classifier/NEU-DET/train/images/pitted_surface/pitted_surface_218.jpg,0,pitted_surface,1,10,197,200,train
/Users/christopherbrantner/local/projects/portfolio/surface-defect-classifier/results/chips/train/pitted_surface/pitted_surface_219_bb00.png,/Users/christopherbrantner/local/projects/portfolio/surface-defect-classifier/NEU-DET/train/images/pitted_surface/pitted_surface_219.jpg,0,pitted_surface,1,16,154,198,train
/Users/christopherbrantner/local/projects/portfolio/surface-defect-classifier/results/chips/train/pitted_surface/pitted_surface_22_bb00.png,/Users/christopherbrantner/local/projects/portfolio/surface-defect-classifier/NEU-DET/train/images/pitted_surface/pitted_surface_22.jpg,0,pitted_surface,1,1,198,198,train
/Users/christopherbrantner/local/projects/portfolio/surface-defect-classifier/results/chips/train/pitted_surface/pitted_surface_220_bb00.png,/Users/christopherbrantner/local/projects/portfolio/surface-defect-classifier/NEU-DET/train/images/pitted_surface/pitted_surface_220.jpg,0,pitted_surface,55,1,144,200,train
/Users/christopherbrantner/local/projects/portfolio/surface-defect-classifier/results/chips/train/pitted_surface/pitted_surface_220_bb01.png,/Users/christopherbrantner/local/projects/portfolio/surface-defect-classifier/NEU-DET/train/images/pitted_surface/pitted_surface_220.jpg,1,pitted_surface,135,1,198,198,train
/Users/christopherbrantner/local/projects/portfolio/surface-defect-classifier/results/chips/train/pitted_surface/pitted_surface_221_bb00.png,/Users/christopherbrantner/local/projects/portfolio/surface-defect-classifier/NEU-DET/train/images/pitted_surface/pitted_surface_221.jpg,0,pitted_surface,24,2,194,192,train
/Users/christopherbrantner/local/projects/portfolio/surface-defect-classifier/results/chips/train/pitted_surface/pitted_surface_222_bb00.png,/Users/christopherbrantner/local/projects/portfolio/surface-defect-classifier/NEU-DET/train/images/pitted_surface/pitted_surface_222.jpg,0,pitted_surface,5,3,172,200,train
/Users/christopherbrantner/local/projects/portfolio/surface-defect-classifier/results/chips/train/pitted_surface/pitted_surface_223_bb00.png,/Users/christopherbrantner/local/projects/portfolio/surface-defect-classifier/NEU-DET/train/images/pitted_surface/pitted_surface_223.jpg,0,pitted_surface,20,1,185,200,train
/Users/christopherbrantner/local/projects/portfolio/surface-defect-classifier/results/chips/train/patches/pitted_surface_223_bb01.png,/Users/christopherbrantner/local/projects/portfolio/surface-defect-classifier/NEU-DET/train/images/pitted_surface/pitted_surface_223.jpg,1,patches,1,137,37,198,train
/Users/christopherbrantner/local/projects/portfolio/surface-defect-classifier/results/chips/train/patches/pitted_surface_223_bb02.png,/Users/christopherbrantner/local/projects/portfolio/surface-defect-classifier/NEU-DET/train/images/pitted_surface/pitted_surface_223.jpg,2,patches,131,172,169,200,train
/Users/christopherbrantner/local/projects/portfolio/surface-defect-classifier/results/chips/train/pitted_surface/pitted_surface_224_bb00.png,/Users/christopherbrantner/local/projects/portfolio/surface-defect-classifier/NEU-DET/train/images/pitted_surface/pitted_surface_224.jpg,0,pitted_surface,1,3,177,200,train
/Users/christopherbrantner/local/projects/portfolio/surface-defect-classifier/results/chips/train/pitted_surface/pitted_surface_225_bb00.png,/Users/christopherbrantner/local/projects/portfolio/surface-defect-classifier/NEU-DET/train/images/pitted_surface/pitted_surface_225.jpg,0,pitted_surface,51,4,196,198,train
/Users/christopherbrantner/local/projects/portfolio/surface-defect-classifier/results/chips/train/pitted_surface/pitted_surface_226_bb00.png,/Users/christopherbrantner/local/projects/portfolio/surface-defect-classifier/NEU-DET/train/images/pitted_surface/pitted_surface_226.jpg,0,pitted_surface,2,91,81,197,train
/Users/christopherbrantner/local/projects/portfolio/surface-defect-classifier/results/chips/train/pitted_surface/pitted_surface_226_bb01.png,/Users/christopherbrantner/local/projects/portfolio/surface-defect-classifier/NEU-DET/train/images/pitted_surface/pitted_surface_226.jpg,1,pitted_surface,112,7,189,192,train
/Users/christopherbrantner/local/projects/portfolio/surface-defect-classifier/results/chips/train/patches/pitted_surface_226_bb02.png,/Users/christopherbrantner/local/projects/portfolio/surface-defect-classifier/NEU-DET/train/images/pitted_surface/pitted_surface_226.jpg,2,patches,4,1,43,56,train
/Users/christopherbrantner/local/projects/portfolio/surface-defect-classifier/results/chips/train/pitted_surface/pitted_surface_226_bb03.png,/Users/christopherbrantner/local/projects/portfolio/surface-defect-classifier/NEU-DET/train/images/pitted_surface/pitted_surface_226.jpg,3,pitted_surface,51,14,136,178,train
/Users/christopherbrantner/local/projects/portfolio/surface-defect-classifier/results/chips/train/pitted_surface/pitted_surface_227_bb00.png,/Users/christopherbrantner/local/projects/portfolio/surface-defect-classifier/NEU-DET/train/images/pitted_surface/pitted_surface_227.jpg,0,pitted_surface,34,48,199,198,train
/Users/christopherbrantner/local/projects/portfolio/surface-defect-classifier/results/chips/train/pitted_surface/pitted_surface_228_bb00.png,/Users/christopherbrantner/local/projects/portfolio/surface-defect-classifier/NEU-DET/train/images/pitted_surface/pitted_surface_228.jpg,0,pitted_surface,11,16,150,199,train
/Users/christopherbrantner/local/projects/portfolio/surface-defect-classifier/results/chips/train/pitted_surface/pitted_surface_228_bb01.png,/Users/christopherbrantner/local/projects/portfolio/surface-defect-classifier/NEU-DET/train/images/pitted_surface/pitted_surface_228.jpg,1,pitted_surface,138,20,199,199,train
/Users/christopherbrantner/local/projects/portfolio/surface-defect-classifier/results/chips/train/pitted_surface/pitted_surface_229_bb00.png,/Users/christopherbrantner/local/projects/portfolio/surface-defect-classifier/NEU-DET/train/images/pitted_surface/pitted_surface_229.jpg,0,pitted_surface,1,4,117,189,train
/Users/christopherbrantner/local/projects/portfolio/surface-defect-classifier/results/chips/train/pitted_surface/pitted_surface_229_bb01.png,/Users/christopherbrantner/local/projects/portfolio/surface-defect-classifier/NEU-DET/train/images/pitted_surface/pitted_surface_229.jpg,1,pitted_surface,63,20,199,199,train
/Users/christopherbrantner/local/projects/portfolio/surface-defect-classifier/results/chips/train/pitted_surface/pitted_surface_23_bb00.png,/Users/christopherbrantner/local/projects/portfolio/surface-defect-classifier/NEU-DET/train/images/pitted_surface/pitted_surface_23.jpg,0,pitted_surface,1,1,200,198,train
/Users/christopherbrantner/local/projects/portfolio/surface-defect-classifier/results/chips/train/pitted_surface/pitted_surface_230_bb00.png,/Users/christopherbrantner/local/projects/portfolio/surface-defect-classifier/NEU-DET/train/images/pitted_surface/pitted_surface_230.jpg,0,pitted_surface,93,5,194,191,train
/Users/christopherbrantner/local/projects/portfolio/surface-defect-classifier/results/chips/train/pitted_surface/pitted_surface_230_bb01.png,/Users/christopherbrantner/local/projects/portfolio/surface-defect-classifier/NEU-DET/train/images/pitted_surface/pitted_surface_230.jpg,1,pitted_surface,5,50,156,192,train
/Users/christopherbrantner/local/projects/portfolio/surface-defect-classifier/results/chips/train/pitted_surface/pitted_surface_231_bb00.png,/Users/christopherbrantner/local/projects/portfolio/surface-defect-classifier/NEU-DET/train/images/pitted_surface/pitted_surface_231.jpg,0,pitted_surface,50,5,184,171,train
/Users/christopherbrantner/local/projects/portfolio/surface-defect-classifier/results/chips/train/pitted_surface/pitted_surface_231_bb01.png,/Users/christopherbrantner/local/projects/portfolio/surface-defect-classifier/NEU-DET/train/images/pitted_surface/pitted_surface_231.jpg,1,pitted_surface,1,1,50,200,train
/Users/christopherbrantner/local/projects/portfolio/surface-defect-classifier/results/chips/train/pitted_surface/pitted_surface_232_bb00.png,/Users/christopherbrantner/local/projects/portfolio/surface-defect-classifier/NEU-DET/train/images/pitted_surface/pitted_surface_232.jpg,0,pitted_surface,118,8,193,200,train
/Users/christopherbrantner/local/projects/portfolio/surface-defect-classifier/results/chips/train/pitted_surface/pitted_surface_233_bb00.png,/Users/christopherbrantner/local/projects/portfolio/surface-defect-classifier/NEU-DET/train/images/pitted_surface/pitted_surface_233.jpg,0,pitted_surface,162,76,198,147,train
/Users/christopherbrantner/local/projects/portfolio/surface-defect-classifier/results/chips/train/pitted_surface/pitted_surface_233_bb01.png,/Users/christopherbrantner/local/projects/portfolio/surface-defect-classifier/NEU-DET/train/images/pitted_surface/pitted_surface_233.jpg,1,pitted_surface,67,7,142,183,train
/Users/christopherbrantner/local/projects/portfolio/surface-defect-classifier/results/chips/train/pitted_surface/pitted_surface_234_bb00.png,/Users/christopherbrantner/local/projects/portfolio/surface-defect-classifier/NEU-DET/train/images/pitted_surface/pitted_surface_234.jpg,0,pitted_surface,21,6,95,147,train
/Users/christopherbrantner/local/projects/portfolio/surface-defect-classifier/results/chips/train/pitted_surface/pitted_surface_235_bb00.png,/Users/christopherbrantner/local/projects/portfolio/surface-defect-classifier/NEU-DET/train/images/pitted_surface/pitted_surface_235.jpg,0,pitted_surface,14,4,111,190,train
/Users/christopherbrantner/local/projects/portfolio/surface-defect-classifier/results/chips/train/pitted_surface/pitted_surface_235_bb01.png,/Users/christopherbrantner/local/projects/portfolio/surface-defect-classifier/NEU-DET/train/images/pitted_surface/pitted_surface_235.jpg,1,pitted_surface,78,50,136,182,train
/Users/christopherbrantner/local/projects/portfolio/surface-defect-classifier/results/chips/train/pitted_surface/pitted_surface_236_bb00.png,/Users/christopherbrantner/local/projects/portfolio/surface-defect-classifier/NEU-DET/train/images/pitted_surface/pitted_surface_236.jpg,0,pitted_surface,31,8,166,185,train
/Users/christopherbrantner/local/projects/portfolio/surface-defect-classifier/results/chips/train/pitted_surface/pitted_surface_236_bb01.png,/Users/christopherbrantner/local/projects/portfolio/surface-defect-classifier/NEU-DET/train/images/pitted_surface/pitted_surface_236.jpg,1,pitted_surface,145,2,196,199,train
/Users/christopherbrantner/local/projects/portfolio/surface-defect-classifier/results/chips/train/patches/pitted_surface_236_bb02.png,/Users/christopherbrantner/local/projects/portfolio/surface-defect-classifier/NEU-DET/train/images/pitted_surface/pitted_surface_236.jpg,2,patches,1,25,29,53,train
/Users/christopherbrantner/local/projects/portfolio/surface-defect-classifier/results/chips/train/patches/pitted_surface_236_bb03.png,/Users/christopherbrantner/local/projects/portfolio/surface-defect-classifier/NEU-DET/train/images/pitted_surface/pitted_surface_236.jpg,3,patches,5,135,37,172,train
/Users/christopherbrantner/local/projects/portfolio/surface-defect-classifier/results/chips/train/pitted_surface/pitted_surface_237_bb00.png,/Users/christopherbrantner/local/projects/portfolio/surface-defect-classifier/NEU-DET/train/images/pitted_surface/pitted_surface_237.jpg,0,pitted_surface,22,25,191,197,train
/Users/christopherbrantner/local/projects/portfolio/surface-defect-classifier/results/chips/train/patches/pitted_surface_237_bb01.png,/Users/christopherbrantner/local/projects/portfolio/surface-defect-classifier/NEU-DET/train/images/pitted_surface/pitted_surface_237.jpg,1,patches,8,2,40,27,train
/Users/christopherbrantner/local/projects/portfolio/surface-defect-classifier/results/chips/train/pitted_surface/pitted_surface_238_bb00.png,/Users/christopherbrantner/local/projects/portfolio/surface-defect-classifier/NEU-DET/train/images/pitted_surface/pitted_surface_238.jpg,0,pitted_surface,1,15,82,196,train
/Users/christopherbrantner/local/projects/portfolio/surface-defect-classifier/results/chips/train/pitted_surface/pitted_surface_238_bb01.png,/Users/christopherbrantner/local/projects/portfolio/surface-defect-classifier/NEU-DET/train/images/pitted_surface/pitted_surface_238.jpg,1,pitted_surface,52,23,185,199,train
/Users/christopherbrantner/local/projects/portfolio/surface-defect-classifier/results/chips/train/pitted_surface/pitted_surface_239_bb00.png,/Users/christopherbrantner/local/projects/portfolio/surface-defect-classifier/NEU-DET/train/images/pitted_surface/pitted_surface_239.jpg,0,pitted_surface,2,10,131,200,train
/Users/christopherbrantner/local/projects/portfolio/surface-defect-classifier/results/chips/train/pitted_surface/pitted_surface_239_bb01.png,/Users/christopherbrantner/local/projects/portfolio/surface-defect-classifier/NEU-DET/train/images/pitted_surface/pitted_surface_239.jpg,1,pitted_surface,99,15,184,197,train
/Users/christopherbrantner/local/projects/portfolio/surface-defect-classifier/results/chips/train/pitted_surface/pitted_surface_24_bb00.png,/Users/christopherbrantner/local/projects/portfolio/surface-defect-classifier/NEU-DET/train/images/pitted_surface/pitted_surface_24.jpg,0,pitted_surface,1,1,200,199,train
/Users/christopherbrantner/local/projects/portfolio/surface-defect-classifier/results/chips/train/pitted_surface/pitted_surface_240_bb00.png,/Users/christopherbrantner/local/projects/portfolio/surface-defect-classifier/NEU-DET/train/images/pitted_surface/pitted_surface_240.jpg,0,pitted_surface,11,1,194,183,train
/Users/christopherbrantner/local/projects/portfolio/surface-defect-classifier/results/chips/train/pitted_surface/pitted_surface_25_bb00.png,/Users/christopherbrantner/local/projects/portfolio/surface-defect-classifier/NEU-DET/train/images/pitted_surface/pitted_surface_25.jpg,0,pitted_surface,1,1,199,198,train
/Users/christopherbrantner/local/projects/portfolio/surface-defect-classifier/results/chips/train/pitted_surface/pitted_surface_26_bb00.png,/Users/christopherbrantner/local/projects/portfolio/surface-defect-classifier/NEU-DET/train/images/pitted_surface/pitted_surface_26.jpg,0,pitted_surface,35,1,200,200,train
/Users/christopherbrantner/local/projects/portfolio/surface-defect-classifier/results/chips/train/pitted_surface/pitted_surface_27_bb00.png,/Users/christopherbrantner/local/projects/portfolio/surface-defect-classifier/NEU-DET/train/images/pitted_surface/pitted_surface_27.jpg,0,pitted_surface,37,1,127,188,train
/Users/christopherbrantner/local/projects/portfolio/surface-defect-classifier/results/chips/train/pitted_surface/pitted_surface_27_bb01.png,/Users/christopherbrantner/local/projects/portfolio/surface-defect-classifier/NEU-DET/train/images/pitted_surface/pitted_surface_27.jpg,1,pitted_surface,119,1,200,198,train
/Users/christopherbrantner/local/projects/portfolio/surface-defect-classifier/results/chips/train/pitted_surface/pitted_surface_28_bb00.png,/Users/christopherbrantner/local/projects/portfolio/surface-defect-classifier/NEU-DET/train/images/pitted_surface/pitted_surface_28.jpg,0,pitted_surface,1,1,199,199,train
/Users/christopherbrantner/local/projects/portfolio/surface-defect-classifier/results/chips/train/pitted_surface/pitted_surface_28_bb01.png,/Users/christopherbrantner/local/projects/portfolio/surface-defect-classifier/NEU-DET/train/images/pitted_surface/pitted_surface_28.jpg,1,pitted_surface,55,1,124,25,train
/Users/christopherbrantner/local/projects/portfolio/surface-defect-classifier/results/chips/train/pitted_surface/pitted_surface_29_bb00.png,/Users/christopherbrantner/local/projects/portfolio/surface-defect-classifier/NEU-DET/train/images/pitted_surface/pitted_surface_29.jpg,0,pitted_surface,1,1,197,198,train
/Users/christopherbrantner/local/projects/portfolio/surface-defect-classifier/results/chips/train/pitted_surface/pitted_surface_3_bb00.png,/Users/christopherbrantner/local/projects/portfolio/surface-defect-classifier/NEU-DET/train/images/pitted_surface/pitted_surface_3.jpg,0,pitted_surface,1,1,51,184,train
/Users/christopherbrantner/local/projects/portfolio/surface-defect-classifier/results/chips/train/pitted_surface/pitted_surface_3_bb01.png,/Users/christopherbrantner/local/projects/portfolio/surface-defect-classifier/NEU-DET/train/images/pitted_surface/pitted_surface_3.jpg,1,pitted_surface,48,2,198,198,train
/Users/christopherbrantner/local/projects/portfolio/surface-defect-classifier/results/chips/train/pitted_surface/pitted_surface_30_bb00.png,/Users/christopherbrantner/local/projects/portfolio/surface-defect-classifier/NEU-DET/train/images/pitted_surface/pitted_surface_30.jpg,0,pitted_surface,1,1,199,199,train
/Users/christopherbrantner/local/projects/portfolio/surface-defect-classifier/results/chips/train/pitted_surface/pitted_surface_31_bb00.png,/Users/christopherbrantner/local/projects/portfolio/surface-defect-classifier/NEU-DET/train/images/pitted_surface/pitted_surface_31.jpg,0,pitted_surface,1,1,200,199,train
/Users/christopherbrantner/local/projects/portfolio/surface-defect-classifier/results/chips/train/pitted_surface/pitted_surface_32_bb00.png,/Users/christopherbrantner/local/projects/portfolio/surface-defect-classifier/NEU-DET/train/images/pitted_surface/pitted_surface_32.jpg,0,pitted_surface,1,1,200,199,train
/Users/christopherbrantner/local/projects/portfolio/surface-defect-classifier/results/chips/train/pitted_surface/pitted_surface_33_bb00.png,/Users/christopherbrantner/local/projects/portfolio/surface-defect-classifier/NEU-DET/train/images/pitted_surface/pitted_surface_33.jpg,0,pitted_surface,9,1,199,199,train
/Users/christopherbrantner/local/projects/portfolio/surface-defect-classifier/results/chips/train/pitted_surface/pitted_surface_34_bb00.png,/Users/christopherbrantner/local/projects/portfolio/surface-defect-classifier/NEU-DET/train/images/pitted_surface/pitted_surface_34.jpg,0,pitted_surface,3,1,85,197,train
/Users/christopherbrantner/local/projects/portfolio/surface-defect-classifier/results/chips/train/pitted_surface/pitted_surface_34_bb01.png,/Users/christopherbrantner/local/projects/portfolio/surface-defect-classifier/NEU-DET/train/images/pitted_surface/pitted_surface_34.jpg,1,pitted_surface,93,1,200,197,train
/Users/christopherbrantner/local/projects/portfolio/surface-defect-classifier/results/chips/train/pitted_surface/pitted_surface_35_bb00.png,/Users/christopherbrantner/local/projects/portfolio/surface-defect-classifier/NEU-DET/train/images/pitted_surface/pitted_surface_35.jpg,0,pitted_surface,89,1,200,186,train
/Users/christopherbrantner/local/projects/portfolio/surface-defect-classifier/results/chips/train/pitted_surface/pitted_surface_35_bb01.png,/Users/christopherbrantner/local/projects/portfolio/surface-defect-classifier/NEU-DET/train/images/pitted_surface/pitted_surface_35.jpg,1,pitted_surface,1,1,118,197,train
/Users/christopherbrantner/local/projects/portfolio/surface-defect-classifier/results/chips/train/pitted_surface/pitted_surface_36_bb00.png,/Users/christopherbrantner/local/projects/portfolio/surface-defect-classifier/NEU-DET/train/images/pitted_surface/pitted_surface_36.jpg,0,pitted_surface,1,1,200,198,train
/Users/christopherbrantner/local/projects/portfolio/surface-defect-classifier/results/chips/train/pitted_surface/pitted_surface_37_bb00.png,/Users/christopherbrantner/local/projects/portfolio/surface-defect-classifier/NEU-DET/train/images/pitted_surface/pitted_surface_37.jpg,0,pitted_surface,1,1,200,199,train
/Users/christopherbrantner/local/projects/portfolio/surface-defect-classifier/results/chips/train/pitted_surface/pitted_surface_38_bb00.png,/Users/christopherbrantner/local/projects/portfolio/surface-defect-classifier/NEU-DET/train/images/pitted_surface/pitted_surface_38.jpg,0,pitted_surface,1,1,200,199,train
/Users/christopherbrantner/local/projects/portfolio/surface-defect-classifier/results/chips/train/pitted_surface/pitted_surface_39_bb00.png,/Users/christopherbrantner/local/projects/portfolio/surface-defect-classifier/NEU-DET/train/images/pitted_surface/pitted_surface_39.jpg,0,pitted_surface,1,1,200,200,train
/Users/christopherbrantner/local/projects/portfolio/surface-defect-classifier/results/chips/train/pitted_surface/pitted_surface_4_bb00.png,/Users/christopherbrantner/local/projects/portfolio/surface-defect-classifier/NEU-DET/train/images/pitted_surface/pitted_surface_4.jpg,0,pitted_surface,19,2,150,199,train
/Users/christopherbrantner/local/projects/portfolio/surface-defect-classifier/results/chips/train/pitted_surface/pitted_surface_40_bb00.png,/Users/christopherbrantner/local/projects/portfolio/surface-defect-classifier/NEU-DET/train/images/pitted_surface/pitted_surface_40.jpg,0,pitted_surface,3,1,200,198,train
/Users/christopherbrantner/local/projects/portfolio/surface-defect-classifier/results/chips/train/pitted_surface/pitted_surface_41_bb00.png,/Users/christopherbrantner/local/projects/portfolio/surface-defect-classifier/NEU-DET/train/images/pitted_surface/pitted_surface_41.jpg,0,pitted_surface,2,1,68,199,train
/Users/christopherbrantner/local/projects/portfolio/surface-defect-classifier/results/chips/train/pitted_surface/pitted_surface_41_bb01.png,/Users/christopherbrantner/local/projects/portfolio/surface-defect-classifier/NEU-DET/train/images/pitted_surface/pitted_surface_41.jpg,1,pitted_surface,77,1,200,199,train
/Users/christopherbrantner/local/projects/portfolio/surface-defect-classifier/results/chips/train/pitted_surface/pitted_surface_42_bb00.png,/Users/christopherbrantner/local/projects/portfolio/surface-defect-classifier/NEU-DET/train/images/pitted_surface/pitted_surface_42.jpg,0,pitted_surface,1,1,200,196,train
/Users/christopherbrantner/local/projects/portfolio/surface-defect-classifier/results/chips/train/pitted_surface/pitted_surface_43_bb00.png,/Users/christopherbrantner/local/projects/portfolio/surface-defect-classifier/NEU-DET/train/images/pitted_surface/pitted_surface_43.jpg,0,pitted_surface,1,1,197,183,train
/Users/christopherbrantner/local/projects/portfolio/surface-defect-classifier/results/chips/train/pitted_surface/pitted_surface_44_bb00.png,/Users/christopherbrantner/local/projects/portfolio/surface-defect-classifier/NEU-DET/train/images/pitted_surface/pitted_surface_44.jpg,0,pitted_surface,3,1,198,116,train
/Users/christopherbrantner/local/projects/portfolio/surface-defect-classifier/results/chips/train/pitted_surface/pitted_surface_45_bb00.png,/Users/christopherbrantner/local/projects/portfolio/surface-defect-classifier/NEU-DET/train/images/pitted_surface/pitted_surface_45.jpg,0,pitted_surface,1,1,197,140,train
/Users/christopherbrantner/local/projects/portfolio/surface-defect-classifier/results/chips/train/pitted_surface/pitted_surface_46_bb00.png,/Users/christopherbrantner/local/projects/portfolio/surface-defect-classifier/NEU-DET/train/images/pitted_surface/pitted_surface_46.jpg,0,pitted_surface,1,1,51,199,train
/Users/christopherbrantner/local/projects/portfolio/surface-defect-classifier/results/chips/train/pitted_surface/pitted_surface_46_bb01.png,/Users/christopherbrantner/local/projects/portfolio/surface-defect-classifier/NEU-DET/train/images/pitted_surface/pitted_surface_46.jpg,1,pitted_surface,69,1,200,196,train
/Users/christopherbrantner/local/projects/portfolio/surface-defect-classifier/results/chips/train/pitted_surface/pitted_surface_47_bb00.png,/Users/christopherbrantner/local/projects/portfolio/surface-defect-classifier/NEU-DET/train/images/pitted_surface/pitted_surface_47.jpg,0,pitted_surface,118,1,199,200,train
/Users/christopherbrantner/local/projects/portfolio/surface-defect-classifier/results/chips/train/pitted_surface/pitted_surface_47_bb01.png,/Users/christopherbrantner/local/projects/portfolio/surface-defect-classifier/NEU-DET/train/images/pitted_surface/pitted_surface_47.jpg,1,pitted_surface,5,1,88,199,train
/Users/christopherbrantner/local/projects/portfolio/surface-defect-classifier/results/chips/train/pitted_surface/pitted_surface_48_bb00.png,/Users/christopherbrantner/local/projects/portfolio/surface-defect-classifier/NEU-DET/train/images/pitted_surface/pitted_surface_48.jpg,0,pitted_surface,2,1,196,197,train
/Users/christopherbrantner/local/projects/portfolio/surface-defect-classifier/results/chips/train/pitted_surface/pitted_surface_49_bb00.png,/Users/christopherbrantner/local/projects/portfolio/surface-defect-classifier/NEU-DET/train/images/pitted_surface/pitted_surface_49.jpg,0,pitted_surface,1,1,197,198,train
/Users/christopherbrantner/local/projects/portfolio/surface-defect-classifier/results/chips/train/pitted_surface/pitted_surface_5_bb00.png,/Users/christopherbrantner/local/projects/portfolio/surface-defect-classifier/NEU-DET/train/images/pitted_surface/pitted_surface_5.jpg,0,pitted_surface,1,1,193,196,train
/Users/christopherbrantner/local/projects/portfolio/surface-defect-classifier/results/chips/train/pitted_surface/pitted_surface_50_bb00.png,/Users/christopherbrantner/local/projects/portfolio/surface-defect-classifier/NEU-DET/train/images/pitted_surface/pitted_surface_50.jpg,0,pitted_surface,9,1,111,200,train
/Users/christopherbrantner/local/projects/portfolio/surface-defect-classifier/results/chips/train/pitted_surface/pitted_surface_50_bb01.png,/Users/christopherbrantner/local/projects/portfolio/surface-defect-classifier/NEU-DET/train/images/pitted_surface/pitted_surface_50.jpg,1,pitted_surface,117,1,200,200,train
/Users/christopherbrantner/local/projects/portfolio/surface-defect-classifier/results/chips/train/pitted_surface/pitted_surface_51_bb00.png,/Users/christopherbrantner/local/projects/portfolio/surface-defect-classifier/NEU-DET/train/images/pitted_surface/pitted_surface_51.jpg,0,pitted_surface,1,1,197,200,train
/Users/christopherbrantner/local/projects/portfolio/surface-defect-classifier/results/chips/train/pitted_surface/pitted_surface_52_bb00.png,/Users/christopherbrantner/local/projects/portfolio/surface-defect-classifier/NEU-DET/train/images/pitted_surface/pitted_surface_52.jpg,0,pitted_surface,1,1,199,200,train
/Users/christopherbrantner/local/projects/portfolio/surface-defect-classifier/results/chips/train/pitted_surface/pitted_surface_53_bb00.png,/Users/christopherbrantner/local/projects/portfolio/surface-defect-classifier/NEU-DET/train/images/pitted_surface/pitted_surface_53.jpg,0,pitted_surface,1,1,200,198,train
/Users/christopherbrantner/local/projects/portfolio/surface-defect-classifier/results/chips/train/pitted_surface/pitted_surface_54_bb00.png,/Users/christopherbrantner/local/projects/portfolio/surface-defect-classifier/NEU-DET/train/images/pitted_surface/pitted_surface_54.jpg,0,pitted_surface,3,1,197,194,train
/Users/christopherbrantner/local/projects/portfolio/surface-defect-classifier/results/chips/train/pitted_surface/pitted_surface_55_bb00.png,/Users/christopherbrantner/local/projects/portfolio/surface-defect-classifier/NEU-DET/train/images/pitted_surface/pitted_surface_55.jpg,0,pitted_surface,22,1,99,199,train
/Users/christopherbrantner/local/projects/portfolio/surface-defect-classifier/results/chips/train/pitted_surface/pitted_surface_55_bb01.png,/Users/christopherbrantner/local/projects/portfolio/surface-defect-classifier/NEU-DET/train/images/pitted_surface/pitted_surface_55.jpg,1,pitted_surface,94,1,199,199,train
/Users/christopherbrantner/local/projects/portfolio/surface-defect-classifier/results/chips/train/pitted_surface/pitted_surface_56_bb00.png,/Users/christopherbrantner/local/projects/portfolio/surface-defect-classifier/NEU-DET/train/images/pitted_surface/pitted_surface_56.jpg,0,pitted_surface,1,1,73,200,train
/Users/christopherbrantner/local/projects/portfolio/surface-defect-classifier/results/chips/train/pitted_surface/pitted_surface_56_bb01.png,/Users/christopherbrantner/local/projects/portfolio/surface-defect-classifier/NEU-DET/train/images/pitted_surface/pitted_surface_56.jpg,1,pitted_surface,87,1,199,200,train
/Users/christopherbrantner/local/projects/portfolio/surface-defect-classifier/results/chips/train/pitted_surface/pitted_surface_57_bb00.png,/Users/christopherbrantner/local/projects/portfolio/surface-defect-classifier/NEU-DET/train/images/pitted_surface/pitted_surface_57.jpg,0,pitted_surface,1,1,200,200,train
/Users/christopherbrantner/local/projects/portfolio/surface-defect-classifier/results/chips/train/pitted_surface/pitted_surface_58_bb00.png,/Users/christopherbrantner/local/projects/portfolio/surface-defect-classifier/NEU-DET/train/images/pitted_surface/pitted_surface_58.jpg,0,pitted_surface,1,1,200,198,train
/Users/christopherbrantner/local/projects/portfolio/surface-defect-classifier/results/chips/train/pitted_surface/pitted_surface_59_bb00.png,/Users/christopherbrantner/local/projects/portfolio/surface-defect-classifier/NEU-DET/train/images/pitted_surface/pitted_surface_59.jpg,0,pitted_surface,6,1,76,186,train
/Users/christopherbrantner/local/projects/portfolio/surface-defect-classifier/results/chips/train/pitted_surface/pitted_surface_59_bb01.png,/Users/christopherbrantner/local/projects/portfolio/surface-defect-classifier/NEU-DET/train/images/pitted_surface/pitted_surface_59.jpg,1,pitted_surface,72,1,200,199,train
/Users/christopherbrantner/local/projects/portfolio/surface-defect-classifier/results/chips/train/pitted_surface/pitted_surface_6_bb00.png,/Users/christopherbrantner/local/projects/portfolio/surface-defect-classifier/NEU-DET/train/images/pitted_surface/pitted_surface_6.jpg,0,pitted_surface,1,1,197,197,train
/Users/christopherbrantner/local/projects/portfolio/surface-defect-classifier/results/chips/train/pitted_surface/pitted_surface_60_bb00.png,/Users/christopherbrantner/local/projects/portfolio/surface-defect-classifier/NEU-DET/train/images/pitted_surface/pitted_surface_60.jpg,0,pitted_surface,1,1,200,198,train
/Users/christopherbrantner/local/projects/portfolio/surface-defect-classifier/results/chips/train/pitted_surface/pitted_surface_61_bb00.png,/Users/christopherbrantner/local/projects/portfolio/surface-defect-classifier/NEU-DET/train/images/pitted_surface/pitted_surface_61.jpg,0,pitted_surface,1,1,199,200,train
/Users/christopherbrantner/local/projects/portfolio/surface-defect-classifier/results/chips/train/pitted_surface/pitted_surface_62_bb00.png,/Users/christopherbrantner/local/projects/portfolio/surface-defect-classifier/NEU-DET/train/images/pitted_surface/pitted_surface_62.jpg,0,pitted_surface,77,2,200,200,train
/Users/christopherbrantner/local/projects/portfolio/surface-defect-classifier/results/chips/train/pitted_surface/pitted_surface_63_bb00.png,/Users/christopherbrantner/local/projects/portfolio/surface-defect-classifier/NEU-DET/train/images/pitted_surface/pitted_surface_63.jpg,0,pitted_surface,1,1,198,198,train
/Users/christopherbrantner/local/projects/portfolio/surface-defect-classifier/results/chips/train/pitted_surface/pitted_surface_64_bb00.png,/Users/christopherbrantner/local/projects/portfolio/surface-defect-classifier/NEU-DET/train/images/pitted_surface/pitted_surface_64.jpg,0,pitted_surface,1,1,200,198,train
/Users/christopherbrantner/local/projects/portfolio/surface-defect-classifier/results/chips/train/pitted_surface/pitted_surface_65_bb00.png,/Users/christopherbrantner/local/projects/portfolio/surface-defect-classifier/NEU-DET/train/images/pitted_surface/pitted_surface_65.jpg,0,pitted_surface,5,1,199,195,train
/Users/christopherbrantner/local/projects/portfolio/surface-defect-classifier/results/chips/train/pitted_surface/pitted_surface_66_bb00.png,/Users/christopherbrantner/local/projects/portfolio/surface-defect-classifier/NEU-DET/train/images/pitted_surface/pitted_surface_66.jpg,0,pitted_surface,8,1,200,196,train
/Users/christopherbrantner/local/projects/portfolio/surface-defect-classifier/results/chips/train/pitted_surface/pitted_surface_67_bb00.png,/Users/christopherbrantner/local/projects/portfolio/surface-defect-classifier/NEU-DET/train/images/pitted_surface/pitted_surface_67.jpg,0,pitted_surface,35,2,138,200,train
/Users/christopherbrantner/local/projects/portfolio/surface-defect-classifier/results/chips/train/pitted_surface/pitted_surface_67_bb01.png,/Users/christopherbrantner/local/projects/portfolio/surface-defect-classifier/NEU-DET/train/images/pitted_surface/pitted_surface_67.jpg,1,pitted_surface,141,1,200,200,train
/Users/christopherbrantner/local/projects/portfolio/surface-defect-classifier/results/chips/train/pitted_surface/pitted_surface_68_bb00.png,/Users/christopherbrantner/local/projects/portfolio/surface-defect-classifier/NEU-DET/train/images/pitted_surface/pitted_surface_68.jpg,0,pitted_surface,2,3,198,128,train
/Users/christopherbrantner/local/projects/portfolio/surface-defect-classifier/results/chips/train/pitted_surface/pitted_surface_69_bb00.png,/Users/christopherbrantner/local/projects/portfolio/surface-defect-classifier/NEU-DET/train/images/pitted_surface/pitted_surface_69.jpg,0,pitted_surface,13,1,104,133,train
/Users/christopherbrantner/local/projects/portfolio/surface-defect-classifier/results/chips/train/pitted_surface/pitted_surface_69_bb01.png,/Users/christopherbrantner/local/projects/portfolio/surface-defect-classifier/NEU-DET/train/images/pitted_surface/pitted_surface_69.jpg,1,pitted_surface,137,1,200,200,train
/Users/christopherbrantner/local/projects/portfolio/surface-defect-classifier/results/chips/train/pitted_surface/pitted_surface_7_bb00.png,/Users/christopherbrantner/local/projects/portfolio/surface-defect-classifier/NEU-DET/train/images/pitted_surface/pitted_surface_7.jpg,0,pitted_surface,1,1,48,198,train
/Users/christopherbrantner/local/projects/portfolio/surface-defect-classifier/results/chips/train/pitted_surface/pitted_surface_7_bb01.png,/Users/christopherbrantner/local/projects/portfolio/surface-defect-classifier/NEU-DET/train/images/pitted_surface/pitted_surface_7.jpg,1,pitted_surface,38,1,200,198,train
/Users/christopherbrantner/local/projects/portfolio/surface-defect-classifier/results/chips/train/pitted_surface/pitted_surface_70_bb00.png,/Users/christopherbrantner/local/projects/portfolio/surface-defect-classifier/NEU-DET/train/images/pitted_surface/pitted_surface_70.jpg,0,pitted_surface,1,1,200,200,train
/Users/christopherbrantner/local/projects/portfolio/surface-defect-classifier/results/chips/train/pitted_surface/pitted_surface_71_bb00.png,/Users/christopherbrantner/local/projects/portfolio/surface-defect-classifier/NEU-DET/train/images/pitted_surface/pitted_surface_71.jpg,0,pitted_surface,1,30,198,198,train
/Users/christopherbrantner/local/projects/portfolio/surface-defect-classifier/results/chips/train/pitted_surface/pitted_surface_72_bb00.png,/Users/christopherbrantner/local/projects/portfolio/surface-defect-classifier/NEU-DET/train/images/pitted_surface/pitted_surface_72.jpg,0,pitted_surface,4,1,200,200,train
/Users/christopherbrantner/local/projects/portfolio/surface-defect-classifier/results/chips/train/pitted_surface/pitted_surface_73_bb00.png,/Users/christopherbrantner/local/projects/portfolio/surface-defect-classifier/NEU-DET/train/images/pitted_surface/pitted_surface_73.jpg,0,pitted_surface,1,1,182,197,train
/Users/christopherbrantner/local/projects/portfolio/surface-defect-classifier/results/chips/train/pitted_surface/pitted_surface_73_bb01.png,/Users/christopherbrantner/local/projects/portfolio/surface-defect-classifier/NEU-DET/train/images/pitted_surface/pitted_surface_73.jpg,1,pitted_surface,137,37,199,199,train
/Users/christopherbrantner/local/projects/portfolio/surface-defect-classifier/results/chips/train/pitted_surface/pitted_surface_74_bb00.png,/Users/christopherbrantner/local/projects/portfolio/surface-defect-classifier/NEU-DET/train/images/pitted_surface/pitted_surface_74.jpg,0,pitted_surface,1,1,200,198,train
/Users/christopherbrantner/local/projects/portfolio/surface-defect-classifier/results/chips/train/pitted_surface/pitted_surface_75_bb00.png,/Users/christopherbrantner/local/projects/portfolio/surface-defect-classifier/NEU-DET/train/images/pitted_surface/pitted_surface_75.jpg,0,pitted_surface,87,1,200,200,train
/Users/christopherbrantner/local/projects/portfolio/surface-defect-classifier/results/chips/train/pitted_surface/pitted_surface_75_bb01.png,/Users/christopherbrantner/local/projects/portfolio/surface-defect-classifier/NEU-DET/train/images/pitted_surface/pitted_surface_75.jpg,1,pitted_surface,12,1,57,192,train
/Users/christopherbrantner/local/projects/portfolio/surface-defect-classifier/results/chips/train/pitted_surface/pitted_surface_76_bb00.png,/Users/christopherbrantner/local/projects/portfolio/surface-defect-classifier/NEU-DET/train/images/pitted_surface/pitted_surface_76.jpg,0,pitted_surface,1,1,200,199,train
/Users/christopherbrantner/local/projects/portfolio/surface-defect-classifier/results/chips/train/pitted_surface/pitted_surface_77_bb00.png,/Users/christopherbrantner/local/projects/portfolio/surface-defect-classifier/NEU-DET/train/images/pitted_surface/pitted_surface_77.jpg,0,pitted_surface,1,1,199,200,train
/Users/christopherbrantner/local/projects/portfolio/surface-defect-classifier/results/chips/train/pitted_surface/pitted_surface_78_bb00.png,/Users/christopherbrantner/local/projects/portfolio/surface-defect-classifier/NEU-DET/train/images/pitted_surface/pitted_surface_78.jpg,0,pitted_surface,96,1,199,200,train
/Users/christopherbrantner/local/projects/portfolio/surface-defect-classifier/results/chips/train/pitted_surface/pitted_surface_78_bb01.png,/Users/christopherbrantner/local/projects/portfolio/surface-defect-classifier/NEU-DET/train/images/pitted_surface/pitted_surface_78.jpg,1,pitted_surface,1,1,67,198,train
/Users/christopherbrantner/local/projects/portfolio/surface-defect-classifier/results/chips/train/pitted_surface/pitted_surface_79_bb00.png,/Users/christopherbrantner/local/projects/portfolio/surface-defect-classifier/NEU-DET/train/images/pitted_surface/pitted_surface_79.jpg,0,pitted_surface,1,1,200,200,train
/Users/christopherbrantner/local/projects/portfolio/surface-defect-classifier/results/chips/train/pitted_surface/pitted_surface_8_bb00.png,/Users/christopherbrantner/local/projects/portfolio/surface-defect-classifier/NEU-DET/train/images/pitted_surface/pitted_surface_8.jpg,0,pitted_surface,1,1,199,199,train
/Users/christopherbrantner/local/projects/portfolio/surface-defect-classifier/results/chips/train/pitted_surface/pitted_surface_80_bb00.png,/Users/christopherbrantner/local/projects/portfolio/surface-defect-classifier/NEU-DET/train/images/pitted_surface/pitted_surface_80.jpg,0,pitted_surface,1,1,127,200,train
/Users/christopherbrantner/local/projects/portfolio/surface-defect-classifier/results/chips/train/pitted_surface/pitted_surface_80_bb01.png,/Users/christopherbrantner/local/projects/portfolio/surface-defect-classifier/NEU-DET/train/images/pitted_surface/pitted_surface_80.jpg,1,pitted_surface,128,1,200,200,train
/Users/christopherbrantner/local/projects/portfolio/surface-defect-classifier/results/chips/train/pitted_surface/pitted_surface_81_bb00.png,/Users/christopherbrantner/local/projects/portfolio/surface-defect-classifier/NEU-DET/train/images/pitted_surface/pitted_surface_81.jpg,0,pitted_surface,46,1,200,200,train
/Users/christopherbrantner/local/projects/portfolio/surface-defect-classifier/results/chips/train/pitted_surface/pitted_surface_82_bb00.png,/Users/christopherbrantner/local/projects/portfolio/surface-defect-classifier/NEU-DET/train/images/pitted_surface/pitted_surface_82.jpg,0,pitted_surface,124,1,194,200,train
/Users/christopherbrantner/local/projects/portfolio/surface-defect-classifier/results/chips/train/pitted_surface/pitted_surface_82_bb01.png,/Users/christopherbrantner/local/projects/portfolio/surface-defect-classifier/NEU-DET/train/images/pitted_surface/pitted_surface_82.jpg,1,pitted_surface,1,1,122,174,train
/Users/christopherbrantner/local/projects/portfolio/surface-defect-classifier/results/chips/train/pitted_surface/pitted_surface_83_bb00.png,/Users/christopherbrantner/local/projects/portfolio/surface-defect-classifier/NEU-DET/train/images/pitted_surface/pitted_surface_83.jpg,0,pitted_surface,2,1,95,199,train
/Users/christopherbrantner/local/projects/portfolio/surface-defect-classifier/results/chips/train/pitted_surface/pitted_surface_83_bb01.png,/Users/christopherbrantner/local/projects/portfolio/surface-defect-classifier/NEU-DET/train/images/pitted_surface/pitted_surface_83.jpg,1,pitted_surface,102,1,199,200,train
/Users/christopherbrantner/local/projects/portfolio/surface-defect-classifier/results/chips/train/pitted_surface/pitted_surface_84_bb00.png,/Users/christopherbrantner/local/projects/portfolio/surface-defect-classifier/NEU-DET/train/images/pitted_surface/pitted_surface_84.jpg,0,pitted_surface,7,1,200,200,train
/Users/christopherbrantner/local/projects/portfolio/surface-defect-classifier/results/chips/train/pitted_surface/pitted_surface_85_bb00.png,/Users/christopherbrantner/local/projects/portfolio/surface-defect-classifier/NEU-DET/train/images/pitted_surface/pitted_surface_85.jpg,0,pitted_surface,1,1,199,199,train
/Users/christopherbrantner/local/projects/portfolio/surface-defect-classifier/results/chips/train/pitted_surface/pitted_surface_86_bb00.png,/Users/christopherbrantner/local/projects/portfolio/surface-defect-classifier/NEU-DET/train/images/pitted_surface/pitted_surface_86.jpg,0,pitted_surface,13,1,200,200,train
/Users/christopherbrantner/local/projects/portfolio/surface-defect-classifier/results/chips/train/pitted_surface/pitted_surface_87_bb00.png,/Users/christopherbrantner/local/projects/portfolio/surface-defect-classifier/NEU-DET/train/images/pitted_surface/pitted_surface_87.jpg,0,pitted_surface,1,1,56,198,train
/Users/christopherbrantner/local/projects/portfolio/surface-defect-classifier/results/chips/train/pitted_surface/pitted_surface_87_bb01.png,/Users/christopherbrantner/local/projects/portfolio/surface-defect-classifier/NEU-DET/train/images/pitted_surface/pitted_surface_87.jpg,1,pitted_surface,63,1,193,135,train
/Users/christopherbrantner/local/projects/portfolio/surface-defect-classifier/results/chips/train/pitted_surface/pitted_surface_88_bb00.png,/Users/christopherbrantner/local/projects/portfolio/surface-defect-classifier/NEU-DET/train/images/pitted_surface/pitted_surface_88.jpg,0,pitted_surface,1,1,200,200,train
/Users/christopherbrantner/local/projects/portfolio/surface-defect-classifier/results/chips/train/pitted_surface/pitted_surface_89_bb00.png,/Users/christopherbrantner/local/projects/portfolio/surface-defect-classifier/NEU-DET/train/images/pitted_surface/pitted_surface_89.jpg,0,pitted_surface,14,6,168,199,train
/Users/christopherbrantner/local/projects/portfolio/surface-defect-classifier/results/chips/train/pitted_surface/pitted_surface_9_bb00.png,/Users/christopherbrantner/local/projects/portfolio/surface-defect-classifier/NEU-DET/train/images/pitted_surface/pitted_surface_9.jpg,0,pitted_surface,1,57,200,200,train
/Users/christopherbrantner/local/projects/portfolio/surface-defect-classifier/results/chips/train/pitted_surface/pitted_surface_90_bb00.png,/Users/christopherbrantner/local/projects/portfolio/surface-defect-classifier/NEU-DET/train/images/pitted_surface/pitted_surface_90.jpg,0,pitted_surface,10,1,138,200,train
/Users/christopherbrantner/local/projects/portfolio/surface-defect-classifier/results/chips/train/pitted_surface/pitted_surface_91_bb00.png,/Users/christopherbrantner/local/projects/portfolio/surface-defect-classifier/NEU-DET/train/images/pitted_surface/pitted_surface_91.jpg,0,pitted_surface,56,1,185,198,train
/Users/christopherbrantner/local/projects/portfolio/surface-defect-classifier/results/chips/train/pitted_surface/pitted_surface_92_bb00.png,/Users/christopherbrantner/local/projects/portfolio/surface-defect-classifier/NEU-DET/train/images/pitted_surface/pitted_surface_92.jpg,0,pitted_surface,1,1,145,191,train
/Users/christopherbrantner/local/projects/portfolio/surface-defect-classifier/results/chips/train/pitted_surface/pitted_surface_93_bb00.png,/Users/christopherbrantner/local/projects/portfolio/surface-defect-classifier/NEU-DET/train/images/pitted_surface/pitted_surface_93.jpg,0,pitted_surface,117,2,199,198,train
/Users/christopherbrantner/local/projects/portfolio/surface-defect-classifier/results/chips/train/pitted_surface/pitted_surface_93_bb01.png,/Users/christopherbrantner/local/projects/portfolio/surface-defect-classifier/NEU-DET/train/images/pitted_surface/pitted_surface_93.jpg,1,pitted_surface,7,1,106,200,train
/Users/christopherbrantner/local/projects/portfolio/surface-defect-classifier/results/chips/train/pitted_surface/pitted_surface_94_bb00.png,/Users/christopherbrantner/local/projects/portfolio/surface-defect-classifier/NEU-DET/train/images/pitted_surface/pitted_surface_94.jpg,0,pitted_surface,25,1,196,180,train
/Users/christopherbrantner/local/projects/portfolio/surface-defect-classifier/results/chips/train/pitted_surface/pitted_surface_95_bb00.png,/Users/christopherbrantner/local/projects/portfolio/surface-defect-classifier/NEU-DET/train/images/pitted_surface/pitted_surface_95.jpg,0,pitted_surface,1,1,199,199,train
/Users/christopherbrantner/local/projects/portfolio/surface-defect-classifier/results/chips/train/pitted_surface/pitted_surface_96_bb00.png,/Users/christopherbrantner/local/projects/portfolio/surface-defect-classifier/NEU-DET/train/images/pitted_surface/pitted_surface_96.jpg,0,pitted_surface,1,1,195,199,train
/Users/christopherbrantner/local/projects/portfolio/surface-defect-classifier/results/chips/train/pitted_surface/pitted_surface_97_bb00.png,/Users/christopherbrantner/local/projects/portfolio/surface-defect-classifier/NEU-DET/train/images/pitted_surface/pitted_surface_97.jpg,0,pitted_surface,1,1,200,199,train
/Users/christopherbrantner/local/projects/portfolio/surface-defect-classifier/results/chips/train/pitted_surface/pitted_surface_98_bb00.png,/Users/christopherbrantner/local/projects/portfolio/surface-defect-classifier/NEU-DET/train/images/pitted_surface/pitted_surface_98.jpg,0,pitted_surface,3,1,199,200,train
/Users/christopherbrantner/local/projects/portfolio/surface-defect-classifier/results/chips/train/pitted_surface/pitted_surface_99_bb00.png,/Users/christopherbrantner/local/projects/portfolio/surface-defect-classifier/NEU-DET/train/images/pitted_surface/pitted_surface_99.jpg,0,pitted_surface,1,1,200,200,train
/Users/christopherbrantner/local/projects/portfolio/surface-defect-classifier/results/chips/train/rolled-in_scale/rolled-in_scale_1_bb00.png,/Users/christopherbrantner/local/projects/portfolio/surface-defect-classifier/NEU-DET/train/images/rolled-in_scale/rolled-in_scale_1.jpg,0,rolled-in_scale,63,38,139,99,train
/Users/christopherbrantner/local/projects/portfolio/surface-defect-classifier/results/chips/train/rolled-in_scale/rolled-in_scale_1_bb01.png,/Users/christopherbrantner/local/projects/portfolio/surface-defect-classifier/NEU-DET/train/images/rolled-in_scale/rolled-in_scale_1.jpg,1,rolled-in_scale,72,111,134,169,train
/Users/christopherbrantner/local/projects/portfolio/surface-defect-classifier/results/chips/train/rolled-in_scale/rolled-in_scale_10_bb00.png,/Users/christopherbrantner/local/projects/portfolio/surface-defect-classifier/NEU-DET/train/images/rolled-in_scale/rolled-in_scale_10.jpg,0,rolled-in_scale,59,39,122,71,train
/Users/christopherbrantner/local/projects/portfolio/surface-defect-classifier/results/chips/train/rolled-in_scale/rolled-in_scale_10_bb01.png,/Users/christopherbrantner/local/projects/portfolio/surface-defect-classifier/NEU-DET/train/images/rolled-in_scale/rolled-in_scale_10.jpg,1,rolled-in_scale,54,83,144,139,train
/Users/christopherbrantner/local/projects/portfolio/surface-defect-classifier/results/chips/train/rolled-in_scale/rolled-in_scale_100_bb00.png,/Users/christopherbrantner/local/projects/portfolio/surface-defect-classifier/NEU-DET/train/images/rolled-in_scale/rolled-in_scale_100.jpg,0,rolled-in_scale,34,15,110,42,train
/Users/christopherbrantner/local/projects/portfolio/surface-defect-classifier/results/chips/train/rolled-in_scale/rolled-in_scale_100_bb01.png,/Users/christopherbrantner/local/projects/portfolio/surface-defect-classifier/NEU-DET/train/images/rolled-in_scale/rolled-in_scale_100.jpg,1,rolled-in_scale,13,45,102,89,train
/Users/christopherbrantner/local/projects/portfolio/surface-defect-classifier/results/chips/train/rolled-in_scale/rolled-in_scale_100_bb02.png,/Users/christopherbrantner/local/projects/portfolio/surface-defect-classifier/NEU-DET/train/images/rolled-in_scale/rolled-in_scale_100.jpg,2,rolled-in_scale,57,87,117,154,train
/Users/christopherbrantner/local/projects/portfolio/surface-defect-classifier/results/chips/train/rolled-in_scale/rolled-in_scale_100_bb03.png,/Users/christopherbrantner/local/projects/portfolio/surface-defect-classifier/NEU-DET/train/images/rolled-in_scale/rolled-in_scale_100.jpg,3,rolled-in_scale,30,179,58,200,train
/Users/christopherbrantner/local/projects/portfolio/surface-defect-classifier/results/chips/train/rolled-in_scale/rolled-in_scale_101_bb00.png,/Users/christopherbrantner/local/projects/portfolio/surface-defect-classifier/NEU-DET/train/images/rolled-in_scale/rolled-in_scale_101.jpg,0,rolled-in_scale,100,3,175,62,train
/Users/christopherbrantner/local/projects/portfolio/surface-defect-classifier/results/chips/train/rolled-in_scale/rolled-in_scale_101_bb01.png,/Users/christopherbrantner/local/projects/portfolio/surface-defect-classifier/NEU-DET/train/images/rolled-in_scale/rolled-in_scale_101.jpg,1,rolled-in_scale,101,76,155,119,train
/Users/christopherbrantner/local/projects/portfolio/surface-defect-classifier/results/chips/train/rolled-in_scale/rolled-in_scale_101_bb02.png,/Users/christopherbrantner/local/projects/portfolio/surface-defect-classifier/NEU-DET/train/images/rolled-in_scale/rolled-in_scale_101.jpg,2,rolled-in_scale,1,104,48,129,train
/Users/christopherbrantner/local/projects/portfolio/surface-defect-classifier/results/chips/train/rolled-in_scale/rolled-in_scale_102_bb00.png,/Users/christopherbrantner/local/projects/portfolio/surface-defect-classifier/NEU-DET/train/images/rolled-in_scale/rolled-in_scale_102.jpg,0,rolled-in_scale,122,21,153,49,train
/Users/christopherbrantner/local/projects/portfolio/surface-defect-classifier/results/chips/train/rolled-in_scale/rolled-in_scale_102_bb01.png,/Users/christopherbrantner/local/projects/portfolio/surface-defect-classifier/NEU-DET/train/images/rolled-in_scale/rolled-in_scale_102.jpg,1,rolled-in_scale,66,65,132,98,train
/Users/christopherbrantner/local/projects/portfolio/surface-defect-classifier/results/chips/train/rolled-in_scale/rolled-in_scale_102_bb02.png,/Users/christopherbrantner/local/projects/portfolio/surface-defect-classifier/NEU-DET/train/images/rolled-in_scale/rolled-in_scale_102.jpg,2,rolled-in_scale,96,114,169,149,train
/Users/christopherbrantner/local/projects/portfolio/surface-defect-classifier/results/chips/train/rolled-in_scale/rolled-in_scale_102_bb03.png,/Users/christopherbrantner/local/projects/portfolio/surface-defect-classifier/NEU-DET/train/images/rolled-in_scale/rolled-in_scale_102.jpg,3,rolled-in_scale,84,151,178,199,train
/Users/christopherbrantner/local/projects/portfolio/surface-defect-classifier/results/chips/train/rolled-in_scale/rolled-in_scale_103_bb00.png,/Users/christopherbrantner/local/projects/portfolio/surface-defect-classifier/NEU-DET/train/images/rolled-in_scale/rolled-in_scale_103.jpg,0,rolled-in_scale,101,1,133,18,train
/Users/christopherbrantner/local/projects/portfolio/surface-defect-classifier/results/chips/train/rolled-in_scale/rolled-in_scale_103_bb01.png,/Users/christopherbrantner/local/projects/portfolio/surface-defect-classifier/NEU-DET/train/images/rolled-in_scale/rolled-in_scale_103.jpg,1,rolled-in_scale,93,75,200,176,train
/Users/christopherbrantner/local/projects/portfolio/surface-defect-classifier/results/chips/train/rolled-in_scale/rolled-in_scale_104_bb00.png,/Users/christopherbrantner/local/projects/portfolio/surface-defect-classifier/NEU-DET/train/images/rolled-in_scale/rolled-in_scale_104.jpg,0,rolled-in_scale,49,67,154,159,train
/Users/christopherbrantner/local/projects/portfolio/surface-defect-classifier/results/chips/train/rolled-in_scale/rolled-in_scale_104_bb01.png,/Users/christopherbrantner/local/projects/portfolio/surface-defect-classifier/NEU-DET/train/images/rolled-in_scale/rolled-in_scale_104.jpg,1,rolled-in_scale,78,18,153,58,train
/Users/christopherbrantner/local/projects/portfolio/surface-defect-classifier/results/chips/train/rolled-in_scale/rolled-in_scale_105_bb00.png,/Users/christopherbrantner/local/projects/portfolio/surface-defect-classifier/NEU-DET/train/images/rolled-in_scale/rolled-in_scale_105.jpg,0,rolled-in_scale,1,62,103,162,train
/Users/christopherbrantner/local/projects/portfolio/surface-defect-classifier/results/chips/train/rolled-in_scale/rolled-in_scale_105_bb01.png,/Users/christopherbrantner/local/projects/portfolio/surface-defect-classifier/NEU-DET/train/images/rolled-in_scale/rolled-in_scale_105.jpg,1,rolled-in_scale,27,21,102,56,train
/Users/christopherbrantner/local/projects/portfolio/surface-defect-classifier/results/chips/train/rolled-in_scale/rolled-in_scale_106_bb00.png,/Users/christopherbrantner/local/projects/portfolio/surface-defect-classifier/NEU-DET/train/images/rolled-in_scale/rolled-in_scale_106.jpg,0,rolled-in_scale,47,22,120,136,train
/Users/christopherbrantner/local/projects/portfolio/surface-defect-classifier/results/chips/train/rolled-in_scale/rolled-in_scale_106_bb01.png,/Users/christopherbrantner/local/projects/portfolio/surface-defect-classifier/NEU-DET/train/images/rolled-in_scale/rolled-in_scale_106.jpg,1,rolled-in_scale,71,148,173,184,train
/Users/christopherbrantner/local/projects/portfolio/surface-defect-classifier/results/chips/train/rolled-in_scale/rolled-in_scale_107_bb00.png,/Users/christopherbrantner/local/projects/portfolio/surface-defect-classifier/NEU-DET/train/images/rolled-in_scale/rolled-in_scale_107.jpg,0,rolled-in_scale,117,94,181,198,train
/Users/christopherbrantner/local/projects/portfolio/surface-defect-classifier/results/chips/train/rolled-in_scale/rolled-in_scale_107_bb01.png,/Users/christopherbrantner/local/projects/portfolio/surface-defect-classifier/NEU-DET/train/images/rolled-in_scale/rolled-in_scale_107.jpg,1,rolled-in_scale,73,133,115,200,train
/Users/christopherbrantner/local/projects/portfolio/surface-defect-classifier/results/chips/train/rolled-in_scale/rolled-in_scale_108_bb00.png,/Users/christopherbrantner/local/projects/portfolio/surface-defect-classifier/NEU-DET/train/images/rolled-in_scale/rolled-in_scale_108.jpg,0,rolled-in_scale,57,36,128,154,train
/Users/christopherbrantner/local/projects/portfolio/surface-defect-classifier/results/chips/train/rolled-in_scale/rolled-in_scale_108_bb01.png,/Users/christopherbrantner/local/projects/portfolio/surface-defect-classifier/NEU-DET/train/images/rolled-in_scale/rolled-in_scale_108.jpg,1,rolled-in_scale,15,64,60,166,train
/Users/christopherbrantner/local/projects/portfolio/surface-defect-classifier/results/chips/train/rolled-in_scale/rolled-in_scale_109_bb00.png,/Users/christopherbrantner/local/projects/portfolio/surface-defect-classifier/NEU-DET/train/images/rolled-in_scale/rolled-in_scale_109.jpg,0,rolled-in_scale,70,68,159,198,train
/Users/christopherbrantner/local/projects/portfolio/surface-defect-classifier/results/chips/train/rolled-in_scale/rolled-in_scale_109_bb01.png,/Users/christopherbrantner/local/projects/portfolio/surface-defect-classifier/NEU-DET/train/images/rolled-in_scale/rolled-in_scale_109.jpg,1,rolled-in_scale,94,4,115,31,train
/Users/christopherbrantner/local/projects/portfolio/surface-defect-classifier/results/chips/train/rolled-in_scale/rolled-in_scale_11_bb00.png,/Users/christopherbrantner/local/projects/portfolio/surface-defect-classifier/NEU-DET/train/images/rolled-in_scale/rolled-in_scale_11.jpg,0,rolled-in_scale,33,31,91,120,train
/Users/christopherbrantner/local/projects/portfolio/surface-defect-classifier/results/chips/train/rolled-in_scale/rolled-in_scale_110_bb00.png,/Users/christopherbrantner/local/projects/portfolio/surface-defect-classifier/NEU-DET/train/images/rolled-in_scale/rolled-in_scale_110.jpg,0,rolled-in_scale,67,62,129,158,train
/Users/christopherbrantner/local/projects/portfolio/surface-defect-classifier/results/chips/train/rolled-in_scale/rolled-in_scale_110_bb01.png,/Users/christopherbrantner/local/projects/portfolio/surface-defect-classifier/NEU-DET/train/images/rolled-in_scale/rolled-in_scale_110.jpg,1,rolled-in_scale,79,32,130,72,train
/Users/christopherbrantner/local/projects/portfolio/surface-defect-classifier/results/chips/train/rolled-in_scale/rolled-in_scale_111_bb00.png,/Users/christopherbrantner/local/projects/portfolio/surface-defect-classifier/NEU-DET/train/images/rolled-in_scale/rolled-in_scale_111.jpg,0,rolled-in_scale,149,87,190,156,train
/Users/christopherbrantner/local/projects/portfolio/surface-defect-classifier/results/chips/train/rolled-in_scale/rolled-in_scale_112_bb00.png,/Users/christopherbrantner/local/projects/portfolio/surface-defect-classifier/NEU-DET/train/images/rolled-in_scale/rolled-in_scale_112.jpg,0,rolled-in_scale,129,81,187,200,train
/Users/christopherbrantner/local/projects/portfolio/surface-defect-classifier/results/chips/train/rolled-in_scale/rolled-in_scale_113_bb00.png,/Users/christopherbrantner/local/projects/portfolio/surface-defect-classifier/NEU-DET/train/images/rolled-in_scale/rolled-in_scale_113.jpg,0,rolled-in_scale,69,44,135,200,train
/Users/christopherbrantner/local/projects/portfolio/surface-defect-classifier/results/chips/train/rolled-in_scale/rolled-in_scale_113_bb01.png,/Users/christopherbrantner/local/projects/portfolio/surface-defect-classifier/NEU-DET/train/images/rolled-in_scale/rolled-in_scale_113.jpg,1,rolled-in_scale,164,47,192,131,train
/Users/christopherbrantner/local/projects/portfolio/surface-defect-classifier/results/chips/train/rolled-in_scale/rolled-in_scale_113_bb02.png,/Users/christopherbrantner/local/projects/portfolio/surface-defect-classifier/NEU-DET/train/images/rolled-in_scale/rolled-in_scale_113.jpg,2,rolled-in_scale,159,1,199,43,train
/Users/christopherbrantner/local/projects/portfolio/surface-defect-classifier/results/chips/train/rolled-in_scale/rolled-in_scale_114_bb00.png,/Users/christopherbrantner/local/projects/portfolio/surface-defect-classifier/NEU-DET/train/images/rolled-in_scale/rolled-in_scale_114.jpg,0,rolled-in_scale,3,6,64,195,train
/Users/christopherbrantner/local/projects/portfolio/surface-defect-classifier/results/chips/train/rolled-in_scale/rolled-in_scale_114_bb01.png,/Users/christopherbrantner/local/projects/portfolio/surface-defect-classifier/NEU-DET/train/images/rolled-in_scale/rolled-in_scale_114.jpg,1,rolled-in_scale,88,27,125,88,train
/Users/christopherbrantner/local/projects/portfolio/surface-defect-classifier/results/chips/train/rolled-in_scale/rolled-in_scale_115_bb00.png,/Users/christopherbrantner/local/projects/portfolio/surface-defect-classifier/NEU-DET/train/images/rolled-in_scale/rolled-in_scale_115.jpg,0,rolled-in_scale,63,42,136,152,train
/Users/christopherbrantner/local/projects/portfolio/surface-defect-classifier/results/chips/train/rolled-in_scale/rolled-in_scale_115_bb01.png,/Users/christopherbrantner/local/projects/portfolio/surface-defect-classifier/NEU-DET/train/images/rolled-in_scale/rolled-in_scale_115.jpg,1,rolled-in_scale,161,1,197,51,train
/Users/christopherbrantner/local/projects/portfolio/surface-defect-classifier/results/chips/train/rolled-in_scale/rolled-in_scale_115_bb02.png,/Users/christopherbrantner/local/projects/portfolio/surface-defect-classifier/NEU-DET/train/images/rolled-in_scale/rolled-in_scale_115.jpg,2,rolled-in_scale,71,136,126,199,train
/Users/christopherbrantner/local/projects/portfolio/surface-defect-classifier/results/chips/train/rolled-in_scale/rolled-in_scale_115_bb03.png,/Users/christopherbrantner/local/projects/portfolio/surface-defect-classifier/NEU-DET/train/images/rolled-in_scale/rolled-in_scale_115.jpg,3,rolled-in_scale,77,2,134,63,train
/Users/christopherbrantner/local/projects/portfolio/surface-defect-classifier/results/chips/train/rolled-in_scale/rolled-in_scale_116_bb00.png,/Users/christopherbrantner/local/projects/portfolio/surface-defect-classifier/NEU-DET/train/images/rolled-in_scale/rolled-in_scale_116.jpg,0,rolled-in_scale,81,66,125,163,train
/Users/christopherbrantner/local/projects/portfolio/surface-defect-classifier/results/chips/train/rolled-in_scale/rolled-in_scale_117_bb00.png,/Users/christopherbrantner/local/projects/portfolio/surface-defect-classifier/NEU-DET/train/images/rolled-in_scale/rolled-in_scale_117.jpg,0,rolled-in_scale,146,113,200,192,train
/Users/christopherbrantner/local/projects/portfolio/surface-defect-classifier/results/chips/train/rolled-in_scale/rolled-in_scale_118_bb00.png,/Users/christopherbrantner/local/projects/portfolio/surface-defect-classifier/NEU-DET/train/images/rolled-in_scale/rolled-in_scale_118.jpg,0,rolled-in_scale,83,151,123,200,train
/Users/christopherbrantner/local/projects/portfolio/surface-defect-classifier/results/chips/train/rolled-in_scale/rolled-in_scale_118_bb01.png,/Users/christopherbrantner/local/projects/portfolio/surface-defect-classifier/NEU-DET/train/images/rolled-in_scale/rolled-in_scale_118.jpg,1,rolled-in_scale,81,66,133,128,train
/Users/christopherbrantner/local/projects/portfolio/surface-defect-classifier/results/chips/train/rolled-in_scale/rolled-in_scale_118_bb02.png,/Users/christopherbrantner/local/projects/portfolio/surface-defect-classifier/NEU-DET/train/images/rolled-in_scale/rolled-in_scale_118.jpg,2,rolled-in_scale,77,6,121,49,train
/Users/christopherbrantner/local/projects/portfolio/surface-defect-classifier/results/chips/train/rolled-in_scale/rolled-in_scale_119_bb00.png,/Users/christopherbrantner/local/projects/portfolio/surface-defect-classifier/NEU-DET/train/images/rolled-in_scale/rolled-in_scale_119.jpg,0,rolled-in_scale,81,1,132,45,train
/Users/christopherbrantner/local/projects/portfolio/surface-defect-classifier/results/chips/train/rolled-in_scale/rolled-in_scale_119_bb01.png,/Users/christopherbrantner/local/projects/portfolio/surface-defect-classifier/NEU-DET/train/images/rolled-in_scale/rolled-in_scale_119.jpg,1,rolled-in_scale,86,72,131,161,train
/Users/christopherbrantner/local/projects/portfolio/surface-defect-classifier/results/chips/train/rolled-in_scale/rolled-in_scale_12_bb00.png,/Users/christopherbrantner/local/projects/portfolio/surface-defect-classifier/NEU-DET/train/images/rolled-in_scale/rolled-in_scale_12.jpg,0,rolled-in_scale,67,13,114,51,train
/Users/christopherbrantner/local/projects/portfolio/surface-defect-classifier/results/chips/train/rolled-in_scale/rolled-in_scale_12_bb01.png,/Users/christopherbrantner/local/projects/portfolio/surface-defect-classifier/NEU-DET/train/images/rolled-in_scale/rolled-in_scale_12.jpg,1,rolled-in_scale,61,65,124,199,train
/Users/christopherbrantner/local/projects/portfolio/surface-defect-classifier/results/chips/train/rolled-in_scale/rolled-in_scale_120_bb00.png,/Users/christopherbrantner/local/projects/portfolio/surface-defect-classifier/NEU-DET/train/images/rolled-in_scale/rolled-in_scale_120.jpg,0,rolled-in_scale,123,39,168,136,train
/Users/christopherbrantner/local/projects/portfolio/surface-defect-classifier/results/chips/train/rolled-in_scale/rolled-in_scale_121_bb00.png,/Users/christopherbrantner/local/projects/portfolio/surface-defect-classifier/NEU-DET/train/images/rolled-in_scale/rolled-in_scale_121.jpg,0,rolled-in_scale,151,1,192,37,train
/Users/christopherbrantner/local/projects/portfolio/surface-defect-classifier/results/chips/train/rolled-in_scale/rolled-in_scale_122_bb00.png,/Users/christopherbrantner/local/projects/portfolio/surface-defect-classifier/NEU-DET/train/images/rolled-in_scale/rolled-in_scale_122.jpg,0,rolled-in_scale,20,39,75,154,train
/Users/christopherbrantner/local/projects/portfolio/surface-defect-classifier/results/chips/train/rolled-in_scale/rolled-in_scale_122_bb01.png,/Users/christopherbrantner/local/projects/portfolio/surface-defect-classifier/NEU-DET/train/images/rolled-in_scale/rolled-in_scale_122.jpg,1,rolled-in_scale,143,1,187,23,train
/Users/christopherbrantner/local/projects/portfolio/surface-defect-classifier/results/chips/train/rolled-in_scale/rolled-in_scale_123_bb00.png,/Users/christopherbrantner/local/projects/portfolio/surface-defect-classifier/NEU-DET/train/images/rolled-in_scale/rolled-in_scale_123.jpg,0,rolled-in_scale,125,4,199,117,train
/Users/christopherbrantner/local/projects/portfolio/surface-defect-classifier/results/chips/train/rolled-in_scale/rolled-in_scale_123_bb01.png,/Users/christopherbrantner/local/projects/portfolio/surface-defect-classifier/NEU-DET/train/images/rolled-in_scale/rolled-in_scale_123.jpg,1,rolled-in_scale,98,2,168,51,train
/Users/christopherbrantner/local/projects/portfolio/surface-defect-classifier/results/chips/train/rolled-in_scale/rolled-in_scale_123_bb02.png,/Users/christopherbrantner/local/projects/portfolio/surface-defect-classifier/NEU-DET/train/images/rolled-in_scale/rolled-in_scale_123.jpg,2,rolled-in_scale,1,1,45,28,train
/Users/christopherbrantner/local/projects/portfolio/surface-defect-classifier/results/chips/train/rolled-in_scale/rolled-in_scale_123_bb03.png,/Users/christopherbrantner/local/projects/portfolio/surface-defect-classifier/NEU-DET/train/images/rolled-in_scale/rolled-in_scale_123.jpg,3,rolled-in_scale,114,119,158,199,train
/Users/christopherbrantner/local/projects/portfolio/surface-defect-classifier/results/chips/train/rolled-in_scale/rolled-in_scale_124_bb00.png,/Users/christopherbrantner/local/projects/portfolio/surface-defect-classifier/NEU-DET/train/images/rolled-in_scale/rolled-in_scale_124.jpg,0,rolled-in_scale,72,10,115,141,train
/Users/christopherbrantner/local/projects/portfolio/surface-defect-classifier/results/chips/train/rolled-in_scale/rolled-in_scale_124_bb01.png,/Users/christopherbrantner/local/projects/portfolio/surface-defect-classifier/NEU-DET/train/images/rolled-in_scale/rolled-in_scale_124.jpg,1,rolled-in_scale,160,161,195,189,train
/Users/christopherbrantner/local/projects/portfolio/surface-defect-classifier/results/chips/train/rolled-in_scale/rolled-in_scale_125_bb00.png,/Users/christopherbrantner/local/projects/portfolio/surface-defect-classifier/NEU-DET/train/images/rolled-in_scale/rolled-in_scale_125.jpg,0,rolled-in_scale,88,55,128,135,train
/Users/christopherbrantner/local/projects/portfolio/surface-defect-classifier/results/chips/train/rolled-in_scale/rolled-in_scale_125_bb01.png,/Users/christopherbrantner/local/projects/portfolio/surface-defect-classifier/NEU-DET/train/images/rolled-in_scale/rolled-in_scale_125.jpg,1,rolled-in_scale,113,15,157,40,train
/Users/christopherbrantner/local/projects/portfolio/surface-defect-classifier/results/chips/train/rolled-in_scale/rolled-in_scale_125_bb02.png,/Users/christopherbrantner/local/projects/portfolio/surface-defect-classifier/NEU-DET/train/images/rolled-in_scale/rolled-in_scale_125.jpg,2,rolled-in_scale,17,140,66,189,train
/Users/christopherbrantner/local/projects/portfolio/surface-defect-classifier/results/chips/train/rolled-in_scale/rolled-in_scale_126_bb00.png,/Users/christopherbrantner/local/projects/portfolio/surface-defect-classifier/NEU-DET/train/images/rolled-in_scale/rolled-in_scale_126.jpg,0,rolled-in_scale,71,61,110,110,train
/Users/christopherbrantner/local/projects/portfolio/surface-defect-classifier/results/chips/train/rolled-in_scale/rolled-in_scale_126_bb01.png,/Users/christopherbrantner/local/projects/portfolio/surface-defect-classifier/NEU-DET/train/images/rolled-in_scale/rolled-in_scale_126.jpg,1,rolled-in_scale,72,126,117,200,train
/Users/christopherbrantner/local/projects/portfolio/surface-defect-classifier/results/chips/train/rolled-in_scale/rolled-in_scale_126_bb02.png,/Users/christopherbrantner/local/projects/portfolio/surface-defect-classifier/NEU-DET/train/images/rolled-in_scale/rolled-in_scale_126.jpg,2,rolled-in_scale,143,146,199,200,train
/Users/christopherbrantner/local/projects/portfolio/surface-defect-classifier/results/chips/train/rolled-in_scale/rolled-in_scale_126_bb03.png,/Users/christopherbrantner/local/projects/portfolio/surface-defect-classifier/NEU-DET/train/images/rolled-in_scale/rolled-in_scale_126.jpg,3,rolled-in_scale,85,1,122,40,train
/Users/christopherbrantner/local/projects/portfolio/surface-defect-classifier/results/chips/train/rolled-in_scale/rolled-in_scale_127_bb00.png,/Users/christopherbrantner/local/projects/portfolio/surface-defect-classifier/NEU-DET/train/images/rolled-in_scale/rolled-in_scale_127.jpg,0,rolled-in_scale,97,132,186,184,train
/Users/christopherbrantner/local/projects/portfolio/surface-defect-classifier/results/chips/train/rolled-in_scale/rolled-in_scale_128_bb00.png,/Users/christopherbrantner/local/projects/portfolio/surface-defect-classifier/NEU-DET/train/images/rolled-in_scale/rolled-in_scale_128.jpg,0,rolled-in_scale,106,71,197,168,train
/Users/christopherbrantner/local/projects/portfolio/surface-defect-classifier/results/chips/train/rolled-in_scale/rolled-in_scale_129_bb00.png,/Users/christopherbrantner/local/projects/portfolio/surface-defect-classifier/NEU-DET/train/images/rolled-in_scale/rolled-in_scale_129.jpg,0,rolled-in_scale,88,34,147,135,train
/Users/christopherbrantner/local/projects/portfolio/surface-defect-classifier/results/chips/train/rolled-in_scale/rolled-in_scale_13_bb00.png,/Users/christopherbrantner/local/projects/portfolio/surface-defect-classifier/NEU-DET/train/images/rolled-in_scale/rolled-in_scale_13.jpg,0,rolled-in_scale,71,1,137,108,train
/Users/christopherbrantner/local/projects/portfolio/surface-defect-classifier/results/chips/train/rolled-in_scale/rolled-in_scale_13_bb01.png,/Users/christopherbrantner/local/projects/portfolio/surface-defect-classifier/NEU-DET/train/images/rolled-in_scale/rolled-in_scale_13.jpg,1,rolled-in_scale,70,118,137,183,train
/Users/christopherbrantner/local/projects/portfolio/surface-defect-classifier/results/chips/train/rolled-in_scale/rolled-in_scale_130_bb00.png,/Users/christopherbrantner/local/projects/portfolio/surface-defect-classifier/NEU-DET/train/images/rolled-in_scale/rolled-in_scale_130.jpg,0,rolled-in_scale,117,12,146,42,train
/Users/christopherbrantner/local/projects/portfolio/surface-defect-classifier/results/chips/train/rolled-in_scale/rolled-in_scale_130_bb01.png,/Users/christopherbrantner/local/projects/portfolio/surface-defect-classifier/NEU-DET/train/images/rolled-in_scale/rolled-in_scale_130.jpg,1,rolled-in_scale,35,129,174,188,train
/Users/christopherbrantner/local/projects/portfolio/surface-defect-classifier/results/chips/train/rolled-in_scale/rolled-in_scale_131_bb00.png,/Users/christopherbrantner/local/projects/portfolio/surface-defect-classifier/NEU-DET/train/images/rolled-in_scale/rolled-in_scale_131.jpg,0,rolled-in_scale,72,30,164,117,train
/Users/christopherbrantner/local/projects/portfolio/surface-defect-classifier/results/chips/train/rolled-in_scale/rolled-in_scale_131_bb01.png,/Users/christopherbrantner/local/projects/portfolio/surface-defect-classifier/NEU-DET/train/images/rolled-in_scale/rolled-in_scale_131.jpg,1,rolled-in_scale,32,105,163,173,train
/Users/christopherbrantner/local/projects/portfolio/surface-defect-classifier/results/chips/train/rolled-in_scale/rolled-in_scale_131_bb02.png,/Users/christopherbrantner/local/projects/portfolio/surface-defect-classifier/NEU-DET/train/images/rolled-in_scale/rolled-in_scale_131.jpg,2,rolled-in_scale,25,35,91,136,train
/Users/christopherbrantner/local/projects/portfolio/surface-defect-classifier/results/chips/train/rolled-in_scale/rolled-in_scale_132_bb00.png,/Users/christopherbrantner/local/projects/portfolio/surface-defect-classifier/NEU-DET/train/images/rolled-in_scale/rolled-in_scale_132.jpg,0,rolled-in_scale,69,5,177,69,train
/Users/christopherbrantner/local/projects/portfolio/surface-defect-classifier/results/chips/train/rolled-in_scale/rolled-in_scale_133_bb00.png,/Users/christopherbrantner/local/projects/portfolio/surface-defect-classifier/NEU-DET/train/images/rolled-in_scale/rolled-in_scale_133.jpg,0,rolled-in_scale,41,3,122,67,train
/Users/christopherbrantner/local/projects/portfolio/surface-defect-classifier/results/chips/train/rolled-in_scale/rolled-in_scale_133_bb01.png,/Users/christopherbrantner/local/projects/portfolio/surface-defect-classifier/NEU-DET/train/images/rolled-in_scale/rolled-in_scale_133.jpg,1,rolled-in_scale,109,78,150,160,train
/Users/christopherbrantner/local/projects/portfolio/surface-defect-classifier/results/chips/train/rolled-in_scale/rolled-in_scale_134_bb00.png,/Users/christopherbrantner/local/projects/portfolio/surface-defect-classifier/NEU-DET/train/images/rolled-in_scale/rolled-in_scale_134.jpg,0,rolled-in_scale,87,77,169,154,train
/Users/christopherbrantner/local/projects/portfolio/surface-defect-classifier/results/chips/train/rolled-in_scale/rolled-in_scale_134_bb01.png,/Users/christopherbrantner/local/projects/portfolio/surface-defect-classifier/NEU-DET/train/images/rolled-in_scale/rolled-in_scale_134.jpg,1,rolled-in_scale,28,78,81,161,train
/Users/christopherbrantner/local/projects/portfolio/surface-defect-classifier/results/chips/train/rolled-in_scale/rolled-in_scale_134_bb02.png,/Users/christopherbrantner/local/projects/portfolio/surface-defect-classifier/NEU-DET/train/images/rolled-in_scale/rolled-in_scale_134.jpg,2,rolled-in_scale,45,14,85,37,train
/Users/christopherbrantner/local/projects/portfolio/surface-defect-classifier/results/chips/train/rolled-in_scale/rolled-in_scale_135_bb00.png,/Users/christopherbrantner/local/projects/portfolio/surface-defect-classifier/NEU-DET/train/images/rolled-in_scale/rolled-in_scale_135.jpg,0,rolled-in_scale,32,40,93,172,train
/Users/christopherbrantner/local/projects/portfolio/surface-defect-classifier/results/chips/train/rolled-in_scale/rolled-in_scale_135_bb01.png,/Users/christopherbrantner/local/projects/portfolio/surface-defect-classifier/NEU-DET/train/images/rolled-in_scale/rolled-in_scale_135.jpg,1,rolled-in_scale,105,65,167,99,train
/Users/christopherbrantner/local/projects/portfolio/surface-defect-classifier/results/chips/train/rolled-in_scale/rolled-in_scale_136_bb00.png,/Users/christopherbrantner/local/projects/portfolio/surface-defect-classifier/NEU-DET/train/images/rolled-in_scale/rolled-in_scale_136.jpg,0,rolled-in_scale,57,70,138,122,train
/Users/christopherbrantner/local/projects/portfolio/surface-defect-classifier/results/chips/train/rolled-in_scale/rolled-in_scale_136_bb01.png,/Users/christopherbrantner/local/projects/portfolio/surface-defect-classifier/NEU-DET/train/images/rolled-in_scale/rolled-in_scale_136.jpg,1,rolled-in_scale,119,153,179,194,train
/Users/christopherbrantner/local/projects/portfolio/surface-defect-classifier/results/chips/train/rolled-in_scale/rolled-in_scale_137_bb00.png,/Users/christopherbrantner/local/projects/portfolio/surface-defect-classifier/NEU-DET/train/images/rolled-in_scale/rolled-in_scale_137.jpg,0,rolled-in_scale,50,74,95,106,train
/Users/christopherbrantner/local/projects/portfolio/surface-defect-classifier/results/chips/train/rolled-in_scale/rolled-in_scale_137_bb01.png,/Users/christopherbrantner/local/projects/portfolio/surface-defect-classifier/NEU-DET/train/images/rolled-in_scale/rolled-in_scale_137.jpg,1,rolled-in_scale,99,158,145,200,train
/Users/christopherbrantner/local/projects/portfolio/surface-defect-classifier/results/chips/train/rolled-in_scale/rolled-in_scale_138_bb00.png,/Users/christopherbrantner/local/projects/portfolio/surface-defect-classifier/NEU-DET/train/images/rolled-in_scale/rolled-in_scale_138.jpg,0,rolled-in_scale,71,44,136,184,train
/Users/christopherbrantner/local/projects/portfolio/surface-defect-classifier/results/chips/train/rolled-in_scale/rolled-in_scale_139_bb00.png,/Users/christopherbrantner/local/projects/portfolio/surface-defect-classifier/NEU-DET/train/images/rolled-in_scale/rolled-in_scale_139.jpg,0,rolled-in_scale,101,81,181,141,train
/Users/christopherbrantner/local/projects/portfolio/surface-defect-classifier/results/chips/train/rolled-in_scale/rolled-in_scale_139_bb01.png,/Users/christopherbrantner/local/projects/portfolio/surface-defect-classifier/NEU-DET/train/images/rolled-in_scale/rolled-in_scale_139.jpg,1,rolled-in_scale,114,148,144,200,train
/Users/christopherbrantner/local/projects/portfolio/surface-defect-classifier/results/chips/train/rolled-in_scale/rolled-in_scale_14_bb00.png,/Users/christopherbrantner/local/projects/portfolio/surface-defect-classifier/NEU-DET/train/images/rolled-in_scale/rolled-in_scale_14.jpg,0,rolled-in_scale,98,22,148,113,train
/Users/christopherbrantner/local/projects/portfolio/surface-defect-classifier/results/chips/train/rolled-in_scale/rolled-in_scale_140_bb00.png,/Users/christopherbrantner/local/projects/portfolio/surface-defect-classifier/NEU-DET/train/images/rolled-in_scale/rolled-in_scale_140.jpg,0,rolled-in_scale,57,88,143,200,train
/Users/christopherbrantner/local/projects/portfolio/surface-defect-classifier/results/chips/train/rolled-in_scale/rolled-in_scale_140_bb01.png,/Users/christopherbrantner/local/projects/portfolio/surface-defect-classifier/NEU-DET/train/images/rolled-in_scale/rolled-in_scale_140.jpg,1,rolled-in_scale,164,19,186,58,train
/Users/christopherbrantner/local/projects/portfolio/surface-defect-classifier/results/chips/train/rolled-in_scale/rolled-in_scale_141_bb00.png,/Users/christopherbrantner/local/projects/portfolio/surface-defect-classifier/NEU-DET/train/images/rolled-in_scale/rolled-in_scale_141.jpg,0,rolled-in_scale,9,28,121,110,train
/Users/christopherbrantner/local/projects/portfolio/surface-defect-classifier/results/chips/train/rolled-in_scale/rolled-in_scale_141_bb01.png,/Users/christopherbrantner/local/projects/portfolio/surface-defect-classifier/NEU-DET/train/images/rolled-in_scale/rolled-in_scale_141.jpg,1,rolled-in_scale,134,47,192,188,train
/Users/christopherbrantner/local/projects/portfolio/surface-defect-classifier/results/chips/train/rolled-in_scale/rolled-in_scale_142_bb00.png,/Users/christopherbrantner/local/projects/portfolio/surface-defect-classifier/NEU-DET/train/images/rolled-in_scale/rolled-in_scale_142.jpg,0,rolled-in_scale,52,25,128,98,train
/Users/christopherbrantner/local/projects/portfolio/surface-defect-classifier/results/chips/train/rolled-in_scale/rolled-in_scale_143_bb00.png,/Users/christopherbrantner/local/projects/portfolio/surface-defect-classifier/NEU-DET/train/images/rolled-in_scale/rolled-in_scale_143.jpg,0,rolled-in_scale,75,52,127,119,train
/Users/christopherbrantner/local/projects/portfolio/surface-defect-classifier/results/chips/train/rolled-in_scale/rolled-in_scale_143_bb01.png,/Users/christopherbrantner/local/projects/portfolio/surface-defect-classifier/NEU-DET/train/images/rolled-in_scale/rolled-in_scale_143.jpg,1,rolled-in_scale,111,139,155,189,train
/Users/christopherbrantner/local/projects/portfolio/surface-defect-classifier/results/chips/train/rolled-in_scale/rolled-in_scale_144_bb00.png,/Users/christopherbrantner/local/projects/portfolio/surface-defect-classifier/NEU-DET/train/images/rolled-in_scale/rolled-in_scale_144.jpg,0,rolled-in_scale,102,67,176,140,train
/Users/christopherbrantner/local/projects/portfolio/surface-defect-classifier/results/chips/train/rolled-in_scale/rolled-in_scale_144_bb01.png,/Users/christopherbrantner/local/projects/portfolio/surface-defect-classifier/NEU-DET/train/images/rolled-in_scale/rolled-in_scale_144.jpg,1,rolled-in_scale,49,105,94,186,train
/Users/christopherbrantner/local/projects/portfolio/surface-defect-classifier/results/chips/train/rolled-in_scale/rolled-in_scale_144_bb02.png,/Users/christopherbrantner/local/projects/portfolio/surface-defect-classifier/NEU-DET/train/images/rolled-in_scale/rolled-in_scale_144.jpg,2,rolled-in_scale,67,18,111,78,train
/Users/christopherbrantner/local/projects/portfolio/surface-defect-classifier/results/chips/train/rolled-in_scale/rolled-in_scale_145_bb00.png,/Users/christopherbrantner/local/projects/portfolio/surface-defect-classifier/NEU-DET/train/images/rolled-in_scale/rolled-in_scale_145.jpg,0,rolled-in_scale,33,144,101,200,train
/Users/christopherbrantner/local/projects/portfolio/surface-defect-classifier/results/chips/train/rolled-in_scale/rolled-in_scale_145_bb01.png,/Users/christopherbrantner/local/projects/portfolio/surface-defect-classifier/NEU-DET/train/images/rolled-in_scale/rolled-in_scale_145.jpg,1,rolled-in_scale,37,13,81,80,train
/Users/christopherbrantner/local/projects/portfolio/surface-defect-classifier/results/chips/train/rolled-in_scale/rolled-in_scale_146_bb00.png,/Users/christopherbrantner/local/projects/portfolio/surface-defect-classifier/NEU-DET/train/images/rolled-in_scale/rolled-in_scale_146.jpg,0,rolled-in_scale,92,13,130,76,train
/Users/christopherbrantner/local/projects/portfolio/surface-defect-classifier/results/chips/train/rolled-in_scale/rolled-in_scale_146_bb01.png,/Users/christopherbrantner/local/projects/portfolio/surface-defect-classifier/NEU-DET/train/images/rolled-in_scale/rolled-in_scale_146.jpg,1,rolled-in_scale,112,128,179,185,train
/Users/christopherbrantner/local/projects/portfolio/surface-defect-classifier/results/chips/train/rolled-in_scale/rolled-in_scale_147_bb00.png,/Users/christopherbrantner/local/projects/portfolio/surface-defect-classifier/NEU-DET/train/images/rolled-in_scale/rolled-in_scale_147.jpg,0,rolled-in_scale,84,10,144,68,train
/Users/christopherbrantner/local/projects/portfolio/surface-defect-classifier/results/chips/train/rolled-in_scale/rolled-in_scale_147_bb01.png,/Users/christopherbrantner/local/projects/portfolio/surface-defect-classifier/NEU-DET/train/images/rolled-in_scale/rolled-in_scale_147.jpg,1,rolled-in_scale,79,86,142,155,train
/Users/christopherbrantner/local/projects/portfolio/surface-defect-classifier/results/chips/train/rolled-in_scale/rolled-in_scale_148_bb00.png,/Users/christopherbrantner/local/projects/portfolio/surface-defect-classifier/NEU-DET/train/images/rolled-in_scale/rolled-in_scale_148.jpg,0,rolled-in_scale,122,63,178,131,train
/Users/christopherbrantner/local/projects/portfolio/surface-defect-classifier/results/chips/train/rolled-in_scale/rolled-in_scale_148_bb01.png,/Users/christopherbrantner/local/projects/portfolio/surface-defect-classifier/NEU-DET/train/images/rolled-in_scale/rolled-in_scale_148.jpg,1,rolled-in_scale,77,9,121,59,train
/Users/christopherbrantner/local/projects/portfolio/surface-defect-classifier/results/chips/train/rolled-in_scale/rolled-in_scale_149_bb00.png,/Users/christopherbrantner/local/projects/portfolio/surface-defect-classifier/NEU-DET/train/images/rolled-in_scale/rolled-in_scale_149.jpg,0,rolled-in_scale,49,89,136,193,train
/Users/christopherbrantner/local/projects/portfolio/surface-defect-classifier/results/chips/train/rolled-in_scale/rolled-in_scale_149_bb01.png,/Users/christopherbrantner/local/projects/portfolio/surface-defect-classifier/NEU-DET/train/images/rolled-in_scale/rolled-in_scale_149.jpg,1,rolled-in_scale,160,66,192,175,train
/Users/christopherbrantner/local/projects/portfolio/surface-defect-classifier/results/chips/train/rolled-in_scale/rolled-in_scale_149_bb02.png,/Users/christopherbrantner/local/projects/portfolio/surface-defect-classifier/NEU-DET/train/images/rolled-in_scale/rolled-in_scale_149.jpg,2,rolled-in_scale,97,1,137,44,train
/Users/christopherbrantner/local/projects/portfolio/surface-defect-classifier/results/chips/train/rolled-in_scale/rolled-in_scale_15_bb00.png,/Users/christopherbrantner/local/projects/portfolio/surface-defect-classifier/NEU-DET/train/images/rolled-in_scale/rolled-in_scale_15.jpg,0,rolled-in_scale,26,47,95,114,train
/Users/christopherbrantner/local/projects/portfolio/surface-defect-classifier/results/chips/train/rolled-in_scale/rolled-in_scale_150_bb00.png,/Users/christopherbrantner/local/projects/portfolio/surface-defect-classifier/NEU-DET/train/images/rolled-in_scale/rolled-in_scale_150.jpg,0,rolled-in_scale,33,3,157,193,train
/Users/christopherbrantner/local/projects/portfolio/surface-defect-classifier/results/chips/train/rolled-in_scale/rolled-in_scale_150_bb01.png,/Users/christopherbrantner/local/projects/portfolio/surface-defect-classifier/NEU-DET/train/images/rolled-in_scale/rolled-in_scale_150.jpg,1,rolled-in_scale,128,1,170,45,train
/Users/christopherbrantner/local/projects/portfolio/surface-defect-classifier/results/chips/train/rolled-in_scale/rolled-in_scale_151_bb00.png,/Users/christopherbrantner/local/projects/portfolio/surface-defect-classifier/NEU-DET/train/images/rolled-in_scale/rolled-in_scale_151.jpg,0,rolled-in_scale,109,46,167,197,train
/Users/christopherbrantner/local/projects/portfolio/surface-defect-classifier/results/chips/train/rolled-in_scale/rolled-in_scale_151_bb01.png,/Users/christopherbrantner/local/projects/portfolio/surface-defect-classifier/NEU-DET/train/images/rolled-in_scale/rolled-in_scale_151.jpg,1,rolled-in_scale,117,1,198,59,train
/Users/christopherbrantner/local/projects/portfolio/surface-defect-classifier/results/chips/train/rolled-in_scale/rolled-in_scale_152_bb00.png,/Users/christopherbrantner/local/projects/portfolio/surface-defect-classifier/NEU-DET/train/images/rolled-in_scale/rolled-in_scale_152.jpg,0,rolled-in_scale,2,1,54,197,train
/Users/christopherbrantner/local/projects/portfolio/surface-defect-classifier/results/chips/train/rolled-in_scale/rolled-in_scale_152_bb01.png,/Users/christopherbrantner/local/projects/portfolio/surface-defect-classifier/NEU-DET/train/images/rolled-in_scale/rolled-in_scale_152.jpg,1,rolled-in_scale,49,6,131,63,train
/Users/christopherbrantner/local/projects/portfolio/surface-defect-classifier/results/chips/train/rolled-in_scale/rolled-in_scale_153_bb00.png,/Users/christopherbrantner/local/projects/portfolio/surface-defect-classifier/NEU-DET/train/images/rolled-in_scale/rolled-in_scale_153.jpg,0,rolled-in_scale,71,3,129,197,train
/Users/christopherbrantner/local/projects/portfolio/surface-defect-classifier/results/chips/train/rolled-in_scale/rolled-in_scale_153_bb01.png,/Users/christopherbrantner/local/projects/portfolio/surface-defect-classifier/NEU-DET/train/images/rolled-in_scale/rolled-in_scale_153.jpg,1,rolled-in_scale,121,4,192,72,train
/Users/christopherbrantner/local/projects/portfolio/surface-defect-classifier/results/chips/train/rolled-in_scale/rolled-in_scale_154_bb00.png,/Users/christopherbrantner/local/projects/portfolio/surface-defect-classifier/NEU-DET/train/images/rolled-in_scale/rolled-in_scale_154.jpg,0,rolled-in_scale,123,58,195,113,train
/Users/christopherbrantner/local/projects/portfolio/surface-defect-classifier/results/chips/train/rolled-in_scale/rolled-in_scale_155_bb00.png,/Users/christopherbrantner/local/projects/portfolio/surface-defect-classifier/NEU-DET/train/images/rolled-in_scale/rolled-in_scale_155.jpg,0,rolled-in_scale,69,25,125,80,train
/Users/christopherbrantner/local/projects/portfolio/surface-defect-classifier/results/chips/train/rolled-in_scale/rolled-in_scale_156_bb00.png,/Users/christopherbrantner/local/projects/portfolio/surface-defect-classifier/NEU-DET/train/images/rolled-in_scale/rolled-in_scale_156.jpg,0,rolled-in_scale,20,28,68,182,train
/Users/christopherbrantner/local/projects/portfolio/surface-defect-classifier/results/chips/train/rolled-in_scale/rolled-in_scale_156_bb01.png,/Users/christopherbrantner/local/projects/portfolio/surface-defect-classifier/NEU-DET/train/images/rolled-in_scale/rolled-in_scale_156.jpg,1,rolled-in_scale,97,85,147,140,train
/Users/christopherbrantner/local/projects/portfolio/surface-defect-classifier/results/chips/train/rolled-in_scale/rolled-in_scale_157_bb00.png,/Users/christopherbrantner/local/projects/portfolio/surface-defect-classifier/NEU-DET/train/images/rolled-in_scale/rolled-in_scale_157.jpg,0,rolled-in_scale,95,22,145,52,train
/Users/christopherbrantner/local/projects/portfolio/surface-defect-classifier/results/chips/train/rolled-in_scale/rolled-in_scale_157_bb01.png,/Users/christopherbrantner/local/projects/portfolio/surface-defect-classifier/NEU-DET/train/images/rolled-in_scale/rolled-in_scale_157.jpg,1,rolled-in_scale,59,83,136,182,train
/Users/christopherbrantner/local/projects/portfolio/surface-defect-classifier/results/chips/train/rolled-in_scale/rolled-in_scale_158_bb00.png,/Users/christopherbrantner/local/projects/portfolio/surface-defect-classifier/NEU-DET/train/images/rolled-in_scale/rolled-in_scale_158.jpg,0,rolled-in_scale,15,120,81,192,train
/Users/christopherbrantner/local/projects/portfolio/surface-defect-classifier/results/chips/train/rolled-in_scale/rolled-in_scale_159_bb00.png,/Users/christopherbrantner/local/projects/portfolio/surface-defect-classifier/NEU-DET/train/images/rolled-in_scale/rolled-in_scale_159.jpg,0,rolled-in_scale,31,59,74,161,train
/Users/christopherbrantner/local/projects/portfolio/surface-defect-classifier/results/chips/train/rolled-in_scale/rolled-in_scale_16_bb00.png,/Users/christopherbrantner/local/projects/portfolio/surface-defect-classifier/NEU-DET/train/images/rolled-in_scale/rolled-in_scale_16.jpg,0,rolled-in_scale,56,94,109,192,train
/Users/christopherbrantner/local/projects/portfolio/surface-defect-classifier/results/chips/train/rolled-in_scale/rolled-in_scale_16_bb01.png,/Users/christopherbrantner/local/projects/portfolio/surface-defect-classifier/NEU-DET/train/images/rolled-in_scale/rolled-in_scale_16.jpg,1,rolled-in_scale,157,66,183,94,train
/Users/christopherbrantner/local/projects/portfolio/surface-defect-classifier/results/chips/train/rolled-in_scale/rolled-in_scale_160_bb00.png,/Users/christopherbrantner/local/projects/portfolio/surface-defect-classifier/NEU-DET/train/images/rolled-in_scale/rolled-in_scale_160.jpg,0,rolled-in_scale,43,1,83,73,train
/Users/christopherbrantner/local/projects/portfolio/surface-defect-classifier/results/chips/train/rolled-in_scale/rolled-in_scale_160_bb01.png,/Users/christopherbrantner/local/projects/portfolio/surface-defect-classifier/NEU-DET/train/images/rolled-in_scale/rolled-in_scale_160.jpg,1,rolled-in_scale,39,138,84,200,train
/Users/christopherbrantner/local/projects/portfolio/surface-defect-classifier/results/chips/train/rolled-in_scale/rolled-in_scale_160_bb02.png,/Users/christopherbrantner/local/projects/portfolio/surface-defect-classifier/NEU-DET/train/images/rolled-in_scale/rolled-in_scale_160.jpg,2,rolled-in_scale,100,149,200,200,train
/Users/christopherbrantner/local/projects/portfolio/surface-defect-classifier/results/chips/train/rolled-in_scale/rolled-in_scale_161_bb00.png,/Users/christopherbrantner/local/projects/portfolio/surface-defect-classifier/NEU-DET/train/images/rolled-in_scale/rolled-in_scale_161.jpg,0,rolled-in_scale,37,4,89,63,train
/Users/christopherbrantner/local/projects/portfolio/surface-defect-classifier/results/chips/train/rolled-in_scale/rolled-in_scale_161_bb01.png,/Users/christopherbrantner/local/projects/portfolio/surface-defect-classifier/NEU-DET/train/images/rolled-in_scale/rolled-in_scale_161.jpg,1,rolled-in_scale,22,150,83,200,train
/Users/christopherbrantner/local/projects/portfolio/surface-defect-classifier/results/chips/train/rolled-in_scale/rolled-in_scale_162_bb00.png,/Users/christopherbrantner/local/projects/portfolio/surface-defect-classifier/NEU-DET/train/images/rolled-in_scale/rolled-in_scale_162.jpg,0,rolled-in_scale,10,130,97,192,train
/Users/christopherbrantner/local/projects/portfolio/surface-defect-classifier/results/chips/train/rolled-in_scale/rolled-in_scale_162_bb01.png,/Users/christopherbrantner/local/projects/portfolio/surface-defect-classifier/NEU-DET/train/images/rolled-in_scale/rolled-in_scale_162.jpg,1,rolled-in_scale,6,50,98,117,train
/Users/christopherbrantner/local/projects/portfolio/surface-defect-classifier/results/chips/train/rolled-in_scale/rolled-in_scale_163_bb00.png,/Users/christopherbrantner/local/projects/portfolio/surface-defect-classifier/NEU-DET/train/images/rolled-in_scale/rolled-in_scale_163.jpg,0,rolled-in_scale,23,40,94,125,train
/Users/christopherbrantner/local/projects/portfolio/surface-defect-classifier/results/chips/train/rolled-in_scale/rolled-in_scale_163_bb01.png,/Users/christopherbrantner/local/projects/portfolio/surface-defect-classifier/NEU-DET/train/images/rolled-in_scale/rolled-in_scale_163.jpg,1,rolled-in_scale,56,143,127,200,train
/Users/christopherbrantner/local/projects/portfolio/surface-defect-classifier/results/chips/train/rolled-in_scale/rolled-in_scale_164_bb00.png,/Users/christopherbrantner/local/projects/portfolio/surface-defect-classifier/NEU-DET/train/images/rolled-in_scale/rolled-in_scale_164.jpg,0,rolled-in_scale,57,52,112,138,train
/Users/christopherbrantner/local/projects/portfolio/surface-defect-classifier/results/chips/train/rolled-in_scale/rolled-in_scale_165_bb00.png,/Users/christopherbrantner/local/projects/portfolio/surface-defect-classifier/NEU-DET/train/images/rolled-in_scale/rolled-in_scale_165.jpg,0,rolled-in_scale,24,52,109,139,train
/Users/christopherbrantner/local/projects/portfolio/surface-defect-classifier/results/chips/train/rolled-in_scale/rolled-in_scale_165_bb01.png,/Users/christopherbrantner/local/projects/portfolio/surface-defect-classifier/NEU-DET/train/images/rolled-in_scale/rolled-in_scale_165.jpg,1,rolled-in_scale,135,122,181,195,train
/Users/christopherbrantner/local/projects/portfolio/surface-defect-classifier/results/chips/train/rolled-in_scale/rolled-in_scale_166_bb00.png,/Users/christopherbrantner/local/projects/portfolio/surface-defect-classifier/NEU-DET/train/images/rolled-in_scale/rolled-in_scale_166.jpg,0,rolled-in_scale,13,109,125,191,train
/Users/christopherbrantner/local/projects/portfolio/surface-defect-classifier/results/chips/train/rolled-in_scale/rolled-in_scale_166_bb01.png,/Users/christopherbrantner/local/projects/portfolio/surface-defect-classifier/NEU-DET/train/images/rolled-in_scale/rolled-in_scale_166.jpg,1,rolled-in_scale,91,12,169,70,train
/Users/christopherbrantner/local/projects/portfolio/surface-defect-classifier/results/chips/train/rolled-in_scale/rolled-in_scale_167_bb00.png,/Users/christopherbrantner/local/projects/portfolio/surface-defect-classifier/NEU-DET/train/images/rolled-in_scale/rolled-in_scale_167.jpg,0,rolled-in_scale,4,19,72,75,train
/Users/christopherbrantner/local/projects/portfolio/surface-defect-classifier/results/chips/train/rolled-in_scale/rolled-in_scale_167_bb01.png,/Users/christopherbrantner/local/projects/portfolio/surface-defect-classifier/NEU-DET/train/images/rolled-in_scale/rolled-in_scale_167.jpg,1,rolled-in_scale,64,73,123,145,train
/Users/christopherbrantner/local/projects/portfolio/surface-defect-classifier/results/chips/train/rolled-in_scale/rolled-in_scale_168_bb00.png,/Users/christopherbrantner/local/projects/portfolio/surface-defect-classifier/NEU-DET/train/images/rolled-in_scale/rolled-in_scale_168.jpg,0,rolled-in_scale,42,52,122,149,train
/Users/christopherbrantner/local/projects/portfolio/surface-defect-classifier/results/chips/train/rolled-in_scale/rolled-in_scale_168_bb01.png,/Users/christopherbrantner/local/projects/portfolio/surface-defect-classifier/NEU-DET/train/images/rolled-in_scale/rolled-in_scale_168.jpg,1,rolled-in_scale,165,116,200,167,train
/Users/christopherbrantner/local/projects/portfolio/surface-defect-classifier/results/chips/train/rolled-in_scale/rolled-in_scale_169_bb00.png,/Users/christopherbrantner/local/projects/portfolio/surface-defect-classifier/NEU-DET/train/images/rolled-in_scale/rolled-in_scale_169.jpg,0,rolled-in_scale,35,1,147,52,train
/Users/christopherbrantner/local/projects/portfolio/surface-defect-classifier/results/chips/train/rolled-in_scale/rolled-in_scale_169_bb01.png,/Users/christopherbrantner/local/projects/portfolio/surface-defect-classifier/NEU-DET/train/images/rolled-in_scale/rolled-in_scale_169.jpg,1,rolled-in_scale,23,124,139,187,train
/Users/christopherbrantner/local/projects/portfolio/surface-defect-classifier/results/chips/train/rolled-in_scale/rolled-in_scale_17_bb00.png,/Users/christopherbrantner/local/projects/portfolio/surface-defect-classifier/NEU-DET/train/images/rolled-in_scale/rolled-in_scale_17.jpg,0,rolled-in_scale,30,18,98,77,train
/Users/christopherbrantner/local/projects/portfolio/surface-defect-classifier/results/chips/train/rolled-in_scale/rolled-in_scale_170_bb00.png,/Users/christopherbrantner/local/projects/portfolio/surface-defect-classifier/NEU-DET/train/images/rolled-in_scale/rolled-in_scale_170.jpg,0,rolled-in_scale,1,101,129,198,train
/Users/christopherbrantner/local/projects/portfolio/surface-defect-classifier/results/chips/train/rolled-in_scale/rolled-in_scale_170_bb01.png,/Users/christopherbrantner/local/projects/portfolio/surface-defect-classifier/NEU-DET/train/images/rolled-in_scale/rolled-in_scale_170.jpg,1,rolled-in_scale,31,27,129,87,train
/Users/christopherbrantner/local/projects/portfolio/surface-defect-classifier/results/chips/train/rolled-in_scale/rolled-in_scale_171_bb00.png,/Users/christopherbrantner/local/projects/portfolio/surface-defect-classifier/NEU-DET/train/images/rolled-in_scale/rolled-in_scale_171.jpg,0,rolled-in_scale,47,89,158,197,train
/Users/christopherbrantner/local/projects/portfolio/surface-defect-classifier/results/chips/train/rolled-in_scale/rolled-in_scale_171_bb01.png,/Users/christopherbrantner/local/projects/portfolio/surface-defect-classifier/NEU-DET/train/images/rolled-in_scale/rolled-in_scale_171.jpg,1,rolled-in_scale,39,27,158,94,train
/Users/christopherbrantner/local/projects/portfolio/surface-defect-classifier/results/chips/train/rolled-in_scale/rolled-in_scale_172_bb00.png,/Users/christopherbrantner/local/projects/portfolio/surface-defect-classifier/NEU-DET/train/images/rolled-in_scale/rolled-in_scale_172.jpg,0,rolled-in_scale,67,3,175,113,train
/Users/christopherbrantner/local/projects/portfolio/surface-defect-classifier/results/chips/train/rolled-in_scale/rolled-in_scale_172_bb01.png,/Users/christopherbrantner/local/projects/portfolio/surface-defect-classifier/NEU-DET/train/images/rolled-in_scale/rolled-in_scale_172.jpg,1,rolled-in_scale,130,164,200,194,train
/Users/christopherbrantner/local/projects/portfolio/surface-defect-classifier/results/chips/train/rolled-in_scale/rolled-in_scale_173_bb00.png,/Users/christopherbrantner/local/projects/portfolio/surface-defect-classifier/NEU-DET/train/images/rolled-in_scale/rolled-in_scale_173.jpg,0,rolled-in_scale,8,75,114,198,train
/Users/christopherbrantner/local/projects/portfolio/surface-defect-classifier/results/chips/train/rolled-in_scale/rolled-in_scale_173_bb01.png,/Users/christopherbrantner/local/projects/portfolio/surface-defect-classifier/NEU-DET/train/images/rolled-in_scale/rolled-in_scale_173.jpg,1,rolled-in_scale,1,1,71,31,train
/Users/christopherbrantner/local/projects/portfolio/surface-defect-classifier/results/chips/train/rolled-in_scale/rolled-in_scale_174_bb00.png,/Users/christopherbrantner/local/projects/portfolio/surface-defect-classifier/NEU-DET/train/images/rolled-in_scale/rolled-in_scale_174.jpg,0,rolled-in_scale,31,26,123,193,train
/Users/christopherbrantner/local/projects/portfolio/surface-defect-classifier/results/chips/train/rolled-in_scale/rolled-in_scale_175_bb00.png,/Users/christopherbrantner/local/projects/portfolio/surface-defect-classifier/NEU-DET/train/images/rolled-in_scale/rolled-in_scale_175.jpg,0,rolled-in_scale,101,33,188,193,train
/Users/christopherbrantner/local/projects/portfolio/surface-defect-classifier/results/chips/train/rolled-in_scale/rolled-in_scale_176_bb00.png,/Users/christopherbrantner/local/projects/portfolio/surface-defect-classifier/NEU-DET/train/images/rolled-in_scale/rolled-in_scale_176.jpg,0,rolled-in_scale,74,16,121,70,train
/Users/christopherbrantner/local/projects/portfolio/surface-defect-classifier/results/chips/train/rolled-in_scale/rolled-in_scale_176_bb01.png,/Users/christopherbrantner/local/projects/portfolio/surface-defect-classifier/NEU-DET/train/images/rolled-in_scale/rolled-in_scale_176.jpg,1,rolled-in_scale,119,72,170,159,train
/Users/christopherbrantner/local/projects/portfolio/surface-defect-classifier/results/chips/train/rolled-in_scale/rolled-in_scale_177_bb00.png,/Users/christopherbrantner/local/projects/portfolio/surface-defect-classifier/NEU-DET/train/images/rolled-in_scale/rolled-in_scale_177.jpg,0,rolled-in_scale,28,1,90,101,train
/Users/christopherbrantner/local/projects/portfolio/surface-defect-classifier/results/chips/train/rolled-in_scale/rolled-in_scale_177_bb01.png,/Users/christopherbrantner/local/projects/portfolio/surface-defect-classifier/NEU-DET/train/images/rolled-in_scale/rolled-in_scale_177.jpg,1,rolled-in_scale,45,117,106,198,train
/Users/christopherbrantner/local/projects/portfolio/surface-defect-classifier/results/chips/train/rolled-in_scale/rolled-in_scale_177_bb02.png,/Users/christopherbrantner/local/projects/portfolio/surface-defect-classifier/NEU-DET/train/images/rolled-in_scale/rolled-in_scale_177.jpg,2,rolled-in_scale,96,2,183,94,train
/Users/christopherbrantner/local/projects/portfolio/surface-defect-classifier/results/chips/train/rolled-in_scale/rolled-in_scale_178_bb00.png,/Users/christopherbrantner/local/projects/portfolio/surface-defect-classifier/NEU-DET/train/images/rolled-in_scale/rolled-in_scale_178.jpg,0,rolled-in_scale,5,45,79,183,train
/Users/christopherbrantner/local/projects/portfolio/surface-defect-classifier/results/chips/train/rolled-in_scale/rolled-in_scale_178_bb01.png,/Users/christopherbrantner/local/projects/portfolio/surface-defect-classifier/NEU-DET/train/images/rolled-in_scale/rolled-in_scale_178.jpg,1,rolled-in_scale,63,16,162,56,train
/Users/christopherbrantner/local/projects/portfolio/surface-defect-classifier/results/chips/train/rolled-in_scale/rolled-in_scale_178_bb02.png,/Users/christopherbrantner/local/projects/portfolio/surface-defect-classifier/NEU-DET/train/images/rolled-in_scale/rolled-in_scale_178.jpg,2,rolled-in_scale,1,1,59,56,train
/Users/christopherbrantner/local/projects/portfolio/surface-defect-classifier/results/chips/train/rolled-in_scale/rolled-in_scale_179_bb00.png,/Users/christopherbrantner/local/projects/portfolio/surface-defect-classifier/NEU-DET/train/images/rolled-in_scale/rolled-in_scale_179.jpg,0,rolled-in_scale,2,72,81,112,train
/Users/christopherbrantner/local/projects/portfolio/surface-defect-classifier/results/chips/train/rolled-in_scale/rolled-in_scale_179_bb01.png,/Users/christopherbrantner/local/projects/portfolio/surface-defect-classifier/NEU-DET/train/images/rolled-in_scale/rolled-in_scale_179.jpg,1,rolled-in_scale,4,3,81,65,train
/Users/christopherbrantner/local/projects/portfolio/surface-defect-classifier/results/chips/train/rolled-in_scale/rolled-in_scale_18_bb00.png,/Users/christopherbrantner/local/projects/portfolio/surface-defect-classifier/NEU-DET/train/images/rolled-in_scale/rolled-in_scale_18.jpg,0,rolled-in_scale,111,98,160,196,train
/Users/christopherbrantner/local/projects/portfolio/surface-defect-classifier/results/chips/train/rolled-in_scale/rolled-in_scale_18_bb01.png,/Users/christopherbrantner/local/projects/portfolio/surface-defect-classifier/NEU-DET/train/images/rolled-in_scale/rolled-in_scale_18.jpg,1,rolled-in_scale,133,1,179,45,train
/Users/christopherbrantner/local/projects/portfolio/surface-defect-classifier/results/chips/train/rolled-in_scale/rolled-in_scale_180_bb00.png,/Users/christopherbrantner/local/projects/portfolio/surface-defect-classifier/NEU-DET/train/images/rolled-in_scale/rolled-in_scale_180.jpg,0,rolled-in_scale,13,1,78,64,train
/Users/christopherbrantner/local/projects/portfolio/surface-defect-classifier/results/chips/train/rolled-in_scale/rolled-in_scale_180_bb01.png,/Users/christopherbrantner/local/projects/portfolio/surface-defect-classifier/NEU-DET/train/images/rolled-in_scale/rolled-in_scale_180.jpg,1,rolled-in_scale,144,68,193,155,train
/Users/christopherbrantner/local/projects/portfolio/surface-defect-classifier/results/chips/train/rolled-in_scale/rolled-in_scale_181_bb00.png,/Users/christopherbrantner/local/projects/portfolio/surface-defect-classifier/NEU-DET/train/images/rolled-in_scale/rolled-in_scale_181.jpg,0,rolled-in_scale,62,57,128,170,train
/Users/christopherbrantner/local/projects/portfolio/surface-defect-classifier/results/chips/train/rolled-in_scale/rolled-in_scale_182_bb00.png,/Users/christopherbrantner/local/projects/portfolio/surface-defect-classifier/NEU-DET/train/images/rolled-in_scale/rolled-in_scale_182.jpg,0,rolled-in_scale,63,59,193,171,train
/Users/christopherbrantner/local/projects/portfolio/surface-defect-classifier/results/chips/train/rolled-in_scale/rolled-in_scale_183_bb00.png,/Users/christopherbrantner/local/projects/portfolio/surface-defect-classifier/NEU-DET/train/images/rolled-in_scale/rolled-in_scale_183.jpg,0,rolled-in_scale,29,76,103,198,train
/Users/christopherbrantner/local/projects/portfolio/surface-defect-classifier/results/chips/train/rolled-in_scale/rolled-in_scale_183_bb01.png,/Users/christopherbrantner/local/projects/portfolio/surface-defect-classifier/NEU-DET/train/images/rolled-in_scale/rolled-in_scale_183.jpg,1,rolled-in_scale,150,65,189,186,train
/Users/christopherbrantner/local/projects/portfolio/surface-defect-classifier/results/chips/train/rolled-in_scale/rolled-in_scale_183_bb02.png,/Users/christopherbrantner/local/projects/portfolio/surface-defect-classifier/NEU-DET/train/images/rolled-in_scale/rolled-in_scale_183.jpg,2,rolled-in_scale,35,16,151,52,train
/Users/christopherbrantner/local/projects/portfolio/surface-defect-classifier/results/chips/train/rolled-in_scale/rolled-in_scale_184_bb00.png,/Users/christopherbrantner/local/projects/portfolio/surface-defect-classifier/NEU-DET/train/images/rolled-in_scale/rolled-in_scale_184.jpg,0,rolled-in_scale,29,91,175,199,train
/Users/christopherbrantner/local/projects/portfolio/surface-defect-classifier/results/chips/train/rolled-in_scale/rolled-in_scale_184_bb01.png,/Users/christopherbrantner/local/projects/portfolio/surface-defect-classifier/NEU-DET/train/images/rolled-in_scale/rolled-in_scale_184.jpg,1,rolled-in_scale,9,1,95,107,train
/Users/christopherbrantner/local/projects/portfolio/surface-defect-classifier/results/chips/train/rolled-in_scale/rolled-in_scale_184_bb02.png,/Users/christopherbrantner/local/projects/portfolio/surface-defect-classifier/NEU-DET/train/images/rolled-in_scale/rolled-in_scale_184.jpg,2,rolled-in_scale,120,1,154,54,train
/Users/christopherbrantner/local/projects/portfolio/surface-defect-classifier/results/chips/train/rolled-in_scale/rolled-in_scale_185_bb00.png,/Users/christopherbrantner/local/projects/portfolio/surface-defect-classifier/NEU-DET/train/images/rolled-in_scale/rolled-in_scale_185.jpg,0,rolled-in_scale,3,26,55,194,train
/Users/christopherbrantner/local/projects/portfolio/surface-defect-classifier/results/chips/train/rolled-in_scale/rolled-in_scale_185_bb01.png,/Users/christopherbrantner/local/projects/portfolio/surface-defect-classifier/NEU-DET/train/images/rolled-in_scale/rolled-in_scale_185.jpg,1,rolled-in_scale,73,28,199,160,train
/Users/christopherbrantner/local/projects/portfolio/surface-defect-classifier/results/chips/train/rolled-in_scale/rolled-in_scale_186_bb00.png,/Users/christopherbrantner/local/projects/portfolio/surface-defect-classifier/NEU-DET/train/images/rolled-in_scale/rolled-in_scale_186.jpg,0,rolled-in_scale,45,13,200,46,train
/Users/christopherbrantner/local/projects/portfolio/surface-defect-classifier/results/chips/train/rolled-in_scale/rolled-in_scale_186_bb01.png,/Users/christopherbrantner/local/projects/portfolio/surface-defect-classifier/NEU-DET/train/images/rolled-in_scale/rolled-in_scale_186.jpg,1,rolled-in_scale,23,85,181,190,train
/Users/christopherbrantner/local/projects/portfolio/surface-defect-classifier/results/chips/train/rolled-in_scale/rolled-in_scale_186_bb02.png,/Users/christopherbrantner/local/projects/portfolio/surface-defect-classifier/NEU-DET/train/images/rolled-in_scale/rolled-in_scale_186.jpg,2,rolled-in_scale,1,118,76,160,train
/Users/christopherbrantner/local/projects/portfolio/surface-defect-classifier/results/chips/train/rolled-in_scale/rolled-in_scale_187_bb00.png,/Users/christopherbrantner/local/projects/portfolio/surface-defect-classifier/NEU-DET/train/images/rolled-in_scale/rolled-in_scale_187.jpg,0,rolled-in_scale,32,22,133,70,train
/Users/christopherbrantner/local/projects/portfolio/surface-defect-classifier/results/chips/train/rolled-in_scale/rolled-in_scale_187_bb01.png,/Users/christopherbrantner/local/projects/portfolio/surface-defect-classifier/NEU-DET/train/images/rolled-in_scale/rolled-in_scale_187.jpg,1,rolled-in_scale,75,111,199,196,train
/Users/christopherbrantner/local/projects/portfolio/surface-defect-classifier/results/chips/train/rolled-in_scale/rolled-in_scale_188_bb00.png,/Users/christopherbrantner/local/projects/portfolio/surface-defect-classifier/NEU-DET/train/images/rolled-in_scale/rolled-in_scale_188.jpg,0,rolled-in_scale,31,52,105,199,train
/Users/christopherbrantner/local/projects/portfolio/surface-defect-classifier/results/chips/train/rolled-in_scale/rolled-in_scale_188_bb01.png,/Users/christopherbrantner/local/projects/portfolio/surface-defect-classifier/NEU-DET/train/images/rolled-in_scale/rolled-in_scale_188.jpg,1,rolled-in_scale,52,13,104,48,train
/Users/christopherbrantner/local/projects/portfolio/surface-defect-classifier/results/chips/train/rolled-in_scale/rolled-in_scale_189_bb00.png,/Users/christopherbrantner/local/projects/portfolio/surface-defect-classifier/NEU-DET/train/images/rolled-in_scale/rolled-in_scale_189.jpg,0,rolled-in_scale,116,38,184,194,train
/Users/christopherbrantner/local/projects/portfolio/surface-defect-classifier/results/chips/train/rolled-in_scale/rolled-in_scale_189_bb01.png,/Users/christopherbrantner/local/projects/portfolio/surface-defect-classifier/NEU-DET/train/images/rolled-in_scale/rolled-in_scale_189.jpg,1,rolled-in_scale,49,37,105,149,train
/Users/christopherbrantner/local/projects/portfolio/surface-defect-classifier/results/chips/train/rolled-in_scale/rolled-in_scale_19_bb00.png,/Users/christopherbrantner/local/projects/portfolio/surface-defect-classifier/NEU-DET/train/images/rolled-in_scale/rolled-in_scale_19.jpg,0,rolled-in_scale,1,50,55,197,train
/Users/christopherbrantner/local/projects/portfolio/surface-defect-classifier/results/chips/train/rolled-in_scale/rolled-in_scale_19_bb01.png,/Users/christopherbrantner/local/projects/portfolio/surface-defect-classifier/NEU-DET/train/images/rolled-in_scale/rolled-in_scale_19.jpg,1,rolled-in_scale,125,11,178,192,train
/Users/christopherbrantner/local/projects/portfolio/surface-defect-classifier/results/chips/train/rolled-in_scale/rolled-in_scale_190_bb00.png,/Users/christopherbrantner/local/projects/portfolio/surface-defect-classifier/NEU-DET/train/images/rolled-in_scale/rolled-in_scale_190.jpg,0,rolled-in_scale,1,77,45,155,train
/Users/christopherbrantner/local/projects/portfolio/surface-defect-classifier/results/chips/train/rolled-in_scale/rolled-in_scale_190_bb01.png,/Users/christopherbrantner/local/projects/portfolio/surface-defect-classifier/NEU-DET/train/images/rolled-in_scale/rolled-in_scale_190.jpg,1,rolled-in_scale,89,99,185,193,train
/Users/christopherbrantner/local/projects/portfolio/surface-defect-classifier/results/chips/train/rolled-in_scale/rolled-in_scale_190_bb02.png,/Users/christopherbrantner/local/projects/portfolio/surface-defect-classifier/NEU-DET/train/images/rolled-in_scale/rolled-in_scale_190.jpg,2,rolled-in_scale,62,1,177,42,train
/Users/christopherbrantner/local/projects/portfolio/surface-defect-classifier/results/chips/train/rolled-in_scale/rolled-in_scale_191_bb00.png,/Users/christopherbrantner/local/projects/portfolio/surface-defect-classifier/NEU-DET/train/images/rolled-in_scale/rolled-in_scale_191.jpg,0,rolled-in_scale,102,86,189,160,train
/Users/christopherbrantner/local/projects/portfolio/surface-defect-classifier/results/chips/train/rolled-in_scale/rolled-in_scale_191_bb01.png,/Users/christopherbrantner/local/projects/portfolio/surface-defect-classifier/NEU-DET/train/images/rolled-in_scale/rolled-in_scale_191.jpg,1,rolled-in_scale,1,40,46,112,train
/Users/christopherbrantner/local/projects/portfolio/surface-defect-classifier/results/chips/train/rolled-in_scale/rolled-in_scale_192_bb00.png,/Users/christopherbrantner/local/projects/portfolio/surface-defect-classifier/NEU-DET/train/images/rolled-in_scale/rolled-in_scale_192.jpg,0,rolled-in_scale,108,155,199,198,train
/Users/christopherbrantner/local/projects/portfolio/surface-defect-classifier/results/chips/train/rolled-in_scale/rolled-in_scale_192_bb01.png,/Users/christopherbrantner/local/projects/portfolio/surface-defect-classifier/NEU-DET/train/images/rolled-in_scale/rolled-in_scale_192.jpg,1,rolled-in_scale,25,14,98,140,train
/Users/christopherbrantner/local/projects/portfolio/surface-defect-classifier/results/chips/train/rolled-in_scale/rolled-in_scale_192_bb02.png,/Users/christopherbrantner/local/projects/portfolio/surface-defect-classifier/NEU-DET/train/images/rolled-in_scale/rolled-in_scale_192.jpg,2,rolled-in_scale,62,31,157,129,train
/Users/christopherbrantner/local/projects/portfolio/surface-defect-classifier/results/chips/train/rolled-in_scale/rolled-in_scale_193_bb00.png,/Users/christopherbrantner/local/projects/portfolio/surface-defect-classifier/NEU-DET/train/images/rolled-in_scale/rolled-in_scale_193.jpg,0,rolled-in_scale,19,27,90,200,train
/Users/christopherbrantner/local/projects/portfolio/surface-defect-classifier/results/chips/train/rolled-in_scale/rolled-in_scale_193_bb01.png,/Users/christopherbrantner/local/projects/portfolio/surface-defect-classifier/NEU-DET/train/images/rolled-in_scale/rolled-in_scale_193.jpg,1,rolled-in_scale,94,145,160,195,train
/Users/christopherbrantner/local/projects/portfolio/surface-defect-classifier/results/chips/train/rolled-in_scale/rolled-in_scale_193_bb02.png,/Users/christopherbrantner/local/projects/portfolio/surface-defect-classifier/NEU-DET/train/images/rolled-in_scale/rolled-in_scale_193.jpg,2,rolled-in_scale,90,39,143,66,train
/Users/christopherbrantner/local/projects/portfolio/surface-defect-classifier/results/chips/train/rolled-in_scale/rolled-in_scale_194_bb00.png,/Users/christopherbrantner/local/projects/portfolio/surface-defect-classifier/NEU-DET/train/images/rolled-in_scale/rolled-in_scale_194.jpg,0,rolled-in_scale,7,35,138,89,train
/Users/christopherbrantner/local/projects/portfolio/surface-defect-classifier/results/chips/train/rolled-in_scale/rolled-in_scale_194_bb01.png,/Users/christopherbrantner/local/projects/portfolio/surface-defect-classifier/NEU-DET/train/images/rolled-in_scale/rolled-in_scale_194.jpg,1,rolled-in_scale,27,151,127,198,train
/Users/christopherbrantner/local/projects/portfolio/surface-defect-classifier/results/chips/train/rolled-in_scale/rolled-in_scale_195_bb00.png,/Users/christopherbrantner/local/projects/portfolio/surface-defect-classifier/NEU-DET/train/images/rolled-in_scale/rolled-in_scale_195.jpg,0,rolled-in_scale,71,36,141,119,train
/Users/christopherbrantner/local/projects/portfolio/surface-defect-classifier/results/chips/train/rolled-in_scale/rolled-in_scale_196_bb00.png,/Users/christopherbrantner/local/projects/portfolio/surface-defect-classifier/NEU-DET/train/images/rolled-in_scale/rolled-in_scale_196.jpg,0,rolled-in_scale,25,28,86,200,train
/Users/christopherbrantner/local/projects/portfolio/surface-defect-classifier/results/chips/train/rolled-in_scale/rolled-in_scale_196_bb01.png,/Users/christopherbrantner/local/projects/portfolio/surface-defect-classifier/NEU-DET/train/images/rolled-in_scale/rolled-in_scale_196.jpg,1,rolled-in_scale,34,1,70,78,train
/Users/christopherbrantner/local/projects/portfolio/surface-defect-classifier/results/chips/train/rolled-in_scale/rolled-in_scale_197_bb00.png,/Users/christopherbrantner/local/projects/portfolio/surface-defect-classifier/NEU-DET/train/images/rolled-in_scale/rolled-in_scale_197.jpg,0,rolled-in_scale,19,94,67,161,train
/Users/christopherbrantner/local/projects/portfolio/surface-defect-classifier/results/chips/train/rolled-in_scale/rolled-in_scale_197_bb01.png,/Users/christopherbrantner/local/projects/portfolio/surface-defect-classifier/NEU-DET/train/images/rolled-in_scale/rolled-in_scale_197.jpg,1,rolled-in_scale,21,179,68,199,train
/Users/christopherbrantner/local/projects/portfolio/surface-defect-classifier/results/chips/train/rolled-in_scale/rolled-in_scale_197_bb02.png,/Users/christopherbrantner/local/projects/portfolio/surface-defect-classifier/NEU-DET/train/images/rolled-in_scale/rolled-in_scale_197.jpg,2,rolled-in_scale,87,122,159,200,train
/Users/christopherbrantner/local/projects/portfolio/surface-defect-classifier/results/chips/train/rolled-in_scale/rolled-in_scale_197_bb03.png,/Users/christopherbrantner/local/projects/portfolio/surface-defect-classifier/NEU-DET/train/images/rolled-in_scale/rolled-in_scale_197.jpg,3,rolled-in_scale,100,1,157,40,train
/Users/christopherbrantner/local/projects/portfolio/surface-defect-classifier/results/chips/train/rolled-in_scale/rolled-in_scale_198_bb00.png,/Users/christopherbrantner/local/projects/portfolio/surface-defect-classifier/NEU-DET/train/images/rolled-in_scale/rolled-in_scale_198.jpg,0,rolled-in_scale,49,1,161,75,train
/Users/christopherbrantner/local/projects/portfolio/surface-defect-classifier/results/chips/train/rolled-in_scale/rolled-in_scale_198_bb01.png,/Users/christopherbrantner/local/projects/portfolio/surface-defect-classifier/NEU-DET/train/images/rolled-in_scale/rolled-in_scale_198.jpg,1,rolled-in_scale,29,124,127,199,train
/Users/christopherbrantner/local/projects/portfolio/surface-defect-classifier/results/chips/train/rolled-in_scale/rolled-in_scale_198_bb02.png,/Users/christopherbrantner/local/projects/portfolio/surface-defect-classifier/NEU-DET/train/images/rolled-in_scale/rolled-in_scale_198.jpg,2,rolled-in_scale,130,139,190,198,train
/Users/christopherbrantner/local/projects/portfolio/surface-defect-classifier/results/chips/train/rolled-in_scale/rolled-in_scale_199_bb00.png,/Users/christopherbrantner/local/projects/portfolio/surface-defect-classifier/NEU-DET/train/images/rolled-in_scale/rolled-in_scale_199.jpg,0,rolled-in_scale,4,3,90,79,train
/Users/christopherbrantner/local/projects/portfolio/surface-defect-classifier/results/chips/train/rolled-in_scale/rolled-in_scale_199_bb01.png,/Users/christopherbrantner/local/projects/portfolio/surface-defect-classifier/NEU-DET/train/images/rolled-in_scale/rolled-in_scale_199.jpg,1,rolled-in_scale,105,22,169,175,train
/Users/christopherbrantner/local/projects/portfolio/surface-defect-classifier/results/chips/train/rolled-in_scale/rolled-in_scale_199_bb02.png,/Users/christopherbrantner/local/projects/portfolio/surface-defect-classifier/NEU-DET/train/images/rolled-in_scale/rolled-in_scale_199.jpg,2,rolled-in_scale,44,114,112,165,train
/Users/christopherbrantner/local/projects/portfolio/surface-defect-classifier/results/chips/train/rolled-in_scale/rolled-in_scale_2_bb00.png,/Users/christopherbrantner/local/projects/portfolio/surface-defect-classifier/NEU-DET/train/images/rolled-in_scale/rolled-in_scale_2.jpg,0,rolled-in_scale,148,87,197,187,train
/Users/christopherbrantner/local/projects/portfolio/surface-defect-classifier/results/chips/train/rolled-in_scale/rolled-in_scale_20_bb00.png,/Users/christopherbrantner/local/projects/portfolio/surface-defect-classifier/NEU-DET/train/images/rolled-in_scale/rolled-in_scale_20.jpg,0,rolled-in_scale,28,104,77,183,train
/Users/christopherbrantner/local/projects/portfolio/surface-defect-classifier/results/chips/train/rolled-in_scale/rolled-in_scale_20_bb01.png,/Users/christopherbrantner/local/projects/portfolio/surface-defect-classifier/NEU-DET/train/images/rolled-in_scale/rolled-in_scale_20.jpg,1,rolled-in_scale,107,38,199,194,train
/Users/christopherbrantner/local/projects/portfolio/surface-defect-classifier/results/chips/train/rolled-in_scale/rolled-in_scale_20_bb02.png,/Users/christopherbrantner/local/projects/portfolio/surface-defect-classifier/NEU-DET/train/images/rolled-in_scale/rolled-in_scale_20.jpg,2,rolled-in_scale,106,1,150,33,train
/Users/christopherbrantner/local/projects/portfolio/surface-defect-classifier/results/chips/train/rolled-in_scale/rolled-in_scale_200_bb00.png,/Users/christopherbrantner/local/projects/portfolio/surface-defect-classifier/NEU-DET/train/images/rolled-in_scale/rolled-in_scale_200.jpg,0,rolled-in_scale,61,97,164,199,train
/Users/christopherbrantner/local/projects/portfolio/surface-defect-classifier/results/chips/train/rolled-in_scale/rolled-in_scale_200_bb01.png,/Users/christopherbrantner/local/projects/portfolio/surface-defect-classifier/NEU-DET/train/images/rolled-in_scale/rolled-in_scale_200.jpg,1,rolled-in_scale,117,110,177,158,train
/Users/christopherbrantner/local/projects/portfolio/surface-defect-classifier/results/chips/train/rolled-in_scale/rolled-in_scale_201_bb00.png,/Users/christopherbrantner/local/projects/portfolio/surface-defect-classifier/NEU-DET/train/images/rolled-in_scale/rolled-in_scale_201.jpg,0,rolled-in_scale,45,64,106,128,train
/Users/christopherbrantner/local/projects/portfolio/surface-defect-classifier/results/chips/train/rolled-in_scale/rolled-in_scale_201_bb01.png,/Users/christopherbrantner/local/projects/portfolio/surface-defect-classifier/NEU-DET/train/images/rolled-in_scale/rolled-in_scale_201.jpg,1,rolled-in_scale,104,21,160,86,train
/Users/christopherbrantner/local/projects/portfolio/surface-defect-classifier/results/chips/train/rolled-in_scale/rolled-in_scale_202_bb00.png,/Users/christopherbrantner/local/projects/portfolio/surface-defect-classifier/NEU-DET/train/images/rolled-in_scale/rolled-in_scale_202.jpg,0,rolled-in_scale,56,41,141,102,train
/Users/christopherbrantner/local/projects/portfolio/surface-defect-classifier/results/chips/train/rolled-in_scale/rolled-in_scale_202_bb01.png,/Users/christopherbrantner/local/projects/portfolio/surface-defect-classifier/NEU-DET/train/images/rolled-in_scale/rolled-in_scale_202.jpg,1,rolled-in_scale,43,119,164,167,train
/Users/christopherbrantner/local/projects/portfolio/surface-defect-classifier/results/chips/train/rolled-in_scale/rolled-in_scale_203_bb00.png,/Users/christopherbrantner/local/projects/portfolio/surface-defect-classifier/NEU-DET/train/images/rolled-in_scale/rolled-in_scale_203.jpg,0,rolled-in_scale,88,145,121,195,train
/Users/christopherbrantner/local/projects/portfolio/surface-defect-classifier/results/chips/train/rolled-in_scale/rolled-in_scale_203_bb01.png,/Users/christopherbrantner/local/projects/portfolio/surface-defect-classifier/NEU-DET/train/images/rolled-in_scale/rolled-in_scale_203.jpg,1,rolled-in_scale,113,84,149,115,train
/Users/christopherbrantner/local/projects/portfolio/surface-defect-classifier/results/chips/train/rolled-in_scale/rolled-in_scale_203_bb02.png,/Users/christopherbrantner/local/projects/portfolio/surface-defect-classifier/NEU-DET/train/images/rolled-in_scale/rolled-in_scale_203.jpg,2,rolled-in_scale,21,93,77,138,train
/Users/christopherbrantner/local/projects/portfolio/surface-defect-classifier/results/chips/train/rolled-in_scale/rolled-in_scale_204_bb00.png,/Users/christopherbrantner/local/projects/portfolio/surface-defect-classifier/NEU-DET/train/images/rolled-in_scale/rolled-in_scale_204.jpg,0,rolled-in_scale,102,60,168,192,train
/Users/christopherbrantner/local/projects/portfolio/surface-defect-classifier/results/chips/train/rolled-in_scale/rolled-in_scale_204_bb01.png,/Users/christopherbrantner/local/projects/portfolio/surface-defect-classifier/NEU-DET/train/images/rolled-in_scale/rolled-in_scale_204.jpg,1,rolled-in_scale,18,151,87,197,train
/Users/christopherbrantner/local/projects/portfolio/surface-defect-classifier/results/chips/train/rolled-in_scale/rolled-in_scale_205_bb00.png,/Users/christopherbrantner/local/projects/portfolio/surface-defect-classifier/NEU-DET/train/images/rolled-in_scale/rolled-in_scale_205.jpg,0,rolled-in_scale,61,47,132,199,train
/Users/christopherbrantner/local/projects/portfolio/surface-defect-classifier/results/chips/train/rolled-in_scale/rolled-in_scale_205_bb01.png,/Users/christopherbrantner/local/projects/portfolio/surface-defect-classifier/NEU-DET/train/images/rolled-in_scale/rolled-in_scale_205.jpg,1,rolled-in_scale,129,148,199,195,train
/Users/christopherbrantner/local/projects/portfolio/surface-defect-classifier/results/chips/train/rolled-in_scale/rolled-in_scale_205_bb02.png,/Users/christopherbrantner/local/projects/portfolio/surface-defect-classifier/NEU-DET/train/images/rolled-in_scale/rolled-in_scale_205.jpg,2,rolled-in_scale,127,43,181,70,train
/Users/christopherbrantner/local/projects/portfolio/surface-defect-classifier/results/chips/train/rolled-in_scale/rolled-in_scale_206_bb00.png,/Users/christopherbrantner/local/projects/portfolio/surface-defect-classifier/NEU-DET/train/images/rolled-in_scale/rolled-in_scale_206.jpg,0,rolled-in_scale,79,36,140,193,train
/Users/christopherbrantner/local/projects/portfolio/surface-defect-classifier/results/chips/train/rolled-in_scale/rolled-in_scale_207_bb00.png,/Users/christopherbrantner/local/projects/portfolio/surface-defect-classifier/NEU-DET/train/images/rolled-in_scale/rolled-in_scale_207.jpg,0,rolled-in_scale,22,118,94,200,train
/Users/christopherbrantner/local/projects/portfolio/surface-defect-classifier/results/chips/train/rolled-in_scale/rolled-in_scale_207_bb01.png,/Users/christopherbrantner/local/projects/portfolio/surface-defect-classifier/NEU-DET/train/images/rolled-in_scale/rolled-in_scale_207.jpg,1,rolled-in_scale,39,1,85,40,train
/Users/christopherbrantner/local/projects/portfolio/surface-defect-classifier/results/chips/train/rolled-in_scale/rolled-in_scale_208_bb00.png,/Users/christopherbrantner/local/projects/portfolio/surface-defect-classifier/NEU-DET/train/images/rolled-in_scale/rolled-in_scale_208.jpg,0,rolled-in_scale,23,28,102,105,train
/Users/christopherbrantner/local/projects/portfolio/surface-defect-classifier/results/chips/train/rolled-in_scale/rolled-in_scale_208_bb01.png,/Users/christopherbrantner/local/projects/portfolio/surface-defect-classifier/NEU-DET/train/images/rolled-in_scale/rolled-in_scale_208.jpg,1,rolled-in_scale,115,51,178,194,train
/Users/christopherbrantner/local/projects/portfolio/surface-defect-classifier/results/chips/train/rolled-in_scale/rolled-in_scale_209_bb00.png,/Users/christopherbrantner/local/projects/portfolio/surface-defect-classifier/NEU-DET/train/images/rolled-in_scale/rolled-in_scale_209.jpg,0,rolled-in_scale,40,18,132,72,train
/Users/christopherbrantner/local/projects/portfolio/surface-defect-classifier/results/chips/train/rolled-in_scale/rolled-in_scale_209_bb01.png,/Users/christopherbrantner/local/projects/portfolio/surface-defect-classifier/NEU-DET/train/images/rolled-in_scale/rolled-in_scale_209.jpg,1,rolled-in_scale,35,76,156,197,train
/Users/christopherbrantner/local/projects/portfolio/surface-defect-classifier/results/chips/train/rolled-in_scale/rolled-in_scale_21_bb00.png,/Users/christopherbrantner/local/projects/portfolio/surface-defect-classifier/NEU-DET/train/images/rolled-in_scale/rolled-in_scale_21.jpg,0,rolled-in_scale,138,7,197,196,train
/Users/christopherbrantner/local/projects/portfolio/surface-defect-classifier/results/chips/train/rolled-in_scale/rolled-in_scale_21_bb01.png,/Users/christopherbrantner/local/projects/portfolio/surface-defect-classifier/NEU-DET/train/images/rolled-in_scale/rolled-in_scale_21.jpg,1,rolled-in_scale,56,104,107,177,train
/Users/christopherbrantner/local/projects/portfolio/surface-defect-classifier/results/chips/train/rolled-in_scale/rolled-in_scale_21_bb02.png,/Users/christopherbrantner/local/projects/portfolio/surface-defect-classifier/NEU-DET/train/images/rolled-in_scale/rolled-in_scale_21.jpg,2,rolled-in_scale,145,1,183,31,train
/Users/christopherbrantner/local/projects/portfolio/surface-defect-classifier/results/chips/train/rolled-in_scale/rolled-in_scale_210_bb00.png,/Users/christopherbrantner/local/projects/portfolio/surface-defect-classifier/NEU-DET/train/images/rolled-in_scale/rolled-in_scale_210.jpg,0,rolled-in_scale,107,79,171,179,train
/Users/christopherbrantner/local/projects/portfolio/surface-defect-classifier/results/chips/train/rolled-in_scale/rolled-in_scale_210_bb01.png,/Users/christopherbrantner/local/projects/portfolio/surface-defect-classifier/NEU-DET/train/images/rolled-in_scale/rolled-in_scale_210.jpg,1,rolled-in_scale,42,38,90,98,train
/Users/christopherbrantner/local/projects/portfolio/surface-defect-classifier/results/chips/train/rolled-in_scale/rolled-in_scale_210_bb02.png,/Users/christopherbrantner/local/projects/portfolio/surface-defect-classifier/NEU-DET/train/images/rolled-in_scale/rolled-in_scale_210.jpg,2,rolled-in_scale,62,139,105,188,train
/Users/christopherbrantner/local/projects/portfolio/surface-defect-classifier/results/chips/train/rolled-in_scale/rolled-in_scale_211_bb00.png,/Users/christopherbrantner/local/projects/portfolio/surface-defect-classifier/NEU-DET/train/images/rolled-in_scale/rolled-in_scale_211.jpg,0,rolled-in_scale,94,4,168,88,train
/Users/christopherbrantner/local/projects/portfolio/surface-defect-classifier/results/chips/train/rolled-in_scale/rolled-in_scale_211_bb01.png,/Users/christopherbrantner/local/projects/portfolio/surface-defect-classifier/NEU-DET/train/images/rolled-in_scale/rolled-in_scale_211.jpg,1,rolled-in_scale,117,97,164,198,train
/Users/christopherbrantner/local/projects/portfolio/surface-defect-classifier/results/chips/train/rolled-in_scale/rolled-in_scale_212_bb00.png,/Users/christopherbrantner/local/projects/portfolio/surface-defect-classifier/NEU-DET/train/images/rolled-in_scale/rolled-in_scale_212.jpg,0,rolled-in_scale,81,40,175,106,train
/Users/christopherbrantner/local/projects/portfolio/surface-defect-classifier/results/chips/train/rolled-in_scale/rolled-in_scale_212_bb01.png,/Users/christopherbrantner/local/projects/portfolio/surface-defect-classifier/NEU-DET/train/images/rolled-in_scale/rolled-in_scale_212.jpg,1,rolled-in_scale,66,1,106,59,train
/Users/christopherbrantner/local/projects/portfolio/surface-defect-classifier/results/chips/train/rolled-in_scale/rolled-in_scale_212_bb02.png,/Users/christopherbrantner/local/projects/portfolio/surface-defect-classifier/NEU-DET/train/images/rolled-in_scale/rolled-in_scale_212.jpg,2,rolled-in_scale,69,125,136,191,train
/Users/christopherbrantner/local/projects/portfolio/surface-defect-classifier/results/chips/train/rolled-in_scale/rolled-in_scale_213_bb00.png,/Users/christopherbrantner/local/projects/portfolio/surface-defect-classifier/NEU-DET/train/images/rolled-in_scale/rolled-in_scale_213.jpg,0,rolled-in_scale,51,89,179,199,train
/Users/christopherbrantner/local/projects/portfolio/surface-defect-classifier/results/chips/train/rolled-in_scale/rolled-in_scale_214_bb00.png,/Users/christopherbrantner/local/projects/portfolio/surface-defect-classifier/NEU-DET/train/images/rolled-in_scale/rolled-in_scale_214.jpg,0,rolled-in_scale,91,29,122,79,train
/Users/christopherbrantner/local/projects/portfolio/surface-defect-classifier/results/chips/train/rolled-in_scale/rolled-in_scale_214_bb01.png,/Users/christopherbrantner/local/projects/portfolio/surface-defect-classifier/NEU-DET/train/images/rolled-in_scale/rolled-in_scale_214.jpg,1,rolled-in_scale,74,164,117,198,train
/Users/christopherbrantner/local/projects/portfolio/surface-defect-classifier/results/chips/train/rolled-in_scale/rolled-in_scale_214_bb02.png,/Users/christopherbrantner/local/projects/portfolio/surface-defect-classifier/NEU-DET/train/images/rolled-in_scale/rolled-in_scale_214.jpg,2,rolled-in_scale,165,41,189,121,train
/Users/christopherbrantner/local/projects/portfolio/surface-defect-classifier/results/chips/train/rolled-in_scale/rolled-in_scale_214_bb03.png,/Users/christopherbrantner/local/projects/portfolio/surface-defect-classifier/NEU-DET/train/images/rolled-in_scale/rolled-in_scale_214.jpg,3,rolled-in_scale,79,123,116,152,train
/Users/christopherbrantner/local/projects/portfolio/surface-defect-classifier/results/chips/train/rolled-in_scale/rolled-in_scale_215_bb00.png,/Users/christopherbrantner/local/projects/portfolio/surface-defect-classifier/NEU-DET/train/images/rolled-in_scale/rolled-in_scale_215.jpg,0,rolled-in_scale,42,76,84,136,train
/Users/christopherbrantner/local/projects/portfolio/surface-defect-classifier/results/chips/train/rolled-in_scale/rolled-in_scale_215_bb01.png,/Users/christopherbrantner/local/projects/portfolio/surface-defect-classifier/NEU-DET/train/images/rolled-in_scale/rolled-in_scale_215.jpg,1,rolled-in_scale,112,35,157,194,train
/Users/christopherbrantner/local/projects/portfolio/surface-defect-classifier/results/chips/train/rolled-in_scale/rolled-in_scale_216_bb00.png,/Users/christopherbrantner/local/projects/portfolio/surface-defect-classifier/NEU-DET/train/images/rolled-in_scale/rolled-in_scale_216.jpg,0,rolled-in_scale,14,71,69,175,train
/Users/christopherbrantner/local/projects/portfolio/surface-defect-classifier/results/chips/train/rolled-in_scale/rolled-in_scale_216_bb01.png,/Users/christopherbrantner/local/projects/portfolio/surface-defect-classifier/NEU-DET/train/images/rolled-in_scale/rolled-in_scale_216.jpg,1,rolled-in_scale,83,69,156,165,train
/Users/christopherbrantner/local/projects/portfolio/surface-defect-classifier/results/chips/train/rolled-in_scale/rolled-in_scale_217_bb00.png,/Users/christopherbrantner/local/projects/portfolio/surface-defect-classifier/NEU-DET/train/images/rolled-in_scale/rolled-in_scale_217.jpg,0,rolled-in_scale,13,31,68,83,train
/Users/christopherbrantner/local/projects/portfolio/surface-defect-classifier/results/chips/train/rolled-in_scale/rolled-in_scale_217_bb01.png,/Users/christopherbrantner/local/projects/portfolio/surface-defect-classifier/NEU-DET/train/images/rolled-in_scale/rolled-in_scale_217.jpg,1,rolled-in_scale,29,126,71,168,train
/Users/christopherbrantner/local/projects/portfolio/surface-defect-classifier/results/chips/train/rolled-in_scale/rolled-in_scale_218_bb00.png,/Users/christopherbrantner/local/projects/portfolio/surface-defect-classifier/NEU-DET/train/images/rolled-in_scale/rolled-in_scale_218.jpg,0,rolled-in_scale,69,28,146,156,train
/Users/christopherbrantner/local/projects/portfolio/surface-defect-classifier/results/chips/train/rolled-in_scale/rolled-in_scale_219_bb00.png,/Users/christopherbrantner/local/projects/portfolio/surface-defect-classifier/NEU-DET/train/images/rolled-in_scale/rolled-in_scale_219.jpg,0,rolled-in_scale,98,41,190,121,train
/Users/christopherbrantner/local/projects/portfolio/surface-defect-classifier/results/chips/train/rolled-in_scale/rolled-in_scale_219_bb01.png,/Users/christopherbrantner/local/projects/portfolio/surface-defect-classifier/NEU-DET/train/images/rolled-in_scale/rolled-in_scale_219.jpg,1,rolled-in_scale,65,128,163,199,train
/Users/christopherbrantner/local/projects/portfolio/surface-defect-classifier/results/chips/train/rolled-in_scale/rolled-in_scale_22_bb00.png,/Users/christopherbrantner/local/projects/portfolio/surface-defect-classifier/NEU-DET/train/images/rolled-in_scale/rolled-in_scale_22.jpg,0,rolled-in_scale,104,75,151,168,train
/Users/christopherbrantner/local/projects/portfolio/surface-defect-classifier/results/chips/train/rolled-in_scale/rolled-in_scale_220_bb00.png,/Users/christopherbrantner/local/projects/portfolio/surface-defect-classifier/NEU-DET/train/images/rolled-in_scale/rolled-in_scale_220.jpg,0,rolled-in_scale,19,125,131,192,train
/Users/christopherbrantner/local/projects/portfolio/surface-defect-classifier/results/chips/train/rolled-in_scale/rolled-in_scale_221_bb00.png,/Users/christopherbrantner/local/projects/portfolio/surface-defect-classifier/NEU-DET/train/images/rolled-in_scale/rolled-in_scale_221.jpg,0,rolled-in_scale,96,32,149,164,train
/Users/christopherbrantner/local/projects/portfolio/surface-defect-classifier/results/chips/train/rolled-in_scale/rolled-in_scale_222_bb00.png,/Users/christopherbrantner/local/projects/portfolio/surface-defect-classifier/NEU-DET/train/images/rolled-in_scale/rolled-in_scale_222.jpg,0,rolled-in_scale,140,136,198,198,train
/Users/christopherbrantner/local/projects/portfolio/surface-defect-classifier/results/chips/train/rolled-in_scale/rolled-in_scale_222_bb01.png,/Users/christopherbrantner/local/projects/portfolio/surface-defect-classifier/NEU-DET/train/images/rolled-in_scale/rolled-in_scale_222.jpg,1,rolled-in_scale,112,45,179,170,train
/Users/christopherbrantner/local/projects/portfolio/surface-defect-classifier/results/chips/train/rolled-in_scale/rolled-in_scale_223_bb00.png,/Users/christopherbrantner/local/projects/portfolio/surface-defect-classifier/NEU-DET/train/images/rolled-in_scale/rolled-in_scale_223.jpg,0,rolled-in_scale,62,4,96,32,train
/Users/christopherbrantner/local/projects/portfolio/surface-defect-classifier/results/chips/train/rolled-in_scale/rolled-in_scale_223_bb01.png,/Users/christopherbrantner/local/projects/portfolio/surface-defect-classifier/NEU-DET/train/images/rolled-in_scale/rolled-in_scale_223.jpg,1,rolled-in_scale,25,113,91,155,train
/Users/christopherbrantner/local/projects/portfolio/surface-defect-classifier/results/chips/train/rolled-in_scale/rolled-in_scale_224_bb00.png,/Users/christopherbrantner/local/projects/portfolio/surface-defect-classifier/NEU-DET/train/images/rolled-in_scale/rolled-in_scale_224.jpg,0,rolled-in_scale,14,66,121,199,train
/Users/christopherbrantner/local/projects/portfolio/surface-defect-classifier/results/chips/train/rolled-in_scale/rolled-in_scale_224_bb01.png,/Users/christopherbrantner/local/projects/portfolio/surface-defect-classifier/NEU-DET/train/images/rolled-in_scale/rolled-in_scale_224.jpg,1,rolled-in_scale,114,104,192,189,train
/Users/christopherbrantner/local/projects/portfolio/surface-defect-classifier/results/chips/train/rolled-in_scale/rolled-in_scale_224_bb02.png,/Users/christopherbrantner/local/projects/portfolio/surface-defect-classifier/NEU-DET/train/images/rolled-in_scale/rolled-in_scale_224.jpg,2,rolled-in_scale,17,18,145,101,train
/Users/christopherbrantner/local/projects/portfolio/surface-defect-classifier/results/chips/train/rolled-in_scale/rolled-in_scale_225_bb00.png,/Users/christopherbrantner/local/projects/portfolio/surface-defect-classifier/NEU-DET/train/images/rolled-in_scale/rolled-in_scale_225.jpg,0,rolled-in_scale,18,26,106,148,train
/Users/christopherbrantner/local/projects/portfolio/surface-defect-classifier/results/chips/train/rolled-in_scale/rolled-in_scale_225_bb01.png,/Users/christopherbrantner/local/projects/portfolio/surface-defect-classifier/NEU-DET/train/images/rolled-in_scale/rolled-in_scale_225.jpg,1,rolled-in_scale,134,47,200,122,train
/Users/christopherbrantner/local/projects/portfolio/surface-defect-classifier/results/chips/train/rolled-in_scale/rolled-in_scale_226_bb00.png,/Users/christopherbrantner/local/projects/portfolio/surface-defect-classifier/NEU-DET/train/images/rolled-in_scale/rolled-in_scale_226.jpg,0,rolled-in_scale,71,1,150,55,train
/Users/christopherbrantner/local/projects/portfolio/surface-defect-classifier/results/chips/train/rolled-in_scale/rolled-in_scale_226_bb01.png,/Users/christopherbrantner/local/projects/portfolio/surface-defect-classifier/NEU-DET/train/images/rolled-in_scale/rolled-in_scale_226.jpg,1,rolled-in_scale,84,71,158,152,train
/Users/christopherbrantner/local/projects/portfolio/surface-defect-classifier/results/chips/train/rolled-in_scale/rolled-in_scale_227_bb00.png,/Users/christopherbrantner/local/projects/portfolio/surface-defect-classifier/NEU-DET/train/images/rolled-in_scale/rolled-in_scale_227.jpg,0,rolled-in_scale,57,22,122,134,train
/Users/christopherbrantner/local/projects/portfolio/surface-defect-classifier/results/chips/train/rolled-in_scale/rolled-in_scale_227_bb01.png,/Users/christopherbrantner/local/projects/portfolio/surface-defect-classifier/NEU-DET/train/images/rolled-in_scale/rolled-in_scale_227.jpg,1,rolled-in_scale,44,110,184,198,train
/Users/christopherbrantner/local/projects/portfolio/surface-defect-classifier/results/chips/train/rolled-in_scale/rolled-in_scale_228_bb00.png,/Users/christopherbrantner/local/projects/portfolio/surface-defect-classifier/NEU-DET/train/images/rolled-in_scale/rolled-in_scale_228.jpg,0,rolled-in_scale,47,1,157,88,train
/Users/christopherbrantner/local/projects/portfolio/surface-defect-classifier/results/chips/train/rolled-in_scale/rolled-in_scale_228_bb01.png,/Users/christopherbrantner/local/projects/portfolio/surface-defect-classifier/NEU-DET/train/images/rolled-in_scale/rolled-in_scale_228.jpg,1,rolled-in_scale,60,102,176,199,train
/Users/christopherbrantner/local/projects/portfolio/surface-defect-classifier/results/chips/train/rolled-in_scale/rolled-in_scale_229_bb00.png,/Users/christopherbrantner/local/projects/portfolio/surface-defect-classifier/NEU-DET/train/images/rolled-in_scale/rolled-in_scale_229.jpg,0,rolled-in_scale,93,43,199,200,train
/Users/christopherbrantner/local/projects/portfolio/surface-defect-classifier/results/chips/train/rolled-in_scale/rolled-in_scale_229_bb01.png,/Users/christopherbrantner/local/projects/portfolio/surface-defect-classifier/NEU-DET/train/images/rolled-in_scale/rolled-in_scale_229.jpg,1,rolled-in_scale,90,15,177,90,train
/Users/christopherbrantner/local/projects/portfolio/surface-defect-classifier/results/chips/train/rolled-in_scale/rolled-in_scale_23_bb00.png,/Users/christopherbrantner/local/projects/portfolio/surface-defect-classifier/NEU-DET/train/images/rolled-in_scale/rolled-in_scale_23.jpg,0,rolled-in_scale,134,83,194,200,train
/Users/christopherbrantner/local/projects/portfolio/surface-defect-classifier/results/chips/train/rolled-in_scale/rolled-in_scale_23_bb01.png,/Users/christopherbrantner/local/projects/portfolio/surface-defect-classifier/NEU-DET/train/images/rolled-in_scale/rolled-in_scale_23.jpg,1,rolled-in_scale,59,50,108,140,train
/Users/christopherbrantner/local/projects/portfolio/surface-defect-classifier/results/chips/train/rolled-in_scale/rolled-in_scale_230_bb00.png,/Users/christopherbrantner/local/projects/portfolio/surface-defect-classifier/NEU-DET/train/images/rolled-in_scale/rolled-in_scale_230.jpg,0,rolled-in_scale,14,1,114,134,train
/Users/christopherbrantner/local/projects/portfolio/surface-defect-classifier/results/chips/train/rolled-in_scale/rolled-in_scale_230_bb01.png,/Users/christopherbrantner/local/projects/portfolio/surface-defect-classifier/NEU-DET/train/images/rolled-in_scale/rolled-in_scale_230.jpg,1,rolled-in_scale,4,138,129,199,train
/Users/christopherbrantner/local/projects/portfolio/surface-defect-classifier/results/chips/train/rolled-in_scale/rolled-in_scale_231_bb00.png,/Users/christopherbrantner/local/projects/portfolio/surface-defect-classifier/NEU-DET/train/images/rolled-in_scale/rolled-in_scale_231.jpg,0,rolled-in_scale,1,1,57,37,train
/Users/christopherbrantner/local/projects/portfolio/surface-defect-classifier/results/chips/train/rolled-in_scale/rolled-in_scale_231_bb01.png,/Users/christopherbrantner/local/projects/portfolio/surface-defect-classifier/NEU-DET/train/images/rolled-in_scale/rolled-in_scale_231.jpg,1,rolled-in_scale,1,94,66,178,train
/Users/christopherbrantner/local/projects/portfolio/surface-defect-classifier/results/chips/train/rolled-in_scale/rolled-in_scale_231_bb02.png,/Users/christopherbrantner/local/projects/portfolio/surface-defect-classifier/NEU-DET/train/images/rolled-in_scale/rolled-in_scale_231.jpg,2,rolled-in_scale,109,117,161,196,train
/Users/christopherbrantner/local/projects/portfolio/surface-defect-classifier/results/chips/train/rolled-in_scale/rolled-in_scale_232_bb00.png,/Users/christopherbrantner/local/projects/portfolio/surface-defect-classifier/NEU-DET/train/images/rolled-in_scale/rolled-in_scale_232.jpg,0,rolled-in_scale,43,23,118,129,train
/Users/christopherbrantner/local/projects/portfolio/surface-defect-classifier/results/chips/train/rolled-in_scale/rolled-in_scale_233_bb00.png,/Users/christopherbrantner/local/projects/portfolio/surface-defect-classifier/NEU-DET/train/images/rolled-in_scale/rolled-in_scale_233.jpg,0,rolled-in_scale,17,73,83,198,train
/Users/christopherbrantner/local/projects/portfolio/surface-defect-classifier/results/chips/train/rolled-in_scale/rolled-in_scale_233_bb01.png,/Users/christopherbrantner/local/projects/portfolio/surface-defect-classifier/NEU-DET/train/images/rolled-in_scale/rolled-in_scale_233.jpg,1,rolled-in_scale,20,27,83,53,train
/Users/christopherbrantner/local/projects/portfolio/surface-defect-classifier/results/chips/train/rolled-in_scale/rolled-in_scale_234_bb00.png,/Users/christopherbrantner/local/projects/portfolio/surface-defect-classifier/NEU-DET/train/images/rolled-in_scale/rolled-in_scale_234.jpg,0,rolled-in_scale,9,82,82,194,train
/Users/christopherbrantner/local/projects/portfolio/surface-defect-classifier/results/chips/train/rolled-in_scale/rolled-in_scale_234_bb01.png,/Users/christopherbrantner/local/projects/portfolio/surface-defect-classifier/NEU-DET/train/images/rolled-in_scale/rolled-in_scale_234.jpg,1,rolled-in_scale,48,1,88,46,train
/Users/christopherbrantner/local/projects/portfolio/surface-defect-classifier/results/chips/train/rolled-in_scale/rolled-in_scale_235_bb00.png,/Users/christopherbrantner/local/projects/portfolio/surface-defect-classifier/NEU-DET/train/images/rolled-in_scale/rolled-in_scale_235.jpg,0,rolled-in_scale,14,83,102,159,train
/Users/christopherbrantner/local/projects/portfolio/surface-defect-classifier/results/chips/train/rolled-in_scale/rolled-in_scale_235_bb01.png,/Users/christopherbrantner/local/projects/portfolio/surface-defect-classifier/NEU-DET/train/images/rolled-in_scale/rolled-in_scale_235.jpg,1,rolled-in_scale,23,12,111,66,train
/Users/christopherbrantner/local/projects/portfolio/surface-defect-classifier/results/chips/train/rolled-in_scale/rolled-in_scale_236_bb00.png,/Users/christopherbrantner/local/projects/portfolio/surface-defect-classifier/NEU-DET/train/images/rolled-in_scale/rolled-in_scale_236.jpg,0,rolled-in_scale,46,50,145,138,train
/Users/christopherbrantner/local/projects/portfolio/surface-defect-classifier/results/chips/train/rolled-in_scale/rolled-in_scale_237_bb00.png,/Users/christopherbrantner/local/projects/portfolio/surface-defect-classifier/NEU-DET/train/images/rolled-in_scale/rolled-in_scale_237.jpg,0,rolled-in_scale,83,24,163,66,train
/Users/christopherbrantner/local/projects/portfolio/surface-defect-classifier/results/chips/train/rolled-in_scale/rolled-in_scale_237_bb01.png,/Users/christopherbrantner/local/projects/portfolio/surface-defect-classifier/NEU-DET/train/images/rolled-in_scale/rolled-in_scale_237.jpg,1,rolled-in_scale,84,71,175,179,train
/Users/christopherbrantner/local/projects/portfolio/surface-defect-classifier/results/chips/train/rolled-in_scale/rolled-in_scale_238_bb00.png,/Users/christopherbrantner/local/projects/portfolio/surface-defect-classifier/NEU-DET/train/images/rolled-in_scale/rolled-in_scale_238.jpg,0,rolled-in_scale,29,27,153,171,train
/Users/christopherbrantner/local/projects/portfolio/surface-defect-classifier/results/chips/train/rolled-in_scale/rolled-in_scale_238_bb01.png,/Users/christopherbrantner/local/projects/portfolio/surface-defect-classifier/NEU-DET/train/images/rolled-in_scale/rolled-in_scale_238.jpg,1,rolled-in_scale,38,138,128,195,train
/Users/christopherbrantner/local/projects/portfolio/surface-defect-classifier/results/chips/train/rolled-in_scale/rolled-in_scale_239_bb00.png,/Users/christopherbrantner/local/projects/portfolio/surface-defect-classifier/NEU-DET/train/images/rolled-in_scale/rolled-in_scale_239.jpg,0,rolled-in_scale,68,76,128,147,train
/Users/christopherbrantner/local/projects/portfolio/surface-defect-classifier/results/chips/train/rolled-in_scale/rolled-in_scale_24_bb00.png,/Users/christopherbrantner/local/projects/portfolio/surface-defect-classifier/NEU-DET/train/images/rolled-in_scale/rolled-in_scale_24.jpg,0,rolled-in_scale,31,1,79,50,train
/Users/christopherbrantner/local/projects/portfolio/surface-defect-classifier/results/chips/train/rolled-in_scale/rolled-in_scale_24_bb01.png,/Users/christopherbrantner/local/projects/portfolio/surface-defect-classifier/NEU-DET/train/images/rolled-in_scale/rolled-in_scale_24.jpg,1,rolled-in_scale,3,101,72,191,train
/Users/christopherbrantner/local/projects/portfolio/surface-defect-classifier/results/chips/train/rolled-in_scale/rolled-in_scale_24_bb02.png,/Users/christopherbrantner/local/projects/portfolio/surface-defect-classifier/NEU-DET/train/images/rolled-in_scale/rolled-in_scale_24.jpg,2,rolled-in_scale,160,59,187,89,train
/Users/christopherbrantner/local/projects/portfolio/surface-defect-classifier/results/chips/train/rolled-in_scale/rolled-in_scale_240_bb00.png,/Users/christopherbrantner/local/projects/portfolio/surface-defect-classifier/NEU-DET/train/images/rolled-in_scale/rolled-in_scale_240.jpg,0,rolled-in_scale,58,24,139,162,train
/Users/christopherbrantner/local/projects/portfolio/surface-defect-classifier/results/chips/train/rolled-in_scale/rolled-in_scale_25_bb00.png,/Users/christopherbrantner/local/projects/portfolio/surface-defect-classifier/NEU-DET/train/images/rolled-in_scale/rolled-in_scale_25.jpg,0,rolled-in_scale,53,48,106,163,train
/Users/christopherbrantner/local/projects/portfolio/surface-defect-classifier/results/chips/train/rolled-in_scale/rolled-in_scale_25_bb01.png,/Users/christopherbrantner/local/projects/portfolio/surface-defect-classifier/NEU-DET/train/images/rolled-in_scale/rolled-in_scale_25.jpg,1,rolled-in_scale,137,127,178,193,train
/Users/christopherbrantner/local/projects/portfolio/surface-defect-classifier/results/chips/train/rolled-in_scale/rolled-in_scale_26_bb00.png,/Users/christopherbrantner/local/projects/portfolio/surface-defect-classifier/NEU-DET/train/images/rolled-in_scale/rolled-in_scale_26.jpg,0,rolled-in_scale,19,129,69,173,train
/Users/christopherbrantner/local/projects/portfolio/surface-defect-classifier/results/chips/train/rolled-in_scale/rolled-in_scale_26_bb01.png,/Users/christopherbrantner/local/projects/portfolio/surface-defect-classifier/NEU-DET/train/images/rolled-in_scale/rolled-in_scale_26.jpg,1,rolled-in_scale,52,20,86,91,train
/Users/christopherbrantner/local/projects/portfolio/surface-defect-classifier/results/chips/train/rolled-in_scale/rolled-in_scale_26_bb02.png,/Users/christopherbrantner/local/projects/portfolio/surface-defect-classifier/NEU-DET/train/images/rolled-in_scale/rolled-in_scale_26.jpg,2,rolled-in_scale,114,60,157,119,train
/Users/christopherbrantner/local/projects/portfolio/surface-defect-classifier/results/chips/train/rolled-in_scale/rolled-in_scale_27_bb00.png,/Users/christopherbrantner/local/projects/portfolio/surface-defect-classifier/NEU-DET/train/images/rolled-in_scale/rolled-in_scale_27.jpg,0,rolled-in_scale,81,32,137,104,train
/Users/christopherbrantner/local/projects/portfolio/surface-defect-classifier/results/chips/train/rolled-in_scale/rolled-in_scale_28_bb00.png,/Users/christopherbrantner/local/projects/portfolio/surface-defect-classifier/NEU-DET/train/images/rolled-in_scale/rolled-in_scale_28.jpg,0,rolled-in_scale,90,67,150,136,train
/Users/christopherbrantner/local/projects/portfolio/surface-defect-classifier/results/chips/train/rolled-in_scale/rolled-in_scale_29_bb00.png,/Users/christopherbrantner/local/projects/portfolio/surface-defect-classifier/NEU-DET/train/images/rolled-in_scale/rolled-in_scale_29.jpg,0,rolled-in_scale,36,74,72,123,train
/Users/christopherbrantner/local/projects/portfolio/surface-defect-classifier/results/chips/train/rolled-in_scale/rolled-in_scale_29_bb01.png,/Users/christopherbrantner/local/projects/portfolio/surface-defect-classifier/NEU-DET/train/images/rolled-in_scale/rolled-in_scale_29.jpg,1,rolled-in_scale,90,134,131,163,train
/Users/christopherbrantner/local/projects/portfolio/surface-defect-classifier/results/chips/train/rolled-in_scale/rolled-in_scale_29_bb02.png,/Users/christopherbrantner/local/projects/portfolio/surface-defect-classifier/NEU-DET/train/images/rolled-in_scale/rolled-in_scale_29.jpg,2,rolled-in_scale,128,2,192,37,train
/Users/christopherbrantner/local/projects/portfolio/surface-defect-classifier/results/chips/train/rolled-in_scale/rolled-in_scale_3_bb00.png,/Users/christopherbrantner/local/projects/portfolio/surface-defect-classifier/NEU-DET/train/images/rolled-in_scale/rolled-in_scale_3.jpg,0,rolled-in_scale,68,63,139,139,train
/Users/christopherbrantner/local/projects/portfolio/surface-defect-classifier/results/chips/train/rolled-in_scale/rolled-in_scale_3_bb01.png,/Users/christopherbrantner/local/projects/portfolio/surface-defect-classifier/NEU-DET/train/images/rolled-in_scale/rolled-in_scale_3.jpg,1,rolled-in_scale,99,1,145,39,train
/Users/christopherbrantner/local/projects/portfolio/surface-defect-classifier/results/chips/train/rolled-in_scale/rolled-in_scale_30_bb00.png,/Users/christopherbrantner/local/projects/portfolio/surface-defect-classifier/NEU-DET/train/images/rolled-in_scale/rolled-in_scale_30.jpg,0,rolled-in_scale,43,84,81,112,train
/Users/christopherbrantner/local/projects/portfolio/surface-defect-classifier/results/chips/train/rolled-in_scale/rolled-in_scale_30_bb01.png,/Users/christopherbrantner/local/projects/portfolio/surface-defect-classifier/NEU-DET/train/images/rolled-in_scale/rolled-in_scale_30.jpg,1,rolled-in_scale,52,20,149,47,train
/Users/christopherbrantner/local/projects/portfolio/surface-defect-classifier/results/chips/train/rolled-in_scale/rolled-in_scale_31_bb00.png,/Users/christopherbrantner/local/projects/portfolio/surface-defect-classifier/NEU-DET/train/images/rolled-in_scale/rolled-in_scale_31.jpg,0,rolled-in_scale,81,128,151,191,train
/Users/christopherbrantner/local/projects/portfolio/surface-defect-classifier/results/chips/train/rolled-in_scale/rolled-in_scale_32_bb00.png,/Users/christopherbrantner/local/projects/portfolio/surface-defect-classifier/NEU-DET/train/images/rolled-in_scale/rolled-in_scale_32.jpg,0,rolled-in_scale,85,37,137,103,train
/Users/christopherbrantner/local/projects/portfolio/surface-defect-classifier/results/chips/train/rolled-in_scale/rolled-in_scale_33_bb00.png,/Users/christopherbrantner/local/projects/portfolio/surface-defect-classifier/NEU-DET/train/images/rolled-in_scale/rolled-in_scale_33.jpg,0,rolled-in_scale,119,31,172,123,train
/Users/christopherbrantner/local/projects/portfolio/surface-defect-classifier/results/chips/train/rolled-in_scale/rolled-in_scale_34_bb00.png,/Users/christopherbrantner/local/projects/portfolio/surface-defect-classifier/NEU-DET/train/images/rolled-in_scale/rolled-in_scale_34.jpg,0,rolled-in_scale,43,18,91,70,train
/Users/christopherbrantner/local/projects/portfolio/surface-defect-classifier/results/chips/train/rolled-in_scale/rolled-in_scale_35_bb00.png,/Users/christopherbrantner/local/projects/portfolio/surface-defect-classifier/NEU-DET/train/images/rolled-in_scale/rolled-in_scale_35.jpg,0,rolled-in_scale,126,8,181,58,train
/Users/christopherbrantner/local/projects/portfolio/surface-defect-classifier/results/chips/train/rolled-in_scale/rolled-in_scale_35_bb01.png,/Users/christopherbrantner/local/projects/portfolio/surface-defect-classifier/NEU-DET/train/images/rolled-in_scale/rolled-in_scale_35.jpg,1,rolled-in_scale,117,77,166,127,train
/Users/christopherbrantner/local/projects/portfolio/surface-defect-classifier/results/chips/train/rolled-in_scale/rolled-in_scale_35_bb02.png,/Users/christopherbrantner/local/projects/portfolio/surface-defect-classifier/NEU-DET/train/images/rolled-in_scale/rolled-in_scale_35.jpg,2,rolled-in_scale,123,165,193,199,train
/Users/christopherbrantner/local/projects/portfolio/surface-defect-classifier/results/chips/train/rolled-in_scale/rolled-in_scale_36_bb00.png,/Users/christopherbrantner/local/projects/portfolio/surface-defect-classifier/NEU-DET/train/images/rolled-in_scale/rolled-in_scale_36.jpg,0,rolled-in_scale,92,9,140,56,train
/Users/christopherbrantner/local/projects/portfolio/surface-defect-classifier/results/chips/train/rolled-in_scale/rolled-in_scale_36_bb01.png,/Users/christopherbrantner/local/projects/portfolio/surface-defect-classifier/NEU-DET/train/images/rolled-in_scale/rolled-in_scale_36.jpg,1,rolled-in_scale,84,163,154,199,train
/Users/christopherbrantner/local/projects/portfolio/surface-defect-classifier/results/chips/train/rolled-in_scale/rolled-in_scale_36_bb02.png,/Users/christopherbrantner/local/projects/portfolio/surface-defect-classifier/NEU-DET/train/images/rolled-in_scale/rolled-in_scale_36.jpg,2,rolled-in_scale,76,69,136,134,train
/Users/christopherbrantner/local/projects/portfolio/surface-defect-classifier/results/chips/train/rolled-in_scale/rolled-in_scale_36_bb03.png,/Users/christopherbrantner/local/projects/portfolio/surface-defect-classifier/NEU-DET/train/images/rolled-in_scale/rolled-in_scale_36.jpg,3,rolled-in_scale,65,30,124,91,train
/Users/christopherbrantner/local/projects/portfolio/surface-defect-classifier/results/chips/train/rolled-in_scale/rolled-in_scale_37_bb00.png,/Users/christopherbrantner/local/projects/portfolio/surface-defect-classifier/NEU-DET/train/images/rolled-in_scale/rolled-in_scale_37.jpg,0,rolled-in_scale,32,13,82,99,train
/Users/christopherbrantner/local/projects/portfolio/surface-defect-classifier/results/chips/train/rolled-in_scale/rolled-in_scale_37_bb01.png,/Users/christopherbrantner/local/projects/portfolio/surface-defect-classifier/NEU-DET/train/images/rolled-in_scale/rolled-in_scale_37.jpg,1,rolled-in_scale,46,164,119,199,train
/Users/christopherbrantner/local/projects/portfolio/surface-defect-classifier/results/chips/train/rolled-in_scale/rolled-in_scale_37_bb02.png,/Users/christopherbrantner/local/projects/portfolio/surface-defect-classifier/NEU-DET/train/images/rolled-in_scale/rolled-in_scale_37.jpg,2,rolled-in_scale,37,74,94,132,train
/Users/christopherbrantner/local/projects/portfolio/surface-defect-classifier/results/chips/train/rolled-in_scale/rolled-in_scale_37_bb03.png,/Users/christopherbrantner/local/projects/portfolio/surface-defect-classifier/NEU-DET/train/images/rolled-in_scale/rolled-in_scale_37.jpg,3,rolled-in_scale,55,21,106,61,train
/Users/christopherbrantner/local/projects/portfolio/surface-defect-classifier/results/chips/train/rolled-in_scale/rolled-in_scale_38_bb00.png,/Users/christopherbrantner/local/projects/portfolio/surface-defect-classifier/NEU-DET/train/images/rolled-in_scale/rolled-in_scale_38.jpg,0,rolled-in_scale,117,94,191,189,train
/Users/christopherbrantner/local/projects/portfolio/surface-defect-classifier/results/chips/train/rolled-in_scale/rolled-in_scale_38_bb01.png,/Users/christopherbrantner/local/projects/portfolio/surface-defect-classifier/NEU-DET/train/images/rolled-in_scale/rolled-in_scale_38.jpg,1,rolled-in_scale,116,16,191,48,train
/Users/christopherbrantner/local/projects/portfolio/surface-defect-classifier/results/chips/train/rolled-in_scale/rolled-in_scale_39_bb00.png,/Users/christopherbrantner/local/projects/portfolio/surface-defect-classifier/NEU-DET/train/images/rolled-in_scale/rolled-in_scale_39.jpg,0,rolled-in_scale,68,96,136,190,train
/Users/christopherbrantner/local/projects/portfolio/surface-defect-classifier/results/chips/train/rolled-in_scale/rolled-in_scale_39_bb01.png,/Users/christopherbrantner/local/projects/portfolio/surface-defect-classifier/NEU-DET/train/images/rolled-in_scale/rolled-in_scale_39.jpg,1,rolled-in_scale,57,7,110,52,train
/Users/christopherbrantner/local/projects/portfolio/surface-defect-classifier/results/chips/train/rolled-in_scale/rolled-in_scale_39_bb02.png,/Users/christopherbrantner/local/projects/portfolio/surface-defect-classifier/NEU-DET/train/images/rolled-in_scale/rolled-in_scale_39.jpg,2,rolled-in_scale,46,148,156,186,train
/Users/christopherbrantner/local/projects/portfolio/surface-defect-classifier/results/chips/train/rolled-in_scale/rolled-in_scale_4_bb00.png,/Users/christopherbrantner/local/projects/portfolio/surface-defect-classifier/NEU-DET/train/images/rolled-in_scale/rolled-in_scale_4.jpg,0,rolled-in_scale,40,132,138,199,train
/Users/christopherbrantner/local/projects/portfolio/surface-defect-classifier/results/chips/train/rolled-in_scale/rolled-in_scale_4_bb01.png,/Users/christopherbrantner/local/projects/portfolio/surface-defect-classifier/NEU-DET/train/images/rolled-in_scale/rolled-in_scale_4.jpg,1,rolled-in_scale,81,1,125,92,train
/Users/christopherbrantner/local/projects/portfolio/surface-defect-classifier/results/chips/train/rolled-in_scale/rolled-in_scale_40_bb00.png,/Users/christopherbrantner/local/projects/portfolio/surface-defect-classifier/NEU-DET/train/images/rolled-in_scale/rolled-in_scale_40.jpg,0,rolled-in_scale,12,10,60,63,train
/Users/christopherbrantner/local/projects/portfolio/surface-defect-classifier/results/chips/train/rolled-in_scale/rolled-in_scale_40_bb01.png,/Users/christopherbrantner/local/projects/portfolio/surface-defect-classifier/NEU-DET/train/images/rolled-in_scale/rolled-in_scale_40.jpg,1,rolled-in_scale,132,20,187,64,train
/Users/christopherbrantner/local/projects/portfolio/surface-defect-classifier/results/chips/train/rolled-in_scale/rolled-in_scale_40_bb02.png,/Users/christopherbrantner/local/projects/portfolio/surface-defect-classifier/NEU-DET/train/images/rolled-in_scale/rolled-in_scale_40.jpg,2,rolled-in_scale,1,101,83,140,train
/Users/christopherbrantner/local/projects/portfolio/surface-defect-classifier/results/chips/train/rolled-in_scale/rolled-in_scale_40_bb03.png,/Users/christopherbrantner/local/projects/portfolio/surface-defect-classifier/NEU-DET/train/images/rolled-in_scale/rolled-in_scale_40.jpg,3,rolled-in_scale,3,159,80,191,train
/Users/christopherbrantner/local/projects/portfolio/surface-defect-classifier/results/chips/train/rolled-in_scale/rolled-in_scale_41_bb00.png,/Users/christopherbrantner/local/projects/portfolio/surface-defect-classifier/NEU-DET/train/images/rolled-in_scale/rolled-in_scale_41.jpg,0,rolled-in_scale,128,66,197,199,train
/Users/christopherbrantner/local/projects/portfolio/surface-defect-classifier/results/chips/train/rolled-in_scale/rolled-in_scale_41_bb01.png,/Users/christopherbrantner/local/projects/portfolio/surface-defect-classifier/NEU-DET/train/images/rolled-in_scale/rolled-in_scale_41.jpg,1,rolled-in_scale,120,1,192,34,train
/Users/christopherbrantner/local/projects/portfolio/surface-defect-classifier/results/chips/train/rolled-in_scale/rolled-in_scale_42_bb00.png,/Users/christopherbrantner/local/projects/portfolio/surface-defect-classifier/NEU-DET/train/images/rolled-in_scale/rolled-in_scale_42.jpg,0,rolled-in_scale,82,77,155,198,train
/Users/christopherbrantner/local/projects/portfolio/surface-defect-classifier/results/chips/train/rolled-in_scale/rolled-in_scale_42_bb01.png,/Users/christopherbrantner/local/projects/portfolio/surface-defect-classifier/NEU-DET/train/images/rolled-in_scale/rolled-in_scale_42.jpg,1,rolled-in_scale,71,8,138,36,train
/Users/christopherbrantner/local/projects/portfolio/surface-defect-classifier/results/chips/train/rolled-in_scale/rolled-in_scale_43_bb00.png,/Users/christopherbrantner/local/projects/portfolio/surface-defect-classifier/NEU-DET/train/images/rolled-in_scale/rolled-in_scale_43.jpg,0,rolled-in_scale,37,92,109,197,train
/Users/christopherbrantner/local/projects/portfolio/surface-defect-classifier/results/chips/train/rolled-in_scale/rolled-in_scale_43_bb01.png,/Users/christopherbrantner/local/projects/portfolio/surface-defect-classifier/NEU-DET/train/images/rolled-in_scale/rolled-in_scale_43.jpg,1,rolled-in_scale,20,7,94,40,train
/Users/christopherbrantner/local/projects/portfolio/surface-defect-classifier/results/chips/train/rolled-in_scale/rolled-in_scale_43_bb02.png,/Users/christopherbrantner/local/projects/portfolio/surface-defect-classifier/NEU-DET/train/images/rolled-in_scale/rolled-in_scale_43.jpg,2,rolled-in_scale,23,14,88,96,train
/Users/christopherbrantner/local/projects/portfolio/surface-defect-classifier/results/chips/train/rolled-in_scale/rolled-in_scale_44_bb00.png,/Users/christopherbrantner/local/projects/portfolio/surface-defect-classifier/NEU-DET/train/images/rolled-in_scale/rolled-in_scale_44.jpg,0,rolled-in_scale,121,119,168,199,train
/Users/christopherbrantner/local/projects/portfolio/surface-defect-classifier/results/chips/train/rolled-in_scale/rolled-in_scale_44_bb01.png,/Users/christopherbrantner/local/projects/portfolio/surface-defect-classifier/NEU-DET/train/images/rolled-in_scale/rolled-in_scale_44.jpg,1,rolled-in_scale,143,9,186,64,train
/Users/christopherbrantner/local/projects/portfolio/surface-defect-classifier/results/chips/train/rolled-in_scale/rolled-in_scale_45_bb00.png,/Users/christopherbrantner/local/projects/portfolio/surface-defect-classifier/NEU-DET/train/images/rolled-in_scale/rolled-in_scale_45.jpg,0,rolled-in_scale,119,68,170,131,train
/Users/christopherbrantner/local/projects/portfolio/surface-defect-classifier/results/chips/train/rolled-in_scale/rolled-in_scale_45_bb01.png,/Users/christopherbrantner/local/projects/portfolio/surface-defect-classifier/NEU-DET/train/images/rolled-in_scale/rolled-in_scale_45.jpg,1,rolled-in_scale,126,144,168,199,train
/Users/christopherbrantner/local/projects/portfolio/surface-defect-classifier/results/chips/train/rolled-in_scale/rolled-in_scale_46_bb00.png,/Users/christopherbrantner/local/projects/portfolio/surface-defect-classifier/NEU-DET/train/images/rolled-in_scale/rolled-in_scale_46.jpg,0,rolled-in_scale,18,111,67,200,train
/Users/christopherbrantner/local/projects/portfolio/surface-defect-classifier/results/chips/train/rolled-in_scale/rolled-in_scale_46_bb01.png,/Users/christopherbrantner/local/projects/portfolio/surface-defect-classifier/NEU-DET/train/images/rolled-in_scale/rolled-in_scale_46.jpg,1,rolled-in_scale,41,1,85,58,train
/Users/christopherbrantner/local/projects/portfolio/surface-defect-classifier/results/chips/train/rolled-in_scale/rolled-in_scale_47_bb00.png,/Users/christopherbrantner/local/projects/portfolio/surface-defect-classifier/NEU-DET/train/images/rolled-in_scale/rolled-in_scale_47.jpg,0,rolled-in_scale,48,17,99,91,train
/Users/christopherbrantner/local/projects/portfolio/surface-defect-classifier/results/chips/train/rolled-in_scale/rolled-in_scale_47_bb01.png,/Users/christopherbrantner/local/projects/portfolio/surface-defect-classifier/NEU-DET/train/images/rolled-in_scale/rolled-in_scale_47.jpg,1,rolled-in_scale,33,103,109,199,train
/Users/christopherbrantner/local/projects/portfolio/surface-defect-classifier/results/chips/train/rolled-in_scale/rolled-in_scale_48_bb00.png,/Users/christopherbrantner/local/projects/portfolio/surface-defect-classifier/NEU-DET/train/images/rolled-in_scale/rolled-in_scale_48.jpg,0,rolled-in_scale,133,127,200,197,train
/Users/christopherbrantner/local/projects/portfolio/surface-defect-classifier/results/chips/train/rolled-in_scale/rolled-in_scale_48_bb01.png,/Users/christopherbrantner/local/projects/portfolio/surface-defect-classifier/NEU-DET/train/images/rolled-in_scale/rolled-in_scale_48.jpg,1,rolled-in_scale,136,29,175,74,train
/Users/christopherbrantner/local/projects/portfolio/surface-defect-classifier/results/chips/train/rolled-in_scale/rolled-in_scale_48_bb02.png,/Users/christopherbrantner/local/projects/portfolio/surface-defect-classifier/NEU-DET/train/images/rolled-in_scale/rolled-in_scale_48.jpg,2,rolled-in_scale,110,62,200,135,train
/Users/christopherbrantner/local/projects/portfolio/surface-defect-classifier/results/chips/train/rolled-in_scale/rolled-in_scale_49_bb00.png,/Users/christopherbrantner/local/projects/portfolio/surface-defect-classifier/NEU-DET/train/images/rolled-in_scale/rolled-in_scale_49.jpg,0,rolled-in_scale,14,65,153,123,train
/Users/christopherbrantner/local/projects/portfolio/surface-defect-classifier/results/chips/train/rolled-in_scale/rolled-in_scale_49_bb01.png,/Users/christopherbrantner/local/projects/portfolio/surface-defect-classifier/NEU-DET/train/images/rolled-in_scale/rolled-in_scale_49.jpg,1,rolled-in_scale,84,24,119,62,train
/Users/christopherbrantner/local/projects/portfolio/surface-defect-classifier/results/chips/train/rolled-in_scale/rolled-in_scale_49_bb02.png,/Users/christopherbrantner/local/projects/portfolio/surface-defect-classifier/NEU-DET/train/images/rolled-in_scale/rolled-in_scale_49.jpg,2,rolled-in_scale,37,125,150,187,train
/Users/christopherbrantner/local/projects/portfolio/surface-defect-classifier/results/chips/train/rolled-in_scale/rolled-in_scale_5_bb00.png,/Users/christopherbrantner/local/projects/portfolio/surface-defect-classifier/NEU-DET/train/images/rolled-in_scale/rolled-in_scale_5.jpg,0,rolled-in_scale,32,102,120,189,train
/Users/christopherbrantner/local/projects/portfolio/surface-defect-classifier/results/chips/train/rolled-in_scale/rolled-in_scale_5_bb01.png,/Users/christopherbrantner/local/projects/portfolio/surface-defect-classifier/NEU-DET/train/images/rolled-in_scale/rolled-in_scale_5.jpg,1,rolled-in_scale,52,25,105,92,train
/Users/christopherbrantner/local/projects/portfolio/surface-defect-classifier/results/chips/train/rolled-in_scale/rolled-in_scale_50_bb00.png,/Users/christopherbrantner/local/projects/portfolio/surface-defect-classifier/NEU-DET/train/images/rolled-in_scale/rolled-in_scale_50.jpg,0,rolled-in_scale,73,60,163,127,train
/Users/christopherbrantner/local/projects/portfolio/surface-defect-classifier/results/chips/train/rolled-in_scale/rolled-in_scale_50_bb01.png,/Users/christopherbrantner/local/projects/portfolio/surface-defect-classifier/NEU-DET/train/images/rolled-in_scale/rolled-in_scale_50.jpg,1,rolled-in_scale,59,1,158,58,train
/Users/christopherbrantner/local/projects/portfolio/surface-defect-classifier/results/chips/train/rolled-in_scale/rolled-in_scale_50_bb02.png,/Users/christopherbrantner/local/projects/portfolio/surface-defect-classifier/NEU-DET/train/images/rolled-in_scale/rolled-in_scale_50.jpg,2,rolled-in_scale,2,3,52,53,train
/Users/christopherbrantner/local/projects/portfolio/surface-defect-classifier/results/chips/train/rolled-in_scale/rolled-in_scale_50_bb03.png,/Users/christopherbrantner/local/projects/portfolio/surface-defect-classifier/NEU-DET/train/images/rolled-in_scale/rolled-in_scale_50.jpg,3,rolled-in_scale,89,162,139,199,train
/Users/christopherbrantner/local/projects/portfolio/surface-defect-classifier/results/chips/train/rolled-in_scale/rolled-in_scale_51_bb00.png,/Users/christopherbrantner/local/projects/portfolio/surface-defect-classifier/NEU-DET/train/images/rolled-in_scale/rolled-in_scale_51.jpg,0,rolled-in_scale,132,3,200,86,train
/Users/christopherbrantner/local/projects/portfolio/surface-defect-classifier/results/chips/train/rolled-in_scale/rolled-in_scale_51_bb01.png,/Users/christopherbrantner/local/projects/portfolio/surface-defect-classifier/NEU-DET/train/images/rolled-in_scale/rolled-in_scale_51.jpg,1,rolled-in_scale,1,161,81,200,train
/Users/christopherbrantner/local/projects/portfolio/surface-defect-classifier/results/chips/train/rolled-in_scale/rolled-in_scale_51_bb02.png,/Users/christopherbrantner/local/projects/portfolio/surface-defect-classifier/NEU-DET/train/images/rolled-in_scale/rolled-in_scale_51.jpg,2,rolled-in_scale,133,126,199,156,train
/Users/christopherbrantner/local/projects/portfolio/surface-defect-classifier/results/chips/train/rolled-in_scale/rolled-in_scale_52_bb00.png,/Users/christopherbrantner/local/projects/portfolio/surface-defect-classifier/NEU-DET/train/images/rolled-in_scale/rolled-in_scale_52.jpg,0,rolled-in_scale,159,7,200,83,train
/Users/christopherbrantner/local/projects/portfolio/surface-defect-classifier/results/chips/train/rolled-in_scale/rolled-in_scale_52_bb01.png,/Users/christopherbrantner/local/projects/portfolio/surface-defect-classifier/NEU-DET/train/images/rolled-in_scale/rolled-in_scale_52.jpg,1,rolled-in_scale,24,84,124,140,train
/Users/christopherbrantner/local/projects/portfolio/surface-defect-classifier/results/chips/train/rolled-in_scale/rolled-in_scale_52_bb02.png,/Users/christopherbrantner/local/projects/portfolio/surface-defect-classifier/NEU-DET/train/images/rolled-in_scale/rolled-in_scale_52.jpg,2,rolled-in_scale,140,80,199,197,train
/Users/christopherbrantner/local/projects/portfolio/surface-defect-classifier/results/chips/train/rolled-in_scale/rolled-in_scale_53_bb00.png,/Users/christopherbrantner/local/projects/portfolio/surface-defect-classifier/NEU-DET/train/images/rolled-in_scale/rolled-in_scale_53.jpg,0,rolled-in_scale,130,36,187,177,train
/Users/christopherbrantner/local/projects/portfolio/surface-defect-classifier/results/chips/train/rolled-in_scale/rolled-in_scale_53_bb01.png,/Users/christopherbrantner/local/projects/portfolio/surface-defect-classifier/NEU-DET/train/images/rolled-in_scale/rolled-in_scale_53.jpg,1,rolled-in_scale,117,1,194,33,train
/Users/christopherbrantner/local/projects/portfolio/surface-defect-classifier/results/chips/train/rolled-in_scale/rolled-in_scale_54_bb00.png,/Users/christopherbrantner/local/projects/portfolio/surface-defect-classifier/NEU-DET/train/images/rolled-in_scale/rolled-in_scale_54.jpg,0,rolled-in_scale,74,14,138,179,train
/Users/christopherbrantner/local/projects/portfolio/surface-defect-classifier/results/chips/train/rolled-in_scale/rolled-in_scale_55_bb00.png,/Users/christopherbrantner/local/projects/portfolio/surface-defect-classifier/NEU-DET/train/images/rolled-in_scale/rolled-in_scale_55.jpg,0,rolled-in_scale,6,22,66,177,train
/Users/christopherbrantner/local/projects/portfolio/surface-defect-classifier/results/chips/train/rolled-in_scale/rolled-in_scale_55_bb01.png,/Users/christopherbrantner/local/projects/portfolio/surface-defect-classifier/NEU-DET/train/images/rolled-in_scale/rolled-in_scale_55.jpg,1,rolled-in_scale,145,12,175,60,train
/Users/christopherbrantner/local/projects/portfolio/surface-defect-classifier/results/chips/train/rolled-in_scale/rolled-in_scale_56_bb00.png,/Users/christopherbrantner/local/projects/portfolio/surface-defect-classifier/NEU-DET/train/images/rolled-in_scale/rolled-in_scale_56.jpg,0,rolled-in_scale,87,13,152,68,train
/Users/christopherbrantner/local/projects/portfolio/surface-defect-classifier/results/chips/train/rolled-in_scale/rolled-in_scale_56_bb01.png,/Users/christopherbrantner/local/projects/portfolio/surface-defect-classifier/NEU-DET/train/images/rolled-in_scale/rolled-in_scale_56.jpg,1,rolled-in_scale,82,122,148,182,train
/Users/christopherbrantner/local/projects/portfolio/surface-defect-classifier/results/chips/train/rolled-in_scale/rolled-in_scale_57_bb00.png,/Users/christopherbrantner/local/projects/portfolio/surface-defect-classifier/NEU-DET/train/images/rolled-in_scale/rolled-in_scale_57.jpg,0,rolled-in_scale,29,145,196,194,train
/Users/christopherbrantner/local/projects/portfolio/surface-defect-classifier/results/chips/train/rolled-in_scale/rolled-in_scale_57_bb01.png,/Users/christopherbrantner/local/projects/portfolio/surface-defect-classifier/NEU-DET/train/images/rolled-in_scale/rolled-in_scale_57.jpg,1,rolled-in_scale,46,42,83,126,train
/Users/christopherbrantner/local/projects/portfolio/surface-defect-classifier/results/chips/train/rolled-in_scale/rolled-in_scale_58_bb00.png,/Users/christopherbrantner/local/projects/portfolio/surface-defect-classifier/NEU-DET/train/images/rolled-in_scale/rolled-in_scale_58.jpg,0,rolled-in_scale,84,57,132,184,train
/Users/christopherbrantner/local/projects/portfolio/surface-defect-classifier/results/chips/train/rolled-in_scale/rolled-in_scale_59_bb00.png,/Users/christopherbrantner/local/projects/portfolio/surface-defect-classifier/NEU-DET/train/images/rolled-in_scale/rolled-in_scale_59.jpg,0,rolled-in_scale,76,56,175,158,train
/Users/christopherbrantner/local/projects/portfolio/surface-defect-classifier/results/chips/train/rolled-in_scale/rolled-in_scale_6_bb00.png,/Users/christopherbrantner/local/projects/portfolio/surface-defect-classifier/NEU-DET/train/images/rolled-in_scale/rolled-in_scale_6.jpg,0,rolled-in_scale,23,15,114,94,train
/Users/christopherbrantner/local/projects/portfolio/surface-defect-classifier/results/chips/train/rolled-in_scale/rolled-in_scale_6_bb01.png,/Users/christopherbrantner/local/projects/portfolio/surface-defect-classifier/NEU-DET/train/images/rolled-in_scale/rolled-in_scale_6.jpg,1,rolled-in_scale,47,89,116,161,train
/Users/christopherbrantner/local/projects/portfolio/surface-defect-classifier/results/chips/train/rolled-in_scale/rolled-in_scale_6_bb02.png,/Users/christopherbrantner/local/projects/portfolio/surface-defect-classifier/NEU-DET/train/images/rolled-in_scale/rolled-in_scale_6.jpg,2,rolled-in_scale,45,148,90,199,train
/Users/christopherbrantner/local/projects/portfolio/surface-defect-classifier/results/chips/train/rolled-in_scale/rolled-in_scale_60_bb00.png,/Users/christopherbrantner/local/projects/portfolio/surface-defect-classifier/NEU-DET/train/images/rolled-in_scale/rolled-in_scale_60.jpg,0,rolled-in_scale,42,10,155,107,train
/Users/christopherbrantner/local/projects/portfolio/surface-defect-classifier/results/chips/train/rolled-in_scale/rolled-in_scale_60_bb01.png,/Users/christopherbrantner/local/projects/portfolio/surface-defect-classifier/NEU-DET/train/images/rolled-in_scale/rolled-in_scale_60.jpg,1,rolled-in_scale,53,145,134,200,train
/Users/christopherbrantner/local/projects/portfolio/surface-defect-classifier/results/chips/train/rolled-in_scale/rolled-in_scale_61_bb00.png,/Users/christopherbrantner/local/projects/portfolio/surface-defect-classifier/NEU-DET/train/images/rolled-in_scale/rolled-in_scale_61.jpg,0,rolled-in_scale,74,56,138,199,train
/Users/christopherbrantner/local/projects/portfolio/surface-defect-classifier/results/chips/train/rolled-in_scale/rolled-in_scale_62_bb00.png,/Users/christopherbrantner/local/projects/portfolio/surface-defect-classifier/NEU-DET/train/images/rolled-in_scale/rolled-in_scale_62.jpg,0,rolled-in_scale,94,60,148,121,train
/Users/christopherbrantner/local/projects/portfolio/surface-defect-classifier/results/chips/train/rolled-in_scale/rolled-in_scale_62_bb01.png,/Users/christopherbrantner/local/projects/portfolio/surface-defect-classifier/NEU-DET/train/images/rolled-in_scale/rolled-in_scale_62.jpg,1,rolled-in_scale,128,1,173,27,train
/Users/christopherbrantner/local/projects/portfolio/surface-defect-classifier/results/chips/train/rolled-in_scale/rolled-in_scale_62_bb02.png,/Users/christopherbrantner/local/projects/portfolio/surface-defect-classifier/NEU-DET/train/images/rolled-in_scale/rolled-in_scale_62.jpg,2,rolled-in_scale,132,147,181,200,train
/Users/christopherbrantner/local/projects/portfolio/surface-defect-classifier/results/chips/train/rolled-in_scale/rolled-in_scale_63_bb00.png,/Users/christopherbrantner/local/projects/portfolio/surface-defect-classifier/NEU-DET/train/images/rolled-in_scale/rolled-in_scale_63.jpg,0,rolled-in_scale,54,9,108,66,train
/Users/christopherbrantner/local/projects/portfolio/surface-defect-classifier/results/chips/train/rolled-in_scale/rolled-in_scale_63_bb01.png,/Users/christopherbrantner/local/projects/portfolio/surface-defect-classifier/NEU-DET/train/images/rolled-in_scale/rolled-in_scale_63.jpg,1,rolled-in_scale,100,69,158,148,train
/Users/christopherbrantner/local/projects/portfolio/surface-defect-classifier/results/chips/train/rolled-in_scale/rolled-in_scale_64_bb00.png,/Users/christopherbrantner/local/projects/portfolio/surface-defect-classifier/NEU-DET/train/images/rolled-in_scale/rolled-in_scale_64.jpg,0,rolled-in_scale,86,1,198,64,train
/Users/christopherbrantner/local/projects/portfolio/surface-defect-classifier/results/chips/train/rolled-in_scale/rolled-in_scale_64_bb01.png,/Users/christopherbrantner/local/projects/portfolio/surface-defect-classifier/NEU-DET/train/images/rolled-in_scale/rolled-in_scale_64.jpg,1,rolled-in_scale,90,92,167,147,train
/Users/christopherbrantner/local/projects/portfolio/surface-defect-classifier/results/chips/train/rolled-in_scale/rolled-in_scale_65_bb00.png,/Users/christopherbrantner/local/projects/portfolio/surface-defect-classifier/NEU-DET/train/images/rolled-in_scale/rolled-in_scale_65.jpg,0,rolled-in_scale,48,1,157,67,train
/Users/christopherbrantner/local/projects/portfolio/surface-defect-classifier/results/chips/train/rolled-in_scale/rolled-in_scale_65_bb01.png,/Users/christopherbrantner/local/projects/portfolio/surface-defect-classifier/NEU-DET/train/images/rolled-in_scale/rolled-in_scale_65.jpg,1,rolled-in_scale,46,88,132,150,train
/Users/christopherbrantner/local/projects/portfolio/surface-defect-classifier/results/chips/train/rolled-in_scale/rolled-in_scale_66_bb00.png,/Users/christopherbrantner/local/projects/portfolio/surface-defect-classifier/NEU-DET/train/images/rolled-in_scale/rolled-in_scale_66.jpg,0,rolled-in_scale,1,3,102,69,train
/Users/christopherbrantner/local/projects/portfolio/surface-defect-classifier/results/chips/train/rolled-in_scale/rolled-in_scale_66_bb01.png,/Users/christopherbrantner/local/projects/portfolio/surface-defect-classifier/NEU-DET/train/images/rolled-in_scale/rolled-in_scale_66.jpg,1,rolled-in_scale,1,88,70,145,train
/Users/christopherbrantner/local/projects/portfolio/surface-defect-classifier/results/chips/train/rolled-in_scale/rolled-in_scale_67_bb00.png,/Users/christopherbrantner/local/projects/portfolio/surface-defect-classifier/NEU-DET/train/images/rolled-in_scale/rolled-in_scale_67.jpg,0,rolled-in_scale,47,47,124,103,train
/Users/christopherbrantner/local/projects/portfolio/surface-defect-classifier/results/chips/train/rolled-in_scale/rolled-in_scale_67_bb01.png,/Users/christopherbrantner/local/projects/portfolio/surface-defect-classifier/NEU-DET/train/images/rolled-in_scale/rolled-in_scale_67.jpg,1,rolled-in_scale,32,1,162,35,train
/Users/christopherbrantner/local/projects/portfolio/surface-defect-classifier/results/chips/train/rolled-in_scale/rolled-in_scale_67_bb02.png,/Users/christopherbrantner/local/projects/portfolio/surface-defect-classifier/NEU-DET/train/images/rolled-in_scale/rolled-in_scale_67.jpg,2,rolled-in_scale,166,152,198,198,train
/Users/christopherbrantner/local/projects/portfolio/surface-defect-classifier/results/chips/train/rolled-in_scale/rolled-in_scale_68_bb00.png,/Users/christopherbrantner/local/projects/portfolio/surface-defect-classifier/NEU-DET/train/images/rolled-in_scale/rolled-in_scale_68.jpg,0,rolled-in_scale,82,113,200,200,train
/Users/christopherbrantner/local/projects/portfolio/surface-defect-classifier/results/chips/train/rolled-in_scale/rolled-in_scale_69_bb00.png,/Users/christopherbrantner/local/projects/portfolio/surface-defect-classifier/NEU-DET/train/images/rolled-in_scale/rolled-in_scale_69.jpg,0,rolled-in_scale,32,91,157,186,train
/Users/christopherbrantner/local/projects/portfolio/surface-defect-classifier/results/chips/train/rolled-in_scale/rolled-in_scale_69_bb01.png,/Users/christopherbrantner/local/projects/portfolio/surface-defect-classifier/NEU-DET/train/images/rolled-in_scale/rolled-in_scale_69.jpg,1,rolled-in_scale,48,177,164,200,train
/Users/christopherbrantner/local/projects/portfolio/surface-defect-classifier/results/chips/train/rolled-in_scale/rolled-in_scale_7_bb00.png,/Users/christopherbrantner/local/projects/portfolio/surface-defect-classifier/NEU-DET/train/images/rolled-in_scale/rolled-in_scale_7.jpg,0,rolled-in_scale,68,86,127,160,train
/Users/christopherbrantner/local/projects/portfolio/surface-defect-classifier/results/chips/train/rolled-in_scale/rolled-in_scale_7_bb01.png,/Users/christopherbrantner/local/projects/portfolio/surface-defect-classifier/NEU-DET/train/images/rolled-in_scale/rolled-in_scale_7.jpg,1,rolled-in_scale,95,62,139,82,train
/Users/christopherbrantner/local/projects/portfolio/surface-defect-classifier/results/chips/train/rolled-in_scale/rolled-in_scale_70_bb00.png,/Users/christopherbrantner/local/projects/portfolio/surface-defect-classifier/NEU-DET/train/images/rolled-in_scale/rolled-in_scale_70.jpg,0,rolled-in_scale,2,76,103,200,train
/Users/christopherbrantner/local/projects/portfolio/surface-defect-classifier/results/chips/train/rolled-in_scale/rolled-in_scale_70_bb01.png,/Users/christopherbrantner/local/projects/portfolio/surface-defect-classifier/NEU-DET/train/images/rolled-in_scale/rolled-in_scale_70.jpg,1,rolled-in_scale,145,58,182,110,train
/Users/christopherbrantner/local/projects/portfolio/surface-defect-classifier/results/chips/train/rolled-in_scale/rolled-in_scale_70_bb02.png,/Users/christopherbrantner/local/projects/portfolio/surface-defect-classifier/NEU-DET/train/images/rolled-in_scale/rolled-in_scale_70.jpg,2,rolled-in_scale,141,169,197,195,train
/Users/christopherbrantner/local/projects/portfolio/surface-defect-classifier/results/chips/train/rolled-in_scale/rolled-in_scale_71_bb00.png,/Users/christopherbrantner/local/projects/portfolio/surface-defect-classifier/NEU-DET/train/images/rolled-in_scale/rolled-in_scale_71.jpg,0,rolled-in_scale,81,1,187,82,train
/Users/christopherbrantner/local/projects/portfolio/surface-defect-classifier/results/chips/train/rolled-in_scale/rolled-in_scale_71_bb01.png,/Users/christopherbrantner/local/projects/portfolio/surface-defect-classifier/NEU-DET/train/images/rolled-in_scale/rolled-in_scale_71.jpg,1,rolled-in_scale,79,142,135,171,train
/Users/christopherbrantner/local/projects/portfolio/surface-defect-classifier/results/chips/train/rolled-in_scale/rolled-in_scale_72_bb00.png,/Users/christopherbrantner/local/projects/portfolio/surface-defect-classifier/NEU-DET/train/images/rolled-in_scale/rolled-in_scale_72.jpg,0,rolled-in_scale,10,21,110,108,train
/Users/christopherbrantner/local/projects/portfolio/surface-defect-classifier/results/chips/train/rolled-in_scale/rolled-in_scale_72_bb01.png,/Users/christopherbrantner/local/projects/portfolio/surface-defect-classifier/NEU-DET/train/images/rolled-in_scale/rolled-in_scale_72.jpg,1,rolled-in_scale,9,169,59,200,train
/Users/christopherbrantner/local/projects/portfolio/surface-defect-classifier/results/chips/train/rolled-in_scale/rolled-in_scale_72_bb02.png,/Users/christopherbrantner/local/projects/portfolio/surface-defect-classifier/NEU-DET/train/images/rolled-in_scale/rolled-in_scale_72.jpg,2,rolled-in_scale,153,79,199,105,train
/Users/christopherbrantner/local/projects/portfolio/surface-defect-classifier/results/chips/train/rolled-in_scale/rolled-in_scale_73_bb00.png,/Users/christopherbrantner/local/projects/portfolio/surface-defect-classifier/NEU-DET/train/images/rolled-in_scale/rolled-in_scale_73.jpg,0,rolled-in_scale,104,27,147,65,train
/Users/christopherbrantner/local/projects/portfolio/surface-defect-classifier/results/chips/train/rolled-in_scale/rolled-in_scale_73_bb01.png,/Users/christopherbrantner/local/projects/portfolio/surface-defect-classifier/NEU-DET/train/images/rolled-in_scale/rolled-in_scale_73.jpg,1,rolled-in_scale,126,83,178,181,train
/Users/christopherbrantner/local/projects/portfolio/surface-defect-classifier/results/chips/train/rolled-in_scale/rolled-in_scale_74_bb00.png,/Users/christopherbrantner/local/projects/portfolio/surface-defect-classifier/NEU-DET/train/images/rolled-in_scale/rolled-in_scale_74.jpg,0,rolled-in_scale,61,61,108,118,train
/Users/christopherbrantner/local/projects/portfolio/surface-defect-classifier/results/chips/train/rolled-in_scale/rolled-in_scale_74_bb01.png,/Users/christopherbrantner/local/projects/portfolio/surface-defect-classifier/NEU-DET/train/images/rolled-in_scale/rolled-in_scale_74.jpg,1,rolled-in_scale,91,110,158,184,train
/Users/christopherbrantner/local/projects/portfolio/surface-defect-classifier/results/chips/train/rolled-in_scale/rolled-in_scale_75_bb00.png,/Users/christopherbrantner/local/projects/portfolio/surface-defect-classifier/NEU-DET/train/images/rolled-in_scale/rolled-in_scale_75.jpg,0,rolled-in_scale,44,86,172,159,train
/Users/christopherbrantner/local/projects/portfolio/surface-defect-classifier/results/chips/train/rolled-in_scale/rolled-in_scale_75_bb01.png,/Users/christopherbrantner/local/projects/portfolio/surface-defect-classifier/NEU-DET/train/images/rolled-in_scale/rolled-in_scale_75.jpg,1,rolled-in_scale,37,11,97,97,train
/Users/christopherbrantner/local/projects/portfolio/surface-defect-classifier/results/chips/train/rolled-in_scale/rolled-in_scale_76_bb00.png,/Users/christopherbrantner/local/projects/portfolio/surface-defect-classifier/NEU-DET/train/images/rolled-in_scale/rolled-in_scale_76.jpg,0,rolled-in_scale,94,80,199,138,train
/Users/christopherbrantner/local/projects/portfolio/surface-defect-classifier/results/chips/train/rolled-in_scale/rolled-in_scale_76_bb01.png,/Users/christopherbrantner/local/projects/portfolio/surface-defect-classifier/NEU-DET/train/images/rolled-in_scale/rolled-in_scale_76.jpg,1,rolled-in_scale,93,9,199,71,train
/Users/christopherbrantner/local/projects/portfolio/surface-defect-classifier/results/chips/train/rolled-in_scale/rolled-in_scale_77_bb00.png,/Users/christopherbrantner/local/projects/portfolio/surface-defect-classifier/NEU-DET/train/images/rolled-in_scale/rolled-in_scale_77.jpg,0,rolled-in_scale,91,3,159,49,train
/Users/christopherbrantner/local/projects/portfolio/surface-defect-classifier/results/chips/train/rolled-in_scale/rolled-in_scale_77_bb01.png,/Users/christopherbrantner/local/projects/portfolio/surface-defect-classifier/NEU-DET/train/images/rolled-in_scale/rolled-in_scale_77.jpg,1,rolled-in_scale,57,71,156,198,train
/Users/christopherbrantner/local/projects/portfolio/surface-defect-classifier/results/chips/train/rolled-in_scale/rolled-in_scale_78_bb00.png,/Users/christopherbrantner/local/projects/portfolio/surface-defect-classifier/NEU-DET/train/images/rolled-in_scale/rolled-in_scale_78.jpg,0,rolled-in_scale,83,11,179,69,train
/Users/christopherbrantner/local/projects/portfolio/surface-defect-classifier/results/chips/train/rolled-in_scale/rolled-in_scale_78_bb01.png,/Users/christopherbrantner/local/projects/portfolio/surface-defect-classifier/NEU-DET/train/images/rolled-in_scale/rolled-in_scale_78.jpg,1,rolled-in_scale,95,80,178,197,train
/Users/christopherbrantner/local/projects/portfolio/surface-defect-classifier/results/chips/train/rolled-in_scale/rolled-in_scale_79_bb00.png,/Users/christopherbrantner/local/projects/portfolio/surface-defect-classifier/NEU-DET/train/images/rolled-in_scale/rolled-in_scale_79.jpg,0,rolled-in_scale,30,27,138,96,train
/Users/christopherbrantner/local/projects/portfolio/surface-defect-classifier/results/chips/train/rolled-in_scale/rolled-in_scale_79_bb01.png,/Users/christopherbrantner/local/projects/portfolio/surface-defect-classifier/NEU-DET/train/images/rolled-in_scale/rolled-in_scale_79.jpg,1,rolled-in_scale,36,108,140,172,train
/Users/christopherbrantner/local/projects/portfolio/surface-defect-classifier/results/chips/train/rolled-in_scale/rolled-in_scale_8_bb00.png,/Users/christopherbrantner/local/projects/portfolio/surface-defect-classifier/NEU-DET/train/images/rolled-in_scale/rolled-in_scale_8.jpg,0,rolled-in_scale,28,124,166,186,train
/Users/christopherbrantner/local/projects/portfolio/surface-defect-classifier/results/chips/train/rolled-in_scale/rolled-in_scale_8_bb01.png,/Users/christopherbrantner/local/projects/portfolio/surface-defect-classifier/NEU-DET/train/images/rolled-in_scale/rolled-in_scale_8.jpg,1,rolled-in_scale,96,25,149,107,train
/Users/christopherbrantner/local/projects/portfolio/surface-defect-classifier/results/chips/train/rolled-in_scale/rolled-in_scale_80_bb00.png,/Users/christopherbrantner/local/projects/portfolio/surface-defect-classifier/NEU-DET/train/images/rolled-in_scale/rolled-in_scale_80.jpg,0,rolled-in_scale,115,61,194,198,train
/Users/christopherbrantner/local/projects/portfolio/surface-defect-classifier/results/chips/train/rolled-in_scale/rolled-in_scale_80_bb01.png,/Users/christopherbrantner/local/projects/portfolio/surface-defect-classifier/NEU-DET/train/images/rolled-in_scale/rolled-in_scale_80.jpg,1,rolled-in_scale,105,1,195,49,train
/Users/christopherbrantner/local/projects/portfolio/surface-defect-classifier/results/chips/train/rolled-in_scale/rolled-in_scale_81_bb00.png,/Users/christopherbrantner/local/projects/portfolio/surface-defect-classifier/NEU-DET/train/images/rolled-in_scale/rolled-in_scale_81.jpg,0,rolled-in_scale,65,11,146,95,train
/Users/christopherbrantner/local/projects/portfolio/surface-defect-classifier/results/chips/train/rolled-in_scale/rolled-in_scale_81_bb01.png,/Users/christopherbrantner/local/projects/portfolio/surface-defect-classifier/NEU-DET/train/images/rolled-in_scale/rolled-in_scale_81.jpg,1,rolled-in_scale,56,104,151,172,train
/Users/christopherbrantner/local/projects/portfolio/surface-defect-classifier/results/chips/train/rolled-in_scale/rolled-in_scale_81_bb02.png,/Users/christopherbrantner/local/projects/portfolio/surface-defect-classifier/NEU-DET/train/images/rolled-in_scale/rolled-in_scale_81.jpg,2,rolled-in_scale,21,178,117,199,train
/Users/christopherbrantner/local/projects/portfolio/surface-defect-classifier/results/chips/train/rolled-in_scale/rolled-in_scale_82_bb00.png,/Users/christopherbrantner/local/projects/portfolio/surface-defect-classifier/NEU-DET/train/images/rolled-in_scale/rolled-in_scale_82.jpg,0,rolled-in_scale,68,7,145,70,train
/Users/christopherbrantner/local/projects/portfolio/surface-defect-classifier/results/chips/train/rolled-in_scale/rolled-in_scale_82_bb01.png,/Users/christopherbrantner/local/projects/portfolio/surface-defect-classifier/NEU-DET/train/images/rolled-in_scale/rolled-in_scale_82.jpg,1,rolled-in_scale,54,82,157,174,train
/Users/christopherbrantner/local/projects/portfolio/surface-defect-classifier/results/chips/train/rolled-in_scale/rolled-in_scale_83_bb00.png,/Users/christopherbrantner/local/projects/portfolio/surface-defect-classifier/NEU-DET/train/images/rolled-in_scale/rolled-in_scale_83.jpg,0,rolled-in_scale,114,1,186,34,train
/Users/christopherbrantner/local/projects/portfolio/surface-defect-classifier/results/chips/train/rolled-in_scale/rolled-in_scale_83_bb01.png,/Users/christopherbrantner/local/projects/portfolio/surface-defect-classifier/NEU-DET/train/images/rolled-in_scale/rolled-in_scale_83.jpg,1,rolled-in_scale,49,40,142,89,train
/Users/christopherbrantner/local/projects/portfolio/surface-defect-classifier/results/chips/train/rolled-in_scale/rolled-in_scale_83_bb02.png,/Users/christopherbrantner/local/projects/portfolio/surface-defect-classifier/NEU-DET/train/images/rolled-in_scale/rolled-in_scale_83.jpg,2,rolled-in_scale,118,79,196,196,train
/Users/christopherbrantner/local/projects/portfolio/surface-defect-classifier/results/chips/train/rolled-in_scale/rolled-in_scale_84_bb00.png,/Users/christopherbrantner/local/projects/portfolio/surface-defect-classifier/NEU-DET/train/images/rolled-in_scale/rolled-in_scale_84.jpg,0,rolled-in_scale,133,70,180,163,train
/Users/christopherbrantner/local/projects/portfolio/surface-defect-classifier/results/chips/train/rolled-in_scale/rolled-in_scale_84_bb01.png,/Users/christopherbrantner/local/projects/portfolio/surface-defect-classifier/NEU-DET/train/images/rolled-in_scale/rolled-in_scale_84.jpg,1,rolled-in_scale,81,175,165,199,train
/Users/christopherbrantner/local/projects/portfolio/surface-defect-classifier/results/chips/train/rolled-in_scale/rolled-in_scale_85_bb00.png,/Users/christopherbrantner/local/projects/portfolio/surface-defect-classifier/NEU-DET/train/images/rolled-in_scale/rolled-in_scale_85.jpg,0,rolled-in_scale,138,10,189,65,train
/Users/christopherbrantner/local/projects/portfolio/surface-defect-classifier/results/chips/train/rolled-in_scale/rolled-in_scale_85_bb01.png,/Users/christopherbrantner/local/projects/portfolio/surface-defect-classifier/NEU-DET/train/images/rolled-in_scale/rolled-in_scale_85.jpg,1,rolled-in_scale,130,96,186,200,train
/Users/christopherbrantner/local/projects/portfolio/surface-defect-classifier/results/chips/train/rolled-in_scale/rolled-in_scale_86_bb00.png,/Users/christopherbrantner/local/projects/portfolio/surface-defect-classifier/NEU-DET/train/images/rolled-in_scale/rolled-in_scale_86.jpg,0,rolled-in_scale,72,14,177,65,train
/Users/christopherbrantner/local/projects/portfolio/surface-defect-classifier/results/chips/train/rolled-in_scale/rolled-in_scale_86_bb01.png,/Users/christopherbrantner/local/projects/portfolio/surface-defect-classifier/NEU-DET/train/images/rolled-in_scale/rolled-in_scale_86.jpg,1,rolled-in_scale,61,100,180,199,train
/Users/christopherbrantner/local/projects/portfolio/surface-defect-classifier/results/chips/train/rolled-in_scale/rolled-in_scale_87_bb00.png,/Users/christopherbrantner/local/projects/portfolio/surface-defect-classifier/NEU-DET/train/images/rolled-in_scale/rolled-in_scale_87.jpg,0,rolled-in_scale,117,67,197,178,train
/Users/christopherbrantner/local/projects/portfolio/surface-defect-classifier/results/chips/train/rolled-in_scale/rolled-in_scale_87_bb01.png,/Users/christopherbrantner/local/projects/portfolio/surface-defect-classifier/NEU-DET/train/images/rolled-in_scale/rolled-in_scale_87.jpg,1,rolled-in_scale,117,1,158,35,train
/Users/christopherbrantner/local/projects/portfolio/surface-defect-classifier/results/chips/train/rolled-in_scale/rolled-in_scale_88_bb00.png,/Users/christopherbrantner/local/projects/portfolio/surface-defect-classifier/NEU-DET/train/images/rolled-in_scale/rolled-in_scale_88.jpg,0,rolled-in_scale,41,27,114,152,train
/Users/christopherbrantner/local/projects/portfolio/surface-defect-classifier/results/chips/train/rolled-in_scale/rolled-in_scale_88_bb01.png,/Users/christopherbrantner/local/projects/portfolio/surface-defect-classifier/NEU-DET/train/images/rolled-in_scale/rolled-in_scale_88.jpg,1,rolled-in_scale,107,40,166,166,train
/Users/christopherbrantner/local/projects/portfolio/surface-defect-classifier/results/chips/train/rolled-in_scale/rolled-in_scale_89_bb00.png,/Users/christopherbrantner/local/projects/portfolio/surface-defect-classifier/NEU-DET/train/images/rolled-in_scale/rolled-in_scale_89.jpg,0,rolled-in_scale,9,2,93,103,train
/Users/christopherbrantner/local/projects/portfolio/surface-defect-classifier/results/chips/train/rolled-in_scale/rolled-in_scale_89_bb01.png,/Users/christopherbrantner/local/projects/portfolio/surface-defect-classifier/NEU-DET/train/images/rolled-in_scale/rolled-in_scale_89.jpg,1,rolled-in_scale,75,1,133,113,train
/Users/christopherbrantner/local/projects/portfolio/surface-defect-classifier/results/chips/train/rolled-in_scale/rolled-in_scale_9_bb00.png,/Users/christopherbrantner/local/projects/portfolio/surface-defect-classifier/NEU-DET/train/images/rolled-in_scale/rolled-in_scale_9.jpg,0,rolled-in_scale,74,42,174,102,train
/Users/christopherbrantner/local/projects/portfolio/surface-defect-classifier/results/chips/train/rolled-in_scale/rolled-in_scale_90_bb00.png,/Users/christopherbrantner/local/projects/portfolio/surface-defect-classifier/NEU-DET/train/images/rolled-in_scale/rolled-in_scale_90.jpg,0,rolled-in_scale,87,1,198,48,train
/Users/christopherbrantner/local/projects/portfolio/surface-defect-classifier/results/chips/train/rolled-in_scale/rolled-in_scale_90_bb01.png,/Users/christopherbrantner/local/projects/portfolio/surface-defect-classifier/NEU-DET/train/images/rolled-in_scale/rolled-in_scale_90.jpg,1,rolled-in_scale,74,139,199,197,train
/Users/christopherbrantner/local/projects/portfolio/surface-defect-classifier/results/chips/train/rolled-in_scale/rolled-in_scale_91_bb00.png,/Users/christopherbrantner/local/projects/portfolio/surface-defect-classifier/NEU-DET/train/images/rolled-in_scale/rolled-in_scale_91.jpg,0,rolled-in_scale,3,111,120,187,train
/Users/christopherbrantner/local/projects/portfolio/surface-defect-classifier/results/chips/train/rolled-in_scale/rolled-in_scale_91_bb01.png,/Users/christopherbrantner/local/projects/portfolio/surface-defect-classifier/NEU-DET/train/images/rolled-in_scale/rolled-in_scale_91.jpg,1,rolled-in_scale,26,1,138,31,train
/Users/christopherbrantner/local/projects/portfolio/surface-defect-classifier/results/chips/train/rolled-in_scale/rolled-in_scale_92_bb00.png,/Users/christopherbrantner/local/projects/portfolio/surface-defect-classifier/NEU-DET/train/images/rolled-in_scale/rolled-in_scale_92.jpg,0,rolled-in_scale,99,32,163,180,train
/Users/christopherbrantner/local/projects/portfolio/surface-defect-classifier/results/chips/train/rolled-in_scale/rolled-in_scale_93_bb00.png,/Users/christopherbrantner/local/projects/portfolio/surface-defect-classifier/NEU-DET/train/images/rolled-in_scale/rolled-in_scale_93.jpg,0,rolled-in_scale,84,100,163,200,train
/Users/christopherbrantner/local/projects/portfolio/surface-defect-classifier/results/chips/train/rolled-in_scale/rolled-in_scale_93_bb01.png,/Users/christopherbrantner/local/projects/portfolio/surface-defect-classifier/NEU-DET/train/images/rolled-in_scale/rolled-in_scale_93.jpg,1,rolled-in_scale,57,54,178,149,train
/Users/christopherbrantner/local/projects/portfolio/surface-defect-classifier/results/chips/train/rolled-in_scale/rolled-in_scale_94_bb00.png,/Users/christopherbrantner/local/projects/portfolio/surface-defect-classifier/NEU-DET/train/images/rolled-in_scale/rolled-in_scale_94.jpg,0,rolled-in_scale,86,9,154,162,train
/Users/christopherbrantner/local/projects/portfolio/surface-defect-classifier/results/chips/train/rolled-in_scale/rolled-in_scale_95_bb00.png,/Users/christopherbrantner/local/projects/portfolio/surface-defect-classifier/NEU-DET/train/images/rolled-in_scale/rolled-in_scale_95.jpg,0,rolled-in_scale,52,105,172,161,train
/Users/christopherbrantner/local/projects/portfolio/surface-defect-classifier/results/chips/train/rolled-in_scale/rolled-in_scale_95_bb01.png,/Users/christopherbrantner/local/projects/portfolio/surface-defect-classifier/NEU-DET/train/images/rolled-in_scale/rolled-in_scale_95.jpg,1,rolled-in_scale,70,16,114,36,train
/Users/christopherbrantner/local/projects/portfolio/surface-defect-classifier/results/chips/train/rolled-in_scale/rolled-in_scale_96_bb00.png,/Users/christopherbrantner/local/projects/portfolio/surface-defect-classifier/NEU-DET/train/images/rolled-in_scale/rolled-in_scale_96.jpg,0,rolled-in_scale,66,14,183,61,train
/Users/christopherbrantner/local/projects/portfolio/surface-defect-classifier/results/chips/train/rolled-in_scale/rolled-in_scale_96_bb01.png,/Users/christopherbrantner/local/projects/portfolio/surface-defect-classifier/NEU-DET/train/images/rolled-in_scale/rolled-in_scale_96.jpg,1,rolled-in_scale,45,107,107,200,train
/Users/christopherbrantner/local/projects/portfolio/surface-defect-classifier/results/chips/train/rolled-in_scale/rolled-in_scale_97_bb00.png,/Users/christopherbrantner/local/projects/portfolio/surface-defect-classifier/NEU-DET/train/images/rolled-in_scale/rolled-in_scale_97.jpg,0,rolled-in_scale,62,134,151,186,train
/Users/christopherbrantner/local/projects/portfolio/surface-defect-classifier/results/chips/train/rolled-in_scale/rolled-in_scale_97_bb01.png,/Users/christopherbrantner/local/projects/portfolio/surface-defect-classifier/NEU-DET/train/images/rolled-in_scale/rolled-in_scale_97.jpg,1,rolled-in_scale,81,12,140,103,train
/Users/christopherbrantner/local/projects/portfolio/surface-defect-classifier/results/chips/train/rolled-in_scale/rolled-in_scale_98_bb00.png,/Users/christopherbrantner/local/projects/portfolio/surface-defect-classifier/NEU-DET/train/images/rolled-in_scale/rolled-in_scale_98.jpg,0,rolled-in_scale,9,12,84,93,train
/Users/christopherbrantner/local/projects/portfolio/surface-defect-classifier/results/chips/train/rolled-in_scale/rolled-in_scale_98_bb01.png,/Users/christopherbrantner/local/projects/portfolio/surface-defect-classifier/NEU-DET/train/images/rolled-in_scale/rolled-in_scale_98.jpg,1,rolled-in_scale,122,49,196,200,train
/Users/christopherbrantner/local/projects/portfolio/surface-defect-classifier/results/chips/train/rolled-in_scale/rolled-in_scale_98_bb02.png,/Users/christopherbrantner/local/projects/portfolio/surface-defect-classifier/NEU-DET/train/images/rolled-in_scale/rolled-in_scale_98.jpg,2,rolled-in_scale,17,160,82,196,train
/Users/christopherbrantner/local/projects/portfolio/surface-defect-classifier/results/chips/train/rolled-in_scale/rolled-in_scale_99_bb00.png,/Users/christopherbrantner/local/projects/portfolio/surface-defect-classifier/NEU-DET/train/images/rolled-in_scale/rolled-in_scale_99.jpg,0,rolled-in_scale,21,77,68,117,train
/Users/christopherbrantner/local/projects/portfolio/surface-defect-classifier/results/chips/train/rolled-in_scale/rolled-in_scale_99_bb01.png,/Users/christopherbrantner/local/projects/portfolio/surface-defect-classifier/NEU-DET/train/images/rolled-in_scale/rolled-in_scale_99.jpg,1,rolled-in_scale,125,33,195,196,train
/Users/christopherbrantner/local/projects/portfolio/surface-defect-classifier/results/chips/train/scratches/scratches_1_bb00.png,/Users/christopherbrantner/local/projects/portfolio/surface-defect-classifier/NEU-DET/train/images/scratches/scratches_1.jpg,0,scratches,26,12,43,171,train
/Users/christopherbrantner/local/projects/portfolio/surface-defect-classifier/results/chips/train/scratches/scratches_10_bb00.png,/Users/christopherbrantner/local/projects/portfolio/surface-defect-classifier/NEU-DET/train/images/scratches/scratches_10.jpg,0,scratches,74,1,119,124,train
/Users/christopherbrantner/local/projects/portfolio/surface-defect-classifier/results/chips/train/scratches/scratches_10_bb01.png,/Users/christopherbrantner/local/projects/portfolio/surface-defect-classifier/NEU-DET/train/images/scratches/scratches_10.jpg,1,scratches,139,1,154,196,train
/Users/christopherbrantner/local/projects/portfolio/surface-defect-classifier/results/chips/train/scratches/scratches_10_bb02.png,/Users/christopherbrantner/local/projects/portfolio/surface-defect-classifier/NEU-DET/train/images/scratches/scratches_10.jpg,2,scratches,84,77,111,150,train
/Users/christopherbrantner/local/projects/portfolio/surface-defect-classifier/results/chips/train/scratches/scratches_100_bb00.png,/Users/christopherbrantner/local/projects/portfolio/surface-defect-classifier/NEU-DET/train/images/scratches/scratches_100.jpg,0,scratches,1,94,200,122,train
/Users/christopherbrantner/local/projects/portfolio/surface-defect-classifier/results/chips/train/scratches/scratches_101_bb00.png,/Users/christopherbrantner/local/projects/portfolio/surface-defect-classifier/NEU-DET/train/images/scratches/scratches_101.jpg,0,scratches,1,67,199,96,train
/Users/christopherbrantner/local/projects/portfolio/surface-defect-classifier/results/chips/train/scratches/scratches_102_bb00.png,/Users/christopherbrantner/local/projects/portfolio/surface-defect-classifier/NEU-DET/train/images/scratches/scratches_102.jpg,0,scratches,1,61,200,89,train
/Users/christopherbrantner/local/projects/portfolio/surface-defect-classifier/results/chips/train/scratches/scratches_103_bb00.png,/Users/christopherbrantner/local/projects/portfolio/surface-defect-classifier/NEU-DET/train/images/scratches/scratches_103.jpg,0,scratches,1,84,172,109,train
/Users/christopherbrantner/local/projects/portfolio/surface-defect-classifier/results/chips/train/scratches/scratches_104_bb00.png,/Users/christopherbrantner/local/projects/portfolio/surface-defect-classifier/NEU-DET/train/images/scratches/scratches_104.jpg,0,scratches,1,22,199,54,train
/Users/christopherbrantner/local/projects/portfolio/surface-defect-classifier/results/chips/train/scratches/scratches_105_bb00.png,/Users/christopherbrantner/local/projects/portfolio/surface-defect-classifier/NEU-DET/train/images/scratches/scratches_105.jpg,0,scratches,1,32,199,58,train
/Users/christopherbrantner/local/projects/portfolio/surface-defect-classifier/results/chips/train/scratches/scratches_106_bb00.png,/Users/christopherbrantner/local/projects/portfolio/surface-defect-classifier/NEU-DET/train/images/scratches/scratches_106.jpg,0,scratches,2,27,199,53,train
/Users/christopherbrantner/local/projects/portfolio/surface-defect-classifier/results/chips/train/scratches/scratches_107_bb00.png,/Users/christopherbrantner/local/projects/portfolio/surface-defect-classifier/NEU-DET/train/images/scratches/scratches_107.jpg,0,scratches,1,22,199,50,train
/Users/christopherbrantner/local/projects/portfolio/surface-defect-classifier/results/chips/train/scratches/scratches_108_bb00.png,/Users/christopherbrantner/local/projects/portfolio/surface-defect-classifier/NEU-DET/train/images/scratches/scratches_108.jpg,0,scratches,42,1,76,199,train
/Users/christopherbrantner/local/projects/portfolio/surface-defect-classifier/results/chips/train/inclusion/scratches_108_bb01.png,/Users/christopherbrantner/local/projects/portfolio/surface-defect-classifier/NEU-DET/train/images/scratches/scratches_108.jpg,1,inclusion,133,129,150,193,train
/Users/christopherbrantner/local/projects/portfolio/surface-defect-classifier/results/chips/train/inclusion/scratches_108_bb02.png,/Users/christopherbrantner/local/projects/portfolio/surface-defect-classifier/NEU-DET/train/images/scratches/scratches_108.jpg,2,inclusion,159,134,178,184,train
/Users/christopherbrantner/local/projects/portfolio/surface-defect-classifier/results/chips/train/inclusion/scratches_108_bb03.png,/Users/christopherbrantner/local/projects/portfolio/surface-defect-classifier/NEU-DET/train/images/scratches/scratches_108.jpg,3,inclusion,7,145,20,179,train
/Users/christopherbrantner/local/projects/portfolio/surface-defect-classifier/results/chips/train/scratches/scratches_109_bb00.png,/Users/christopherbrantner/local/projects/portfolio/surface-defect-classifier/NEU-DET/train/images/scratches/scratches_109.jpg,0,scratches,120,1,155,199,train
/Users/christopherbrantner/local/projects/portfolio/surface-defect-classifier/results/chips/train/inclusion/scratches_109_bb01.png,/Users/christopherbrantner/local/projects/portfolio/surface-defect-classifier/NEU-DET/train/images/scratches/scratches_109.jpg,1,inclusion,22,102,38,177,train
/Users/christopherbrantner/local/projects/portfolio/surface-defect-classifier/results/chips/train/inclusion/scratches_109_bb02.png,/Users/christopherbrantner/local/projects/portfolio/surface-defect-classifier/NEU-DET/train/images/scratches/scratches_109.jpg,2,inclusion,69,29,82,65,train
/Users/christopherbrantner/local/projects/portfolio/surface-defect-classifier/results/chips/train/inclusion/scratches_109_bb03.png,/Users/christopherbrantner/local/projects/portfolio/surface-defect-classifier/NEU-DET/train/images/scratches/scratches_109.jpg,3,inclusion,83,139,95,178,train
/Users/christopherbrantner/local/projects/portfolio/surface-defect-classifier/results/chips/train/inclusion/scratches_109_bb04.png,/Users/christopherbrantner/local/projects/portfolio/surface-defect-classifier/NEU-DET/train/images/scratches/scratches_109.jpg,4,inclusion,42,152,70,200,train
/Users/christopherbrantner/local/projects/portfolio/surface-defect-classifier/results/chips/train/scratches/scratches_11_bb00.png,/Users/christopherbrantner/local/projects/portfolio/surface-defect-classifier/NEU-DET/train/images/scratches/scratches_11.jpg,0,scratches,5,1,43,147,train
/Users/christopherbrantner/local/projects/portfolio/surface-defect-classifier/results/chips/train/scratches/scratches_11_bb01.png,/Users/christopherbrantner/local/projects/portfolio/surface-defect-classifier/NEU-DET/train/images/scratches/scratches_11.jpg,1,scratches,64,13,81,199,train
/Users/christopherbrantner/local/projects/portfolio/surface-defect-classifier/results/chips/train/scratches/scratches_110_bb00.png,/Users/christopherbrantner/local/projects/portfolio/surface-defect-classifier/NEU-DET/train/images/scratches/scratches_110.jpg,0,scratches,16,1,61,198,train
/Users/christopherbrantner/local/projects/portfolio/surface-defect-classifier/results/chips/train/inclusion/scratches_110_bb01.png,/Users/christopherbrantner/local/projects/portfolio/surface-defect-classifier/NEU-DET/train/images/scratches/scratches_110.jpg,1,inclusion,108,19,126,105,train
/Users/christopherbrantner/local/projects/portfolio/surface-defect-classifier/results/chips/train/inclusion/scratches_110_bb02.png,/Users/christopherbrantner/local/projects/portfolio/surface-defect-classifier/NEU-DET/train/images/scratches/scratches_110.jpg,2,inclusion,134,26,153,70,train
/Users/christopherbrantner/local/projects/portfolio/surface-defect-classifier/results/chips/train/scratches/scratches_111_bb00.png,/Users/christopherbrantner/local/projects/portfolio/surface-defect-classifier/NEU-DET/train/images/scratches/scratches_111.jpg,0,scratches,50,1,95,199,train
/Users/christopherbrantner/local/projects/portfolio/surface-defect-classifier/results/chips/train/inclusion/scratches_111_bb01.png,/Users/christopherbrantner/local/projects/portfolio/surface-defect-classifier/NEU-DET/train/images/scratches/scratches_111.jpg,1,inclusion,18,1,29,27,train
/Users/christopherbrantner/local/projects/portfolio/surface-defect-classifier/results/chips/train/inclusion/scratches_111_bb02.png,/Users/christopherbrantner/local/projects/portfolio/surface-defect-classifier/NEU-DET/train/images/scratches/scratches_111.jpg,2,inclusion,144,1,161,71,train
/Users/christopherbrantner/local/projects/portfolio/surface-defect-classifier/results/chips/train/inclusion/scratches_111_bb03.png,/Users/christopherbrantner/local/projects/portfolio/surface-defect-classifier/NEU-DET/train/images/scratches/scratches_111.jpg,3,inclusion,170,1,187,39,train
/Users/christopherbrantner/local/projects/portfolio/surface-defect-classifier/results/chips/train/scratches/scratches_112_bb00.png,/Users/christopherbrantner/local/projects/portfolio/surface-defect-classifier/NEU-DET/train/images/scratches/scratches_112.jpg,0,scratches,1,1,39,199,train
/Users/christopherbrantner/local/projects/portfolio/surface-defect-classifier/results/chips/train/scratches/scratches_113_bb00.png,/Users/christopherbrantner/local/projects/portfolio/surface-defect-classifier/NEU-DET/train/images/scratches/scratches_113.jpg,0,scratches,69,1,97,199,train
/Users/christopherbrantner/local/projects/portfolio/surface-defect-classifier/results/chips/train/scratches/scratches_113_bb01.png,/Users/christopherbrantner/local/projects/portfolio/surface-defect-classifier/NEU-DET/train/images/scratches/scratches_113.jpg,1,scratches,53,1,69,200,train
/Users/christopherbrantner/local/projects/portfolio/surface-defect-classifier/results/chips/train/inclusion/scratches_113_bb02.png,/Users/christopherbrantner/local/projects/portfolio/surface-defect-classifier/NEU-DET/train/images/scratches/scratches_113.jpg,2,inclusion,161,170,172,193,train
/Users/christopherbrantner/local/projects/portfolio/surface-defect-classifier/results/chips/train/scratches/scratches_114_bb00.png,/Users/christopherbrantner/local/projects/portfolio/surface-defect-classifier/NEU-DET/train/images/scratches/scratches_114.jpg,0,scratches,133,1,144,199,train
/Users/christopherbrantner/local/projects/portfolio/surface-defect-classifier/results/chips/train/scratches/scratches_114_bb01.png,/Users/christopherbrantner/local/projects/portfolio/surface-defect-classifier/NEU-DET/train/images/scratches/scratches_114.jpg,1,scratches,46,91,59,200,train
/Users/christopherbrantner/local/projects/portfolio/surface-defect-classifier/results/chips/train/scratches/scratches_114_bb02.png,/Users/christopherbrantner/local/projects/portfolio/surface-defect-classifier/NEU-DET/train/images/scratches/scratches_114.jpg,2,scratches,142,1,178,199,train
/Users/christopherbrantner/local/projects/portfolio/surface-defect-classifier/results/chips/train/scratches/scratches_115_bb00.png,/Users/christopherbrantner/local/projects/portfolio/surface-defect-classifier/NEU-DET/train/images/scratches/scratches_115.jpg,0,scratches,47,1,75,199,train
/Users/christopherbrantner/local/projects/portfolio/surface-defect-classifier/results/chips/train/scratches/scratches_115_bb01.png,/Users/christopherbrantner/local/projects/portfolio/surface-defect-classifier/NEU-DET/train/images/scratches/scratches_115.jpg,1,scratches,29,1,44,199,train
/Users/christopherbrantner/local/projects/portfolio/surface-defect-classifier/results/chips/train/inclusion/scratches_115_bb02.png,/Users/christopherbrantner/local/projects/portfolio/surface-defect-classifier/NEU-DET/train/images/scratches/scratches_115.jpg,2,inclusion,138,86,151,121,train
/Users/christopherbrantner/local/projects/portfolio/surface-defect-classifier/results/chips/train/scratches/scratches_116_bb00.png,/Users/christopherbrantner/local/projects/portfolio/surface-defect-classifier/NEU-DET/train/images/scratches/scratches_116.jpg,0,scratches,84,1,95,199,train
/Users/christopherbrantner/local/projects/portfolio/surface-defect-classifier/results/chips/train/scratches/scratches_116_bb01.png,/Users/christopherbrantner/local/projects/portfolio/surface-defect-classifier/NEU-DET/train/images/scratches/scratches_116.jpg,1,scratches,104,1,131,199,train
/Users/christopherbrantner/local/projects/portfolio/surface-defect-classifier/results/chips/train/scratches/scratches_117_bb00.png,/Users/christopherbrantner/local/projects/portfolio/surface-defect-classifier/NEU-DET/train/images/scratches/scratches_117.jpg,0,scratches,24,40,34,199,train
/Users/christopherbrantner/local/projects/portfolio/surface-defect-classifier/results/chips/train/scratches/scratches_117_bb01.png,/Users/christopherbrantner/local/projects/portfolio/surface-defect-classifier/NEU-DET/train/images/scratches/scratches_117.jpg,1,scratches,108,1,122,199,train
/Users/christopherbrantner/local/projects/portfolio/surface-defect-classifier/results/chips/train/scratches/scratches_117_bb02.png,/Users/christopherbrantner/local/projects/portfolio/surface-defect-classifier/NEU-DET/train/images/scratches/scratches_117.jpg,2,scratches,129,1,154,199,train
/Users/christopherbrantner/local/projects/portfolio/surface-defect-classifier/results/chips/train/scratches/scratches_118_bb00.png,/Users/christopherbrantner/local/projects/portfolio/surface-defect-classifier/NEU-DET/train/images/scratches/scratches_118.jpg,0,scratches,45,1,58,184,train
/Users/christopherbrantner/local/projects/portfolio/surface-defect-classifier/results/chips/train/scratches/scratches_118_bb01.png,/Users/christopherbrantner/local/projects/portfolio/surface-defect-classifier/NEU-DET/train/images/scratches/scratches_118.jpg,1,scratches,64,1,92,200,train
/Users/christopherbrantner/local/projects/portfolio/surface-defect-classifier/results/chips/train/inclusion/scratches_118_bb02.png,/Users/christopherbrantner/local/projects/portfolio/surface-defect-classifier/NEU-DET/train/images/scratches/scratches_118.jpg,2,inclusion,172,116,185,150,train
/Users/christopherbrantner/local/projects/portfolio/surface-defect-classifier/results/chips/train/scratches/scratches_119_bb00.png,/Users/christopherbrantner/local/projects/portfolio/surface-defect-classifier/NEU-DET/train/images/scratches/scratches_119.jpg,0,scratches,82,1,93,188,train
/Users/christopherbrantner/local/projects/portfolio/surface-defect-classifier/results/chips/train/scratches/scratches_119_bb01.png,/Users/christopherbrantner/local/projects/portfolio/surface-defect-classifier/NEU-DET/train/images/scratches/scratches_119.jpg,1,scratches,99,1,132,200,train
/Users/christopherbrantner/local/projects/portfolio/surface-defect-classifier/results/chips/train/scratches/scratches_12_bb00.png,/Users/christopherbrantner/local/projects/portfolio/surface-defect-classifier/NEU-DET/train/images/scratches/scratches_12.jpg,0,scratches,20,61,35,185,train
/Users/christopherbrantner/local/projects/portfolio/surface-defect-classifier/results/chips/train/scratches/scratches_12_bb01.png,/Users/christopherbrantner/local/projects/portfolio/surface-defect-classifier/NEU-DET/train/images/scratches/scratches_12.jpg,1,scratches,23,1,36,46,train
/Users/christopherbrantner/local/projects/portfolio/surface-defect-classifier/results/chips/train/scratches/scratches_120_bb00.png,/Users/christopherbrantner/local/projects/portfolio/surface-defect-classifier/NEU-DET/train/images/scratches/scratches_120.jpg,0,scratches,82,1,94,75,train
/Users/christopherbrantner/local/projects/portfolio/surface-defect-classifier/results/chips/train/scratches/scratches_120_bb01.png,/Users/christopherbrantner/local/projects/portfolio/surface-defect-classifier/NEU-DET/train/images/scratches/scratches_120.jpg,1,scratches,82,140,94,200,train
/Users/christopherbrantner/local/projects/portfolio/surface-defect-classifier/results/chips/train/scratches/scratches_120_bb02.png,/Users/christopherbrantner/local/projects/portfolio/surface-defect-classifier/NEU-DET/train/images/scratches/scratches_120.jpg,2,scratches,102,1,134,199,train
/Users/christopherbrantner/local/projects/portfolio/surface-defect-classifier/results/chips/train/inclusion/scratches_120_bb03.png,/Users/christopherbrantner/local/projects/portfolio/surface-defect-classifier/NEU-DET/train/images/scratches/scratches_120.jpg,3,inclusion,11,118,22,149,train
/Users/christopherbrantner/local/projects/portfolio/surface-defect-classifier/results/chips/train/scratches/scratches_121_bb00.png,/Users/christopherbrantner/local/projects/portfolio/surface-defect-classifier/NEU-DET/train/images/scratches/scratches_121.jpg,0,scratches,11,1,42,199,train
/Users/christopherbrantner/local/projects/portfolio/surface-defect-classifier/results/chips/train/scratches/scratches_121_bb01.png,/Users/christopherbrantner/local/projects/portfolio/surface-defect-classifier/NEU-DET/train/images/scratches/scratches_121.jpg,1,scratches,139,7,164,143,train
/Users/christopherbrantner/local/projects/portfolio/surface-defect-classifier/results/chips/train/inclusion/scratches_121_bb02.png,/Users/christopherbrantner/local/projects/portfolio/surface-defect-classifier/NEU-DET/train/images/scratches/scratches_121.jpg,2,inclusion,170,16,199,109,train
/Users/christopherbrantner/local/projects/portfolio/surface-defect-classifier/results/chips/train/scratches/scratches_122_bb00.png,/Users/christopherbrantner/local/projects/portfolio/surface-defect-classifier/NEU-DET/train/images/scratches/scratches_122.jpg,0,scratches,16,1,64,198,train
/Users/christopherbrantner/local/projects/portfolio/surface-defect-classifier/results/chips/train/inclusion/scratches_122_bb01.png,/Users/christopherbrantner/local/projects/portfolio/surface-defect-classifier/NEU-DET/train/images/scratches/scratches_122.jpg,1,inclusion,171,137,196,170,train
/Users/christopherbrantner/local/projects/portfolio/surface-defect-classifier/results/chips/train/scratches/scratches_123_bb00.png,/Users/christopherbrantner/local/projects/portfolio/surface-defect-classifier/NEU-DET/train/images/scratches/scratches_123.jpg,0,scratches,81,1,129,159,train
/Users/christopherbrantner/local/projects/portfolio/surface-defect-classifier/results/chips/train/scratches/scratches_123_bb01.png,/Users/christopherbrantner/local/projects/portfolio/surface-defect-classifier/NEU-DET/train/images/scratches/scratches_123.jpg,1,scratches,55,1,67,164,train
/Users/christopherbrantner/local/projects/portfolio/surface-defect-classifier/results/chips/train/scratches/scratches_123_bb02.png,/Users/christopherbrantner/local/projects/portfolio/surface-defect-classifier/NEU-DET/train/images/scratches/scratches_123.jpg,2,scratches,27,1,43,163,train
/Users/christopherbrantner/local/projects/portfolio/surface-defect-classifier/results/chips/train/scratches/scratches_124_bb00.png,/Users/christopherbrantner/local/projects/portfolio/surface-defect-classifier/NEU-DET/train/images/scratches/scratches_124.jpg,0,scratches,53,1,67,93,train
/Users/christopherbrantner/local/projects/portfolio/surface-defect-classifier/results/chips/train/scratches/scratches_124_bb01.png,/Users/christopherbrantner/local/projects/portfolio/surface-defect-classifier/NEU-DET/train/images/scratches/scratches_124.jpg,1,scratches,145,1,155,69,train
/Users/christopherbrantner/local/projects/portfolio/surface-defect-classifier/results/chips/train/scratches/scratches_125_bb00.png,/Users/christopherbrantner/local/projects/portfolio/surface-defect-classifier/NEU-DET/train/images/scratches/scratches_125.jpg,0,scratches,20,52,196,156,train
/Users/christopherbrantner/local/projects/portfolio/surface-defect-classifier/results/chips/train/scratches/scratches_126_bb00.png,/Users/christopherbrantner/local/projects/portfolio/surface-defect-classifier/NEU-DET/train/images/scratches/scratches_126.jpg,0,scratches,4,14,186,96,train
/Users/christopherbrantner/local/projects/portfolio/surface-defect-classifier/results/chips/train/scratches/scratches_127_bb00.png,/Users/christopherbrantner/local/projects/portfolio/surface-defect-classifier/NEU-DET/train/images/scratches/scratches_127.jpg,0,scratches,123,1,143,198,train
/Users/christopherbrantner/local/projects/portfolio/surface-defect-classifier/results/chips/train/inclusion/scratches_127_bb01.png,/Users/christopherbrantner/local/projects/portfolio/surface-defect-classifier/NEU-DET/train/images/scratches/scratches_127.jpg,1,inclusion,165,1,200,200,train
/Users/christopherbrantner/local/projects/portfolio/surface-defect-classifier/results/chips/train/scratches/scratches_128_bb00.png,/Users/christopherbrantner/local/projects/portfolio/surface-defect-classifier/NEU-DET/train/images/scratches/scratches_128.jpg,0,scratches,45,1,66,194,train
/Users/christopherbrantner/local/projects/portfolio/surface-defect-classifier/results/chips/train/inclusion/scratches_128_bb01.png,/Users/christopherbrantner/local/projects/portfolio/surface-defect-classifier/NEU-DET/train/images/scratches/scratches_128.jpg,1,inclusion,83,1,185,196,train
/Users/christopherbrantner/local/projects/portfolio/surface-defect-classifier/results/chips/train/scratches/scratches_129_bb00.png,/Users/christopherbrantner/local/projects/portfolio/surface-defect-classifier/NEU-DET/train/images/scratches/scratches_129.jpg,0,scratches,88,1,108,199,train
/Users/christopherbrantner/local/projects/portfolio/surface-defect-classifier/results/chips/train/inclusion/scratches_129_bb01.png,/Users/christopherbrantner/local/projects/portfolio/surface-defect-classifier/NEU-DET/train/images/scratches/scratches_129.jpg,1,inclusion,126,1,198,197,train
/Users/christopherbrantner/local/projects/portfolio/surface-defect-classifier/results/chips/train/scratches/scratches_13_bb00.png,/Users/christopherbrantner/local/projects/portfolio/surface-defect-classifier/NEU-DET/train/images/scratches/scratches_13.jpg,0,scratches,94,57,110,86,train
/Users/christopherbrantner/local/projects/portfolio/surface-defect-classifier/results/chips/train/scratches/scratches_13_bb01.png,/Users/christopherbrantner/local/projects/portfolio/surface-defect-classifier/NEU-DET/train/images/scratches/scratches_13.jpg,1,scratches,173,110,197,197,train
/Users/christopherbrantner/local/projects/portfolio/surface-defect-classifier/results/chips/train/scratches/scratches_130_bb00.png,/Users/christopherbrantner/local/projects/portfolio/surface-defect-classifier/NEU-DET/train/images/scratches/scratches_130.jpg,0,scratches,54,15,71,198,train
/Users/christopherbrantner/local/projects/portfolio/surface-defect-classifier/results/chips/train/inclusion/scratches_130_bb01.png,/Users/christopherbrantner/local/projects/portfolio/surface-defect-classifier/NEU-DET/train/images/scratches/scratches_130.jpg,1,inclusion,96,1,175,197,train
/Users/christopherbrantner/local/projects/portfolio/surface-defect-classifier/results/chips/train/inclusion/scratches_130_bb02.png,/Users/christopherbrantner/local/projects/portfolio/surface-defect-classifier/NEU-DET/train/images/scratches/scratches_130.jpg,2,inclusion,15,24,45,101,train
/Users/christopherbrantner/local/projects/portfolio/surface-defect-classifier/results/chips/train/scratches/scratches_131_bb00.png,/Users/christopherbrantner/local/projects/portfolio/surface-defect-classifier/NEU-DET/train/images/scratches/scratches_131.jpg,0,scratches,67,12,94,156,train
/Users/christopherbrantner/local/projects/portfolio/surface-defect-classifier/results/chips/train/scratches/scratches_131_bb01.png,/Users/christopherbrantner/local/projects/portfolio/surface-defect-classifier/NEU-DET/train/images/scratches/scratches_131.jpg,1,scratches,140,6,155,198,train
/Users/christopherbrantner/local/projects/portfolio/surface-defect-classifier/results/chips/train/inclusion/scratches_131_bb02.png,/Users/christopherbrantner/local/projects/portfolio/surface-defect-classifier/NEU-DET/train/images/scratches/scratches_131.jpg,2,inclusion,98,34,129,107,train
/Users/christopherbrantner/local/projects/portfolio/surface-defect-classifier/results/chips/train/inclusion/scratches_131_bb03.png,/Users/christopherbrantner/local/projects/portfolio/surface-defect-classifier/NEU-DET/train/images/scratches/scratches_131.jpg,3,inclusion,171,34,200,200,train
/Users/christopherbrantner/local/projects/portfolio/surface-defect-classifier/results/chips/train/scratches/scratches_132_bb00.png,/Users/christopherbrantner/local/projects/portfolio/surface-defect-classifier/NEU-DET/train/images/scratches/scratches_132.jpg,0,scratches,103,1,120,96,train
/Users/christopherbrantner/local/projects/portfolio/surface-defect-classifier/results/chips/train/scratches/scratches_132_bb01.png,/Users/christopherbrantner/local/projects/portfolio/surface-defect-classifier/NEU-DET/train/images/scratches/scratches_132.jpg,1,scratches,2,100,196,194,train
/Users/christopherbrantner/local/projects/portfolio/surface-defect-classifier/results/chips/train/inclusion/scratches_132_bb02.png,/Users/christopherbrantner/local/projects/portfolio/surface-defect-classifier/NEU-DET/train/images/scratches/scratches_132.jpg,2,inclusion,133,1,200,198,train
/Users/christopherbrantner/local/projects/portfolio/surface-defect-classifier/results/chips/train/scratches/scratches_133_bb00.png,/Users/christopherbrantner/local/projects/portfolio/surface-defect-classifier/NEU-DET/train/images/scratches/scratches_133.jpg,0,scratches,62,1,107,199,train
/Users/christopherbrantner/local/projects/portfolio/surface-defect-classifier/results/chips/train/scratches/scratches_134_bb00.png,/Users/christopherbrantner/local/projects/portfolio/surface-defect-classifier/NEU-DET/train/images/scratches/scratches_134.jpg,0,scratches,25,1,68,198,train
/Users/christopherbrantner/local/projects/portfolio/surface-defect-classifier/results/chips/train/scratches/scratches_135_bb00.png,/Users/christopherbrantner/local/projects/portfolio/surface-defect-classifier/NEU-DET/train/images/scratches/scratches_135.jpg,0,scratches,128,1,166,199,train
/Users/christopherbrantner/local/projects/portfolio/surface-defect-classifier/results/chips/train/inclusion/scratches_135_bb01.png,/Users/christopherbrantner/local/projects/portfolio/surface-defect-classifier/NEU-DET/train/images/scratches/scratches_135.jpg,1,inclusion,35,28,51,63,train
/Users/christopherbrantner/local/projects/portfolio/surface-defect-classifier/results/chips/train/scratches/scratches_136_bb00.png,/Users/christopherbrantner/local/projects/portfolio/surface-defect-classifier/NEU-DET/train/images/scratches/scratches_136.jpg,0,scratches,49,1,87,199,train
/Users/christopherbrantner/local/projects/portfolio/surface-defect-classifier/results/chips/train/scratches/scratches_137_bb00.png,/Users/christopherbrantner/local/projects/portfolio/surface-defect-classifier/NEU-DET/train/images/scratches/scratches_137.jpg,0,scratches,89,1,125,197,train
/Users/christopherbrantner/local/projects/portfolio/surface-defect-classifier/results/chips/train/inclusion/scratches_137_bb01.png,/Users/christopherbrantner/local/projects/portfolio/surface-defect-classifier/NEU-DET/train/images/scratches/scratches_137.jpg,1,inclusion,38,124,52,164,train
/Users/christopherbrantner/local/projects/portfolio/surface-defect-classifier/results/chips/train/scratches/scratches_138_bb00.png,/Users/christopherbrantner/local/projects/portfolio/surface-defect-classifier/NEU-DET/train/images/scratches/scratches_138.jpg,0,scratches,143,1,178,199,train
/Users/christopherbrantner/local/projects/portfolio/surface-defect-classifier/results/chips/train/inclusion/scratches_138_bb01.png,/Users/christopherbrantner/local/projects/portfolio/surface-defect-classifier/NEU-DET/train/images/scratches/scratches_138.jpg,1,inclusion,92,120,105,158,train
/Users/christopherbrantner/local/projects/portfolio/surface-defect-classifier/results/chips/train/scratches/scratches_139_bb00.png,/Users/christopherbrantner/local/projects/portfolio/surface-defect-classifier/NEU-DET/train/images/scratches/scratches_139.jpg,0,scratches,17,1,55,199,train
/Users/christopherbrantner/local/projects/portfolio/surface-defect-classifier/results/chips/train/inclusion/scratches_139_bb01.png,/Users/christopherbrantner/local/projects/portfolio/surface-defect-classifier/NEU-DET/train/images/scratches/scratches_139.jpg,1,inclusion,107,112,127,200,train
/Users/christopherbrantner/local/projects/portfolio/surface-defect-classifier/results/chips/train/inclusion/scratches_139_bb02.png,/Users/christopherbrantner/local/projects/portfolio/surface-defect-classifier/NEU-DET/train/images/scratches/scratches_139.jpg,2,inclusion,133,116,153,173,train
/Users/christopherbrantner/local/projects/portfolio/surface-defect-classifier/results/chips/train/scratches/scratches_14_bb00.png,/Users/christopherbrantner/local/projects/portfolio/surface-defect-classifier/NEU-DET/train/images/scratches/scratches_14.jpg,0,scratches,32,15,47,43,train
/Users/christopherbrantner/local/projects/portfolio/surface-defect-classifier/results/chips/train/scratches/scratches_14_bb01.png,/Users/christopherbrantner/local/projects/portfolio/surface-defect-classifier/NEU-DET/train/images/scratches/scratches_14.jpg,1,scratches,111,58,142,153,train
/Users/christopherbrantner/local/projects/portfolio/surface-defect-classifier/results/chips/train/scratches/scratches_140_bb00.png,/Users/christopherbrantner/local/projects/portfolio/surface-defect-classifier/NEU-DET/train/images/scratches/scratches_140.jpg,0,scratches,87,1,128,199,train
/Users/christopherbrantner/local/projects/portfolio/surface-defect-classifier/results/chips/train/inclusion/scratches_140_bb01.png,/Users/christopherbrantner/local/projects/portfolio/surface-defect-classifier/NEU-DET/train/images/scratches/scratches_140.jpg,1,inclusion,52,83,66,120,train
/Users/christopherbrantner/local/projects/portfolio/surface-defect-classifier/results/chips/train/inclusion/scratches_140_bb02.png,/Users/christopherbrantner/local/projects/portfolio/surface-defect-classifier/NEU-DET/train/images/scratches/scratches_140.jpg,2,inclusion,19,112,39,189,train
/Users/christopherbrantner/local/projects/portfolio/surface-defect-classifier/results/chips/train/inclusion/scratches_140_bb03.png,/Users/christopherbrantner/local/projects/portfolio/surface-defect-classifier/NEU-DET/train/images/scratches/scratches_140.jpg,3,inclusion,179,71,195,156,train
/Users/christopherbrantner/local/projects/portfolio/surface-defect-classifier/results/chips/train/scratches/scratches_141_bb00.png,/Users/christopherbrantner/local/projects/portfolio/surface-defect-classifier/NEU-DET/train/images/scratches/scratches_141.jpg,0,scratches,132,1,178,199,train
/Users/christopherbrantner/local/projects/portfolio/surface-defect-classifier/results/chips/train/inclusion/scratches_141_bb01.png,/Users/christopherbrantner/local/projects/portfolio/surface-defect-classifier/NEU-DET/train/images/scratches/scratches_141.jpg,1,inclusion,62,50,85,116,train
/Users/christopherbrantner/local/projects/portfolio/surface-defect-classifier/results/chips/train/inclusion/scratches_141_bb02.png,/Users/christopherbrantner/local/projects/portfolio/surface-defect-classifier/NEU-DET/train/images/scratches/scratches_141.jpg,2,inclusion,96,17,108,50,train
/Users/christopherbrantner/local/projects/portfolio/surface-defect-classifier/results/chips/train/inclusion/scratches_141_bb03.png,/Users/christopherbrantner/local/projects/portfolio/surface-defect-classifier/NEU-DET/train/images/scratches/scratches_141.jpg,3,inclusion,38,1,58,49,train
/Users/christopherbrantner/local/projects/portfolio/surface-defect-classifier/results/chips/train/inclusion/scratches_141_bb04.png,/Users/christopherbrantner/local/projects/portfolio/surface-defect-classifier/NEU-DET/train/images/scratches/scratches_141.jpg,4,inclusion,18,64,45,109,train
/Users/christopherbrantner/local/projects/portfolio/surface-defect-classifier/results/chips/train/scratches/scratches_142_bb00.png,/Users/christopherbrantner/local/projects/portfolio/surface-defect-classifier/NEU-DET/train/images/scratches/scratches_142.jpg,0,scratches,81,1,97,198,train
/Users/christopherbrantner/local/projects/portfolio/surface-defect-classifier/results/chips/train/scratches/scratches_142_bb01.png,/Users/christopherbrantner/local/projects/portfolio/surface-defect-classifier/NEU-DET/train/images/scratches/scratches_142.jpg,1,scratches,92,1,127,199,train
/Users/christopherbrantner/local/projects/portfolio/surface-defect-classifier/results/chips/train/scratches/scratches_143_bb00.png,/Users/christopherbrantner/local/projects/portfolio/surface-defect-classifier/NEU-DET/train/images/scratches/scratches_143.jpg,0,scratches,14,1,28,199,train
/Users/christopherbrantner/local/projects/portfolio/surface-defect-classifier/results/chips/train/scratches/scratches_143_bb01.png,/Users/christopherbrantner/local/projects/portfolio/surface-defect-classifier/NEU-DET/train/images/scratches/scratches_143.jpg,1,scratches,33,1,60,199,train
/Users/christopherbrantner/local/projects/portfolio/surface-defect-classifier/results/chips/train/inclusion/scratches_143_bb02.png,/Users/christopherbrantner/local/projects/portfolio/surface-defect-classifier/NEU-DET/train/images/scratches/scratches_143.jpg,2,inclusion,123,152,135,180,train
/Users/christopherbrantner/local/projects/portfolio/surface-defect-classifier/results/chips/train/scratches/scratches_144_bb00.png,/Users/christopherbrantner/local/projects/portfolio/surface-defect-classifier/NEU-DET/train/images/scratches/scratches_144.jpg,0,scratches,49,73,62,198,train
/Users/christopherbrantner/local/projects/portfolio/surface-defect-classifier/results/chips/train/scratches/scratches_144_bb01.png,/Users/christopherbrantner/local/projects/portfolio/surface-defect-classifier/NEU-DET/train/images/scratches/scratches_144.jpg,1,scratches,132,1,148,199,train
/Users/christopherbrantner/local/projects/portfolio/surface-defect-classifier/results/chips/train/scratches/scratches_144_bb02.png,/Users/christopherbrantner/local/projects/portfolio/surface-defect-classifier/NEU-DET/train/images/scratches/scratches_144.jpg,2,scratches,154,1,178,199,train
/Users/christopherbrantner/local/projects/portfolio/surface-defect-classifier/results/chips/train/scratches/scratches_145_bb00.png,/Users/christopherbrantner/local/projects/portfolio/surface-defect-classifier/NEU-DET/train/images/scratches/scratches_145.jpg,0,scratches,73,1,89,199,train
/Users/christopherbrantner/local/projects/portfolio/surface-defect-classifier/results/chips/train/scratches/scratches_145_bb01.png,/Users/christopherbrantner/local/projects/portfolio/surface-defect-classifier/NEU-DET/train/images/scratches/scratches_145.jpg,1,scratches,94,1,121,200,train
/Users/christopherbrantner/local/projects/portfolio/surface-defect-classifier/results/chips/train/scratches/scratches_146_bb00.png,/Users/christopherbrantner/local/projects/portfolio/surface-defect-classifier/NEU-DET/train/images/scratches/scratches_146.jpg,0,scratches,47,1,60,150,train
/Users/christopherbrantner/local/projects/portfolio/surface-defect-classifier/results/chips/train/scratches/scratches_146_bb01.png,/Users/christopherbrantner/local/projects/portfolio/surface-defect-classifier/NEU-DET/train/images/scratches/scratches_146.jpg,1,scratches,66,1,95,199,train
/Users/christopherbrantner/local/projects/portfolio/surface-defect-classifier/results/chips/train/inclusion/scratches_146_bb02.png,/Users/christopherbrantner/local/projects/portfolio/surface-defect-classifier/NEU-DET/train/images/scratches/scratches_146.jpg,2,inclusion,176,82,188,111,train
/Users/christopherbrantner/local/projects/portfolio/surface-defect-classifier/results/chips/train/scratches/scratches_147_bb00.png,/Users/christopherbrantner/local/projects/portfolio/surface-defect-classifier/NEU-DET/train/images/scratches/scratches_147.jpg,0,scratches,67,1,78,131,train
/Users/christopherbrantner/local/projects/portfolio/surface-defect-classifier/results/chips/train/scratches/scratches_147_bb01.png,/Users/christopherbrantner/local/projects/portfolio/surface-defect-classifier/NEU-DET/train/images/scratches/scratches_147.jpg,1,scratches,81,1,115,199,train
/Users/christopherbrantner/local/projects/portfolio/surface-defect-classifier/results/chips/train/scratches/scratches_148_bb00.png,/Users/christopherbrantner/local/projects/portfolio/surface-defect-classifier/NEU-DET/train/images/scratches/scratches_148.jpg,0,scratches,129,1,144,150,train
/Users/christopherbrantner/local/projects/portfolio/surface-defect-classifier/results/chips/train/scratches/scratches_148_bb01.png,/Users/christopherbrantner/local/projects/portfolio/surface-defect-classifier/NEU-DET/train/images/scratches/scratches_148.jpg,1,scratches,149,1,182,199,train
/Users/christopherbrantner/local/projects/portfolio/surface-defect-classifier/results/chips/train/scratches/scratches_149_bb00.png,/Users/christopherbrantner/local/projects/portfolio/surface-defect-classifier/NEU-DET/train/images/scratches/scratches_149.jpg,0,scratches,74,1,121,195,train
/Users/christopherbrantner/local/projects/portfolio/surface-defect-classifier/results/chips/train/scratches/scratches_15_bb00.png,/Users/christopherbrantner/local/projects/portfolio/surface-defect-classifier/NEU-DET/train/images/scratches/scratches_15.jpg,0,scratches,36,36,67,107,train
/Users/christopherbrantner/local/projects/portfolio/surface-defect-classifier/results/chips/train/scratches/scratches_15_bb01.png,/Users/christopherbrantner/local/projects/portfolio/surface-defect-classifier/NEU-DET/train/images/scratches/scratches_15.jpg,1,scratches,125,28,136,68,train
/Users/christopherbrantner/local/projects/portfolio/surface-defect-classifier/results/chips/train/scratches/scratches_15_bb02.png,/Users/christopherbrantner/local/projects/portfolio/surface-defect-classifier/NEU-DET/train/images/scratches/scratches_15.jpg,2,scratches,119,127,133,198,train
/Users/christopherbrantner/local/projects/portfolio/surface-defect-classifier/results/chips/train/scratches/scratches_15_bb03.png,/Users/christopherbrantner/local/projects/portfolio/surface-defect-classifier/NEU-DET/train/images/scratches/scratches_15.jpg,3,scratches,46,77,63,127,train
/Users/christopherbrantner/local/projects/portfolio/surface-defect-classifier/results/chips/train/scratches/scratches_150_bb00.png,/Users/christopherbrantner/local/projects/portfolio/surface-defect-classifier/NEU-DET/train/images/scratches/scratches_150.jpg,0,scratches,126,1,144,199,train
/Users/christopherbrantner/local/projects/portfolio/surface-defect-classifier/results/chips/train/scratches/scratches_151_bb00.png,/Users/christopherbrantner/local/projects/portfolio/surface-defect-classifier/NEU-DET/train/images/scratches/scratches_151.jpg,0,scratches,15,113,31,200,train
/Users/christopherbrantner/local/projects/portfolio/surface-defect-classifier/results/chips/train/scratches/scratches_151_bb01.png,/Users/christopherbrantner/local/projects/portfolio/surface-defect-classifier/NEU-DET/train/images/scratches/scratches_151.jpg,1,scratches,97,1,124,199,train
/Users/christopherbrantner/local/projects/portfolio/surface-defect-classifier/results/chips/train/scratches/scratches_152_bb00.png,/Users/christopherbrantner/local/projects/portfolio/surface-defect-classifier/NEU-DET/train/images/scratches/scratches_152.jpg,0,scratches,26,1,53,200,train
/Users/christopherbrantner/local/projects/portfolio/surface-defect-classifier/results/chips/train/scratches/scratches_153_bb00.png,/Users/christopherbrantner/local/projects/portfolio/surface-defect-classifier/NEU-DET/train/images/scratches/scratches_153.jpg,0,scratches,114,106,127,199,train
/Users/christopherbrantner/local/projects/portfolio/surface-defect-classifier/results/chips/train/scratches/scratches_153_bb01.png,/Users/christopherbrantner/local/projects/portfolio/surface-defect-classifier/NEU-DET/train/images/scratches/scratches_153.jpg,1,scratches,83,108,96,198,train
/Users/christopherbrantner/local/projects/portfolio/surface-defect-classifier/results/chips/train/scratches/scratches_154_bb00.png,/Users/christopherbrantner/local/projects/portfolio/surface-defect-classifier/NEU-DET/train/images/scratches/scratches_154.jpg,0,scratches,56,97,77,200,train
/Users/christopherbrantner/local/projects/portfolio/surface-defect-classifier/results/chips/train/scratches/scratches_154_bb01.png,/Users/christopherbrantner/local/projects/portfolio/surface-defect-classifier/NEU-DET/train/images/scratches/scratches_154.jpg,1,scratches,98,14,115,105,train
/Users/christopherbrantner/local/projects/portfolio/surface-defect-classifier/results/chips/train/scratches/scratches_154_bb02.png,/Users/christopherbrantner/local/projects/portfolio/surface-defect-classifier/NEU-DET/train/images/scratches/scratches_154.jpg,2,scratches,126,10,148,186,train
/Users/christopherbrantner/local/projects/portfolio/surface-defect-classifier/results/chips/train/scratches/scratches_155_bb00.png,/Users/christopherbrantner/local/projects/portfolio/surface-defect-classifier/NEU-DET/train/images/scratches/scratches_155.jpg,0,scratches,26,32,41,124,train
/Users/christopherbrantner/local/projects/portfolio/surface-defect-classifier/results/chips/train/scratches/scratches_155_bb01.png,/Users/christopherbrantner/local/projects/portfolio/surface-defect-classifier/NEU-DET/train/images/scratches/scratches_155.jpg,1,scratches,56,26,73,199,train
/Users/christopherbrantner/local/projects/portfolio/surface-defect-classifier/results/chips/train/scratches/scratches_155_bb02.png,/Users/christopherbrantner/local/projects/portfolio/surface-defect-classifier/NEU-DET/train/images/scratches/scratches_155.jpg,2,scratches,133,1,163,199,train
/Users/christopherbrantner/local/projects/portfolio/surface-defect-classifier/results/chips/train/scratches/scratches_156_bb00.png,/Users/christopherbrantner/local/projects/portfolio/surface-defect-classifier/NEU-DET/train/images/scratches/scratches_156.jpg,0,scratches,46,1,81,200,train
/Users/christopherbrantner/local/projects/portfolio/surface-defect-classifier/results/chips/train/scratches/scratches_156_bb01.png,/Users/christopherbrantner/local/projects/portfolio/surface-defect-classifier/NEU-DET/train/images/scratches/scratches_156.jpg,1,scratches,102,65,117,200,train
/Users/christopherbrantner/local/projects/portfolio/surface-defect-classifier/results/chips/train/scratches/scratches_157_bb00.png,/Users/christopherbrantner/local/projects/portfolio/surface-defect-classifier/NEU-DET/train/images/scratches/scratches_157.jpg,0,scratches,46,1,79,199,train
/Users/christopherbrantner/local/projects/portfolio/surface-defect-classifier/results/chips/train/scratches/scratches_157_bb01.png,/Users/christopherbrantner/local/projects/portfolio/surface-defect-classifier/NEU-DET/train/images/scratches/scratches_157.jpg,1,scratches,99,1,115,199,train
/Users/christopherbrantner/local/projects/portfolio/surface-defect-classifier/results/chips/train/scratches/scratches_158_bb00.png,/Users/christopherbrantner/local/projects/portfolio/surface-defect-classifier/NEU-DET/train/images/scratches/scratches_158.jpg,0,scratches,46,1,67,199,train
/Users/christopherbrantner/local/projects/portfolio/surface-defect-classifier/results/chips/train/scratches/scratches_158_bb01.png,/Users/christopherbrantner/local/projects/portfolio/surface-defect-classifier/NEU-DET/train/images/scratches/scratches_158.jpg,1,scratches,87,70,104,200,train
/Users/christopherbrantner/local/projects/portfolio/surface-defect-classifier/results/chips/train/scratches/scratches_158_bb02.png,/Users/christopherbrantner/local/projects/portfolio/surface-defect-classifier/NEU-DET/train/images/scratches/scratches_158.jpg,2,scratches,118,1,135,160,train
/Users/christopherbrantner/local/projects/portfolio/surface-defect-classifier/results/chips/train/scratches/scratches_159_bb00.png,/Users/christopherbrantner/local/projects/portfolio/surface-defect-classifier/NEU-DET/train/images/scratches/scratches_159.jpg,0,scratches,127,1,158,182,train
/Users/christopherbrantner/local/projects/portfolio/surface-defect-classifier/results/chips/train/scratches/scratches_159_bb01.png,/Users/christopherbrantner/local/projects/portfolio/surface-defect-classifier/NEU-DET/train/images/scratches/scratches_159.jpg,1,scratches,168,1,190,134,train
/Users/christopherbrantner/local/projects/portfolio/surface-defect-classifier/results/chips/train/scratches/scratches_16_bb00.png,/Users/christopherbrantner/local/projects/portfolio/surface-defect-classifier/NEU-DET/train/images/scratches/scratches_16.jpg,0,scratches,31,30,42,66,train
/Users/christopherbrantner/local/projects/portfolio/surface-defect-classifier/results/chips/train/scratches/scratches_16_bb01.png,/Users/christopherbrantner/local/projects/portfolio/surface-defect-classifier/NEU-DET/train/images/scratches/scratches_16.jpg,1,scratches,25,126,41,199,train
/Users/christopherbrantner/local/projects/portfolio/surface-defect-classifier/results/chips/train/scratches/scratches_160_bb00.png,/Users/christopherbrantner/local/projects/portfolio/surface-defect-classifier/NEU-DET/train/images/scratches/scratches_160.jpg,0,scratches,30,1,66,133,train
/Users/christopherbrantner/local/projects/portfolio/surface-defect-classifier/results/chips/train/scratches/scratches_160_bb01.png,/Users/christopherbrantner/local/projects/portfolio/surface-defect-classifier/NEU-DET/train/images/scratches/scratches_160.jpg,1,scratches,71,1,101,105,train
/Users/christopherbrantner/local/projects/portfolio/surface-defect-classifier/results/chips/train/scratches/scratches_160_bb02.png,/Users/christopherbrantner/local/projects/portfolio/surface-defect-classifier/NEU-DET/train/images/scratches/scratches_160.jpg,2,scratches,94,78,113,200,train
/Users/christopherbrantner/local/projects/portfolio/surface-defect-classifier/results/chips/train/scratches/scratches_161_bb00.png,/Users/christopherbrantner/local/projects/portfolio/surface-defect-classifier/NEU-DET/train/images/scratches/scratches_161.jpg,0,scratches,40,1,57,137,train
/Users/christopherbrantner/local/projects/portfolio/surface-defect-classifier/results/chips/train/scratches/scratches_161_bb01.png,/Users/christopherbrantner/local/projects/portfolio/surface-defect-classifier/NEU-DET/train/images/scratches/scratches_161.jpg,1,scratches,131,27,160,200,train
/Users/christopherbrantner/local/projects/portfolio/surface-defect-classifier/results/chips/train/scratches/scratches_162_bb00.png,/Users/christopherbrantner/local/projects/portfolio/surface-defect-classifier/NEU-DET/train/images/scratches/scratches_162.jpg,0,scratches,34,1,62,198,train
/Users/christopherbrantner/local/projects/portfolio/surface-defect-classifier/results/chips/train/scratches/scratches_162_bb01.png,/Users/christopherbrantner/local/projects/portfolio/surface-defect-classifier/NEU-DET/train/images/scratches/scratches_162.jpg,1,scratches,77,28,108,187,train
/Users/christopherbrantner/local/projects/portfolio/surface-defect-classifier/results/chips/train/scratches/scratches_163_bb00.png,/Users/christopherbrantner/local/projects/portfolio/surface-defect-classifier/NEU-DET/train/images/scratches/scratches_163.jpg,0,scratches,1,1,17,198,train
/Users/christopherbrantner/local/projects/portfolio/surface-defect-classifier/results/chips/train/scratches/scratches_163_bb01.png,/Users/christopherbrantner/local/projects/portfolio/surface-defect-classifier/NEU-DET/train/images/scratches/scratches_163.jpg,1,scratches,39,77,52,199,train
/Users/christopherbrantner/local/projects/portfolio/surface-defect-classifier/results/chips/train/scratches/scratches_163_bb02.png,/Users/christopherbrantner/local/projects/portfolio/surface-defect-classifier/NEU-DET/train/images/scratches/scratches_163.jpg,2,scratches,71,1,86,165,train
/Users/christopherbrantner/local/projects/portfolio/surface-defect-classifier/results/chips/train/scratches/scratches_163_bb03.png,/Users/christopherbrantner/local/projects/portfolio/surface-defect-classifier/NEU-DET/train/images/scratches/scratches_163.jpg,3,scratches,149,2,182,198,train
/Users/christopherbrantner/local/projects/portfolio/surface-defect-classifier/results/chips/train/scratches/scratches_164_bb00.png,/Users/christopherbrantner/local/projects/portfolio/surface-defect-classifier/NEU-DET/train/images/scratches/scratches_164.jpg,0,scratches,14,10,29,183,train
/Users/christopherbrantner/local/projects/portfolio/surface-defect-classifier/results/chips/train/scratches/scratches_164_bb01.png,/Users/christopherbrantner/local/projects/portfolio/surface-defect-classifier/NEU-DET/train/images/scratches/scratches_164.jpg,1,scratches,88,1,127,197,train
/Users/christopherbrantner/local/projects/portfolio/surface-defect-classifier/results/chips/train/scratches/scratches_164_bb02.png,/Users/christopherbrantner/local/projects/portfolio/surface-defect-classifier/NEU-DET/train/images/scratches/scratches_164.jpg,2,scratches,140,1,161,196,train
/Users/christopherbrantner/local/projects/portfolio/surface-defect-classifier/results/chips/train/scratches/scratches_165_bb00.png,/Users/christopherbrantner/local/projects/portfolio/surface-defect-classifier/NEU-DET/train/images/scratches/scratches_165.jpg,0,scratches,61,1,97,166,train
/Users/christopherbrantner/local/projects/portfolio/surface-defect-classifier/results/chips/train/scratches/scratches_165_bb01.png,/Users/christopherbrantner/local/projects/portfolio/surface-defect-classifier/NEU-DET/train/images/scratches/scratches_165.jpg,1,scratches,109,1,129,198,train
/Users/christopherbrantner/local/projects/portfolio/surface-defect-classifier/results/chips/train/scratches/scratches_166_bb00.png,/Users/christopherbrantner/local/projects/portfolio/surface-defect-classifier/NEU-DET/train/images/scratches/scratches_166.jpg,0,scratches,24,1,56,199,train
/Users/christopherbrantner/local/projects/portfolio/surface-defect-classifier/results/chips/train/scratches/scratches_166_bb01.png,/Users/christopherbrantner/local/projects/portfolio/surface-defect-classifier/NEU-DET/train/images/scratches/scratches_166.jpg,1,scratches,75,1,94,199,train
/Users/christopherbrantner/local/projects/portfolio/surface-defect-classifier/results/chips/train/scratches/scratches_166_bb02.png,/Users/christopherbrantner/local/projects/portfolio/surface-defect-classifier/NEU-DET/train/images/scratches/scratches_166.jpg,2,scratches,160,107,171,198,train
/Users/christopherbrantner/local/projects/portfolio/surface-defect-classifier/results/chips/train/scratches/scratches_166_bb03.png,/Users/christopherbrantner/local/projects/portfolio/surface-defect-classifier/NEU-DET/train/images/scratches/scratches_166.jpg,3,scratches,180,1,193,99,train
/Users/christopherbrantner/local/projects/portfolio/surface-defect-classifier/results/chips/train/scratches/scratches_167_bb00.png,/Users/christopherbrantner/local/projects/portfolio/surface-defect-classifier/NEU-DET/train/images/scratches/scratches_167.jpg,0,scratches,84,1,98,197,train
/Users/christopherbrantner/local/projects/portfolio/surface-defect-classifier/results/chips/train/scratches/scratches_167_bb01.png,/Users/christopherbrantner/local/projects/portfolio/surface-defect-classifier/NEU-DET/train/images/scratches/scratches_167.jpg,1,scratches,128,1,144,198,train
/Users/christopherbrantner/local/projects/portfolio/surface-defect-classifier/results/chips/train/scratches/scratches_168_bb00.png,/Users/christopherbrantner/local/projects/portfolio/surface-defect-classifier/NEU-DET/train/images/scratches/scratches_168.jpg,0,scratches,117,1,146,86,train
/Users/christopherbrantner/local/projects/portfolio/surface-defect-classifier/results/chips/train/scratches/scratches_168_bb01.png,/Users/christopherbrantner/local/projects/portfolio/surface-defect-classifier/NEU-DET/train/images/scratches/scratches_168.jpg,1,scratches,65,16,81,107,train
/Users/christopherbrantner/local/projects/portfolio/surface-defect-classifier/results/chips/train/scratches/scratches_168_bb02.png,/Users/christopherbrantner/local/projects/portfolio/surface-defect-classifier/NEU-DET/train/images/scratches/scratches_168.jpg,2,scratches,54,129,101,198,train
/Users/christopherbrantner/local/projects/portfolio/surface-defect-classifier/results/chips/train/scratches/scratches_169_bb00.png,/Users/christopherbrantner/local/projects/portfolio/surface-defect-classifier/NEU-DET/train/images/scratches/scratches_169.jpg,0,scratches,128,4,147,199,train
/Users/christopherbrantner/local/projects/portfolio/surface-defect-classifier/results/chips/train/scratches/scratches_17_bb00.png,/Users/christopherbrantner/local/projects/portfolio/surface-defect-classifier/NEU-DET/train/images/scratches/scratches_17.jpg,0,scratches,153,87,167,176,train
/Users/christopherbrantner/local/projects/portfolio/surface-defect-classifier/results/chips/train/scratches/scratches_170_bb00.png,/Users/christopherbrantner/local/projects/portfolio/surface-defect-classifier/NEU-DET/train/images/scratches/scratches_170.jpg,0,scratches,88,1,106,200,train
/Users/christopherbrantner/local/projects/portfolio/surface-defect-classifier/results/chips/train/scratches/scratches_171_bb00.png,/Users/christopherbrantner/local/projects/portfolio/surface-defect-classifier/NEU-DET/train/images/scratches/scratches_171.jpg,0,scratches,85,1,100,97,train
/Users/christopherbrantner/local/projects/portfolio/surface-defect-classifier/results/chips/train/scratches/scratches_171_bb01.png,/Users/christopherbrantner/local/projects/portfolio/surface-defect-classifier/NEU-DET/train/images/scratches/scratches_171.jpg,1,scratches,84,126,103,200,train
/Users/christopherbrantner/local/projects/portfolio/surface-defect-classifier/results/chips/train/scratches/scratches_172_bb00.png,/Users/christopherbrantner/local/projects/portfolio/surface-defect-classifier/NEU-DET/train/images/scratches/scratches_172.jpg,0,scratches,28,16,52,153,train
/Users/christopherbrantner/local/projects/portfolio/surface-defect-classifier/results/chips/train/scratches/scratches_172_bb01.png,/Users/christopherbrantner/local/projects/portfolio/surface-defect-classifier/NEU-DET/train/images/scratches/scratches_172.jpg,1,scratches,143,10,168,198,train
/Users/christopherbrantner/local/projects/portfolio/surface-defect-classifier/results/chips/train/scratches/scratches_173_bb00.png,/Users/christopherbrantner/local/projects/portfolio/surface-defect-classifier/NEU-DET/train/images/scratches/scratches_173.jpg,0,scratches,74,1,95,159,train
/Users/christopherbrantner/local/projects/portfolio/surface-defect-classifier/results/chips/train/scratches/scratches_174_bb00.png,/Users/christopherbrantner/local/projects/portfolio/surface-defect-classifier/NEU-DET/train/images/scratches/scratches_174.jpg,0,scratches,20,1,37,199,train
/Users/christopherbrantner/local/projects/portfolio/surface-defect-classifier/results/chips/train/scratches/scratches_174_bb01.png,/Users/christopherbrantner/local/projects/portfolio/surface-defect-classifier/NEU-DET/train/images/scratches/scratches_174.jpg,1,scratches,121,15,138,200,train
/Users/christopherbrantner/local/projects/portfolio/surface-defect-classifier/results/chips/train/scratches/scratches_174_bb02.png,/Users/christopherbrantner/local/projects/portfolio/surface-defect-classifier/NEU-DET/train/images/scratches/scratches_174.jpg,2,scratches,168,23,180,200,train
/Users/christopherbrantner/local/projects/portfolio/surface-defect-classifier/results/chips/train/scratches/scratches_175_bb00.png,/Users/christopherbrantner/local/projects/portfolio/surface-defect-classifier/NEU-DET/train/images/scratches/scratches_175.jpg,0,scratches,116,1,142,200,train
/Users/christopherbrantner/local/projects/portfolio/surface-defect-classifier/results/chips/train/scratches/scratches_175_bb01.png,/Users/christopherbrantner/local/projects/portfolio/surface-defect-classifier/NEU-DET/train/images/scratches/scratches_175.jpg,1,scratches,165,58,177,199,train
/Users/christopherbrantner/local/projects/portfolio/surface-defect-classifier/results/chips/train/scratches/scratches_176_bb00.png,/Users/christopherbrantner/local/projects/portfolio/surface-defect-classifier/NEU-DET/train/images/scratches/scratches_176.jpg,0,scratches,101,1,129,199,train
/Users/christopherbrantner/local/projects/portfolio/surface-defect-classifier/results/chips/train/scratches/scratches_176_bb01.png,/Users/christopherbrantner/local/projects/portfolio/surface-defect-classifier/NEU-DET/train/images/scratches/scratches_176.jpg,1,scratches,151,28,163,199,train
/Users/christopherbrantner/local/projects/portfolio/surface-defect-classifier/results/chips/train/scratches/scratches_177_bb00.png,/Users/christopherbrantner/local/projects/portfolio/surface-defect-classifier/NEU-DET/train/images/scratches/scratches_177.jpg,0,scratches,41,1,70,199,train
/Users/christopherbrantner/local/projects/portfolio/surface-defect-classifier/results/chips/train/scratches/scratches_177_bb01.png,/Users/christopherbrantner/local/projects/portfolio/surface-defect-classifier/NEU-DET/train/images/scratches/scratches_177.jpg,1,scratches,91,1,106,199,train
/Users/christopherbrantner/local/projects/portfolio/surface-defect-classifier/results/chips/train/scratches/scratches_178_bb00.png,/Users/christopherbrantner/local/projects/portfolio/surface-defect-classifier/NEU-DET/train/images/scratches/scratches_178.jpg,0,scratches,93,1,120,199,train
/Users/christopherbrantner/local/projects/portfolio/surface-defect-classifier/results/chips/train/scratches/scratches_179_bb00.png,/Users/christopherbrantner/local/projects/portfolio/surface-defect-classifier/NEU-DET/train/images/scratches/scratches_179.jpg,0,scratches,56,1,88,199,train
/Users/christopherbrantner/local/projects/portfolio/surface-defect-classifier/results/chips/train/scratches/scratches_18_bb00.png,/Users/christopherbrantner/local/projects/portfolio/surface-defect-classifier/NEU-DET/train/images/scratches/scratches_18.jpg,0,scratches,46,22,58,128,train
/Users/christopherbrantner/local/projects/portfolio/surface-defect-classifier/results/chips/train/scratches/scratches_180_bb00.png,/Users/christopherbrantner/local/projects/portfolio/surface-defect-classifier/NEU-DET/train/images/scratches/scratches_180.jpg,0,scratches,129,1,160,199,train
/Users/christopherbrantner/local/projects/portfolio/surface-defect-classifier/results/chips/train/scratches/scratches_181_bb00.png,/Users/christopherbrantner/local/projects/portfolio/surface-defect-classifier/NEU-DET/train/images/scratches/scratches_181.jpg,0,scratches,85,1,116,199,train
/Users/christopherbrantner/local/projects/portfolio/surface-defect-classifier/results/chips/train/scratches/scratches_182_bb00.png,/Users/christopherbrantner/local/projects/portfolio/surface-defect-classifier/NEU-DET/train/images/scratches/scratches_182.jpg,0,scratches,54,1,86,199,train
/Users/christopherbrantner/local/projects/portfolio/surface-defect-classifier/results/chips/train/scratches/scratches_183_bb00.png,/Users/christopherbrantner/local/projects/portfolio/surface-defect-classifier/NEU-DET/train/images/scratches/scratches_183.jpg,0,scratches,32,1,62,200,train
/Users/christopherbrantner/local/projects/portfolio/surface-defect-classifier/results/chips/train/scratches/scratches_183_bb01.png,/Users/christopherbrantner/local/projects/portfolio/surface-defect-classifier/NEU-DET/train/images/scratches/scratches_183.jpg,1,scratches,174,3,191,92,train
/Users/christopherbrantner/local/projects/portfolio/surface-defect-classifier/results/chips/train/scratches/scratches_184_bb00.png,/Users/christopherbrantner/local/projects/portfolio/surface-defect-classifier/NEU-DET/train/images/scratches/scratches_184.jpg,0,scratches,146,1,173,199,train
/Users/christopherbrantner/local/projects/portfolio/surface-defect-classifier/results/chips/train/scratches/scratches_185_bb00.png,/Users/christopherbrantner/local/projects/portfolio/surface-defect-classifier/NEU-DET/train/images/scratches/scratches_185.jpg,0,scratches,89,1,116,200,train
/Users/christopherbrantner/local/projects/portfolio/surface-defect-classifier/results/chips/train/scratches/scratches_186_bb00.png,/Users/christopherbrantner/local/projects/portfolio/surface-defect-classifier/NEU-DET/train/images/scratches/scratches_186.jpg,0,scratches,18,1,50,200,train
/Users/christopherbrantner/local/projects/portfolio/surface-defect-classifier/results/chips/train/scratches/scratches_186_bb01.png,/Users/christopherbrantner/local/projects/portfolio/surface-defect-classifier/NEU-DET/train/images/scratches/scratches_186.jpg,1,scratches,142,86,186,143,train
/Users/christopherbrantner/local/projects/portfolio/surface-defect-classifier/results/chips/train/scratches/scratches_186_bb02.png,/Users/christopherbrantner/local/projects/portfolio/surface-defect-classifier/NEU-DET/train/images/scratches/scratches_186.jpg,2,scratches,154,1,179,176,train
/Users/christopherbrantner/local/projects/portfolio/surface-defect-classifier/results/chips/train/scratches/scratches_187_bb00.png,/Users/christopherbrantner/local/projects/portfolio/surface-defect-classifier/NEU-DET/train/images/scratches/scratches_187.jpg,0,scratches,24,1,60,199,train
/Users/christopherbrantner/local/projects/portfolio/surface-defect-classifier/results/chips/train/scratches/scratches_188_bb00.png,/Users/christopherbrantner/local/projects/portfolio/surface-defect-classifier/NEU-DET/train/images/scratches/scratches_188.jpg,0,scratches,100,1,131,199,train
/Users/christopherbrantner/local/projects/portfolio/surface-defect-classifier/results/chips/train/scratches/scratches_188_bb01.png,/Users/christopherbrantner/local/projects/portfolio/surface-defect-classifier/NEU-DET/train/images/scratches/scratches_188.jpg,1,scratches,73,7,98,60,train
/Users/christopherbrantner/local/projects/portfolio/surface-defect-classifier/results/chips/train/scratches/scratches_189_bb00.png,/Users/christopherbrantner/local/projects/portfolio/surface-defect-classifier/NEU-DET/train/images/scratches/scratches_189.jpg,0,scratches,145,1,180,199,train
/Users/christopherbrantner/local/projects/portfolio/surface-defect-classifier/results/chips/train/scratches/scratches_189_bb01.png,/Users/christopherbrantner/local/projects/portfolio/surface-defect-classifier/NEU-DET/train/images/scratches/scratches_189.jpg,1,scratches,122,28,145,76,train
/Users/christopherbrantner/local/projects/portfolio/surface-defect-classifier/results/chips/train/scratches/scratches_19_bb00.png,/Users/christopherbrantner/local/projects/portfolio/surface-defect-classifier/NEU-DET/train/images/scratches/scratches_19.jpg,0,scratches,163,16,178,175,train
/Users/christopherbrantner/local/projects/portfolio/surface-defect-classifier/results/chips/train/scratches/scratches_190_bb00.png,/Users/christopherbrantner/local/projects/portfolio/surface-defect-classifier/NEU-DET/train/images/scratches/scratches_190.jpg,0,scratches,154,1,183,198,train
/Users/christopherbrantner/local/projects/portfolio/surface-defect-classifier/results/chips/train/scratches/scratches_191_bb00.png,/Users/christopherbrantner/local/projects/portfolio/surface-defect-classifier/NEU-DET/train/images/scratches/scratches_191.jpg,0,scratches,21,1,45,200,train
/Users/christopherbrantner/local/projects/portfolio/surface-defect-classifier/results/chips/train/scratches/scratches_192_bb00.png,/Users/christopherbrantner/local/projects/portfolio/surface-defect-classifier/NEU-DET/train/images/scratches/scratches_192.jpg,0,scratches,100,1,119,196,train
/Users/christopherbrantner/local/projects/portfolio/surface-defect-classifier/results/chips/train/scratches/scratches_193_bb00.png,/Users/christopherbrantner/local/projects/portfolio/surface-defect-classifier/NEU-DET/train/images/scratches/scratches_193.jpg,0,scratches,121,1,139,134,train
/Users/christopherbrantner/local/projects/portfolio/surface-defect-classifier/results/chips/train/scratches/scratches_194_bb00.png,/Users/christopherbrantner/local/projects/portfolio/surface-defect-classifier/NEU-DET/train/images/scratches/scratches_194.jpg,0,scratches,23,1,41,170,train
/Users/christopherbrantner/local/projects/portfolio/surface-defect-classifier/results/chips/train/scratches/scratches_194_bb01.png,/Users/christopherbrantner/local/projects/portfolio/surface-defect-classifier/NEU-DET/train/images/scratches/scratches_194.jpg,1,scratches,109,30,129,129,train
/Users/christopherbrantner/local/projects/portfolio/surface-defect-classifier/results/chips/train/scratches/scratches_195_bb00.png,/Users/christopherbrantner/local/projects/portfolio/surface-defect-classifier/NEU-DET/train/images/scratches/scratches_195.jpg,0,scratches,39,67,52,199,train
/Users/christopherbrantner/local/projects/portfolio/surface-defect-classifier/results/chips/train/scratches/scratches_196_bb00.png,/Users/christopherbrantner/local/projects/portfolio/surface-defect-classifier/NEU-DET/train/images/scratches/scratches_196.jpg,0,scratches,24,1,37,200,train
/Users/christopherbrantner/local/projects/portfolio/surface-defect-classifier/results/chips/train/scratches/scratches_197_bb00.png,/Users/christopherbrantner/local/projects/portfolio/surface-defect-classifier/NEU-DET/train/images/scratches/scratches_197.jpg,0,scratches,113,1,127,198,train
/Users/christopherbrantner/local/projects/portfolio/surface-defect-classifier/results/chips/train/scratches/scratches_197_bb01.png,/Users/christopherbrantner/local/projects/portfolio/surface-defect-classifier/NEU-DET/train/images/scratches/scratches_197.jpg,1,scratches,33,1,45,198,train
/Users/christopherbrantner/local/projects/portfolio/surface-defect-classifier/results/chips/train/scratches/scratches_198_bb00.png,/Users/christopherbrantner/local/projects/portfolio/surface-defect-classifier/NEU-DET/train/images/scratches/scratches_198.jpg,0,scratches,31,48,42,199,train
/Users/christopherbrantner/local/projects/portfolio/surface-defect-classifier/results/chips/train/scratches/scratches_198_bb01.png,/Users/christopherbrantner/local/projects/portfolio/surface-defect-classifier/NEU-DET/train/images/scratches/scratches_198.jpg,1,scratches,108,1,123,200,train
/Users/christopherbrantner/local/projects/portfolio/surface-defect-classifier/results/chips/train/scratches/scratches_198_bb02.png,/Users/christopherbrantner/local/projects/portfolio/surface-defect-classifier/NEU-DET/train/images/scratches/scratches_198.jpg,2,scratches,31,1,44,59,train
/Users/christopherbrantner/local/projects/portfolio/surface-defect-classifier/results/chips/train/scratches/scratches_199_bb00.png,/Users/christopherbrantner/local/projects/portfolio/surface-defect-classifier/NEU-DET/train/images/scratches/scratches_199.jpg,0,scratches,69,13,85,197,train
/Users/christopherbrantner/local/projects/portfolio/surface-defect-classifier/results/chips/train/scratches/scratches_199_bb01.png,/Users/christopherbrantner/local/projects/portfolio/surface-defect-classifier/NEU-DET/train/images/scratches/scratches_199.jpg,1,scratches,142,1,159,154,train
/Users/christopherbrantner/local/projects/portfolio/surface-defect-classifier/results/chips/train/scratches/scratches_2_bb00.png,/Users/christopherbrantner/local/projects/portfolio/surface-defect-classifier/NEU-DET/train/images/scratches/scratches_2.jpg,0,scratches,92,24,106,176,train
/Users/christopherbrantner/local/projects/portfolio/surface-defect-classifier/results/chips/train/scratches/scratches_20_bb00.png,/Users/christopherbrantner/local/projects/portfolio/surface-defect-classifier/NEU-DET/train/images/scratches/scratches_20.jpg,0,scratches,28,76,45,200,train
/Users/christopherbrantner/local/projects/portfolio/surface-defect-classifier/results/chips/train/scratches/scratches_200_bb00.png,/Users/christopherbrantner/local/projects/portfolio/surface-defect-classifier/NEU-DET/train/images/scratches/scratches_200.jpg,0,scratches,119,6,137,200,train
/Users/christopherbrantner/local/projects/portfolio/surface-defect-classifier/results/chips/train/scratches/scratches_201_bb00.png,/Users/christopherbrantner/local/projects/portfolio/surface-defect-classifier/NEU-DET/train/images/scratches/scratches_201.jpg,0,scratches,79,1,97,199,train
/Users/christopherbrantner/local/projects/portfolio/surface-defect-classifier/results/chips/train/scratches/scratches_202_bb00.png,/Users/christopherbrantner/local/projects/portfolio/surface-defect-classifier/NEU-DET/train/images/scratches/scratches_202.jpg,0,scratches,52,41,62,117,train
/Users/christopherbrantner/local/projects/portfolio/surface-defect-classifier/results/chips/train/scratches/scratches_202_bb01.png,/Users/christopherbrantner/local/projects/portfolio/surface-defect-classifier/NEU-DET/train/images/scratches/scratches_202.jpg,1,scratches,71,126,81,199,train
/Users/christopherbrantner/local/projects/portfolio/surface-defect-classifier/results/chips/train/scratches/scratches_203_bb00.png,/Users/christopherbrantner/local/projects/portfolio/surface-defect-classifier/NEU-DET/train/images/scratches/scratches_203.jpg,0,scratches,64,2,77,200,train
/Users/christopherbrantner/local/projects/portfolio/surface-defect-classifier/results/chips/train/scratches/scratches_204_bb00.png,/Users/christopherbrantner/local/projects/portfolio/surface-defect-classifier/NEU-DET/train/images/scratches/scratches_204.jpg,0,scratches,61,1,81,196,train
/Users/christopherbrantner/local/projects/portfolio/surface-defect-classifier/results/chips/train/scratches/scratches_205_bb00.png,/Users/christopherbrantner/local/projects/portfolio/surface-defect-classifier/NEU-DET/train/images/scratches/scratches_205.jpg,0,scratches,135,29,148,196,train
/Users/christopherbrantner/local/projects/portfolio/surface-defect-classifier/results/chips/train/scratches/scratches_205_bb01.png,/Users/christopherbrantner/local/projects/portfolio/surface-defect-classifier/NEU-DET/train/images/scratches/scratches_205.jpg,1,scratches,32,1,47,177,train
/Users/christopherbrantner/local/projects/portfolio/surface-defect-classifier/results/chips/train/scratches/scratches_206_bb00.png,/Users/christopherbrantner/local/projects/portfolio/surface-defect-classifier/NEU-DET/train/images/scratches/scratches_206.jpg,0,scratches,109,3,128,130,train
/Users/christopherbrantner/local/projects/portfolio/surface-defect-classifier/results/chips/train/scratches/scratches_206_bb01.png,/Users/christopherbrantner/local/projects/portfolio/surface-defect-classifier/NEU-DET/train/images/scratches/scratches_206.jpg,1,scratches,137,50,154,198,train
/Users/christopherbrantner/local/projects/portfolio/surface-defect-classifier/results/chips/train/scratches/scratches_207_bb00.png,/Users/christopherbrantner/local/projects/portfolio/surface-defect-classifier/NEU-DET/train/images/scratches/scratches_207.jpg,0,scratches,51,1,70,82,train
/Users/christopherbrantner/local/projects/portfolio/surface-defect-classifier/results/chips/train/scratches/scratches_207_bb01.png,/Users/christopherbrantner/local/projects/portfolio/surface-defect-classifier/NEU-DET/train/images/scratches/scratches_207.jpg,1,scratches,78,2,96,199,train
/Users/christopherbrantner/local/projects/portfolio/surface-defect-classifier/results/chips/train/scratches/scratches_208_bb00.png,/Users/christopherbrantner/local/projects/portfolio/surface-defect-classifier/NEU-DET/train/images/scratches/scratches_208.jpg,0,scratches,115,1,131,196,train
/Users/christopherbrantner/local/projects/portfolio/surface-defect-classifier/results/chips/train/scratches/scratches_209_bb00.png,/Users/christopherbrantner/local/projects/portfolio/surface-defect-classifier/NEU-DET/train/images/scratches/scratches_209.jpg,0,scratches,53,1,69,132,train
/Users/christopherbrantner/local/projects/portfolio/surface-defect-classifier/results/chips/train/scratches/scratches_209_bb01.png,/Users/christopherbrantner/local/projects/portfolio/surface-defect-classifier/NEU-DET/train/images/scratches/scratches_209.jpg,1,scratches,114,1,144,147,train
/Users/christopherbrantner/local/projects/portfolio/surface-defect-classifier/results/chips/train/inclusion/scratches_209_bb02.png,/Users/christopherbrantner/local/projects/portfolio/surface-defect-classifier/NEU-DET/train/images/scratches/scratches_209.jpg,2,inclusion,115,47,199,94,train
/Users/christopherbrantner/local/projects/portfolio/surface-defect-classifier/results/chips/train/scratches/scratches_21_bb00.png,/Users/christopherbrantner/local/projects/portfolio/surface-defect-classifier/NEU-DET/train/images/scratches/scratches_21.jpg,0,scratches,92,23,109,199,train
/Users/christopherbrantner/local/projects/portfolio/surface-defect-classifier/results/chips/train/scratches/scratches_21_bb01.png,/Users/christopherbrantner/local/projects/portfolio/surface-defect-classifier/NEU-DET/train/images/scratches/scratches_21.jpg,1,scratches,52,144,94,199,train
/Users/christopherbrantner/local/projects/portfolio/surface-defect-classifier/results/chips/train/scratches/scratches_210_bb00.png,/Users/christopherbrantner/local/projects/portfolio/surface-defect-classifier/NEU-DET/train/images/scratches/scratches_210.jpg,0,scratches,63,1,83,197,train
/Users/christopherbrantner/local/projects/portfolio/surface-defect-classifier/results/chips/train/scratches/scratches_210_bb01.png,/Users/christopherbrantner/local/projects/portfolio/surface-defect-classifier/NEU-DET/train/images/scratches/scratches_210.jpg,1,scratches,130,1,161,198,train
/Users/christopherbrantner/local/projects/portfolio/surface-defect-classifier/results/chips/train/inclusion/scratches_210_bb02.png,/Users/christopherbrantner/local/projects/portfolio/surface-defect-classifier/NEU-DET/train/images/scratches/scratches_210.jpg,2,inclusion,145,28,200,51,train
/Users/christopherbrantner/local/projects/portfolio/surface-defect-classifier/results/chips/train/inclusion/scratches_210_bb03.png,/Users/christopherbrantner/local/projects/portfolio/surface-defect-classifier/NEU-DET/train/images/scratches/scratches_210.jpg,3,inclusion,137,141,200,164,train
/Users/christopherbrantner/local/projects/portfolio/surface-defect-classifier/results/chips/train/inclusion/scratches_210_bb04.png,/Users/christopherbrantner/local/projects/portfolio/surface-defect-classifier/NEU-DET/train/images/scratches/scratches_210.jpg,4,inclusion,163,116,200,137,train
/Users/christopherbrantner/local/projects/portfolio/surface-defect-classifier/results/chips/train/scratches/scratches_211_bb00.png,/Users/christopherbrantner/local/projects/portfolio/surface-defect-classifier/NEU-DET/train/images/scratches/scratches_211.jpg,0,scratches,64,1,80,198,train
/Users/christopherbrantner/local/projects/portfolio/surface-defect-classifier/results/chips/train/scratches/scratches_211_bb01.png,/Users/christopherbrantner/local/projects/portfolio/surface-defect-classifier/NEU-DET/train/images/scratches/scratches_211.jpg,1,scratches,138,1,170,196,train
/Users/christopherbrantner/local/projects/portfolio/surface-defect-classifier/results/chips/train/inclusion/scratches_211_bb02.png,/Users/christopherbrantner/local/projects/portfolio/surface-defect-classifier/NEU-DET/train/images/scratches/scratches_211.jpg,2,inclusion,152,152,198,182,train
/Users/christopherbrantner/local/projects/portfolio/surface-defect-classifier/results/chips/train/scratches/scratches_212_bb00.png,/Users/christopherbrantner/local/projects/portfolio/surface-defect-classifier/NEU-DET/train/images/scratches/scratches_212.jpg,0,scratches,16,1,29,200,train
/Users/christopherbrantner/local/projects/portfolio/surface-defect-classifier/results/chips/train/scratches/scratches_212_bb01.png,/Users/christopherbrantner/local/projects/portfolio/surface-defect-classifier/NEU-DET/train/images/scratches/scratches_212.jpg,1,scratches,133,1,151,200,train
/Users/christopherbrantner/local/projects/portfolio/surface-defect-classifier/results/chips/train/scratches/scratches_213_bb00.png,/Users/christopherbrantner/local/projects/portfolio/surface-defect-classifier/NEU-DET/train/images/scratches/scratches_213.jpg,0,scratches,44,2,68,199,train
/Users/christopherbrantner/local/projects/portfolio/surface-defect-classifier/results/chips/train/scratches/scratches_213_bb01.png,/Users/christopherbrantner/local/projects/portfolio/surface-defect-classifier/NEU-DET/train/images/scratches/scratches_213.jpg,1,scratches,127,1,154,200,train
/Users/christopherbrantner/local/projects/portfolio/surface-defect-classifier/results/chips/train/scratches/scratches_214_bb00.png,/Users/christopherbrantner/local/projects/portfolio/surface-defect-classifier/NEU-DET/train/images/scratches/scratches_214.jpg,0,scratches,14,43,32,198,train
/Users/christopherbrantner/local/projects/portfolio/surface-defect-classifier/results/chips/train/scratches/scratches_214_bb01.png,/Users/christopherbrantner/local/projects/portfolio/surface-defect-classifier/NEU-DET/train/images/scratches/scratches_214.jpg,1,scratches,128,1,154,200,train
/Users/christopherbrantner/local/projects/portfolio/surface-defect-classifier/results/chips/train/scratches/scratches_215_bb00.png,/Users/christopherbrantner/local/projects/portfolio/surface-defect-classifier/NEU-DET/train/images/scratches/scratches_215.jpg,0,scratches,28,1,53,199,train
/Users/christopherbrantner/local/projects/portfolio/surface-defect-classifier/results/chips/train/scratches/scratches_215_bb01.png,/Users/christopherbrantner/local/projects/portfolio/surface-defect-classifier/NEU-DET/train/images/scratches/scratches_215.jpg,1,scratches,114,48,141,200,train
/Users/christopherbrantner/local/projects/portfolio/surface-defect-classifier/results/chips/train/scratches/scratches_216_bb00.png,/Users/christopherbrantner/local/projects/portfolio/surface-defect-classifier/NEU-DET/train/images/scratches/scratches_216.jpg,0,scratches,14,51,32,182,train
/Users/christopherbrantner/local/projects/portfolio/surface-defect-classifier/results/chips/train/scratches/scratches_216_bb01.png,/Users/christopherbrantner/local/projects/portfolio/surface-defect-classifier/NEU-DET/train/images/scratches/scratches_216.jpg,1,scratches,42,100,65,198,train
/Users/christopherbrantner/local/projects/portfolio/surface-defect-classifier/results/chips/train/scratches/scratches_216_bb02.png,/Users/christopherbrantner/local/projects/portfolio/surface-defect-classifier/NEU-DET/train/images/scratches/scratches_216.jpg,2,scratches,155,2,182,198,train
/Users/christopherbrantner/local/projects/portfolio/surface-defect-classifier/results/chips/train/inclusion/scratches_216_bb03.png,/Users/christopherbrantner/local/projects/portfolio/surface-defect-classifier/NEU-DET/train/images/scratches/scratches_216.jpg,3,inclusion,1,1,52,34,train
/Users/christopherbrantner/local/projects/portfolio/surface-defect-classifier/results/chips/train/inclusion/scratches_216_bb04.png,/Users/christopherbrantner/local/projects/portfolio/surface-defect-classifier/NEU-DET/train/images/scratches/scratches_216.jpg,4,inclusion,1,56,34,76,train
/Users/christopherbrantner/local/projects/portfolio/surface-defect-classifier/results/chips/train/scratches/scratches_217_bb00.png,/Users/christopherbrantner/local/projects/portfolio/surface-defect-classifier/NEU-DET/train/images/scratches/scratches_217.jpg,0,scratches,32,1,64,198,train
/Users/christopherbrantner/local/projects/portfolio/surface-defect-classifier/results/chips/train/scratches/scratches_217_bb01.png,/Users/christopherbrantner/local/projects/portfolio/surface-defect-classifier/NEU-DET/train/images/scratches/scratches_217.jpg,1,scratches,101,1,116,54,train
/Users/christopherbrantner/local/projects/portfolio/surface-defect-classifier/results/chips/train/scratches/scratches_217_bb02.png,/Users/christopherbrantner/local/projects/portfolio/surface-defect-classifier/NEU-DET/train/images/scratches/scratches_217.jpg,2,scratches,128,139,148,199,train
/Users/christopherbrantner/local/projects/portfolio/surface-defect-classifier/results/chips/train/scratches/scratches_218_bb00.png,/Users/christopherbrantner/local/projects/portfolio/surface-defect-classifier/NEU-DET/train/images/scratches/scratches_218.jpg,0,scratches,57,55,88,198,train
/Users/christopherbrantner/local/projects/portfolio/surface-defect-classifier/results/chips/train/scratches/scratches_218_bb01.png,/Users/christopherbrantner/local/projects/portfolio/surface-defect-classifier/NEU-DET/train/images/scratches/scratches_218.jpg,1,scratches,48,1,62,66,train
/Users/christopherbrantner/local/projects/portfolio/surface-defect-classifier/results/chips/train/scratches/scratches_218_bb02.png,/Users/christopherbrantner/local/projects/portfolio/surface-defect-classifier/NEU-DET/train/images/scratches/scratches_218.jpg,2,scratches,125,59,142,159,train
/Users/christopherbrantner/local/projects/portfolio/surface-defect-classifier/results/chips/train/scratches/scratches_218_bb03.png,/Users/christopherbrantner/local/projects/portfolio/surface-defect-classifier/NEU-DET/train/images/scratches/scratches_218.jpg,3,scratches,12,64,26,163,train
/Users/christopherbrantner/local/projects/portfolio/surface-defect-classifier/results/chips/train/scratches/scratches_219_bb00.png,/Users/christopherbrantner/local/projects/portfolio/surface-defect-classifier/NEU-DET/train/images/scratches/scratches_219.jpg,0,scratches,83,4,99,117,train
/Users/christopherbrantner/local/projects/portfolio/surface-defect-classifier/results/chips/train/scratches/scratches_219_bb01.png,/Users/christopherbrantner/local/projects/portfolio/surface-defect-classifier/NEU-DET/train/images/scratches/scratches_219.jpg,1,scratches,160,111,178,199,train
/Users/christopherbrantner/local/projects/portfolio/surface-defect-classifier/results/chips/train/scratches/scratches_219_bb02.png,/Users/christopherbrantner/local/projects/portfolio/surface-defect-classifier/NEU-DET/train/images/scratches/scratches_219.jpg,2,scratches,48,114,62,197,train
/Users/christopherbrantner/local/projects/portfolio/surface-defect-classifier/results/chips/train/scratches/scratches_219_bb03.png,/Users/christopherbrantner/local/projects/portfolio/surface-defect-classifier/NEU-DET/train/images/scratches/scratches_219.jpg,3,scratches,107,75,129,198,train
/Users/christopherbrantner/local/projects/portfolio/surface-defect-classifier/results/chips/train/scratches/scratches_22_bb00.png,/Users/christopherbrantner/local/projects/portfolio/surface-defect-classifier/NEU-DET/train/images/scratches/scratches_22.jpg,0,scratches,21,1,34,76,train
/Users/christopherbrantner/local/projects/portfolio/surface-defect-classifier/results/chips/train/scratches/scratches_22_bb01.png,/Users/christopherbrantner/local/projects/portfolio/surface-defect-classifier/NEU-DET/train/images/scratches/scratches_22.jpg,1,scratches,19,100,33,197,train
/Users/christopherbrantner/local/projects/portfolio/surface-defect-classifier/results/chips/train/scratches/scratches_22_bb02.png,/Users/christopherbrantner/local/projects/portfolio/surface-defect-classifier/NEU-DET/train/images/scratches/scratches_22.jpg,2,scratches,1,14,23,51,train
/Users/christopherbrantner/local/projects/portfolio/surface-defect-classifier/results/chips/train/scratches/scratches_220_bb00.png,/Users/christopherbrantner/local/projects/portfolio/surface-defect-classifier/NEU-DET/train/images/scratches/scratches_220.jpg,0,scratches,141,1,165,116,train
/Users/christopherbrantner/local/projects/portfolio/surface-defect-classifier/results/chips/train/scratches/scratches_220_bb01.png,/Users/christopherbrantner/local/projects/portfolio/surface-defect-classifier/NEU-DET/train/images/scratches/scratches_220.jpg,1,scratches,105,1,135,112,train
/Users/christopherbrantner/local/projects/portfolio/surface-defect-classifier/results/chips/train/scratches/scratches_220_bb02.png,/Users/christopherbrantner/local/projects/portfolio/surface-defect-classifier/NEU-DET/train/images/scratches/scratches_220.jpg,2,scratches,79,16,93,193,train
/Users/christopherbrantner/local/projects/portfolio/surface-defect-classifier/results/chips/train/scratches/scratches_221_bb00.png,/Users/christopherbrantner/local/projects/portfolio/surface-defect-classifier/NEU-DET/train/images/scratches/scratches_221.jpg,0,scratches,17,1,47,144,train
/Users/christopherbrantner/local/projects/portfolio/surface-defect-classifier/results/chips/train/scratches/scratches_221_bb01.png,/Users/christopherbrantner/local/projects/portfolio/surface-defect-classifier/NEU-DET/train/images/scratches/scratches_221.jpg,1,scratches,156,31,174,180,train
/Users/christopherbrantner/local/projects/portfolio/surface-defect-classifier/results/chips/train/scratches/scratches_221_bb02.png,/Users/christopherbrantner/local/projects/portfolio/surface-defect-classifier/NEU-DET/train/images/scratches/scratches_221.jpg,2,scratches,85,1,110,148,train
/Users/christopherbrantner/local/projects/portfolio/surface-defect-classifier/results/chips/train/scratches/scratches_222_bb00.png,/Users/christopherbrantner/local/projects/portfolio/surface-defect-classifier/NEU-DET/train/images/scratches/scratches_222.jpg,0,scratches,39,101,58,200,train
/Users/christopherbrantner/local/projects/portfolio/surface-defect-classifier/results/chips/train/scratches/scratches_222_bb01.png,/Users/christopherbrantner/local/projects/portfolio/surface-defect-classifier/NEU-DET/train/images/scratches/scratches_222.jpg,1,scratches,98,2,117,147,train
/Users/christopherbrantner/local/projects/portfolio/surface-defect-classifier/results/chips/train/scratches/scratches_222_bb02.png,/Users/christopherbrantner/local/projects/portfolio/surface-defect-classifier/NEU-DET/train/images/scratches/scratches_222.jpg,2,scratches,28,21,45,86,train
/Users/christopherbrantner/local/projects/portfolio/surface-defect-classifier/results/chips/train/inclusion/scratches_222_bb03.png,/Users/christopherbrantner/local/projects/portfolio/surface-defect-classifier/NEU-DET/train/images/scratches/scratches_222.jpg,3,inclusion,155,2,186,197,train
/Users/christopherbrantner/local/projects/portfolio/surface-defect-classifier/results/chips/train/inclusion/scratches_222_bb04.png,/Users/christopherbrantner/local/projects/portfolio/surface-defect-classifier/NEU-DET/train/images/scratches/scratches_222.jpg,4,inclusion,137,70,149,200,train
/Users/christopherbrantner/local/projects/portfolio/surface-defect-classifier/results/chips/train/scratches/scratches_223_bb00.png,/Users/christopherbrantner/local/projects/portfolio/surface-defect-classifier/NEU-DET/train/images/scratches/scratches_223.jpg,0,scratches,59,8,81,105,train
/Users/christopherbrantner/local/projects/portfolio/surface-defect-classifier/results/chips/train/scratches/scratches_223_bb01.png,/Users/christopherbrantner/local/projects/portfolio/surface-defect-classifier/NEU-DET/train/images/scratches/scratches_223.jpg,1,scratches,127,108,144,200,train
/Users/christopherbrantner/local/projects/portfolio/surface-defect-classifier/results/chips/train/inclusion/scratches_223_bb02.png,/Users/christopherbrantner/local/projects/portfolio/surface-defect-classifier/NEU-DET/train/images/scratches/scratches_223.jpg,2,inclusion,160,5,195,196,train
/Users/christopherbrantner/local/projects/portfolio/surface-defect-classifier/results/chips/train/scratches/scratches_224_bb00.png,/Users/christopherbrantner/local/projects/portfolio/surface-defect-classifier/NEU-DET/train/images/scratches/scratches_224.jpg,0,scratches,40,27,55,172,train
/Users/christopherbrantner/local/projects/portfolio/surface-defect-classifier/results/chips/train/scratches/scratches_224_bb01.png,/Users/christopherbrantner/local/projects/portfolio/surface-defect-classifier/NEU-DET/train/images/scratches/scratches_224.jpg,1,scratches,134,37,145,200,train
/Users/christopherbrantner/local/projects/portfolio/surface-defect-classifier/results/chips/train/scratches/scratches_224_bb02.png,/Users/christopherbrantner/local/projects/portfolio/surface-defect-classifier/NEU-DET/train/images/scratches/scratches_224.jpg,2,scratches,105,58,117,199,train
/Users/christopherbrantner/local/projects/portfolio/surface-defect-classifier/results/chips/train/inclusion/scratches_224_bb03.png,/Users/christopherbrantner/local/projects/portfolio/surface-defect-classifier/NEU-DET/train/images/scratches/scratches_224.jpg,3,inclusion,99,1,123,66,train
/Users/christopherbrantner/local/projects/portfolio/surface-defect-classifier/results/chips/train/scratches/scratches_225_bb00.png,/Users/christopherbrantner/local/projects/portfolio/surface-defect-classifier/NEU-DET/train/images/scratches/scratches_225.jpg,0,scratches,53,52,70,155,train
/Users/christopherbrantner/local/projects/portfolio/surface-defect-classifier/results/chips/train/scratches/scratches_225_bb01.png,/Users/christopherbrantner/local/projects/portfolio/surface-defect-classifier/NEU-DET/train/images/scratches/scratches_225.jpg,1,scratches,173,1,186,86,train
/Users/christopherbrantner/local/projects/portfolio/surface-defect-classifier/results/chips/train/scratches/scratches_225_bb02.png,/Users/christopherbrantner/local/projects/portfolio/surface-defect-classifier/NEU-DET/train/images/scratches/scratches_225.jpg,2,scratches,162,137,182,198,train
/Users/christopherbrantner/local/projects/portfolio/surface-defect-classifier/results/chips/train/scratches/scratches_225_bb03.png,/Users/christopherbrantner/local/projects/portfolio/surface-defect-classifier/NEU-DET/train/images/scratches/scratches_225.jpg,3,scratches,1,3,16,184,train
/Users/christopherbrantner/local/projects/portfolio/surface-defect-classifier/results/chips/train/inclusion/scratches_225_bb04.png,/Users/christopherbrantner/local/projects/portfolio/surface-defect-classifier/NEU-DET/train/images/scratches/scratches_225.jpg,4,inclusion,174,179,199,200,train
/Users/christopherbrantner/local/projects/portfolio/surface-defect-classifier/results/chips/train/scratches/scratches_226_bb00.png,/Users/christopherbrantner/local/projects/portfolio/surface-defect-classifier/NEU-DET/train/images/scratches/scratches_226.jpg,0,scratches,71,11,84,199,train
/Users/christopherbrantner/local/projects/portfolio/surface-defect-classifier/results/chips/train/scratches/scratches_226_bb01.png,/Users/christopherbrantner/local/projects/portfolio/surface-defect-classifier/NEU-DET/train/images/scratches/scratches_226.jpg,1,scratches,38,4,56,184,train
/Users/christopherbrantner/local/projects/portfolio/surface-defect-classifier/results/chips/train/inclusion/scratches_226_bb02.png,/Users/christopherbrantner/local/projects/portfolio/surface-defect-classifier/NEU-DET/train/images/scratches/scratches_226.jpg,2,inclusion,12,1,25,91,train
/Users/christopherbrantner/local/projects/portfolio/surface-defect-classifier/results/chips/train/inclusion/scratches_226_bb03.png,/Users/christopherbrantner/local/projects/portfolio/surface-defect-classifier/NEU-DET/train/images/scratches/scratches_226.jpg,3,inclusion,1,100,53,164,train
/Users/christopherbrantner/local/projects/portfolio/surface-defect-classifier/results/chips/train/scratches/scratches_227_bb00.png,/Users/christopherbrantner/local/projects/portfolio/surface-defect-classifier/NEU-DET/train/images/scratches/scratches_227.jpg,0,scratches,74,33,100,200,train
/Users/christopherbrantner/local/projects/portfolio/surface-defect-classifier/results/chips/train/scratches/scratches_228_bb00.png,/Users/christopherbrantner/local/projects/portfolio/surface-defect-classifier/NEU-DET/train/images/scratches/scratches_228.jpg,0,scratches,21,7,37,200,train
/Users/christopherbrantner/local/projects/portfolio/surface-defect-classifier/results/chips/train/pitted_surface/scratches_228_bb01.png,/Users/christopherbrantner/local/projects/portfolio/surface-defect-classifier/NEU-DET/train/images/scratches/scratches_228.jpg,1,pitted_surface,67,55,131,187,train
/Users/christopherbrantner/local/projects/portfolio/surface-defect-classifier/results/chips/train/patches/scratches_228_bb02.png,/Users/christopherbrantner/local/projects/portfolio/surface-defect-classifier/NEU-DET/train/images/scratches/scratches_228.jpg,2,patches,167,89,200,122,train
/Users/christopherbrantner/local/projects/portfolio/surface-defect-classifier/results/chips/train/scratches/scratches_229_bb00.png,/Users/christopherbrantner/local/projects/portfolio/surface-defect-classifier/NEU-DET/train/images/scratches/scratches_229.jpg,0,scratches,71,55,87,200,train
/Users/christopherbrantner/local/projects/portfolio/surface-defect-classifier/results/chips/train/inclusion/scratches_229_bb01.png,/Users/christopherbrantner/local/projects/portfolio/surface-defect-classifier/NEU-DET/train/images/scratches/scratches_229.jpg,1,inclusion,95,1,114,41,train
/Users/christopherbrantner/local/projects/portfolio/surface-defect-classifier/results/chips/train/scratches/scratches_23_bb00.png,/Users/christopherbrantner/local/projects/portfolio/surface-defect-classifier/NEU-DET/train/images/scratches/scratches_23.jpg,0,scratches,128,1,141,56,train
/Users/christopherbrantner/local/projects/portfolio/surface-defect-classifier/results/chips/train/scratches/scratches_23_bb01.png,/Users/christopherbrantner/local/projects/portfolio/surface-defect-classifier/NEU-DET/train/images/scratches/scratches_23.jpg,1,scratches,122,90,140,199,train
/Users/christopherbrantner/local/projects/portfolio/surface-defect-classifier/results/chips/train/scratches/scratches_23_bb02.png,/Users/christopherbrantner/local/projects/portfolio/surface-defect-classifier/NEU-DET/train/images/scratches/scratches_23.jpg,2,scratches,38,2,124,198,train
/Users/christopherbrantner/local/projects/portfolio/surface-defect-classifier/results/chips/train/scratches/scratches_230_bb00.png,/Users/christopherbrantner/local/projects/portfolio/surface-defect-classifier/NEU-DET/train/images/scratches/scratches_230.jpg,0,scratches,108,4,125,199,train
/Users/christopherbrantner/local/projects/portfolio/surface-defect-classifier/results/chips/train/scratches/scratches_230_bb01.png,/Users/christopherbrantner/local/projects/portfolio/surface-defect-classifier/NEU-DET/train/images/scratches/scratches_230.jpg,1,scratches,45,3,60,199,train
/Users/christopherbrantner/local/projects/portfolio/surface-defect-classifier/results/chips/train/scratches/scratches_230_bb02.png,/Users/christopherbrantner/local/projects/portfolio/surface-defect-classifier/NEU-DET/train/images/scratches/scratches_230.jpg,2,scratches,80,2,96,168,train
/Users/christopherbrantner/local/projects/portfolio/surface-defect-classifier/results/chips/train/scratches/scratches_230_bb03.png,/Users/christopherbrantner/local/projects/portfolio/surface-defect-classifier/NEU-DET/train/images/scratches/scratches_230.jpg,3,scratches,161,10,177,168,train
/Users/christopherbrantner/local/projects/portfolio/surface-defect-classifier/results/chips/train/inclusion/scratches_230_bb04.png,/Users/christopherbrantner/local/projects/portfolio/surface-defect-classifier/NEU-DET/train/images/scratches/scratches_230.jpg,4,inclusion,1,77,118,130,train
/Users/christopherbrantner/local/projects/portfolio/surface-defect-classifier/results/chips/train/scratches/scratches_231_bb00.png,/Users/christopherbrantner/local/projects/portfolio/surface-defect-classifier/NEU-DET/train/images/scratches/scratches_231.jpg,0,scratches,13,1,45,195,train
/Users/christopherbrantner/local/projects/portfolio/surface-defect-classifier/results/chips/train/scratches/scratches_231_bb01.png,/Users/christopherbrantner/local/projects/portfolio/surface-defect-classifier/NEU-DET/train/images/scratches/scratches_231.jpg,1,scratches,145,3,160,200,train
/Users/christopherbrantner/local/projects/portfolio/surface-defect-classifier/results/chips/train/inclusion/scratches_231_bb03.png,/Users/christopherbrantner/local/projects/portfolio/surface-defect-classifier/NEU-DET/train/images/scratches/scratches_231.jpg,3,inclusion,12,120,100,151,train
/Users/christopherbrantner/local/projects/portfolio/surface-defect-classifier/results/chips/train/scratches/scratches_232_bb00.png,/Users/christopherbrantner/local/projects/portfolio/surface-defect-classifier/NEU-DET/train/images/scratches/scratches_232.jpg,0,scratches,143,74,160,179,train
/Users/christopherbrantner/local/projects/portfolio/surface-defect-classifier/results/chips/train/scratches/scratches_232_bb01.png,/Users/christopherbrantner/local/projects/portfolio/surface-defect-classifier/NEU-DET/train/images/scratches/scratches_232.jpg,1,scratches,37,69,170,82,train
/Users/christopherbrantner/local/projects/portfolio/surface-defect-classifier/results/chips/train/scratches/scratches_233_bb00.png,/Users/christopherbrantner/local/projects/portfolio/surface-defect-classifier/NEU-DET/train/images/scratches/scratches_233.jpg,0,scratches,3,61,200,80,train
/Users/christopherbrantner/local/projects/portfolio/surface-defect-classifier/results/chips/train/scratches/scratches_233_bb01.png,/Users/christopherbrantner/local/projects/portfolio/surface-defect-classifier/NEU-DET/train/images/scratches/scratches_233.jpg,1,scratches,1,144,70,156,train
/Users/christopherbrantner/local/projects/portfolio/surface-defect-classifier/results/chips/train/inclusion/scratches_233_bb03.png,/Users/christopherbrantner/local/projects/portfolio/surface-defect-classifier/NEU-DET/train/images/scratches/scratches_233.jpg,3,inclusion,79,152,91,189,train
/Users/christopherbrantner/local/projects/portfolio/surface-defect-classifier/results/chips/train/scratches/scratches_234_bb00.png,/Users/christopherbrantner/local/projects/portfolio/surface-defect-classifier/NEU-DET/train/images/scratches/scratches_234.jpg,0,scratches,1,68,179,85,train
/Users/christopherbrantner/local/projects/portfolio/surface-defect-classifier/results/chips/train/scratches/scratches_234_bb01.png,/Users/christopherbrantner/local/projects/portfolio/surface-defect-classifier/NEU-DET/train/images/scratches/scratches_234.jpg,1,scratches,15,137,198,158,train
/Users/christopherbrantner/local/projects/portfolio/surface-defect-classifier/results/chips/train/scratches/scratches_235_bb00.png,/Users/christopherbrantner/local/projects/portfolio/surface-defect-classifier/NEU-DET/train/images/scratches/scratches_235.jpg,0,scratches,1,79,198,94,train
/Users/christopherbrantner/local/projects/portfolio/surface-defect-classifier/results/chips/train/scratches/scratches_236_bb00.png,/Users/christopherbrantner/local/projects/portfolio/surface-defect-classifier/NEU-DET/train/images/scratches/scratches_236.jpg,0,scratches,44,90,189,106,train
/Users/christopherbrantner/local/projects/portfolio/surface-defect-classifier/results/chips/train/scratches/scratches_236_bb01.png,/Users/christopherbrantner/local/projects/portfolio/surface-defect-classifier/NEU-DET/train/images/scratches/scratches_236.jpg,1,scratches,150,48,190,71,train
/Users/christopherbrantner/local/projects/portfolio/surface-defect-classifier/results/chips/train/scratches/scratches_236_bb02.png,/Users/christopherbrantner/local/projects/portfolio/surface-defect-classifier/NEU-DET/train/images/scratches/scratches_236.jpg,2,scratches,1,117,124,135,train
/Users/christopherbrantner/local/projects/portfolio/surface-defect-classifier/results/chips/train/inclusion/scratches_236_bb03.png,/Users/christopherbrantner/local/projects/portfolio/surface-defect-classifier/NEU-DET/train/images/scratches/scratches_236.jpg,3,inclusion,155,25,165,110,train
/Users/christopherbrantner/local/projects/portfolio/surface-defect-classifier/results/chips/train/scratches/scratches_237_bb00.png,/Users/christopherbrantner/local/projects/portfolio/surface-defect-classifier/NEU-DET/train/images/scratches/scratches_237.jpg,0,scratches,26,158,199,176,train
/Users/christopherbrantner/local/projects/portfolio/surface-defect-classifier/results/chips/train/scratches/scratches_237_bb01.png,/Users/christopherbrantner/local/projects/portfolio/surface-defect-classifier/NEU-DET/train/images/scratches/scratches_237.jpg,1,scratches,1,37,196,52,train
/Users/christopherbrantner/local/projects/portfolio/surface-defect-classifier/results/chips/train/scratches/scratches_238_bb00.png,/Users/christopherbrantner/local/projects/portfolio/surface-defect-classifier/NEU-DET/train/images/scratches/scratches_238.jpg,0,scratches,1,22,112,37,train
/Users/christopherbrantner/local/projects/portfolio/surface-defect-classifier/results/chips/train/scratches/scratches_238_bb01.png,/Users/christopherbrantner/local/projects/portfolio/surface-defect-classifier/NEU-DET/train/images/scratches/scratches_238.jpg,1,scratches,1,133,199,167,train
/Users/christopherbrantner/local/projects/portfolio/surface-defect-classifier/results/chips/train/scratches/scratches_239_bb00.png,/Users/christopherbrantner/local/projects/portfolio/surface-defect-classifier/NEU-DET/train/images/scratches/scratches_239.jpg,0,scratches,55,152,157,169,train
/Users/christopherbrantner/local/projects/portfolio/surface-defect-classifier/results/chips/train/scratches/scratches_239_bb01.png,/Users/christopherbrantner/local/projects/portfolio/surface-defect-classifier/NEU-DET/train/images/scratches/scratches_239.jpg,1,scratches,4,87,197,116,train
/Users/christopherbrantner/local/projects/portfolio/surface-defect-classifier/results/chips/train/scratches/scratches_239_bb02.png,/Users/christopherbrantner/local/projects/portfolio/surface-defect-classifier/NEU-DET/train/images/scratches/scratches_239.jpg,2,scratches,152,76,200,89,train
/Users/christopherbrantner/local/projects/portfolio/surface-defect-classifier/results/chips/train/scratches/scratches_24_bb00.png,/Users/christopherbrantner/local/projects/portfolio/surface-defect-classifier/NEU-DET/train/images/scratches/scratches_24.jpg,0,scratches,17,1,56,198,train
/Users/christopherbrantner/local/projects/portfolio/surface-defect-classifier/results/chips/train/scratches/scratches_240_bb00.png,/Users/christopherbrantner/local/projects/portfolio/surface-defect-classifier/NEU-DET/train/images/scratches/scratches_240.jpg,0,scratches,53,132,199,160,train
/Users/christopherbrantner/local/projects/portfolio/surface-defect-classifier/results/chips/train/scratches/scratches_240_bb01.png,/Users/christopherbrantner/local/projects/portfolio/surface-defect-classifier/NEU-DET/train/images/scratches/scratches_240.jpg,1,scratches,61,102,199,128,train
/Users/christopherbrantner/local/projects/portfolio/surface-defect-classifier/results/chips/train/scratches/scratches_240_bb02.png,/Users/christopherbrantner/local/projects/portfolio/surface-defect-classifier/NEU-DET/train/images/scratches/scratches_240.jpg,2,scratches,13,75,156,88,train
/Users/christopherbrantner/local/projects/portfolio/surface-defect-classifier/results/chips/train/scratches/scratches_240_bb03.png,/Users/christopherbrantner/local/projects/portfolio/surface-defect-classifier/NEU-DET/train/images/scratches/scratches_240.jpg,3,scratches,123,166,195,176,train
/Users/christopherbrantner/local/projects/portfolio/surface-defect-classifier/results/chips/train/scratches/scratches_25_bb00.png,/Users/christopherbrantner/local/projects/portfolio/surface-defect-classifier/NEU-DET/train/images/scratches/scratches_25.jpg,0,scratches,35,1,97,198,train
/Users/christopherbrantner/local/projects/portfolio/surface-defect-classifier/results/chips/train/scratches/scratches_25_bb01.png,/Users/christopherbrantner/local/projects/portfolio/surface-defect-classifier/NEU-DET/train/images/scratches/scratches_25.jpg,1,scratches,112,5,151,198,train
/Users/christopherbrantner/local/projects/portfolio/surface-defect-classifier/results/chips/train/scratches/scratches_26_bb00.png,/Users/christopherbrantner/local/projects/portfolio/surface-defect-classifier/NEU-DET/train/images/scratches/scratches_26.jpg,0,scratches,19,1,60,133,train
/Users/christopherbrantner/local/projects/portfolio/surface-defect-classifier/results/chips/train/scratches/scratches_26_bb01.png,/Users/christopherbrantner/local/projects/portfolio/surface-defect-classifier/NEU-DET/train/images/scratches/scratches_26.jpg,1,scratches,41,149,59,199,train
/Users/christopherbrantner/local/projects/portfolio/surface-defect-classifier/results/chips/train/scratches/scratches_27_bb00.png,/Users/christopherbrantner/local/projects/portfolio/surface-defect-classifier/NEU-DET/train/images/scratches/scratches_27.jpg,0,scratches,13,1,59,199,train
/Users/christopherbrantner/local/projects/portfolio/surface-defect-classifier/results/chips/train/scratches/scratches_27_bb01.png,/Users/christopherbrantner/local/projects/portfolio/surface-defect-classifier/NEU-DET/train/images/scratches/scratches_27.jpg,1,scratches,61,92,90,157,train
/Users/christopherbrantner/local/projects/portfolio/surface-defect-classifier/results/chips/train/scratches/scratches_27_bb02.png,/Users/christopherbrantner/local/projects/portfolio/surface-defect-classifier/NEU-DET/train/images/scratches/scratches_27.jpg,2,scratches,103,6,143,144,train
/Users/christopherbrantner/local/projects/portfolio/surface-defect-classifier/results/chips/train/scratches/scratches_27_bb03.png,/Users/christopherbrantner/local/projects/portfolio/surface-defect-classifier/NEU-DET/train/images/scratches/scratches_27.jpg,3,scratches,127,146,144,199,train
/Users/christopherbrantner/local/projects/portfolio/surface-defect-classifier/results/chips/train/scratches/scratches_28_bb00.png,/Users/christopherbrantner/local/projects/portfolio/surface-defect-classifier/NEU-DET/train/images/scratches/scratches_28.jpg,0,scratches,8,14,24,98,train
/Users/christopherbrantner/local/projects/portfolio/surface-defect-classifier/results/chips/train/scratches/scratches_28_bb01.png,/Users/christopherbrantner/local/projects/portfolio/surface-defect-classifier/NEU-DET/train/images/scratches/scratches_28.jpg,1,scratches,9,144,22,199,train
/Users/christopherbrantner/local/projects/portfolio/surface-defect-classifier/results/chips/train/scratches/scratches_29_bb00.png,/Users/christopherbrantner/local/projects/portfolio/surface-defect-classifier/NEU-DET/train/images/scratches/scratches_29.jpg,0,scratches,52,61,80,158,train
/Users/christopherbrantner/local/projects/portfolio/surface-defect-classifier/results/chips/train/scratches/scratches_29_bb01.png,/Users/christopherbrantner/local/projects/portfolio/surface-defect-classifier/NEU-DET/train/images/scratches/scratches_29.jpg,1,scratches,93,119,109,199,train
/Users/christopherbrantner/local/projects/portfolio/surface-defect-classifier/results/chips/train/scratches/scratches_29_bb02.png,/Users/christopherbrantner/local/projects/portfolio/surface-defect-classifier/NEU-DET/train/images/scratches/scratches_29.jpg,2,scratches,94,1,111,70,train
/Users/christopherbrantner/local/projects/portfolio/surface-defect-classifier/results/chips/train/scratches/scratches_3_bb00.png,/Users/christopherbrantner/local/projects/portfolio/surface-defect-classifier/NEU-DET/train/images/scratches/scratches_3.jpg,0,scratches,148,165,176,199,train
/Users/christopherbrantner/local/projects/portfolio/surface-defect-classifier/results/chips/train/scratches/scratches_3_bb01.png,/Users/christopherbrantner/local/projects/portfolio/surface-defect-classifier/NEU-DET/train/images/scratches/scratches_3.jpg,1,scratches,167,40,179,121,train
/Users/christopherbrantner/local/projects/portfolio/surface-defect-classifier/results/chips/train/scratches/scratches_30_bb00.png,/Users/christopherbrantner/local/projects/portfolio/surface-defect-classifier/NEU-DET/train/images/scratches/scratches_30.jpg,0,scratches,14,1,34,73,train
/Users/christopherbrantner/local/projects/portfolio/surface-defect-classifier/results/chips/train/scratches/scratches_30_bb01.png,/Users/christopherbrantner/local/projects/portfolio/surface-defect-classifier/NEU-DET/train/images/scratches/scratches_30.jpg,1,scratches,61,1,77,26,train
/Users/christopherbrantner/local/projects/portfolio/surface-defect-classifier/results/chips/train/scratches/scratches_30_bb02.png,/Users/christopherbrantner/local/projects/portfolio/surface-defect-classifier/NEU-DET/train/images/scratches/scratches_30.jpg,2,scratches,129,18,143,97,train
/Users/christopherbrantner/local/projects/portfolio/surface-defect-classifier/results/chips/train/scratches/scratches_30_bb03.png,/Users/christopherbrantner/local/projects/portfolio/surface-defect-classifier/NEU-DET/train/images/scratches/scratches_30.jpg,3,scratches,88,91,114,190,train
/Users/christopherbrantner/local/projects/portfolio/surface-defect-classifier/results/chips/train/scratches/scratches_30_bb04.png,/Users/christopherbrantner/local/projects/portfolio/surface-defect-classifier/NEU-DET/train/images/scratches/scratches_30.jpg,4,scratches,130,149,142,198,train
/Users/christopherbrantner/local/projects/portfolio/surface-defect-classifier/results/chips/train/scratches/scratches_31_bb00.png,/Users/christopherbrantner/local/projects/portfolio/surface-defect-classifier/NEU-DET/train/images/scratches/scratches_31.jpg,0,scratches,126,1,140,80,train
/Users/christopherbrantner/local/projects/portfolio/surface-defect-classifier/results/chips/train/scratches/scratches_31_bb01.png,/Users/christopherbrantner/local/projects/portfolio/surface-defect-classifier/NEU-DET/train/images/scratches/scratches_31.jpg,1,scratches,123,115,137,199,train
/Users/christopherbrantner/local/projects/portfolio/surface-defect-classifier/results/chips/train/scratches/scratches_32_bb00.png,/Users/christopherbrantner/local/projects/portfolio/surface-defect-classifier/NEU-DET/train/images/scratches/scratches_32.jpg,0,scratches,31,1,44,42,train
/Users/christopherbrantner/local/projects/portfolio/surface-defect-classifier/results/chips/train/scratches/scratches_32_bb01.png,/Users/christopherbrantner/local/projects/portfolio/surface-defect-classifier/NEU-DET/train/images/scratches/scratches_32.jpg,1,scratches,27,68,42,187,train
/Users/christopherbrantner/local/projects/portfolio/surface-defect-classifier/results/chips/train/scratches/scratches_32_bb02.png,/Users/christopherbrantner/local/projects/portfolio/surface-defect-classifier/NEU-DET/train/images/scratches/scratches_32.jpg,2,scratches,177,61,193,180,train
/Users/christopherbrantner/local/projects/portfolio/surface-defect-classifier/results/chips/train/inclusion/scratches_32_bb03.png,/Users/christopherbrantner/local/projects/portfolio/surface-defect-classifier/NEU-DET/train/images/scratches/scratches_32.jpg,3,inclusion,105,84,120,116,train
/Users/christopherbrantner/local/projects/portfolio/surface-defect-classifier/results/chips/train/scratches/scratches_33_bb00.png,/Users/christopherbrantner/local/projects/portfolio/surface-defect-classifier/NEU-DET/train/images/scratches/scratches_33.jpg,0,scratches,107,30,124,150,train
/Users/christopherbrantner/local/projects/portfolio/surface-defect-classifier/results/chips/train/inclusion/scratches_33_bb01.png,/Users/christopherbrantner/local/projects/portfolio/surface-defect-classifier/NEU-DET/train/images/scratches/scratches_33.jpg,1,inclusion,38,47,52,80,train
/Users/christopherbrantner/local/projects/portfolio/surface-defect-classifier/results/chips/train/scratches/scratches_34_bb00.png,/Users/christopherbrantner/local/projects/portfolio/surface-defect-classifier/NEU-DET/train/images/scratches/scratches_34.jpg,0,scratches,135,37,160,198,train
/Users/christopherbrantner/local/projects/portfolio/surface-defect-classifier/results/chips/train/scratches/scratches_35_bb00.png,/Users/christopherbrantner/local/projects/portfolio/surface-defect-classifier/NEU-DET/train/images/scratches/scratches_35.jpg,0,scratches,104,10,128,199,train
/Users/christopherbrantner/local/projects/portfolio/surface-defect-classifier/results/chips/train/scratches/scratches_36_bb00.png,/Users/christopherbrantner/local/projects/portfolio/surface-defect-classifier/NEU-DET/train/images/scratches/scratches_36.jpg,0,scratches,38,10,62,199,train
/Users/christopherbrantner/local/projects/portfolio/surface-defect-classifier/results/chips/train/scratches/scratches_37_bb00.png,/Users/christopherbrantner/local/projects/portfolio/surface-defect-classifier/NEU-DET/train/images/scratches/scratches_37.jpg,0,scratches,156,1,183,200,train
/Users/christopherbrantner/local/projects/portfolio/surface-defect-classifier/results/chips/train/scratches/scratches_38_bb00.png,/Users/christopherbrantner/local/projects/portfolio/surface-defect-classifier/NEU-DET/train/images/scratches/scratches_38.jpg,0,scratches,96,1,122,199,train
/Users/christopherbrantner/local/projects/portfolio/surface-defect-classifier/results/chips/train/scratches/scratches_39_bb00.png,/Users/christopherbrantner/local/projects/portfolio/surface-defect-classifier/NEU-DET/train/images/scratches/scratches_39.jpg,0,scratches,12,1,39,199,train
/Users/christopherbrantner/local/projects/portfolio/surface-defect-classifier/results/chips/train/scratches/scratches_4_bb00.png,/Users/christopherbrantner/local/projects/portfolio/surface-defect-classifier/NEU-DET/train/images/scratches/scratches_4.jpg,0,scratches,157,62,199,199,train
/Users/christopherbrantner/local/projects/portfolio/surface-defect-classifier/results/chips/train/scratches/scratches_40_bb00.png,/Users/christopherbrantner/local/projects/portfolio/surface-defect-classifier/NEU-DET/train/images/scratches/scratches_40.jpg,0,scratches,121,1,144,199,train
/Users/christopherbrantner/local/projects/portfolio/surface-defect-classifier/results/chips/train/scratches/scratches_41_bb00.png,/Users/christopherbrantner/local/projects/portfolio/surface-defect-classifier/NEU-DET/train/images/scratches/scratches_41.jpg,0,scratches,28,1,55,199,train
/Users/christopherbrantner/local/projects/portfolio/surface-defect-classifier/results/chips/train/scratches/scratches_42_bb00.png,/Users/christopherbrantner/local/projects/portfolio/surface-defect-classifier/NEU-DET/train/images/scratches/scratches_42.jpg,0,scratches,93,1,122,182,train
/Users/christopherbrantner/local/projects/portfolio/surface-defect-classifier/results/chips/train/scratches/scratches_43_bb00.png,/Users/christopherbrantner/local/projects/portfolio/surface-defect-classifier/NEU-DET/train/images/scratches/scratches_43.jpg,0,scratches,79,14,95,188,train
/Users/christopherbrantner/local/projects/portfolio/surface-defect-classifier/results/chips/train/scratches/scratches_44_bb00.png,/Users/christopherbrantner/local/projects/portfolio/surface-defect-classifier/NEU-DET/train/images/scratches/scratches_44.jpg,0,scratches,93,8,111,190,train
/Users/christopherbrantner/local/projects/portfolio/surface-defect-classifier/results/chips/train/scratches/scratches_45_bb00.png,/Users/christopherbrantner/local/projects/portfolio/surface-defect-classifier/NEU-DET/train/images/scratches/scratches_45.jpg,0,scratches,1,78,199,100,train
/Users/christopherbrantner/local/projects/portfolio/surface-defect-classifier/results/chips/train/scratches/scratches_46_bb00.png,/Users/christopherbrantner/local/projects/portfolio/surface-defect-classifier/NEU-DET/train/images/scratches/scratches_46.jpg,0,scratches,1,149,194,169,train
/Users/christopherbrantner/local/projects/portfolio/surface-defect-classifier/results/chips/train/scratches/scratches_47_bb00.png,/Users/christopherbrantner/local/projects/portfolio/surface-defect-classifier/NEU-DET/train/images/scratches/scratches_47.jpg,0,scratches,28,44,52,199,train
/Users/christopherbrantner/local/projects/portfolio/surface-defect-classifier/results/chips/train/scratches/scratches_48_bb00.png,/Users/christopherbrantner/local/projects/portfolio/surface-defect-classifier/NEU-DET/train/images/scratches/scratches_48.jpg,0,scratches,157,44,181,198,train
/Users/christopherbrantner/local/projects/portfolio/surface-defect-classifier/results/chips/train/inclusion/scratches_48_bb01.png,/Users/christopherbrantner/local/projects/portfolio/surface-defect-classifier/NEU-DET/train/images/scratches/scratches_48.jpg,1,inclusion,36,1,53,43,train
/Users/christopherbrantner/local/projects/portfolio/surface-defect-classifier/results/chips/train/scratches/scratches_49_bb00.png,/Users/christopherbrantner/local/projects/portfolio/surface-defect-classifier/NEU-DET/train/images/scratches/scratches_49.jpg,0,scratches,80,32,107,199,train
/Users/christopherbrantner/local/projects/portfolio/surface-defect-classifier/results/chips/train/scratches/scratches_5_bb00.png,/Users/christopherbrantner/local/projects/portfolio/surface-defect-classifier/NEU-DET/train/images/scratches/scratches_5.jpg,0,scratches,140,40,198,199,train
/Users/christopherbrantner/local/projects/portfolio/surface-defect-classifier/results/chips/train/scratches/scratches_50_bb00.png,/Users/christopherbrantner/local/projects/portfolio/surface-defect-classifier/NEU-DET/train/images/scratches/scratches_50.jpg,0,scratches,34,1,67,198,train
/Users/christopherbrantner/local/projects/portfolio/surface-defect-classifier/results/chips/train/scratches/scratches_51_bb00.png,/Users/christopherbrantner/local/projects/portfolio/surface-defect-classifier/NEU-DET/train/images/scratches/scratches_51.jpg,0,scratches,134,1,163,198,train
/Users/christopherbrantner/local/projects/portfolio/surface-defect-classifier/results/chips/train/scratches/scratches_52_bb00.png,/Users/christopherbrantner/local/projects/portfolio/surface-defect-classifier/NEU-DET/train/images/scratches/scratches_52.jpg,0,scratches,97,1,130,199,train
/Users/christopherbrantner/local/projects/portfolio/surface-defect-classifier/results/chips/train/scratches/scratches_53_bb00.png,/Users/christopherbrantner/local/projects/portfolio/surface-defect-classifier/NEU-DET/train/images/scratches/scratches_53.jpg,0,scratches,144,1,184,198,train
/Users/christopherbrantner/local/projects/portfolio/surface-defect-classifier/results/chips/train/scratches/scratches_54_bb00.png,/Users/christopherbrantner/local/projects/portfolio/surface-defect-classifier/NEU-DET/train/images/scratches/scratches_54.jpg,0,scratches,32,1,76,199,train
/Users/christopherbrantner/local/projects/portfolio/surface-defect-classifier/results/chips/train/scratches/scratches_55_bb00.png,/Users/christopherbrantner/local/projects/portfolio/surface-defect-classifier/NEU-DET/train/images/scratches/scratches_55.jpg,0,scratches,86,1,126,199,train
/Users/christopherbrantner/local/projects/portfolio/surface-defect-classifier/results/chips/train/scratches/scratches_56_bb00.png,/Users/christopherbrantner/local/projects/portfolio/surface-defect-classifier/NEU-DET/train/images/scratches/scratches_56.jpg,0,scratches,131,1,168,198,train
/Users/christopherbrantner/local/projects/portfolio/surface-defect-classifier/results/chips/train/scratches/scratches_57_bb00.png,/Users/christopherbrantner/local/projects/portfolio/surface-defect-classifier/NEU-DET/train/images/scratches/scratches_57.jpg,0,scratches,70,1,102,156,train
/Users/christopherbrantner/local/projects/portfolio/surface-defect-classifier/results/chips/train/scratches/scratches_58_bb00.png,/Users/christopherbrantner/local/projects/portfolio/surface-defect-classifier/NEU-DET/train/images/scratches/scratches_58.jpg,0,scratches,18,1,50,181,train
/Users/christopherbrantner/local/projects/portfolio/surface-defect-classifier/results/chips/train/scratches/scratches_59_bb00.png,/Users/christopherbrantner/local/projects/portfolio/surface-defect-classifier/NEU-DET/train/images/scratches/scratches_59.jpg,0,scratches,1,85,198,119,train
/Users/christopherbrantner/local/projects/portfolio/surface-defect-classifier/results/chips/train/scratches/scratches_6_bb00.png,/Users/christopherbrantner/local/projects/portfolio/surface-defect-classifier/NEU-DET/train/images/scratches/scratches_6.jpg,0,scratches,89,17,153,198,train
/Users/christopherbrantner/local/projects/portfolio/surface-defect-classifier/results/chips/train/scratches/scratches_6_bb01.png,/Users/christopherbrantner/local/projects/portfolio/surface-defect-classifier/NEU-DET/train/images/scratches/scratches_6.jpg,1,scratches,151,46,164,137,train
/Users/christopherbrantner/local/projects/portfolio/surface-defect-classifier/results/chips/train/scratches/scratches_6_bb02.png,/Users/christopherbrantner/local/projects/portfolio/surface-defect-classifier/NEU-DET/train/images/scratches/scratches_6.jpg,2,scratches,151,140,161,200,train
/Users/christopherbrantner/local/projects/portfolio/surface-defect-classifier/results/chips/train/scratches/scratches_60_bb00.png,/Users/christopherbrantner/local/projects/portfolio/surface-defect-classifier/NEU-DET/train/images/scratches/scratches_60.jpg,0,scratches,1,165,198,195,train
/Users/christopherbrantner/local/projects/portfolio/surface-defect-classifier/results/chips/train/scratches/scratches_61_bb00.png,/Users/christopherbrantner/local/projects/portfolio/surface-defect-classifier/NEU-DET/train/images/scratches/scratches_61.jpg,0,scratches,1,25,190,57,train
/Users/christopherbrantner/local/projects/portfolio/surface-defect-classifier/results/chips/train/scratches/scratches_62_bb00.png,/Users/christopherbrantner/local/projects/portfolio/surface-defect-classifier/NEU-DET/train/images/scratches/scratches_62.jpg,0,scratches,21,25,199,54,train
/Users/christopherbrantner/local/projects/portfolio/surface-defect-classifier/results/chips/train/scratches/scratches_63_bb00.png,/Users/christopherbrantner/local/projects/portfolio/surface-defect-classifier/NEU-DET/train/images/scratches/scratches_63.jpg,0,scratches,1,119,177,152,train
/Users/christopherbrantner/local/projects/portfolio/surface-defect-classifier/results/chips/train/scratches/scratches_64_bb00.png,/Users/christopherbrantner/local/projects/portfolio/surface-defect-classifier/NEU-DET/train/images/scratches/scratches_64.jpg,0,scratches,1,27,197,60,train
/Users/christopherbrantner/local/projects/portfolio/surface-defect-classifier/results/chips/train/scratches/scratches_65_bb00.png,/Users/christopherbrantner/local/projects/portfolio/surface-defect-classifier/NEU-DET/train/images/scratches/scratches_65.jpg,0,scratches,2,129,199,157,train
/Users/christopherbrantner/local/projects/portfolio/surface-defect-classifier/results/chips/train/scratches/scratches_66_bb00.png,/Users/christopherbrantner/local/projects/portfolio/surface-defect-classifier/NEU-DET/train/images/scratches/scratches_66.jpg,0,scratches,77,1,97,198,train
/Users/christopherbrantner/local/projects/portfolio/surface-defect-classifier/results/chips/train/scratches/scratches_66_bb01.png,/Users/christopherbrantner/local/projects/portfolio/surface-defect-classifier/NEU-DET/train/images/scratches/scratches_66.jpg,1,scratches,103,1,123,198,train
/Users/christopherbrantner/local/projects/portfolio/surface-defect-classifier/results/chips/train/scratches/scratches_66_bb02.png,/Users/christopherbrantner/local/projects/portfolio/surface-defect-classifier/NEU-DET/train/images/scratches/scratches_66.jpg,2,scratches,130,13,145,120,train
/Users/christopherbrantner/local/projects/portfolio/surface-defect-classifier/results/chips/train/scratches/scratches_67_bb00.png,/Users/christopherbrantner/local/projects/portfolio/surface-defect-classifier/NEU-DET/train/images/scratches/scratches_67.jpg,0,scratches,33,1,52,198,train
/Users/christopherbrantner/local/projects/portfolio/surface-defect-classifier/results/chips/train/scratches/scratches_67_bb01.png,/Users/christopherbrantner/local/projects/portfolio/surface-defect-classifier/NEU-DET/train/images/scratches/scratches_67.jpg,1,scratches,57,23,71,198,train
/Users/christopherbrantner/local/projects/portfolio/surface-defect-classifier/results/chips/train/scratches/scratches_68_bb00.png,/Users/christopherbrantner/local/projects/portfolio/surface-defect-classifier/NEU-DET/train/images/scratches/scratches_68.jpg,0,scratches,5,30,27,198,train
/Users/christopherbrantner/local/projects/portfolio/surface-defect-classifier/results/chips/train/scratches/scratches_68_bb01.png,/Users/christopherbrantner/local/projects/portfolio/surface-defect-classifier/NEU-DET/train/images/scratches/scratches_68.jpg,1,scratches,32,44,51,162,train
/Users/christopherbrantner/local/projects/portfolio/surface-defect-classifier/results/chips/train/scratches/scratches_68_bb02.png,/Users/christopherbrantner/local/projects/portfolio/surface-defect-classifier/NEU-DET/train/images/scratches/scratches_68.jpg,2,scratches,108,62,123,195,train
/Users/christopherbrantner/local/projects/portfolio/surface-defect-classifier/results/chips/train/scratches/scratches_69_bb00.png,/Users/christopherbrantner/local/projects/portfolio/surface-defect-classifier/NEU-DET/train/images/scratches/scratches_69.jpg,0,scratches,148,1,163,198,train
/Users/christopherbrantner/local/projects/portfolio/surface-defect-classifier/results/chips/train/inclusion/scratches_69_bb01.png,/Users/christopherbrantner/local/projects/portfolio/surface-defect-classifier/NEU-DET/train/images/scratches/scratches_69.jpg,1,inclusion,85,18,107,105,train
/Users/christopherbrantner/local/projects/portfolio/surface-defect-classifier/results/chips/train/scratches/scratches_7_bb00.png,/Users/christopherbrantner/local/projects/portfolio/surface-defect-classifier/NEU-DET/train/images/scratches/scratches_7.jpg,0,scratches,17,3,82,198,train
/Users/christopherbrantner/local/projects/portfolio/surface-defect-classifier/results/chips/train/scratches/scratches_7_bb01.png,/Users/christopherbrantner/local/projects/portfolio/surface-defect-classifier/NEU-DET/train/images/scratches/scratches_7.jpg,1,scratches,80,40,93,110,train
/Users/christopherbrantner/local/projects/portfolio/surface-defect-classifier/results/chips/train/scratches/scratches_7_bb02.png,/Users/christopherbrantner/local/projects/portfolio/surface-defect-classifier/NEU-DET/train/images/scratches/scratches_7.jpg,2,scratches,78,129,92,199,train
/Users/christopherbrantner/local/projects/portfolio/surface-defect-classifier/results/chips/train/inclusion/scratches_7_bb03.png,/Users/christopherbrantner/local/projects/portfolio/surface-defect-classifier/NEU-DET/train/images/scratches/scratches_7.jpg,3,inclusion,127,1,148,47,train
/Users/christopherbrantner/local/projects/portfolio/surface-defect-classifier/results/chips/train/scratches/scratches_70_bb00.png,/Users/christopherbrantner/local/projects/portfolio/surface-defect-classifier/NEU-DET/train/images/scratches/scratches_70.jpg,0,scratches,126,5,145,191,train
/Users/christopherbrantner/local/projects/portfolio/surface-defect-classifier/results/chips/train/scratches/scratches_70_bb01.png,/Users/christopherbrantner/local/projects/portfolio/surface-defect-classifier/NEU-DET/train/images/scratches/scratches_70.jpg,1,scratches,164,1,176,191,train
/Users/christopherbrantner/local/projects/portfolio/surface-defect-classifier/results/chips/train/scratches/scratches_71_bb00.png,/Users/christopherbrantner/local/projects/portfolio/surface-defect-classifier/NEU-DET/train/images/scratches/scratches_71.jpg,0,scratches,84,4,98,199,train
/Users/christopherbrantner/local/projects/portfolio/surface-defect-classifier/results/chips/train/scratches/scratches_72_bb00.png,/Users/christopherbrantner/local/projects/portfolio/surface-defect-classifier/NEU-DET/train/images/scratches/scratches_72.jpg,0,scratches,18,4,32,197,train
/Users/christopherbrantner/local/projects/portfolio/surface-defect-classifier/results/chips/train/scratches/scratches_73_bb00.png,/Users/christopherbrantner/local/projects/portfolio/surface-defect-classifier/NEU-DET/train/images/scratches/scratches_73.jpg,0,scratches,165,1,177,185,train
/Users/christopherbrantner/local/projects/portfolio/surface-defect-classifier/results/chips/train/scratches/scratches_74_bb00.png,/Users/christopherbrantner/local/projects/portfolio/surface-defect-classifier/NEU-DET/train/images/scratches/scratches_74.jpg,0,scratches,143,123,160,196,train
/Users/christopherbrantner/local/projects/portfolio/surface-defect-classifier/results/chips/train/scratches/scratches_74_bb01.png,/Users/christopherbrantner/local/projects/portfolio/surface-defect-classifier/NEU-DET/train/images/scratches/scratches_74.jpg,1,scratches,174,65,188,196,train
/Users/christopherbrantner/local/projects/portfolio/surface-defect-classifier/results/chips/train/scratches/scratches_75_bb00.png,/Users/christopherbrantner/local/projects/portfolio/surface-defect-classifier/NEU-DET/train/images/scratches/scratches_75.jpg,0,scratches,34,91,53,192,train
/Users/christopherbrantner/local/projects/portfolio/surface-defect-classifier/results/chips/train/scratches/scratches_75_bb01.png,/Users/christopherbrantner/local/projects/portfolio/surface-defect-classifier/NEU-DET/train/images/scratches/scratches_75.jpg,1,scratches,66,37,79,184,train
/Users/christopherbrantner/local/projects/portfolio/surface-defect-classifier/results/chips/train/scratches/scratches_75_bb02.png,/Users/christopherbrantner/local/projects/portfolio/surface-defect-classifier/NEU-DET/train/images/scratches/scratches_75.jpg,2,scratches,130,8,141,186,train
/Users/christopherbrantner/local/projects/portfolio/surface-defect-classifier/results/chips/train/scratches/scratches_76_bb00.png,/Users/christopherbrantner/local/projects/portfolio/surface-defect-classifier/NEU-DET/train/images/scratches/scratches_76.jpg,0,scratches,160,34,173,199,train
/Users/christopherbrantner/local/projects/portfolio/surface-defect-classifier/results/chips/train/scratches/scratches_77_bb00.png,/Users/christopherbrantner/local/projects/portfolio/surface-defect-classifier/NEU-DET/train/images/scratches/scratches_77.jpg,0,scratches,169,1,184,198,train
/Users/christopherbrantner/local/projects/portfolio/surface-defect-classifier/results/chips/train/scratches/scratches_77_bb01.png,/Users/christopherbrantner/local/projects/portfolio/surface-defect-classifier/NEU-DET/train/images/scratches/scratches_77.jpg,1,scratches,104,40,115,198,train
/Users/christopherbrantner/local/projects/portfolio/surface-defect-classifier/results/chips/train/scratches/scratches_78_bb00.png,/Users/christopherbrantner/local/projects/portfolio/surface-defect-classifier/NEU-DET/train/images/scratches/scratches_78.jpg,0,scratches,101,10,116,199,train
/Users/christopherbrantner/local/projects/portfolio/surface-defect-classifier/results/chips/train/scratches/scratches_78_bb01.png,/Users/christopherbrantner/local/projects/portfolio/surface-defect-classifier/NEU-DET/train/images/scratches/scratches_78.jpg,1,scratches,151,16,162,199,train
/Users/christopherbrantner/local/projects/portfolio/surface-defect-classifier/results/chips/train/scratches/scratches_78_bb02.png,/Users/christopherbrantner/local/projects/portfolio/surface-defect-classifier/NEU-DET/train/images/scratches/scratches_78.jpg,2,scratches,37,57,47,197,train
/Users/christopherbrantner/local/projects/portfolio/surface-defect-classifier/results/chips/train/scratches/scratches_79_bb00.png,/Users/christopherbrantner/local/projects/portfolio/surface-defect-classifier/NEU-DET/train/images/scratches/scratches_79.jpg,0,scratches,51,6,69,200,train
/Users/christopherbrantner/local/projects/portfolio/surface-defect-classifier/results/chips/train/scratches/scratches_79_bb01.png,/Users/christopherbrantner/local/projects/portfolio/surface-defect-classifier/NEU-DET/train/images/scratches/scratches_79.jpg,1,scratches,101,22,115,200,train
/Users/christopherbrantner/local/projects/portfolio/surface-defect-classifier/results/chips/train/scratches/scratches_8_bb00.png,/Users/christopherbrantner/local/projects/portfolio/surface-defect-classifier/NEU-DET/train/images/scratches/scratches_8.jpg,0,scratches,158,1,199,147,train
/Users/christopherbrantner/local/projects/portfolio/surface-defect-classifier/results/chips/train/scratches/scratches_8_bb01.png,/Users/christopherbrantner/local/projects/portfolio/surface-defect-classifier/NEU-DET/train/images/scratches/scratches_8.jpg,1,scratches,169,107,189,170,train
/Users/christopherbrantner/local/projects/portfolio/surface-defect-classifier/results/chips/train/scratches/scratches_80_bb00.png,/Users/christopherbrantner/local/projects/portfolio/surface-defect-classifier/NEU-DET/train/images/scratches/scratches_80.jpg,0,scratches,139,1,152,199,train
/Users/christopherbrantner/local/projects/portfolio/surface-defect-classifier/results/chips/train/scratches/scratches_81_bb00.png,/Users/christopherbrantner/local/projects/portfolio/surface-defect-classifier/NEU-DET/train/images/scratches/scratches_81.jpg,0,scratches,75,1,89,195,train
/Users/christopherbrantner/local/projects/portfolio/surface-defect-classifier/results/chips/train/scratches/scratches_81_bb01.png,/Users/christopherbrantner/local/projects/portfolio/surface-defect-classifier/NEU-DET/train/images/scratches/scratches_81.jpg,1,scratches,142,1,156,170,train
/Users/christopherbrantner/local/projects/portfolio/surface-defect-classifier/results/chips/train/scratches/scratches_82_bb00.png,/Users/christopherbrantner/local/projects/portfolio/surface-defect-classifier/NEU-DET/train/images/scratches/scratches_82.jpg,0,scratches,24,3,36,179,train
/Users/christopherbrantner/local/projects/portfolio/surface-defect-classifier/results/chips/train/scratches/scratches_82_bb01.png,/Users/christopherbrantner/local/projects/portfolio/surface-defect-classifier/NEU-DET/train/images/scratches/scratches_82.jpg,1,scratches,90,1,105,167,train
/Users/christopherbrantner/local/projects/portfolio/surface-defect-classifier/results/chips/train/scratches/scratches_82_bb02.png,/Users/christopherbrantner/local/projects/portfolio/surface-defect-classifier/NEU-DET/train/images/scratches/scratches_82.jpg,2,scratches,140,1,151,176,train
/Users/christopherbrantner/local/projects/portfolio/surface-defect-classifier/results/chips/train/scratches/scratches_83_bb00.png,/Users/christopherbrantner/local/projects/portfolio/surface-defect-classifier/NEU-DET/train/images/scratches/scratches_83.jpg,0,scratches,23,1,37,128,train
/Users/christopherbrantner/local/projects/portfolio/surface-defect-classifier/results/chips/train/scratches/scratches_83_bb01.png,/Users/christopherbrantner/local/projects/portfolio/surface-defect-classifier/NEU-DET/train/images/scratches/scratches_83.jpg,1,scratches,74,1,84,141,train
/Users/christopherbrantner/local/projects/portfolio/surface-defect-classifier/results/chips/train/scratches/scratches_84_bb00.png,/Users/christopherbrantner/local/projects/portfolio/surface-defect-classifier/NEU-DET/train/images/scratches/scratches_84.jpg,0,scratches,142,19,153,196,train
/Users/christopherbrantner/local/projects/portfolio/surface-defect-classifier/results/chips/train/scratches/scratches_85_bb00.png,/Users/christopherbrantner/local/projects/portfolio/surface-defect-classifier/NEU-DET/train/images/scratches/scratches_85.jpg,0,scratches,103,15,118,197,train
/Users/christopherbrantner/local/projects/portfolio/surface-defect-classifier/results/chips/train/scratches/scratches_86_bb00.png,/Users/christopherbrantner/local/projects/portfolio/surface-defect-classifier/NEU-DET/train/images/scratches/scratches_86.jpg,0,scratches,40,12,52,199,train
/Users/christopherbrantner/local/projects/portfolio/surface-defect-classifier/results/chips/train/scratches/scratches_86_bb01.png,/Users/christopherbrantner/local/projects/portfolio/surface-defect-classifier/NEU-DET/train/images/scratches/scratches_86.jpg,1,scratches,104,17,116,198,train
/Users/christopherbrantner/local/projects/portfolio/surface-defect-classifier/results/chips/train/scratches/scratches_87_bb00.png,/Users/christopherbrantner/local/projects/portfolio/surface-defect-classifier/NEU-DET/train/images/scratches/scratches_87.jpg,0,scratches,150,1,164,193,train
/Users/christopherbrantner/local/projects/portfolio/surface-defect-classifier/results/chips/train/scratches/scratches_88_bb00.png,/Users/christopherbrantner/local/projects/portfolio/surface-defect-classifier/NEU-DET/train/images/scratches/scratches_88.jpg,0,scratches,103,1,116,186,train
/Users/christopherbrantner/local/projects/portfolio/surface-defect-classifier/results/chips/train/scratches/scratches_89_bb00.png,/Users/christopherbrantner/local/projects/portfolio/surface-defect-classifier/NEU-DET/train/images/scratches/scratches_89.jpg,0,scratches,65,4,76,175,train
/Users/christopherbrantner/local/projects/portfolio/surface-defect-classifier/results/chips/train/scratches/scratches_89_bb01.png,/Users/christopherbrantner/local/projects/portfolio/surface-defect-classifier/NEU-DET/train/images/scratches/scratches_89.jpg,1,scratches,97,1,108,161,train
/Users/christopherbrantner/local/projects/portfolio/surface-defect-classifier/results/chips/train/scratches/scratches_9_bb00.png,/Users/christopherbrantner/local/projects/portfolio/surface-defect-classifier/NEU-DET/train/images/scratches/scratches_9.jpg,0,scratches,132,1,180,170,train
/Users/christopherbrantner/local/projects/portfolio/surface-defect-classifier/results/chips/train/scratches/scratches_9_bb01.png,/Users/christopherbrantner/local/projects/portfolio/surface-defect-classifier/NEU-DET/train/images/scratches/scratches_9.jpg,1,scratches,142,121,164,199,train
/Users/christopherbrantner/local/projects/portfolio/surface-defect-classifier/results/chips/train/scratches/scratches_90_bb00.png,/Users/christopherbrantner/local/projects/portfolio/surface-defect-classifier/NEU-DET/train/images/scratches/scratches_90.jpg,0,scratches,170,52,191,199,train
/Users/christopherbrantner/local/projects/portfolio/surface-defect-classifier/results/chips/train/scratches/scratches_90_bb01.png,/Users/christopherbrantner/local/projects/portfolio/surface-defect-classifier/NEU-DET/train/images/scratches/scratches_90.jpg,1,scratches,142,113,154,198,train
/Users/christopherbrantner/local/projects/portfolio/surface-defect-classifier/results/chips/train/scratches/scratches_91_bb00.png,/Users/christopherbrantner/local/projects/portfolio/surface-defect-classifier/NEU-DET/train/images/scratches/scratches_91.jpg,0,scratches,84,19,107,199,train
/Users/christopherbrantner/local/projects/portfolio/surface-defect-classifier/results/chips/train/scratches/scratches_92_bb00.png,/Users/christopherbrantner/local/projects/portfolio/surface-defect-classifier/NEU-DET/train/images/scratches/scratches_92.jpg,0,scratches,35,2,52,199,train
/Users/christopherbrantner/local/projects/portfolio/surface-defect-classifier/results/chips/train/scratches/scratches_92_bb01.png,/Users/christopherbrantner/local/projects/portfolio/surface-defect-classifier/NEU-DET/train/images/scratches/scratches_92.jpg,1,scratches,60,31,90,192,train
/Users/christopherbrantner/local/projects/portfolio/surface-defect-classifier/results/chips/train/inclusion/scratches_92_bb02.png,/Users/christopherbrantner/local/projects/portfolio/surface-defect-classifier/NEU-DET/train/images/scratches/scratches_92.jpg,2,inclusion,173,169,190,200,train
/Users/christopherbrantner/local/projects/portfolio/surface-defect-classifier/results/chips/train/scratches/scratches_93_bb00.png,/Users/christopherbrantner/local/projects/portfolio/surface-defect-classifier/NEU-DET/train/images/scratches/scratches_93.jpg,0,scratches,28,88,41,197,train
/Users/christopherbrantner/local/projects/portfolio/surface-defect-classifier/results/chips/train/scratches/scratches_93_bb01.png,/Users/christopherbrantner/local/projects/portfolio/surface-defect-classifier/NEU-DET/train/images/scratches/scratches_93.jpg,1,scratches,61,52,80,196,train
/Users/christopherbrantner/local/projects/portfolio/surface-defect-classifier/results/chips/train/scratches/scratches_94_bb00.png,/Users/christopherbrantner/local/projects/portfolio/surface-defect-classifier/NEU-DET/train/images/scratches/scratches_94.jpg,0,scratches,93,1,115,199,train
/Users/christopherbrantner/local/projects/portfolio/surface-defect-classifier/results/chips/train/scratches/scratches_94_bb01.png,/Users/christopherbrantner/local/projects/portfolio/surface-defect-classifier/NEU-DET/train/images/scratches/scratches_94.jpg,1,scratches,22,97,42,199,train
/Users/christopherbrantner/local/projects/portfolio/surface-defect-classifier/results/chips/train/scratches/scratches_94_bb02.png,/Users/christopherbrantner/local/projects/portfolio/surface-defect-classifier/NEU-DET/train/images/scratches/scratches_94.jpg,2,scratches,120,35,145,173,train
/Users/christopherbrantner/local/projects/portfolio/surface-defect-classifier/results/chips/train/inclusion/scratches_94_bb03.png,/Users/christopherbrantner/local/projects/portfolio/surface-defect-classifier/NEU-DET/train/images/scratches/scratches_94.jpg,3,inclusion,71,95,85,121,train
/Users/christopherbrantner/local/projects/portfolio/surface-defect-classifier/results/chips/train/inclusion/scratches_94_bb04.png,/Users/christopherbrantner/local/projects/portfolio/surface-defect-classifier/NEU-DET/train/images/scratches/scratches_94.jpg,4,inclusion,72,144,84,172,train
/Users/christopherbrantner/local/projects/portfolio/surface-defect-classifier/results/chips/train/scratches/scratches_95_bb00.png,/Users/christopherbrantner/local/projects/portfolio/surface-defect-classifier/NEU-DET/train/images/scratches/scratches_95.jpg,0,scratches,21,36,35,198,train
/Users/christopherbrantner/local/projects/portfolio/surface-defect-classifier/results/chips/train/scratches/scratches_96_bb00.png,/Users/christopherbrantner/local/projects/portfolio/surface-defect-classifier/NEU-DET/train/images/scratches/scratches_96.jpg,0,scratches,154,1,177,150,train
/Users/christopherbrantner/local/projects/portfolio/surface-defect-classifier/results/chips/train/scratches/scratches_97_bb00.png,/Users/christopherbrantner/local/projects/portfolio/surface-defect-classifier/NEU-DET/train/images/scratches/scratches_97.jpg,0,scratches,79,49,93,200,train
/Users/christopherbrantner/local/projects/portfolio/surface-defect-classifier/results/chips/train/scratches/scratches_97_bb01.png,/Users/christopherbrantner/local/projects/portfolio/surface-defect-classifier/NEU-DET/train/images/scratches/scratches_97.jpg,1,scratches,112,9,129,194,train
/Users/christopherbrantner/local/projects/portfolio/surface-defect-classifier/results/chips/train/inclusion/scratches_97_bb02.png,/Users/christopherbrantner/local/projects/portfolio/surface-defect-classifier/NEU-DET/train/images/scratches/scratches_97.jpg,2,inclusion,42,97,56,142,train
/Users/christopherbrantner/local/projects/portfolio/surface-defect-classifier/results/chips/train/scratches/scratches_98_bb00.png,/Users/christopherbrantner/local/projects/portfolio/surface-defect-classifier/NEU-DET/train/images/scratches/scratches_98.jpg,0,scratches,6,130,199,146,train
/Users/christopherbrantner/local/projects/portfolio/surface-defect-classifier/results/chips/train/scratches/scratches_99_bb00.png,/Users/christopherbrantner/local/projects/portfolio/surface-defect-classifier/NEU-DET/train/images/scratches/scratches_99.jpg,0,scratches,1,136,199,163,train
